cellID	total	tss	acrs	ptmt	pPtMt	nSites	log10nSites	pTSS	FRiP	pOrg	tss_z	acr_z	sites_z	qc_check	background	cellbulk	is_cell	acr	umap1	umap2	lib_ID	doubletscore	d.type	SampleName	library	sampleID	LouvainClusters
CB:Z:GTGTGATCAATTGGCT-3_bif3	CB:Z:GTGTGATCAATTGGCT-3_bif3	93453	42828	72211	3742	0.0384999228355368	43765	4.64112693280351	0.458283843215306	0.772698575754657	0.0400415181963126	0.178589661193296	0.422924744759537	4.83850885676579	1	0.0475759833607451	0.21538845334815	1	72211	1.54690665813546	-0.153099315165153	1	5	singlet	bif3	bif3_Re1	bi3_Re1	1_2
CB:Z:GTAGACTGTGTGTGCC-3_bif3	CB:Z:GTAGACTGTGTGTGCC-3_bif3	65876	28887	47245	3457	0.0498608166385415	33976	4.53117224798262	0.438505677333171	0.717180763859372	0.0524773817475257	0.127935905401589	0.279769190792568	4.70845305428725	1	0.0390643291685787	0.170580585871521	1	47245	0.443388887368247	0.310886962415108	1	6.6	singlet	bif3	bif3_Re1	bi3_Re1	1_3
CB:Z:ATTGTCTGTGCCCAGT-3_bif3	CB:Z:ATTGTCTGTGCCCAGT-3_bif3	63338	26261	40941	2088	0.0319139180142451	32571	4.51283109254752	0.414616817708169	0.646389213426379	0.0329659919795384	0.0667542736568428	0.097229510779056	4.68675890189728	1	0.0316008119556271	0.16451085100329	1	40941	1.16697139354806	-0.324812309740654	1	5.4	singlet	bif3	bif3_Re1	bi3_Re1	1_2
CB:Z:GGAGGATCACTGTTAG-3_bif3	CB:Z:GGAGGATCACTGTTAG-3_bif3	54939	22746	34138	2325	0.0406014249790444	28770	4.45893986189033	0.41402282531535	0.621380076084385	0.0423196636269317	0.0652330028884966	0.0327421545917836	4.62301566748125	1	0.0408781106789286	0.142376911495067	1	34138	-1.9196305790319	-0.42774774312841	1	2	singlet	bif3	bif3_Re1	bi3_Re1	1_3
CB:Z:TAAGTGCGTATCAGCT-3_bif3	CB:Z:TAAGTGCGTATCAGCT-3_bif3	52735	23441	34377	2656	0.0479500279828853	26597	4.42483265328813	0.444505546600929	0.651882051768275	0.0503650327107234	0.143302138776428	0.11139307898971	4.58267322648124	1	0.0146279695024649	0.143670832161955	1	34377	-0.566152147330239	1.90108467459811	1	5.2	singlet	bif3	bif3_Re1	bi3_Re1	1_1
CB:Z:TCAATTCAGGCAATTA-3_bif3	CB:Z:TCAATTCAGGCAATTA-3_bif3	51549	23743	38924	1107	0.0210232452142206	26340	4.42061577062576	0.460590894100758	0.755087392577936	0.021474713379503	0.184498236985772	0.377513396624408	4.57768544392786	1	0.0274252928480257	0.142306129502374	1	38924	-2.47802644161124	0.407867295743355	1	7	singlet	bif3	bif3_Re1	bi3_Re1	1_1
CB:Z:AAATGAGGTATTCGCA-3_bif3	CB:Z:AAATGAGGTATTCGCA-3_bif3	50835	18797	26414	2586	0.0484079294659404	28606	4.45645713430378	0.36976492574014	0.519602635979148	0.0508704632634996	-0.0481156690913261	-0.229696247106869	4.62007906565178	1	0.0230708309384925	0.118214493588139	1	26414	-1.22020678905387	-0.298992054461113	1	2.6	singlet	bif3	bif3_Re1	bi3_Re1	1_1
CB:Z:GTAATCGCACCATTCC-3_bif3	CB:Z:GTAATCGCACCATTCC-3_bif3	50722	23576	39514	1460	0.0279789965888621	26076	4.41624097236815	0.464808170024841	0.779030795315642	0.0287843539292615	0.195299079998101	0.439252700926164	4.57251087679593	1	0.0399045968093125	0.153309494622907	1	39514	1.98812145801644	0.705254657269844	1	5.6	singlet	bif3	bif3_Re1	bi3_Re1	1_2
CB:Z:GAGGCTCGTAACATAG-3_bif3	CB:Z:GAGGCTCGTAACATAG-3_bif3	50082	23342	38424	1722	0.0332406763956451	24957	4.39719237901719	0.46607563595703	0.767221756319636	0.0343836108781598	0.198545180277875	0.408802482130088	4.54997995782342	1	0.0345742850007771	0.177259348809702	1	38424	2.14569635006051	0.369103057385811	1	4.4	singlet	bif3	bif3_Re1	bi3_Re1	1_2
CB:Z:TCAGGTAGTGAATGTA-3_bif3	CB:Z:TCAGGTAGTGAATGTA-3_bif3	49120	21620	36537	556	0.01119252757871	25657	4.40920587418957	0.44014657980456	0.743831433224756	0.0113192182410423	0.132138412022226	0.348489322338603	4.56418967301439	1	0.0277080771953905	0.143423027015984	1	36537	0.104345031701133	-1.05096794843542	1	6.4	singlet	bif3	bif3_Re1	bi3_Re1	1_2
CB:Z:GTGTGATCACCTCGTT-3_bif3	CB:Z:GTGTGATCACCTCGTT-3_bif3	48766	20315	28721	2546	0.0496180230745245	25941	4.41398671369528	0.416581224623713	0.588955419759669	0.0522085059262601	0.0717853057944287	-0.0508665014393356	4.56984451090919	1	0.0298983672831156	0.110617981277532	1	28721	-0.318553976096108	-0.263268129824272	1	7.4	singlet	bif3	bif3_Re1	bi3_Re1	1_1
CB:Z:ACAGCGCCAGAACAGC-3_bif3	CB:Z:ACAGCGCCAGAACAGC-3_bif3	47657	20038	32695	2015	0.0405661137059108	24713	4.39292546917228	0.420462891075813	0.686048219569004	0.0422813018024634	0.081726621167211	0.199492312577427	4.54493300248098	1	0.0339825036238311	0.142725966394221	1	32695	2.89455116602044	-0.363000528811088	1	2.8	singlet	bif3	bif3_Re1	bi3_Re1	1_2
CB:Z:TAGCGGCCAAGCCAGA-3_bif3	CB:Z:TAGCGGCCAAGCCAGA-3_bif3	47520	22485	36632	1779	0.0360859246637863	24086	4.38176468201712	0.473169191919192	0.770875420875421	0.0374368686868687	0.216712448847844	0.418223645458344	4.53173188119979	1	0.0312708759189798	0.162251460358999	1	36632	-0.0200937309636617	1.61805401563776	1	5.4	singlet	bif3	bif3_Re1	bi3_Re1	1_2
CB:Z:AACCTTTCACACTAGT-3_bif3	CB:Z:AACCTTTCACACTAGT-3_bif3	46658	21794	34595	2444	0.0497739399617124	24040	4.3809344633307	0.467101033048995	0.741459128123794	0.052381156500493	0.201171319334217	0.342372210743007	4.53074988795711	1	0.0203613289431093	0.146521960247416	1	34595	-0.260289720572426	-0.116542356012932	1	4.8	singlet	bif3	bif3_Re1	bi3_Re1	1_3
CB:Z:TATCGAGCAGCAGGTA-3_bif3	CB:Z:TATCGAGCAGCAGGTA-3_bif3	46389	20359	34201	2002	0.0413713293794301	23394	4.36910448557163	0.438875595507556	0.737265299963353	0.0431567828580051	0.128883300876975	0.331558207577993	4.51675723950138	1	0.0349121373374912	0.152471666542497	1	34201	3.10203731866936	-0.456774728296867	1	5	singlet	bif3	bif3_Re1	bi3_Re1	1_2
CB:Z:CAGGGCTAGAAAGGGT-3_bif3	CB:Z:CAGGGCTAGAAAGGGT-3_bif3	46116	20538	32068	1458	0.0306469920544835	23965	4.37957743332781	0.445355191256831	0.695376875704745	0.031615925058548	0.145478159200477	0.223546735676778	4.52914477557557	1	0.029021555176754	0.140350339668197	1	32068	1.25707573505502	1.03245682835711	1	3.8	singlet	bif3	bif3_Re1	bi3_Re1	1_2
CB:Z:GAACCTAGTCTAACCA-3_bif3	CB:Z:GAACCTAGTCTAACCA-3_bif3	45515	21322	33182	2172	0.045547004424686	23673	4.37425329810176	0.468460946940569	0.729034384268922	0.0477205316928485	0.204654187592683	0.310334365072922	4.52284732057894	1	0.0249373439040797	0.146414012159089	1	33182	-1.54374890712638	0.75713310957087	1	3.2	singlet	bif3	bif3_Re1	bi3_Re1	1_2
CB:Z:CGCTAGGAGAAAGGGT-3_bif3	CB:Z:CGCTAGGAGAAAGGGT-3_bif3	45270	20754	35860	2324	0.0488296844140018	23110	4.36379994547911	0.45844930417495	0.792136072454164	0.0513364258891098	0.179013422379891	0.473045336921875	4.51048296187841	1	0.0386345951051632	0.171388219526865	1	35860	-0.832907728232338	-1.07395364522802	1	1.2	singlet	bif3	bif3_Re1	bi3_Re1	1_2
CB:Z:TTTGAGGTCGTGAACT-3_bif3	CB:Z:TTTGAGGTCGTGAACT-3_bif3	44719	18234	27628	1905	0.0408587851750172	24241	4.38455053156372	0.407746148169682	0.617813457367115	0.0425993425613274	0.0491578383249693	0.0235454434673836	4.53502701954662	1	0.0248169525680397	0.133777518550233	1	27628	3.13422489973168	0.366229875089058	1	5.2	singlet	bif3	bif3_Re1	bi3_Re1	1_2
CB:Z:AGGCCTGGTACCTATG-3_bif3	CB:Z:AGGCCTGGTACCTATG-3_bif3	44121	19955	33090	1826	0.0397414412257601	23052	4.36270861090932	0.452278960132363	0.749983001291902	0.0413861879830466	0.163210586962966	0.364351459270058	4.50919211744119	1	0.0354971048564157	0.146518175942452	1	33090	0.127069183312461	-1.66217853307592	1	8	singlet	bif3	bif3_Re1	bi3_Re1	1_3
CB:Z:ACCATCCCAGGGAGTT-3_bif3	CB:Z:ACCATCCCAGGGAGTT-3_bif3	44068	18712	29381	1630	0.0356689570659547	23156	4.36466354089477	0.424616501769992	0.666719615140238	0.0369882908232731	0.0923644114967394	0.149652504776152	4.51150443354178	1	0.0377794766400947	0.143489626291298	1	29381	0.693165965996787	-0.15222455739843	1	6.2	singlet	bif3	bif3_Re1	bi3_Re1	1_1
CB:Z:GTGGCGTTCAAAGTAG-3_bif3	CB:Z:GTGGCGTTCAAAGTAG-3_bif3	43150	19516	32533	1152	0.0260033407069658	22700	4.35602585719312	0.452282734646582	0.753951332560834	0.0266975666280417	0.163220253851321	0.374584007018878	4.50128767118006	1	0.0260222193442208	0.132718652567302	1	32533	2.22670418830971	-0.653895871637932	1	1.4	singlet	bif3	bif3_Re1	bi3_Re1	1_2
CB:Z:CCCTAGTAGAACGTTA-3_bif3	CB:Z:CCCTAGTAGAACGTTA-3_bif3	42474	19868	33461	852	0.0196648663619997	21430	4.33102217104183	0.467768517210529	0.787799595046381	0.0200593304139003	0.202880809481821	0.461863505282918	4.47171299255109	1	0.0304438331570419	0.158246064881972	1	33461	2.74219388576607	0.41837189912928	1	5	singlet	bif3	bif3_Re1	bi3_Re1	1_2
CB:Z:GAAGTGGGTATTCGCA-3_bif3	CB:Z:GAAGTGGGTATTCGCA-3_bif3	42326	19674	29664	554	0.012919776119403	22601	4.35412765529226	0.464820677597694	0.700845815810613	0.0130888815385342	0.195331113076628	0.237648681047832	4.49904245378087	1	0.022662166458517	0.121544669648159	1	29664	-2.77798848537345	0.420078141690621	1	5.2	singlet	bif3	bif3_Re1	bi3_Re1	1_1
CB:Z:TAAACCGCACTGTCGG-3_bif3	CB:Z:TAAACCGCACTGTCGG-3_bif3	41506	20153	32528	1429	0.0332828694538256	21482	4.33207471224769	0.485544258661398	0.783693923770057	0.0344287572881029	0.24840616667797	0.451276819210401	4.47295795170305	1	0.0188280294133805	0.151587027951681	1	32528	-0.349938444174721	1.58731834411753	1	5	singlet	bif3	bif3_Re1	bi3_Re1	1_1
CB:Z:CACAGATCAAGATGCG-3_bif3	CB:Z:CACAGATCAAGATGCG-3_bif3	40807	17378	28772	1092	0.0260626745268383	21599	4.33443364445948	0.42585830862352	0.705075109662558	0.0267601146862058	0.0955447964461814	0.248554134335621	4.47574812678561	1	0.0383774828637248	0.126620754456194	1	28772	2.46266777130227	0.0838223528875202	1	3	singlet	bif3	bif3_Re1	bi3_Re1	1_2
CB:Z:GGGACCTCACGTTAGT-3_bif3	CB:Z:GGGACCTCACGTTAGT-3_bif3	40259	19114	30821	1515	0.0362665772968832	21022	4.32267403175142	0.474775826523262	0.765567947539681	0.0376313370923272	0.220827192215154	0.404538050518545	4.46183870700896	1	0.0248575928340347	0.144713576925945	1	30821	-2.38625579265495	-0.0600199866281659	1	4.2	singlet	bif3	bif3_Re1	bi3_Re1	1_1
CB:Z:CTTAATCCAGCAGGTA-3_bif3	CB:Z:CTTAATCCAGCAGGTA-3_bif3	40165	18536	29515	1707	0.0407670997325182	20954	4.32126693957479	0.46149632764845	0.734843769451015	0.042499688783767	0.186817138044834	0.325314165709131	4.46017438045032	1	0.0357370087608325	0.147497942420579	1	29515	-2.34298568157096	-0.910182015894523	1	7.2	singlet	bif3	bif3_Re1	bi3_Re1	1_3
CB:Z:TGATTTCGTTCACGTA-3_bif3	CB:Z:TGATTTCGTTCACGTA-3_bif3	39446	18747	32100	430	0.0107834286287491	19977	4.30053026961221	0.475257313796076	0.813770724534807	0.0109009785529585	0.222060326717072	0.528831408053942	4.43564678294859	1	0.0272382663341309	0.145972615493433	1	32100	2.17740316005807	-0.525953786371818	1	3.4	singlet	bif3	bif3_Re1	bi3_Re1	1_2
CB:Z:AACCTGACACGGTTAT-3_bif3	CB:Z:AACCTGACACGGTTAT-3_bif3	39417	17341	24013	1831	0.0443900310318076	20478	4.31128753866228	0.439937082984499	0.609204150493442	0.0464520384605627	0.131601870826963	0.00134589970480014	4.44837061787263	1	0.0146232846244274	0.12383729365475	1	24013	-2.37334447292228	1.18767532527579	1	5	singlet	bif3	bif3_Re1	bi3_Re1	1_1
CB:Z:GCACCTTCAGGTAGGT-3_bif3	CB:Z:GCACCTTCAGGTAGGT-3_bif3	39146	18009	29049	1401	0.0345524946358547	20684	4.31563452910003	0.460047003525264	0.742068155111633	0.0357890972257702	0.183105281716174	0.343942618380638	4.45351229356083	1	0.0202056198655476	0.122942163689229	1	29049	0.541115232430503	1.17812160968913	1	3.8	singlet	bif3	bif3_Re1	bi3_Re1	1_2
CB:Z:GACTAGTAGTGTCGGA-3_bif3	CB:Z:GACTAGTAGTGTCGGA-3_bif3	38981	17873	31410	717	0.0180613632928611	20059	4.30230927836999	0.458505425720223	0.80577717349478	0.0183935763577127	0.179157154971973	0.508219622606476	4.43775101717914	1	0.0336066325126529	0.154893694844986	1	31410	3.20994604440789	-0.571101205347648	1	4.2	singlet	bif3	bif3_Re1	bi3_Re1	1_2
CB:Z:TCAATTCAGACTAGCG-3_bif3	CB:Z:TCAATTCAGACTAGCG-3_bif3	38946	16266	27039	1832	0.0449261856883614	20606	4.31399369548976	0.417655214912956	0.694268987829302	0.0470394905766959	0.0745358966307169	0.220689989397919	4.45157149465567	1	0.0260732907297624	0.132191313965872	1	27039	-2.52110104946037	-0.775994079111686	1	6	singlet	bif3	bif3_Re1	bi3_Re1	1_3
CB:Z:AGACAAATCCAGTTAG-3_bif3	CB:Z:AGACAAATCCAGTTAG-3_bif3	38683	17454	28695	457	0.0116760347470618	19969	4.30035631698107	0.451205956104749	0.741798722953235	0.0118139751311946	0.160462522036106	0.343247873602786	4.43544102955962	1	0.022269851270622	0.138849178600075	1	28695	0.0172914943323588	-0.65755583524572	1	6.8	singlet	bif3	bif3_Re1	bi3_Re1	1_2
CB:Z:GTAGGAGGTGGTCGAA-3_bif3	CB:Z:GTAGGAGGTGGTCGAA-3_bif3	38563	18483	29832	1179	0.0296663479442404	19962	4.30020405125247	0.479293623421414	0.77359126623966	0.0305733475092705	0.232397697901035	0.425226593419253	4.43526092771534	1	0.0191325492480597	0.152386471976657	1	29832	1.76278848262887	-0.792627828119865	1	5.6	singlet	bif3	bif3_Re1	bi3_Re1	1_2
CB:Z:AAAGATGCAACTCGAT-3_bif3	CB:Z:AAAGATGCAACTCGAT-3_bif3	38478	17378	25900	826	0.0210156727050682	19930	4.29950729870049	0.451634700348251	0.673111908103332	0.0214668122043765	0.161560576645258	0.166135363322106	4.43443679991738	1	0.0205975959999163	0.127687671395767	1	25900	2.70043892475228	0.465797765256295	1	5.8	singlet	bif3	bif3_Re1	bi3_Re1	1_2
CB:Z:TTGCCCACATCGCCTT-3_bif3	CB:Z:TTGCCCACATCGCCTT-3_bif3	38219	17225	26842	1527	0.0384189603985307	20338	4.30830824299823	0.450692064156571	0.702320835186687	0.0399539496062168	0.159146396091899	0.241452094919622	4.44484666899277	1	0.0246173668146925	0.126929211174231	1	26842	-0.2995396175756	-0.563825623987785	1	5.6	singlet	bif3	bif3_Re1	bi3_Re1	1_1
CB:Z:CTTTGCGAGGCCAGTA-3_bif3	CB:Z:CTTTGCGAGGCCAGTA-3_bif3	37803	17158	27008	1061	0.0273003293536435	19992	4.30085624311839	0.453879321746951	0.714440652858239	0.0280665555643732	0.167309264610168	0.272703672629891	4.43603234856594	1	0.0329704826032096	0.142437042881709	1	27008	1.62079734417062	-1.34819938421117	1	2.6	singlet	bif3	bif3_Re1	bi3_Re1	1_2
CB:Z:CTGTTCGGTGGACGAT-3_bif3	CB:Z:CTGTTCGGTGGACGAT-3_bif3	37745	15831	24414	652	0.0169804932677032	20398	4.30958758744823	0.419419790700755	0.646814147569215	0.0172738111008081	0.0790551423263885	0.0983252254792646	4.44635989391231	1	0.0238469896317126	0.114044085655492	1	24414	-0.546066335715249	-0.830577867029777	1	6	singlet	bif3	bif3_Re1	bi3_Re1	1_2
CB:Z:TTACCCGTCTTCCAGC-3_bif3	CB:Z:TTACCCGTCTTCCAGC-3_bif3	37405	16661	25865	1552	0.0398387966219165	20288	4.30723923620164	0.445421735062157	0.691485095575458	0.0414917791739072	0.145648584187535	0.213511579007122	4.44358223413025	1	0.0184922997635759	0.115921529433946	1	25865	2.41054076763253	-0.891899125574699	1	2	singlet	bif3	bif3_Re1	bi3_Re1	1_2
CB:Z:TTGAGCATCCGTACGG-3_bif3	CB:Z:TTGAGCATCCGTACGG-3_bif3	37354	16107	27352	1252	0.0324301921981039	19459	4.28912051806795	0.431198800663918	0.73223751137763	0.033517160143492	0.109222302299554	0.318593794254652	4.42215118341514	1	0.0307989157711755	0.139198502992095	1	27352	1.52840084644418	-1.2464175391184	1	3.2	singlet	bif3	bif3_Re1	bi3_Re1	1_2
CB:Z:GTTGGTATCCCAATAG-3_bif3	CB:Z:GTTGGTATCCCAATAG-3_bif3	37192	17104	29295	378	0.0100612190577588	19306	4.28569230185409	0.459883845988385	0.787669391266939	0.0101634760163476	0.182687419813411	0.461527768092666	4.41809624558789	1	0.0308060534594928	0.137466346402885	1	29295	2.71967656227212	-0.523461000918022	1	2.8	singlet	bif3	bif3_Re1	bi3_Re1	1_2
CB:Z:ATGTCGAGTTCTTAGG-3_bif3	CB:Z:ATGTCGAGTTCTTAGG-3_bif3	36896	17879	29739	1776	0.0459247000413736	19031	4.27946160925767	0.48457827406765	0.806022333044232	0.0481352992194276	0.245932188655847	0.508851779204766	4.41072650298035	1	0.0270899681491	0.136674201278732	1	29739	1.87125761123757	-1.22458936452734	1	3.6	singlet	bif3	bif3_Re1	bi3_Re1	1_2
CB:Z:AGCGTGCCACAGGAAC-3_bif3	CB:Z:AGCGTGCCACAGGAAC-3_bif3	36769	17376	29168	514	0.013786444223909	18701	4.2718648302194	0.472572003589981	0.793276945252794	0.0139791672332672	0.215182992983746	0.475987136533896	4.40174093591984	1	0.0271903371562202	0.155615692812788	1	29168	2.95840419145684	-1.1486654448496	1	4.2	singlet	bif3	bif3_Re1	bi3_Re1	1_2
CB:Z:CATTCATCACATTGCA-3_bif3	CB:Z:CATTCATCACATTGCA-3_bif3	36309	16543	26052	547	0.0148415454742783	19419	4.28822686173759	0.455617064639621	0.717508055853921	0.0150651353658872	0.171759788720372	0.280613130155252	4.42109415531876	1	0.0222789589716676	0.119463077581627	1	26052	-0.207603982962563	0.870805425645241	1	5.2	singlet	bif3	bif3_Re1	bi3_Re1	1_1
CB:Z:TTTGTGTGTATCTGCA-3_bif3	CB:Z:TTTGTGTGTATCTGCA-3_bif3	36093	15444	22781	592	0.0161373858525283	19319	4.28598464248725	0.427894605602194	0.631175020086997	0.0164020724240157	0.100759945843341	0.0579989251110226	4.41844202981441	1	0.0188262956947517	0.104505498463696	1	22781	0.452329345665977	0.469518167973885	1	5.4	singlet	bif3	bif3_Re1	bi3_Re1	1_1
CB:Z:GAAATGATCTCCCTTT-3_bif3	CB:Z:GAAATGATCTCCCTTT-3_bif3	35978	17035	28194	1726	0.0457776363250584	19035	4.27955288115039	0.473483795652899	0.783645561176274	0.0479737617432876	0.217518178802448	0.451152113756999	4.41083446053822	1	0.0271274696092707	0.155989402833744	1	28194	3.19928289266686	-0.0334882903085858	1	4.6	singlet	bif3	bif3_Re1	bi3_Re1	1_2
CB:Z:GCGTAGCCATCCCAAA-3_bif3	CB:Z:GCGTAGCCATCCCAAA-3_bif3	35909	16855	25892	911	0.0247419880499728	18884	4.27609399175922	0.469380935141608	0.721044863404718	0.0253696844802139	0.207010364497275	0.289732971642591	4.40674324208595	1	0.0249773513339614	0.136146132343894	1	25892	2.30815178962807	0.66195009470118	1	8.2	singlet	bif3	bif3_Re1	bi3_Re1	1_1
CB:Z:CCGTACTGTTCCCAAA-3_bif3	CB:Z:CCGTACTGTTCCCAAA-3_bif3	35782	15246	18098	1470	0.039460968538602	19304	4.28564730890073	0.426080152031748	0.505785031580124	0.0410821083226203	0.0961129584229448	-0.265325655844548	4.41804302734927	1	0.00728801236975625	0.098681859563982	1	18098	-2.11449103740592	0.786282522679695	1	6.8	singlet	bif3	bif3_Re1	bi3_Re1	1_1
CB:Z:ACATGCAGTAACGTAA-3_bif3	CB:Z:ACATGCAGTAACGTAA-3_bif3	35701	15546	25343	463	0.0128027873022896	18916	4.27682930534339	0.435449987395311	0.709868070922383	0.0129688244026778	0.120109994100715	0.26091303323435	4.40761298036421	1	0.03106213003619	0.127683756158229	1	25343	3.08843118759255	-0.0429088044153363	1	2.8	singlet	bif3	bif3_Re1	bi3_Re1	1_2
CB:Z:TACCCTGAGATGCGCA-3_bif3	CB:Z:TACCCTGAGATGCGCA-3_bif3	35621	17126	24577	1199	0.0325638240086909	18250	4.26126286879249	0.48078380730468	0.689958170741978	0.0336599197102833	0.236214199944627	0.209574324224549	4.38920080083174	1	0.0141406735295992	0.136733229693643	1	24577	-2.43191962627311	0.848948283196816	1	7.8	singlet	bif3	bif3_Re1	bi3_Re1	1_1
CB:Z:TTGTCTATCTATCTAC-3_bif3	CB:Z:TTGTCTATCTATCTAC-3_bif3	35036	15453	22514	1788	0.0485552900282425	18943	4.27744875926448	0.441060623358831	0.642596186779313	0.0510332229706588	0.134479364123494	0.087448995079042	4.40834567835646	1	0.0209065785849785	0.106721458629717	1	22514	0.882307716332481	-1.00321556806432	1	4.4	singlet	bif3	bif3_Re1	bi3_Re1	1_1
CB:Z:TTGACGAGTAGAATAC-3_bif3	CB:Z:TTGACGAGTAGAATAC-3_bif3	34775	16418	27265	919	0.0257466240824788	18024	4.25585117871577	0.472120776419842	0.784040258806614	0.0264270309130122	0.214027357470372	0.452169862043392	4.38279978484194	1	0.0255756323906864	0.150413601223074	1	27265	-1.75965743450065	-1.31210018873083	1	2.4	singlet	bif3	bif3_Re1	bi3_Re1	1_3
CB:Z:CCGAAGCCAGTATACC-3_bif3	CB:Z:CCGAAGCCAGTATACC-3_bif3	34659	14811	21170	1183	0.0330059706489593	18683	4.27144661380176	0.427334891370207	0.610808159496812	0.0341325485443896	0.0993264646909837	0.00548192001263436	4.40124626421127	1	0.0178378912869848	0.11089402934844	1	21170	-1.52831941036124	-1.95775057554113	1	1.4	singlet	bif3	bif3_Re1	bi3_Re1	1_3
CB:Z:CTTGCTGGTAGGTAAT-3_bif3	CB:Z:CTTGCTGGTAGGTAAT-3_bif3	34415	15237	23393	224	0.00646669938508617	18493	4.26700736966435	0.442742989975301	0.679732674705797	0.00650878977190179	0.138788064346289	0.183207352982822	4.39599546967142	1	0.0341680174553382	0.123679162293596	1	23393	-2.45798736003776	0.0440882277501911	1	5	singlet	bif3	bif3_Re1	bi3_Re1	1_3
CB:Z:GAAGTCTTCTGGCTAA-3_bif3	CB:Z:GAAGTCTTCTGGCTAA-3_bif3	34310	15640	27354	368	0.0106119153353711	17986	4.25493458907744	0.455843777324395	0.797260273972603	0.0107257359370446	0.172340421375487	0.486258355986713	4.38171563093661	1	0.0324955681027868	0.132710154391436	1	27354	2.53820569130044	-1.38083936452734	1	2.4	singlet	bif3	bif3_Re1	bi3_Re1	1_2
CB:Z:CTAGGATCAGTCAGCC-3_bif3	CB:Z:CTAGGATCAGTCAGCC-3_bif3	33944	14981	26979	129	0.00378598890617204	17695	4.24785056697353	0.441344567522979	0.79480909733679	0.00380037709168041	0.135206572017035	0.479937870052712	4.3733365593127	1	0.0369549962330891	0.140665127341956	1	26979	2.62848288627724	-1.19268228292333	1	2.4	singlet	bif3	bif3_Re1	bi3_Re1	1_2
CB:Z:CAAAGCTTCGTTCTAT-3_bif3	CB:Z:CAAAGCTTCGTTCTAT-3_bif3	33843	15407	22334	1609	0.0453853097145436	18073	4.25703024859329	0.455249239133647	0.659929675265195	0.047543066513016	0.170817752766957	0.132144293068394	4.38419440371923	1	0.0165832143875206	0.118229049592784	1	22334	-1.91695838359733	0.598541600705513	1	5.8	singlet	bif3	bif3_Re1	bi3_Re1	1_1
CB:Z:GCGCCAACACAAACAA-3_bif3	CB:Z:GCGCCAACACAAACAA-3_bif3	33823	15857	23168	404	0.0118035469074123	18071	4.25698218590157	0.468822990272891	0.68497767791148	0.0119445347840227	0.20558141485181	0.196731865456123	4.38413755455495	1	0.0184999904677063	0.119942283224744	1	23168	-2.55655198482414	-0.271462934015861	1	4.2	singlet	bif3	bif3_Re1	bi3_Re1	1_1
CB:Z:TGAATCGAGAAATCTG-3_bif3	CB:Z:TGAATCGAGAAATCTG-3_bif3	33510	14171	21557	972	0.0281886201496433	18417	4.26521888809996	0.422888689943301	0.64330050731125	0.029006266786034	0.087939321786965	0.0892651220566327	4.39388003088448	1	0.0185086412897327	0.0977859792014448	1	21557	1.52277369114022	-0.807103412150016	1	3.2	singlet	bif3	bif3_Re1	bi3_Re1	1_2
CB:Z:ACTGCGGCAATTGCCA-3_bif3	CB:Z:ACTGCGGCAATTGCCA-3_bif3	33259	16187	27338	878	0.0257198933708293	17386	4.24019967528916	0.486695330587209	0.821972999789531	0.026398869478938	0.251354170885043	0.549981399701564	4.36428698712477	1	0.0326555768322852	0.141027667031172	1	27338	2.67084712596993	-0.0998956131921918	1	5.2	singlet	bif3	bif3_Re1	bi3_Re1	1_2
CB:Z:CCATACCGTCCTTATT-3_bif3	CB:Z:CCATACCGTCCTTATT-3_bif3	33189	11915	16115	1727	0.0494615648986138	18676	4.27128386525877	0.359004489439272	0.485552442074181	0.0520353129048781	-0.0756741654577013	-0.317496435996557	4.40105376316054	1	0.0148505058180461	0.0899801941326101	1	16115	-1.7116342106237	1.54536314129961	1	3.4	singlet	bif3	bif3_Re1	bi3_Re1	1_1
CB:Z:TTGCTTAGTGAGCTAG-3_bif3	CB:Z:TTGCTTAGTGAGCTAG-3_bif3	33169	15470	26077	412	0.0122688425002233	17457	4.24196961191307	0.466399348789532	0.786185896469595	0.0124212366969158	0.199374239497113	0.45770249990808	4.36638049071976	1	0.0283840576796087	0.138424266774151	1	26077	2.52823192688088	-1.19712497472631	1	2.2	singlet	bif3	bif3_Re1	bi3_Re1	1_2
CB:Z:CTCAACCCATTACACG-3_bif3	CB:Z:CTCAACCCATTACACG-3_bif3	33043	12738	17709	1176	0.0343668722054999	18276	4.26188114938367	0.385497684834912	0.535938020155555	0.0355899888024695	-0.00782258317701416	-0.187574612784401	4.38993211099441	1	0.0166609982700552	0.0926290563312061	1	17709	-1.56234412578483	-0.51885725736486	1	5	singlet	bif3	bif3_Re1	bi3_Re1	1_3
CB:Z:GATCATGGTGGACGAT-3_bif3	CB:Z:GATCATGGTGGACGAT-3_bif3	32798	14897	23973	502	0.0150750750750751	17230	4.23628527744803	0.454204524666138	0.730928715165559	0.0153058113299591	0.168142140082515	0.31521899542212	4.35965698747284	1	0.0239944272198939	0.132982697212069	1	23973	1.27000541301827	0.508946044446358	1	5.6	singlet	bif3	bif3_Re1	bi3_Re1	1_1
CB:Z:GTGGATTTCTGGCCAG-3_bif3	CB:Z:GTGGATTTCTGGCCAG-3_bif3	32702	16005	26311	1118	0.0330573625073921	16759	4.22424810096259	0.489419607363464	0.804568527918782	0.0341875114671885	0.258331301694633	0.505103067377173	4.34541926172301	1	0.0268628555033934	0.148440101350085	1	26311	2.99574960085015	0.235662205220589	1	5.6	singlet	bif3	bif3_Re1	bi3_Re1	1_2
CB:Z:GAGTGAGAGGTCGTTT-3_bif3	CB:Z:GAGTGAGAGGTCGTTT-3_bif3	32702	14427	24320	972	0.028864999703035	17395	4.24042443308361	0.441165677940187	0.743685401504495	0.029722952724604	0.134748418854885	0.348112771983014	4.36455283350837	1	0.0292550272949426	0.119056244900401	1	24320	3.02599788519006	-1.1113004851328	1	3.2	singlet	bif3	bif3_Re1	bi3_Re1	1_2
CB:Z:ATCCTCGTCTTCCAGC-3_bif3	CB:Z:ATCCTCGTCTTCCAGC-3_bif3	32695	15304	25707	786	0.0234760013141782	17423	4.24112293662285	0.468083804863129	0.786267013304787	0.0240403731457409	0.203688291017476	0.457911663869725	4.36537903239638	1	0.0246254468943297	0.126674275359204	1	25707	0.8718151530848	-1.17213417768346	1	3	singlet	bif3	bif3_Re1	bi3_Re1	1_2
CB:Z:TTGCGAAGTGCTAGTT-3_bif3	CB:Z:TTGCGAAGTGCTAGTT-3_bif3	32593	13673	21725	1631	0.0476566152407667	17791	4.25020035967899	0.419507256159298	0.666554168072899	0.0500414199367962	0.0792791496485864	0.149225890942348	4.37611592407068	1	0.0328507940999016	0.107814394733228	1	21725	-0.115519575156167	-1.10761834859716	1	6.2	singlet	bif3	bif3_Re1	bi3_Re1	1_2
CB:Z:GAGTGAGGTGGCCTCA-3_bif3	CB:Z:GAGTGAGGTGGCCTCA-3_bif3	32541	13575	21427	1285	0.0379885295334949	17771	4.24971186687466	0.417166036692173	0.65846163301681	0.0394886450938816	0.0732830648827251	0.128358870081787	4.37553812855632	1	0.0244339513791151	0.0978209025776132	1	21427	2.43868774982552	-1.08936740636694	1	2.4	singlet	bif3	bif3_Re1	bi3_Re1	1_2
CB:Z:AACAAAGTCAGCACTA-3_bif3	CB:Z:AACAAAGTCAGCACTA-3_bif3	32357	14678	24240	216	0.00663125901820526	17079	4.23246243853121	0.453626726828816	0.74914238031956	0.0066755261612634	0.166662345104401	0.362183874546099	4.35513528488342	1	0.0255063063885448	0.12355387592666	1	24240	2.76942021461587	-1.31691219091283	1	4.8	singlet	bif3	bif3_Re1	bi3_Re1	1_2
CB:Z:ATGTACGTCTAGTCGA-3_bif3	CB:Z:ATGTACGTCTAGTCGA-3_bif3	32353	15029	22569	1370	0.040625092666726	17026	4.23111262905635	0.464531882669304	0.697586004389083	0.042345377553859	0.194591481916503	0.229243088429067	4.35353871303447	1	0.022767323466274	0.128712605325453	1	22569	-2.41408305553336	0.11772869348658	1	4	singlet	bif3	bif3_Re1	bi3_Re1	1_1
CB:Z:CCCACATCAGGTTATC-3_bif3	CB:Z:CCCACATCAGGTTATC-3_bif3	32165	14991	22928	1322	0.0394780063905396	17077	4.23241157842085	0.466065599253847	0.712824498678688	0.0411005751593347	0.19851947533056	0.268536335356116	4.35507512689672	1	0.0205942696474512	0.12822287737746	1	22928	2.5502237758265	0.405265791417488	1	5.6	singlet	bif3	bif3_Re1	bi3_Re1	1_2
CB:Z:ATCGAGTCAAGCGAAC-3_bif3	CB:Z:ATCGAGTCAAGCGAAC-3_bif3	32081	13904	20336	1642	0.0486908044954482	17171	4.23479558822064	0.433402948785886	0.633895452136779	0.0511829431750881	0.114867334369981	0.0650137000782078	4.35789496406995	1	0.0245268416491041	0.106732518860227	1	20336	2.22778040977578	-1.34321214437353	1	2.2	singlet	bif3	bif3_Re1	bi3_Re1	1_2
CB:Z:CACGTTCCAAAGAAGG-3_bif3	CB:Z:CACGTTCCAAAGAAGG-3_bif3	31784	14044	22919	536	0.0165841584158416	17041	4.23149507644823	0.441857538384093	0.721086081047068	0.0168638308582935	0.136520338970045	0.289839253468593	4.35399107668353	1	0.0296610769555036	0.122078429920913	1	22919	-2.19898753551383	-0.996531503199211	1	3	singlet	bif3	bif3_Re1	bi3_Re1	1_3
CB:Z:CATTCATGTGCATTCA-3_bif3	CB:Z:CATTCATGTGCATTCA-3_bif3	31708	14333	22634	1210	0.0367580047390485	17192	4.23532640248339	0.452031033177747	0.713826163744166	0.038160716538413	0.162575622553821	0.27111918061681	4.35852281794467	1	0.0222668801172609	0.111966567205455	1	22634	0.974851079903648	-1.20322467565404	1	2.4	singlet	bif3	bif3_Re1	bi3_Re1	1_2
CB:Z:TAGCGGCGTACCAAGG-3_bif3	CB:Z:TAGCGGCGTACCAAGG-3_bif3	31497	14857	24343	864	0.0266988041160656	16644	4.22125770712091	0.471695717052418	0.772867257199098	0.0274311839222783	0.212938740177809	0.42335969860225	4.34188218577721	1	0.0257238432205676	0.137727853703314	1	24343	2.35652489276986	-1.37482167959081	1	5.4	singlet	bif3	bif3_Re1	bi3_Re1	1_2
CB:Z:CCCTAGTAGACCTATC-3_bif3	CB:Z:CCCTAGTAGACCTATC-3_bif3	31401	13882	22594	1156	0.0355069570292103	17410	4.24079877111733	0.44208783159772	0.719531225120219	0.0368141142001847	0.137110141698624	0.285829976914851	4.36499560530526	1	0.0301287253650728	0.122412772722979	1	22594	-1.05861668971915	-1.15587975263464	1	8.2	singlet	bif3	bif3_Re1	bi3_Re1	1_3
CB:Z:ATGTCTTTCAAGTTGC-3_bif3	CB:Z:ATGTCTTTCAAGTTGC-3_bif3	31134	14450	22777	870	0.0271841019872516	16420	4.21537315278342	0.4641228239224	0.731579623562665	0.0279437271150511	0.19354384372833	0.316897396443132	4.33492185991354	1	0.0191195127436857	0.126319112678924	1	22777	-2.39262490657707	-0.812393443583122	1	3.2	singlet	bif3	bif3_Re1	bi3_Re1	1_3
CB:Z:CAGTGTAAGGTACACG-3_bif3	CB:Z:CAGTGTAAGGTACACG-3_bif3	31062	13640	24217	991	0.0309175428197049	16700	4.22271647114758	0.439121756487026	0.779634279827442	0.0319039340673492	0.129513742456535	0.44080881700221	4.34360763045858	1	0.0372177825702932	0.132187885259779	1	24217	3.15264017196755	-0.408766882418266	1	4.8	singlet	bif3	bif3_Re1	bi3_Re1	1_2
CB:Z:ACAAAGAAGTTCTCCC-3_bif3	CB:Z:ACAAAGAAGTTCTCCC-3_bif3	31027	15216	26025	1318	0.0407481836450765	16138	4.20784971113053	0.490411577013569	0.838785573855029	0.0424791310793825	0.260871829906836	0.593333492872973	4.32602303724708	1	0.0321858845553745	0.148286685722902	1	26025	0.678136774025962	-1.24655224561559	1	4.8	singlet	bif3	bif3_Re1	bi3_Re1	1_3
CB:Z:ACTGTCCCATAGACGG-3_bif3	CB:Z:ACTGTCCCATAGACGG-3_bif3	31001	13726	24769	478	0.0151847263254868	16633	4.22097058752029	0.442759910970614	0.79897422663785	0.0154188574562111	0.138831400617681	0.490677871722122	4.34154257705452	1	0.0314409242827656	0.124906021986935	1	24769	2.76168102832894	-0.863943593500724	1	4.6	singlet	bif3	bif3_Re1	bi3_Re1	1_2
CB:Z:AGCGTGCCAATTGCCA-3_bif3	CB:Z:AGCGTGCCAATTGCCA-3_bif3	30945	15407	26467	432	0.0137680466583803	15250	4.1832698436828	0.497883341412183	0.855291646469543	0.0139602520601066	0.280007726098426	0.635895256175289	4.29694965678187	1	0.0254807303070887	0.170473761743119	1	26467	-2.27365117458244	-0.602615373133293	1	3.6	singlet	bif3	bif3_Re1	bi3_Re1	1_3
CB:Z:GACTAGTGTGTTGGTT-3_bif3	CB:Z:GACTAGTGTGTTGGTT-3_bif3	30923	14189	23029	954	0.0299275339586536	16930	4.22865695810894	0.458849400122886	0.744720758011836	0.0308508230119975	0.180038105991139	0.350782492371873	4.35063411414257	1	0.0183220472992375	0.109412043876285	1	23029	0.879743047677085	-1.16901852369176	1	4.4	singlet	bif3	bif3_Re1	bi3_Re1	1_3
CB:Z:GGTGCTGCAAAGGCCA-3_bif3	CB:Z:GGTGCTGCAAAGGCCA-3_bif3	30922	13996	22430	1492	0.0460294934287653	16392	4.21463194539314	0.452622728154712	0.725373520470862	0.0482504365823685	0.164091009422602	0.300894638125517	4.3340451503663	1	0.0206753924392772	0.127098666769603	1	22430	0.881216712914512	-0.379566566942802	1	4	singlet	bif3	bif3_Re1	bi3_Re1	1_2
CB:Z:AATGTCGTCGCGCCAA-3_bif3	CB:Z:AATGTCGTCGCGCCAA-3_bif3	30872	14774	25450	1119	0.0349785877277984	15887	4.20104189554268	0.47855662088624	0.824371598859808	0.0362464369007515	0.230510164615236	0.556166311659151	4.31797066621036	1	0.0308792699085461	0.14584250599647	1	25450	-0.745007089652016	-0.680654304026237	1	6.4	singlet	bif3	bif3_Re1	bi3_Re1	1_3
CB:Z:GAAATGACATAAAGTG-3_bif3	CB:Z:GAAATGACATAAAGTG-3_bif3	30641	14775	25029	971	0.0307161837276983	16287	4.21184109637534	0.482197056231846	0.816846708658334	0.0316895662674195	0.239833664280005	0.53676299246198	4.33074409858122	1	0.0239620354985909	0.119981483498637	1	25029	1.00201267810921	-1.25524355649816	1	4.4	singlet	bif3	bif3_Re1	bi3_Re1	1_2
CB:Z:AACAGTCCACAGAAGC-3_bif3	CB:Z:AACAGTCCACAGAAGC-3_bif3	30443	13416	21239	476	0.0153950645234322	16213	4.20986338270155	0.440692441612193	0.69766448773117	0.0156357783398482	0.133536415804005	0.229445461792319	4.3284048336437	1	0.0287870426363833	0.111353836738728	1	21239	2.7557240209208	-1.16875840902196	1	1.8	singlet	bif3	bif3_Re1	bi3_Re1	1_2
CB:Z:GCAACCGGTCAATCCA-3_bif3	CB:Z:GCAACCGGTCAATCCA-3_bif3	30261	11586	16025	1458	0.0459661401683534	16235	4.21045229296202	0.382869039357589	0.529559499025148	0.048180826806781	-0.0145547931738761	-0.204021959946348	4.32910140420491	1	0.0207724075196505	0.0945407349400226	1	16025	-0.731101087607338	1.81995267987383	1	6.4	singlet	bif3	bif3_Re1	bi3_Re1	1_1
CB:Z:ACAAACCTCCAGGCCA-3_bif3	CB:Z:ACAAACCTCCAGGCCA-3_bif3	30229	14551	22774	69	0.00227737804475543	16217	4.20997051670934	0.481358959939131	0.753382513480433	0.00228257633398392	0.237687220307692	0.373117277553468	4.32853155311344	1	0.0170385848314629	0.111774488407135	1	22774	1.02070540996651	-0.626623170374504	1	4	singlet	bif3	bif3_Re1	bi3_Re1	1_2
CB:Z:GTGCACGTCCATAACG-3_bif3	CB:Z:GTGCACGTCCATAACG-3_bif3	30098	13497	17195	1427	0.0452656621728787	16237	4.21050579068097	0.448435111967573	0.571300418632467	0.0474117881586816	0.153366127805325	-0.0963908364296813	4.32916468198867	1	0.0193020143893517	0.0982541770805107	1	17195	-1.83173613933463	1.44711007185412	1	6.4	singlet	bif3	bif3_Re1	bi3_Re1	1_1
CB:Z:CCCTAGTCATGCGTTA-3_bif3	CB:Z:CCCTAGTCATGCGTTA-3_bif3	30012	13092	20199	993	0.0320270924044509	16275	4.21152099724023	0.436225509796082	0.673030787684926	0.0330867652938825	0.122096180410089	0.165926190120958	4.33036548124484	1	0.0276449162313446	0.111607013659839	1	20199	0.894110151253745	-1.08339621305334	1	2.8	singlet	bif3	bif3_Re1	bi3_Re1	1_2
CB:Z:AGCCTGGTCATTCTCA-3_bif3	CB:Z:AGCCTGGTCATTCTCA-3_bif3	29785	13983	21269	965	0.0313821138211382	15719	4.19642491394919	0.469464495551452	0.71408427060601	0.032398858485815	0.207224370619952	0.271784722530812	4.31250964154236	1	0.0264767136847257	0.125764744508724	1	21269	0.0562710246668314	0.518481297494301	1	4	singlet	bif3	bif3_Re1	bi3_Re1	1_1
CB:Z:TAATCGGCAGGTGTGA-3_bif3	CB:Z:TAATCGGCAGGTGTGA-3_bif3	29768	12626	19920	1388	0.0445500064193093	16055	4.20561030990252	0.424146734748723	0.669174952969632	0.0466272507390486	0.0911612936689219	0.155983720563365	4.32337424493547	1	0.0241617655110129	0.112589703116481	1	19920	3.2220987758265	-0.347291247843376	1	2.6	singlet	bif3	bif3_Re1	bi3_Re1	1_2
CB:Z:CTGGCAGAGCCGCTGT-3_bif3	CB:Z:CTGGCAGAGCCGCTGT-3_bif3	29684	11394	17138	958	0.0312642777886561	16476	4.21685178328438	0.383843147823743	0.577348066298343	0.0322732785338903	-0.0120600091452017	-0.0807966636363017	4.33667080291388	1	0.0213439414700039	0.107415467476687	1	17138	-0.435596040762856	-0.538894670008293	1	4.6	singlet	bif3	bif3_Re1	bi3_Re1	1_1
CB:Z:GCTCAGGTCCGAGAGA-3_bif3	CB:Z:GCTCAGGTCCGAGAGA-3_bif3	29606	14167	23015	1159	0.0376726799934991	15946	4.20265175975734	0.47851786799973	0.777376207525502	0.0391474701074107	0.230410914803033	0.434986260596503	4.31987483411972	1	0.0187535164285609	0.116613834411804	1	23015	1.77238053890328	-0.826252238749138	1	4.4	singlet	bif3	bif3_Re1	bi3_Re1	1_2
CB:Z:GCTGTTCGTACCCACG-3_bif3	CB:Z:GCTGTTCGTACCCACG-3_bif3	29545	12734	18729	493	0.016412544110793	16168	4.20865630050725	0.431003553900829	0.633914367913353	0.0166864105601625	0.108722256849659	0.0650624753879992	4.32697708144112	1	0.0208568043840215	0.107027491140534	1	18729	-2.36641316799064	0.328940613271126	1	4.2	singlet	bif3	bif3_Re1	bi3_Re1	1_1
CB:Z:TGGTCCTAGTCAACTC-3_bif3	CB:Z:TGGTCCTAGTCAACTC-3_bif3	29376	12213	18738	518	0.0173278918846591	15946	4.20265175975734	0.415747549019608	0.637867647058823	0.0176334422657952	0.0696501836242783	0.0752562104567262	4.31987483411972	1	0.0256839198581984	0.107052707958611	1	18738	2.90188217969994	-0.958893554209343	1	1.8	singlet	bif3	bif3_Re1	bi3_Re1	1_2
CB:Z:GTGTCAAGTTTGCATG-3_bif3	CB:Z:GTGTCAAGTTTGCATG-3_bif3	29261	13492	22120	674	0.0225154501419743	15634	4.1940701076211	0.461091555312532	0.755955025460511	0.0230340726564369	0.185780477761114	0.379750632958205	4.30972434660762	1	0.0325838365550852	0.128246778796029	1	22120	2.29440695854287	0.236788017751107	1	4	singlet	bif3	bif3_Re1	bi3_Re1	1_2
CB:Z:GCGTTGGGTGCTGTCG-3_bif3	CB:Z:GCGTTGGGTGCTGTCG-3_bif3	29195	13671	21143	1418	0.0463201907686277	15897	4.20131517423399	0.468265113889365	0.724199349203631	0.0485699606096934	0.204152640603403	0.297866976687244	4.31829390372913	1	0.0231472739168038	0.125918153600879	1	21143	1.70820397945504	-0.943398253916374	1	3.8	singlet	bif3	bif3_Re1	bi3_Re1	1_2
CB:Z:TGTGACAGTACCCACG-3_bif3	CB:Z:TGTGACAGTACCCACG-3_bif3	29012	13422	22302	463	0.0157082273112807	15673	4.19515213359329	0.46263615055839	0.7687163932166	0.0159589135530125	0.189736332456992	0.41265648079574	4.31100418071696	1	0.0292822457715101	0.126523460749564	1	22302	1.25297755809884	-1.15970041036474	1	3	singlet	bif3	bif3_Re1	bi3_Re1	1_2
CB:Z:TCAAAGCCACAAACGG-3_bif3	CB:Z:TCAAAGCCACAAACGG-3_bif3	28934	12668	20848	461	0.015682939275387	15806	4.19882197760321	0.437824013271584	0.720536393170664	0.0159328126080044	0.126190099187129	0.288421854803749	4.31534491898072	1	0.0267385886994061	0.123883464713107	1	20848	-2.30884986308952	-0.747884767054191	1	6.2	singlet	bif3	bif3_Re1	bi3_Re1	1_3
CB:Z:GGCGAAAGTAATGCCT-3_bif3	CB:Z:GGCGAAAGTAATGCCT-3_bif3	28819	12854	19828	1103	0.0368625091905621	16170	4.2087100199064	0.4460251917138	0.6880183212464	0.0382733613241264	0.147194093818981	0.204572321809976	4.32704062143104	1	0.0268155274554894	0.117313066940847	1	19828	1.86535949321847	-1.23957731008398	1	1.6	singlet	bif3	bif3_Re1	bi3_Re1	1_2
CB:Z:GTGTGATTCCTCCATG-3_bif3	CB:Z:GTGTGATTCCTCCATG-3_bif3	28801	14459	23455	1161	0.0387490821707496	15114	4.17937941788176	0.502031179472935	0.814381445088712	0.0403111003090171	0.290630732167086	0.530406182639407	4.29234801156446	1	0.0215354159449457	0.145133852901947	1	23455	1.43133396717171	1.19104555070532	1	4.8	singlet	bif3	bif3_Re1	bi3_Re1	1_2
CB:Z:GCACGCAAGATTAGAC-3_bif3	CB:Z:GCACGCAAGATTAGAC-3_bif3	28158	12714	21160	1256	0.0427007547426396	14625	4.16509587475422	0.451523545706371	0.75147382626607	0.0446054407273244	0.161275899081199	0.368195628695312	4.27545325472245	1	0.0240618168004385	0.125920431244923	1	21160	1.19427485080819	-0.576346175669304	1	6.6	singlet	bif3	bif3_Re1	bi3_Re1	1_2
CB:Z:CCTTAATAGACAACGC-3_bif3	CB:Z:CCTTAATAGACAACGC-3_bif3	28155	11740	18120	755	0.026115530958146	15487	4.18996729835127	0.416977446279524	0.643580181140117	0.0268158408808382	0.0728000669766552	0.0899862755123383	4.3048714915167	1	0.020112756944803	0.0925782293347391	1	18120	2.95200342746835	-1.0595815348612	1	3	singlet	bif3	bif3_Re1	bi3_Re1	1_2
CB:Z:TAACAGCTCGATCGCG-3_bif3	CB:Z:TAACAGCTCGATCGCG-3_bif3	28145	13705	22141	520	0.018140589569161	14818	4.17078959044639	0.486942618582341	0.786676141410553	0.0184757505773672	0.25198749885844	0.458966621884548	4.28218785420437	1	0.0239770835408353	0.138326146722047	1	22141	2.90557814451318	0.43351523399485	1	4.4	singlet	bif3	bif3_Re1	bi3_Re1	1_2
CB:Z:ACGTGGCCAAACGACG-3_bif3	CB:Z:ACGTGGCCAAACGACG-3_bif3	28111	11647	17881	1344	0.0456289254795451	14940	4.17435059747938	0.414321795738323	0.636085518124578	0.0478104656540144	0.0659986944538562	0.0706608986799628	4.28639985870479	1	0.0229811940605126	0.102193107856478	1	17881	3.09090209814172	-0.17274548292028	1	4.2	singlet	bif3	bif3_Re1	bi3_Re1	1_2
CB:Z:ACAGCGCGTCAGAAGC-3_bif3	CB:Z:ACAGCGCGTCAGAAGC-3_bif3	27973	12482	19458	771	0.0268229891455608	14723	4.16799631208688	0.446215993994209	0.695599327923355	0.0275622922103457	0.147682756527845	0.22412034024618	4.27888392896295	1	0.0194649804723134	0.104737647810732	1	19458	-0.719787649191811	-1.30000402212011	1	3.2	singlet	bif3	bif3_Re1	bi3_Re1	1_3
CB:Z:TTCTAACCAACGCAAG-3_bif3	CB:Z:TTCTAACCAACGCAAG-3_bif3	27964	11670	16355	561	0.0196669588080631	15097	4.17889065504891	0.417322271491918	0.58485910456301	0.0200615076526963	0.0736831970001127	-0.0614290623757624	4.29176989665693	1	0.0188306627235156	0.102660707177932	1	16355	-1.10699611095329	1.32644838661087	1	8.4	singlet	bif3	bif3_Re1	bi3_Re1	1_1
CB:Z:GATGGCCCATCCGTAA-3_bif3	CB:Z:GATGGCCCATCCGTAA-3_bif3	27940	10754	18447	1204	0.0413121054076311	15585	4.19270680661286	0.384896206156049	0.660236220472441	0.043092340730136	-0.00936302703286158	0.13293473576527	4.30811181680105	1	0.0232691463325967	0.108451506233689	1	18447	2.94304633947472	-0.465182678698173	1	3.2	singlet	bif3	bif3_Re1	bi3_Re1	1_2
CB:Z:TATGTTCGTTACTTTC-3_bif3	CB:Z:TATGTTCGTTACTTTC-3_bif3	27778	12497	15447	758	0.0265629380431735	15031	4.17698787480081	0.449888400892793	0.55608755129959	0.0272877816977464	0.157088138367457	-0.135618002921253	4.28951926393028	1	0.0107002520257131	0.0883366804034397	1	15447	-1.95912986186881	1.24309862971438	1	7.8	singlet	bif3	bif3_Re1	bi3_Re1	1_1
CB:Z:CTAACTTAGCGTTAGG-3_bif3	CB:Z:CTAACTTAGCGTTAGG-3_bif3	27611	12970	22190	332	0.0118813298500519	15018	4.17661209999187	0.469740320886603	0.803665205896201	0.0120241932563109	0.207930785423588	0.502773804747064	4.28907479269735	1	0.0245507049940347	0.117003860828085	1	22190	2.89423830124001	-0.668497340677848	1	2.4	singlet	bif3	bif3_Re1	bi3_Re1	1_2
CB:Z:CCGCATTAGGAGTACC-3_bif3	CB:Z:CCGCATTAGGAGTACC-3_bif3	27488	12569	21293	1163	0.0405919514153084	14800	4.17026171539496	0.457254074505239	0.774628928987194	0.0423093713620489	0.175952326009005	0.427902260567922	4.28156347686625	1	0.0297134547424171	0.131421189746592	1	21293	2.23352129074197	-0.930775420664421	1	6	singlet	bif3	bif3_Re1	bi3_Re1	1_2
CB:Z:CAAGAAAGTAATGTAG-3_bif3	CB:Z:CAAGAAAGTAATGTAG-3_bif3	27478	12224	20168	705	0.0250150800127737	14994	4.17591750651009	0.444864982895407	0.733968993376519	0.0256568891476818	0.144222689164754	0.32305851028493	4.28825321867514	1	0.0228299594544747	0.117863457234419	1	20168	2.76579589458565	-0.695247666834465	1	1.6	singlet	bif3	bif3_Re1	bi3_Re1	1_2
CB:Z:TGCTTTACAGTAGGCA-3_bif3	CB:Z:TGCTTTACAGTAGGCA-3_bif3	27471	12756	21556	697	0.0247443907980687	14929	4.17403071803803	0.464344217538495	0.784682028320775	0.0253722106949146	0.194110853744848	0.453824697981308	4.28602150122498	1	0.0188274603334638	0.128659854085405	1	21556	2.75362426849465	-0.0103626418100506	1	4.4	singlet	bif3	bif3_Re1	bi3_Re1	1_2
CB:Z:TGGCAATCAACATAAG-3_bif3	CB:Z:TGGCAATCAACATAAG-3_bif3	27468	11812	17190	1010	0.0354659737341105	14736	4.16837961285277	0.430027668559779	0.625819134993447	0.0367700597058395	0.106222922076107	0.0441884979458307	4.27933730199367	1	0.0233471253256782	0.107210856860146	1	17190	0.12469977947335	-1.059268968104	1	6	singlet	bif3	bif3_Re1	bi3_Re1	1_2
CB:Z:GCTCACTCACGCTGTG-3_bif3	CB:Z:GCTCACTCACGCTGTG-3_bif3	27428	13179	21619	328	0.0118172647355527	14825	4.1709947020363	0.480494385299694	0.788209129356862	0.0119585824704681	0.235472962781956	0.46291951071764	4.28243046280688	1	0.0188380943871027	0.126394974149971	1	21619	-2.01718049434562	-1.18568112134801	1	3	singlet	bif3	bif3_Re1	bi3_Re1	1_3
CB:Z:GGAACCCAGGGCGAAG-3_bif3	CB:Z:GGAACCCAGGGCGAAG-3_bif3	27301	12232	17139	893	0.0316734056891537	15261	4.18358299235102	0.448042196256547	0.627779202227025	0.0327094245632028	0.152359833460763	0.0492426328451775	4.29732005301743	1	0.0170694276355151	0.0958854941058352	1	17139	-2.24074082759757	0.806683523656258	1	4.4	singlet	bif3	bif3_Re1	bi3_Re1	1_1
CB:Z:GACCGACCATTCACGA-3_bif3	CB:Z:GACCGACCATTCACGA-3_bif3	27251	13141	22049	397	0.0143590856481481	14605	4.16450156130957	0.482220835932626	0.809107922645041	0.0145682727239367	0.239894566345611	0.516808131833568	4.27475029320613	1	0.0208745692290297	0.119838303175151	1	22049	-1.88262849239249	-1.22739412069189	1	1.8	singlet	bif3	bif3_Re1	bi3_Re1	1_3
CB:Z:AAGGTTCCATGCGACC-3_bif3	CB:Z:AAGGTTCCATGCGACC-3_bif3	27215	11735	19242	1025	0.0362960339943343	14465	4.160318437984	0.43119603160022	0.707036560720191	0.0376630534631637	0.109215210465197	0.253611837496981	4.26980244162655	1	0.021485957232269	0.110658076094732	1	19242	-0.267187170065835	-1.82231570958959	1	5.2	singlet	bif3	bif3_Re1	bi3_Re1	1_3
CB:Z:TCAATTCCATGCGACC-3_bif3	CB:Z:TCAATTCCATGCGACC-3_bif3	27179	11880	19134	1031	0.0365473236440978	14544	4.16268386587789	0.437102174472939	0.703999411310203	0.0379336988115825	0.124341401666568	0.24578039040956	4.27260029988467	1	0.0271776694373306	0.117304683524039	1	19134	2.84237880321603	-0.180182592867485	1	4.6	singlet	bif3	bif3_Re1	bi3_Re1	1_2
CB:Z:TGCTCGTGTAGTATCC-3_bif3	CB:Z:TGCTCGTGTAGTATCC-3_bif3	27168	11780	16342	938	0.0333736568704191	14776	4.16955688243219	0.433598351001178	0.601516489988221	0.0345259128386337	0.11536777794769	-0.0184771311525863	4.28072979145543	1	0.0243914903311245	0.0935322938835089	1	16342	-1.37804322627921	-1.70952655553686	1	5.6	singlet	bif3	bif3_Re1	bi3_Re1	1_3
CB:Z:CCTTAATGTCCGCTTT-3_bif3	CB:Z:CCTTAATGTCCGCTTT-3_bif3	26839	11309	17241	664	0.0241428207831873	14467	4.16037848146286	0.4213644323559	0.64238607995827	0.0247401169939267	0.084035553760346	0.086907223756797	4.26987346181855	1	0.0234547642819177	0.117297891739829	1	17241	-1.82238917735954	-0.805019633768669	1	8.4	singlet	bif3	bif3_Re1	bi3_Re1	1_3
CB:Z:TTGTTCACAGCGTACC-3_bif3	CB:Z:TTGTTCACAGCGTACC-3_bif3	26758	13389	22590	1288	0.0459245525208586	13682	4.13614958608853	0.500373720008969	0.844233500261604	0.0481351371552433	0.286385821520533	0.607381253331823	4.24121521559456	1	0.0227833808229155	0.146110924000167	1	22590	-1.9216156521215	-1.0503189730631	1	5	singlet	bif3	bif3_Re1	bi3_Re1	1_3
CB:Z:AAAGGATCATCTCACC-3_bif3	CB:Z:AAAGGATCATCTCACC-3_bif3	26733	12275	20193	1062	0.0382083108472747	14529	4.1622357237662	0.459170313844312	0.755358545617776	0.0397261811244529	0.18085999642184	0.378212578784206	4.2720702316838	1	0.0213241467397626	0.114209811784686	1	20193	2.2426875314341	-1.2888808417307	1	3.4	singlet	bif3	bif3_Re1	bi3_Re1	1_2
CB:Z:GTGGCGTTCAGAACGG-3_bif3	CB:Z:GTGGCGTTCAGAACGG-3_bif3	26733	12055	19245	1244	0.0444650963291275	14331	4.15627649600302	0.450940784797815	0.719896756817417	0.0465342460629185	0.159783393207659	0.286772519331751	4.26502158114057	1	0.0192971253314957	0.107163756632623	1	19245	-1.34479861644645	-0.659228818415275	1	1.8	singlet	bif3	bif3_Re1	bi3_Re1	1_3
CB:Z:GCCCGAATCTTGTGCC-3_bif3	CB:Z:GCCCGAATCTTGTGCC-3_bif3	26695	12062	19061	1058	0.0381220048283068	14362	4.15721492239115	0.451844914778048	0.714028844352875	0.0396328900543173	0.162098955707013	0.271641803065852	4.26613156383184	1	0.023524671259122	0.123465487958362	1	19061	2.78084213348489	0.345093591214547	1	5.6	singlet	bif3	bif3_Re1	bi3_Re1	1_2
CB:Z:TGCGTAAAGAAGCCGT-3_bif3	CB:Z:TGCGTAAAGAAGCCGT-3_bif3	26682	11974	19527	1235	0.0442382777519074	14309	4.15560928367892	0.448766958998576	0.731841691027659	0.0462858856157709	0.154216019477223	0.317573150977529	4.26423239390061	1	0.0356653399760341	0.121947668358814	1	19527	2.50174028488259	-1.25142337560522	1	3.2	singlet	bif3	bif3_Re1	bi3_Re1	1_2
CB:Z:GATGGCCTCTTGTCAT-3_bif3	CB:Z:GATGGCCTCTTGTCAT-3_bif3	26602	12857	19782	1065	0.0384935121263599	13995	4.14597290280218	0.483309525599579	0.743628298624164	0.0400345838658747	0.242682803680226	0.347965529247973	4.2528343597927	1	0.0269689093079942	0.124358451552929	1	19782	-2.04877572444816	-0.412598507403007	1	6.2	singlet	bif3	bif3_Re1	bi3_Re1	1_3
CB:Z:ACGTGGCAGAGTCCGA-3_bif3	CB:Z:ACGTGGCAGAGTCCGA-3_bif3	26500	12106	17963	84	0.00315979536563346	13836	4.14101055334232	0.456830188679245	0.677849056603774	0.00316981132075472	0.174866714267179	0.178350346129491	4.24696482961095	1	0.0229749127119557	0.118837447075056	1	17963	-1.98328214076896	0.135702116490731	1	6.6	singlet	bif3	bif3_Re1	bi3_Re1	1_1
CB:Z:TACGCAAGTTCACGTA-3_bif3	CB:Z:TACGCAAGTTCACGTA-3_bif3	26485	11248	16120	453	0.0168163931991982	14669	4.16640050857507	0.424693222578818	0.608646403624693	0.0171040211440438	0.0925609007535083	-9.22794892872379e-05	4.27699639223212	1	0.0171798433168104	0.0994668280682007	1	16120	2.54452819439034	0.645987374783882	1	6.4	singlet	bif3	bif3_Re1	bi3_Re1	1_2
CB:Z:TCGCCTATCTGGTACA-3_bif3	CB:Z:TCGCCTATCTGGTACA-3_bif3	26481	11612	17892	1326	0.0476858345021038	14284	4.15484984152074	0.438503077678335	0.675654242664552	0.0500736377025037	0.12792924743937	0.172690904689034	4.26333411603752	1	0.0193302993789533	0.113172607425014	1	17892	-2.30897050289054	-0.109617607592216	1	4.2	singlet	bif3	bif3_Re1	bi3_Re1	1_1
CB:Z:TCTAGTTTCTATCTAC-3_bif3	CB:Z:TCTAGTTTCTATCTAC-3_bif3	26443	12369	19870	1114	0.0404253002866785	14121	4.14986545302626	0.467760844079719	0.751427598986499	0.042128351548614	0.20286115786718	0.368076429260222	4.25743851780475	1	0.0253844932660521	0.137281508517476	1	19870	1.57079023929696	1.08017216444148	1	6.6	singlet	bif3	bif3_Re1	bi3_Re1	1_1
CB:Z:TTTGGTTAGAGAACCC-3_bif3	CB:Z:TTTGGTTAGAGAACCC-3_bif3	26306	12730	20971	1360	0.0491578110315911	14092	4.1489726345092	0.483920018246788	0.797194556374971	0.0516992321143465	0.244246333162618	0.486088899756845	4.25638248068462	1	0.0331531744639835	0.127867544913143	1	20971	-2.33065562633415	-0.536272065638176	1	7.6	singlet	bif3	bif3_Re1	bi3_Re1	1_3
CB:Z:AAACTGCCACTTACAG-3_bif3	CB:Z:AAACTGCCACTTACAG-3_bif3	26224	12499	21328	671	0.0249488752556237	14191	4.15201300005083	0.476624466137889	0.813300793166565	0.0255872483221477	0.225561733332072	0.527619665677026	4.25997866379395	1	0.0262837323913159	0.120246396383795	1	21328	2.7733340940104	-0.999492423533073	1	3.2	singlet	bif3	bif3_Re1	bi3_Re1	1_2
CB:Z:CGCAGGTGTTTCTCTA-3_bif3	CB:Z:CGCAGGTGTTTCTCTA-3_bif3	26187	11411	18078	1140	0.0417169832034252	14505	4.16151773313868	0.435750563256578	0.690342536373009	0.0435330507503723	0.120879797345576	0.210565430915496	4.27122098321943	1	0.0278148602698328	0.103462591072915	1	18078	2.36106175991158	0.0102625918401569	1	2	singlet	bif3	bif3_Re1	bi3_Re1	1_2
CB:Z:GTCCATCGTTCCCAAA-3_bif3	CB:Z:GTCCATCGTTCCCAAA-3_bif3	26102	12008	18748	1325	0.0483100594304882	14067	4.14820148745851	0.460041376139759	0.718259137230864	0.0507623936863076	0.18309086944899	0.282549832394046	4.25547035812549	1	0.0192843182538004	0.123076899076732	1	18748	0.303058095894859	-0.597580926416984	1	4.8	singlet	bif3	bif3_Re1	bi3_Re1	1_3
CB:Z:GCGGGTTTCACTGATG-3_bif3	CB:Z:GCGGGTTTCACTGATG-3_bif3	26013	12322	21099	842	0.0313535654440514	14027	4.14696479698975	0.473686233806174	0.811094452773613	0.0323684311690309	0.218036642083624	0.521930502678519	4.25400758487854	1	0.0275631344978298	0.1301123994707	1	21099	3.19733632417779	-0.485101597307792	1	4.2	singlet	bif3	bif3_Re1	bi3_Re1	1_2
CB:Z:TACGGATAGATTCCGT-3_bif3	CB:Z:TACGGATAGATTCCGT-3_bif3	25976	11833	18546	1342	0.0491251189691778	14030	4.14705767102836	0.455535879273175	0.713966738527872	0.0516630736064059	0.171551865308752	0.271481659978806	4.25411743747501	1	0.0258070732886014	0.113907223475372	1	18546	-1.08788257030387	-0.886920707224479	1	7	singlet	bif3	bif3_Re1	bi3_Re1	1_3
CB:Z:AGCGTGCGTGGCGCTT-3_bif3	CB:Z:AGCGTGCGTGGCGCTT-3_bif3	25841	11355	18920	859	0.0321722846441948	14063	4.14807797676251	0.439417979180372	0.732169807669982	0.0332417476103866	0.130272396826113	0.318419216737219	4.25532426810023	1	0.0246124231555538	0.116094140657466	1	18920	2.53676945777993	-1.24398447751867	1	2.2	singlet	bif3	bif3_Re1	bi3_Re1	1_2
CB:Z:TTGCTTACACATCATG-3_bif3	CB:Z:TTGCTTACACATCATG-3_bif3	25605	12361	20418	673	0.025610777075881	13730	4.13767053723676	0.482757273969928	0.797422378441711	0.0262839289201328	0.241268434959151	0.486676350757822	4.24301421599582	1	0.0320756974723761	0.129524509107026	1	20418	2.38373035999398	-0.222206251619926	1	5	singlet	bif3	bif3_Re1	bi3_Re1	1_2
CB:Z:AGCCGCAGTTTCCGGG-3_bif3	CB:Z:AGCCGCAGTTTCCGGG-3_bif3	25476	12121	17869	775	0.0295226848501009	13612	4.13392194042377	0.475781127335531	0.701405244151358	0.0304207881928089	0.223401862796105	0.239091196004568	4.23858032791297	1	0.0154448892674405	0.114902386436543	1	17869	-0.468046716727212	1.94736335992945	1	3.2	singlet	bif3	bif3_Re1	bi3_Re1	1_1
CB:Z:AAAGGATTCGGCAATT-3_bif3	CB:Z:AAAGGATTCGGCAATT-3_bif3	25391	10876	18081	897	0.0341220328667072	13568	4.13251583491264	0.428340750659683	0.712102713559923	0.0353274782403214	0.101902565584947	0.266675175036671	4.23691716839487	1	0.0249575135944341	0.0961984688894124	1	18081	1.98678130718331	-0.707030074595085	1	2.4	singlet	bif3	bif3_Re1	bi3_Re1	1_2
CB:Z:TTCAACTAGCCTGTAT-3_bif3	CB:Z:TTCAACTAGCCTGTAT-3_bif3	25195	11836	20644	1013	0.0386523199023199	13264	4.1226745132062	0.469775749156579	0.819368922405239	0.0402063901567771	0.208021520578008	0.543266651266877	4.2252767276618	1	0.0259195425017506	0.120960159262652	1	20644	2.3920696458445	-0.88909389257299	1	3	singlet	bif3	bif3_Re1	bi3_Re1	1_2
CB:Z:GTCACCTGTTACTACG-3_bif3	CB:Z:GTCACCTGTTACTACG-3_bif3	25173	11577	20585	538	0.0209248959589281	13455	4.12888370209977	0.459897509236086	0.817741230683669	0.0213721050331705	0.182722412684667	0.539069563843325	4.23262103541558	1	0.0296314677169634	0.118610445713467	1	20585	2.94526357265572	-0.818096415995231	1	2.2	singlet	bif3	bif3_Re1	bi3_Re1	1_2
CB:Z:GCGAGTCTCTTCCGTG-3_bif3	CB:Z:GCGAGTCTCTTCCGTG-3_bif3	25104	11323	19002	594	0.0231146392715386	13386	4.12665082066748	0.451043658381134	0.756931166347992	0.0236615678776291	0.160046862196538	0.382267662803704	4.22997995480142	1	0.0274168077724336	0.11582076884192	1	19002	2.87041414590935	0.173362119199166	1	4	singlet	bif3	bif3_Re1	bi3_Re1	1_2
CB:Z:CCGCATTAGCTGCTCG-3_bif3	CB:Z:CCGCATTAGCTGCTCG-3_bif3	24997	11562	20148	720	0.0279970447563868	13201	4.12060683105677	0.462535504260511	0.806016722006641	0.0288034564147698	0.189478567757047	0.508837310853667	4.22283104686473	1	0.0290457236544174	0.124305353070162	1	20148	2.94159496637444	-0.354786531923881	1	5	singlet	bif3	bif3_Re1	bi3_Re1	1_2
CB:Z:AGTCAACCAGGCAGAT-3_bif3	CB:Z:AGTCAACCAGGCAGAT-3_bif3	24967	11423	19155	918	0.0354645547614449	13627	4.13440025591898	0.457523931589698	0.767212720791445	0.0367685344654945	0.176643455557435	0.408779183552579	4.2391460855764	1	0.0215025327987765	0.114517302643698	1	19155	2.05800802322488	-0.800753133295646	1	3.8	singlet	bif3	bif3_Re1	bi3_Re1	1_2
CB:Z:CGGACTGGTAAAGCTA-3_bif3	CB:Z:CGGACTGGTAAAGCTA-3_bif3	24955	11569	18029	354	0.0139871192066063	13474	4.12949654301666	0.463594470046083	0.722460428771789	0.01418553396113	0.192190679416631	0.293383080272265	4.23334591146217	1	0.0211529335774395	0.125066676603031	1	18029	2.40553493114571	0.461513741017708	1	5.8	singlet	bif3	bif3_Re1	bi3_Re1	1_2
CB:Z:TATCGAGTCTTGTCAT-3_bif3	CB:Z:TATCGAGTCTTGTCAT-3_bif3	24889	10379	15708	787	0.0306511917744197	14051	4.14770723378041	0.417011531198521	0.631122182490257	0.03162039455181	0.0728873616820066	0.0578626806306752	4.25488574857622	1	0.0254489481134523	0.0946885502405973	1	15708	2.12366730781655	0.450142366887459	1	2.8	singlet	bif3	bif3_Re1	bi3_Re1	1_2
CB:Z:TGGGTTACATAGTCCA-3_bif3	CB:Z:TGGGTTACATAGTCCA-3_bif3	24849	12172	18384	413	0.0163486659805241	13314	4.12430855261565	0.489838625296793	0.73982856452976	0.0166203871383154	0.259404446302362	0.338167718047533	4.22720949029965	1	0.0184101129027076	0.125109205693716	1	18384	0.777305313073203	1.41637903086973	1	5.8	singlet	bif3	bif3_Re1	bi3_Re1	1_2
CB:Z:GCGGAAACAGATACAA-3_bif3	CB:Z:GCGGAAACAGATACAA-3_bif3	24797	10931	17726	556	0.0219303435490869	13512	4.13071963656295	0.440819453966206	0.714844537645683	0.0224220671855466	0.133861706470541	0.273745110476801	4.23479260209594	1	0.0257337162362162	0.105220353844552	1	17726	-1.00578313259025	-1.56370975255834	1	2.6	singlet	bif3	bif3_Re1	bi3_Re1	1_3
CB:Z:AATGGAAAGTACCACT-3_bif3	CB:Z:AATGGAAAGTACCACT-3_bif3	24676	11182	19154	1127	0.0436770918110297	13544	4.13174694510088	0.453152861079592	0.776219808721024	0.0456719079267304	0.165448730046143	0.432004426374111	4.23600771572672	1	0.0275776655045229	0.112537448164271	1	19154	0.877953954659507	-1.12978007078039	1	5	singlet	bif3	bif3_Re1	bi3_Re1	1_2
CB:Z:CTGCTCAGTACGTAGG-3_bif3	CB:Z:CTGCTCAGTACGTAGG-3_bif3	24623	11343	18286	694	0.0274124106331714	13307	4.1240801568797	0.460666856191366	0.742638996060594	0.0281850302562645	0.184692783093332	0.345414561338865	4.22693934091247	1	0.0266701258649387	0.114300519212985	1	18286	2.89057201953988	0.145576221944222	1	4.8	singlet	bif3	bif3_Re1	bi3_Re1	1_2
CB:Z:CTCTCGAAGATATGAC-3_bif3	CB:Z:CTCTCGAAGATATGAC-3_bif3	24587	11220	19165	746	0.0294477558915249	13315	4.12434117077496	0.456338715581405	0.779476959368772	0.0303412372391914	0.173608005121722	0.440403158049842	4.22724807147416	1	0.0314502156020207	0.127533644102375	1	19165	3.16296918006997	-0.775667445658317	1	2.4	singlet	bif3	bif3_Re1	bi3_Re1	1_2
CB:Z:ACTGTCCCACCACGAC-3_bif3	CB:Z:ACTGTCCCACCACGAC-3_bif3	24546	11201	17946	1190	0.0462387317376438	13117	4.11783451854375	0.456326896439338	0.731117086286971	0.0484804041391673	0.173577735179632	0.315704720116891	4.21955192029372	1	0.0338922291015599	0.126241110955473	1	17946	-1.42632060436149	-0.430136220453849	1	4.6	singlet	bif3	bif3_Re1	bi3_Re1	1_3
CB:Z:GTGTCAACATAAAGTG-3_bif3	CB:Z:GTGTCAACATAAAGTG-3_bif3	24516	10402	14894	622	0.0247434163417933	13574	4.13270784485545	0.424294338391255	0.607521618534834	0.0253711861641377	0.0915393205753247	-0.002992596110847	4.23714428020221	1	0.0228953205926361	0.0891710992780169	1	14894	1.19804901691537	0.131063086987862	1	6	singlet	bif3	bif3_Re1	bi3_Re1	1_2
CB:Z:TAAGCCAAGGTCACTT-3_bif3	CB:Z:TAAGCCAAGGTCACTT-3_bif3	24342	10963	17049	290	0.0117733030204612	13230	4.1215598441875	0.450373839454441	0.700394380083806	0.0119135650316326	0.158331392494262	0.236484630640488	4.22395828294104	1	0.0187044966826911	0.117524405942668	1	17049	2.64322108837228	-0.398258821962944	1	5	singlet	bif3	bif3_Re1	bi3_Re1	1_2
CB:Z:GATCGTATCCGGCGAT-3_bif3	CB:Z:GATCGTATCCGGCGAT-3_bif3	24294	11603	19103	536	0.0215867901731776	13042	4.11534419587144	0.477607639746439	0.786325841771631	0.022063060838067	0.22807973404888	0.45806335611898	4.21660633490002	1	0.0286418958896559	0.122305027083075	1	19103	-1.85358243373771	-1.2268166708933	1	2.4	singlet	bif3	bif3_Re1	bi3_Re1	1_3
CB:Z:GCAGCCATCGTTGTTT-3_bif3	CB:Z:GCAGCCATCGTTGTTT-3_bif3	24201	10928	16780	240	0.00981956548422732	13194	4.12037647974443	0.451551588777323	0.693359778521549	0.00991694558076112	0.161347720041551	0.218345546098013	4.22255858439688	1	0.010572494983362	0.119279759368847	1	16780	-0.801579526938393	1.88097010374201	1	6.4	singlet	bif3	bif3_Re1	bi3_Re1	1_1
CB:Z:TCAGTTTAGGTACATA-3_bif3	CB:Z:TCAGTTTAGGTACATA-3_bif3	24173	10528	16028	938	0.0373541475847238	13240	4.12188798510368	0.435527241136806	0.663053820378108	0.0388036238778803	0.120307848248515	0.140200063082453	4.22434641219856	1	0.0232188205203032	0.107461399133046	1	16028	1.57308597179513	-0.956613318918815	1	2.6	singlet	bif3	bif3_Re1	bi3_Re1	1_2
CB:Z:TAGTCCCCAAGGACCA-3_bif3	CB:Z:TAGTCCCCAAGGACCA-3_bif3	24123	10424	16706	1185	0.0468231389284021	12807	4.10744740952361	0.432118724868383	0.692534096090868	0.0491232433776893	0.111578315302859	0.216216481177589	4.20726591537045	1	0.0291258312641084	0.11244509045866	1	16706	2.66233522506814	0.28984521150721	1	5.4	singlet	bif3	bif3_Re1	bi3_Re1	1_2
CB:Z:TGTGGCGTCCTTACGC-3_bif3	CB:Z:TGTGGCGTCCTTACGC-3_bif3	23998	10461	14026	163	0.00674640950291793	13549	4.13190724277439	0.435911325943829	0.584465372114343	0.00679223268605717	0.121291525811651	-0.0624443218912124	4.23619731785779	1	0.0180167121771314	0.0969410139215293	1	14026	1.32517714115243	1.07110126137865	1	7.8	singlet	bif3	bif3_Re1	bi3_Re1	1_2
CB:Z:TTACGGAGTTAGCTCA-3_bif3	CB:Z:TTACGGAGTTAGCTCA-3_bif3	23939	11911	18027	680	0.0276209431739713	13078	4.11654133302675	0.497556288900957	0.753038974059067	0.0284055307239233	0.279170113645712	0.372231443359068	4.21802232398374	1	0.010740188792025	0.113568185974276	1	18027	-2.64034085658927	0.245895726682076	1	3.8	singlet	bif3	bif3_Re1	bi3_Re1	1_1
CB:Z:TAGCATGCACAACGGA-3_bif3	CB:Z:TAGCATGCACAACGGA-3_bif3	23613	10518	18459	655	0.0269902752596011	12592	4.10009471501499	0.445432600686063	0.781730402744251	0.0277389573539999	0.145676412079317	0.446213778528876	4.19856905460226	1	0.0333314920301541	0.11468582044635	1	18459	3.08287907453637	-0.564647810457817	1	4.6	singlet	bif3	bif3_Re1	bi3_Re1	1_2
CB:Z:TCAGTTTAGGTCGGTA-3_bif3	CB:Z:TCAGTTTAGGTCGGTA-3_bif3	23470	11767	18546	460	0.0192227329711659	12261	4.08852589243126	0.501363442692799	0.790200255645505	0.0195994887089902	0.288920595039321	0.468053732999428	4.1848853038161	1	0.0111966250700791	0.123038593639796	1	18546	-0.965579561270669	0.387089831830391	1	4.6	singlet	bif3	bif3_Re1	bi3_Re1	1_1
CB:Z:TTTGGCCCACTGTAAC-3_bif3	CB:Z:TTTGGCCCACTGTAAC-3_bif3	23267	11370	17760	986	0.0406547643590484	12734	4.10496484552782	0.488674947350325	0.763312846520823	0.0423776163665277	0.256424156882611	0.39872315572019	4.20432950703822	1	0.00897412655093334	0.109525274645405	1	17760	-0.483254484213784	1.22453999340666	1	7.2	singlet	bif3	bif3_Re1	bi3_Re1	1_1
CB:Z:GGGTCTGTCATTCTTG-3_bif3	CB:Z:GGGTCTGTCATTCTTG-3_bif3	23221	10236	16966	1074	0.0442066268779584	12796	4.10707423141207	0.440807889410447	0.73063175573834	0.0462512381034409	0.133832088548096	0.314453270155617	4.20682451554431	1	0.0209864499716627	0.10242261886717	1	16966	2.2733169278727	-0.225514786242119	1	2.8	singlet	bif3	bif3_Re1	bi3_Re1	1_2
CB:Z:TAATCGGAGTGAATAC-3_bif3	CB:Z:TAATCGGAGTGAATAC-3_bif3	23181	10037	16442	835	0.0347684876748834	12559	4.09895506043847	0.432983909236012	0.709287778784349	0.0360208791682844	0.113794134400235	0.259416719895496	4.19722105664529	1	0.0269074641340456	0.105972156761667	1	16442	-0.759366086996987	-1.83103324651586	1	9.4	singlet	bif3	bif3_Re1	bi3_Re1	1_3
CB:Z:TTTGTGTAGTGAGTTA-3_bif3	CB:Z:TTTGTGTAGTGAGTTA-3_bif3	23177	10383	16462	1140	0.0468807829913229	12242	4.08785237516317	0.447987228718126	0.71027311558873	0.0491866937049661	0.152219056389508	0.261957461889097	4.18408865900804	1	0.0188338993613528	0.111595080426291	1	16462	-1.92587237743278	-0.449658052919975	1	4.8	singlet	bif3	bif3_Re1	bi3_Re1	1_1
CB:Z:TTTGAGGGTGATAAGT-3_bif3	CB:Z:TTTGAGGGTGATAAGT-3_bif3	23116	10429	15003	242	0.0103604760681565	12874	4.10971350479295	0.451159370133241	0.649030974216993	0.0104689392628482	0.160343210951441	0.104041427829061	4.20994628173435	1	0.0143984779624949	0.10002928670633	1	15003	-2.12820821193595	0.261321647168526	1	6.4	singlet	bif3	bif3_Re1	bi3_Re1	1_1
CB:Z:GCTCACTGTGCCAAGA-3_bif3	CB:Z:GCTCACTGTGCCAAGA-3_bif3	23063	11072	17989	186	0.00800034410082154	12361	4.09205360642548	0.480076312708668	0.779993929670901	0.00806486580236743	0.234402239285387	0.441736192754549	4.18905792888597	1	0.0180203581099311	0.110196835850767	1	17989	2.08618158908944	-0.974780576227775	1	7.2	singlet	bif3	bif3_Re1	bi3_Re1	1_2
CB:Z:AGGCGAAGTTTGTGAC-3_bif3	CB:Z:AGGCGAAGTTTGTGAC-3_bif3	23019	10177	14766	757	0.0318388290713324	12643	4.10185013793813	0.442113037056345	0.641470089925714	0.032885876884313	0.137174695265087	0.0845452960067241	4.20064539120701	1	0.0158596539407644	0.0887514569977149	1	14766	-1.19321923641105	-0.94444228887426	1	6.4	singlet	bif3	bif3_Re1	bi3_Re1	1_3
CB:Z:TAACTTCGTGGTGGTA-3_bif3	CB:Z:TAACTTCGTGGTGGTA-3_bif3	23007	10853	17057	1141	0.047250289879079	12344	4.09145591305509	0.471725996435867	0.741383057330378	0.0495936019472335	0.213016288546243	0.342176058261478	4.18835096955042	1	0.0154936711539982	0.117322502690256	1	17057	1.06253285022835	-0.509383337496391	1	7.2	singlet	bif3	bif3_Re1	bi3_Re1	1_2
CB:Z:ATGCATGCAGTATCTG-3_bif3	CB:Z:ATGCATGCAGTATCTG-3_bif3	23006	10214	15592	1179	0.0487492247260699	12271	4.08887995610805	0.443971137964009	0.677736242719291	0.0512475006520038	0.141933467649447	0.178059449684243	4.18530409484523	1	0.0197460859745277	0.101557370609254	1	15592	3.20409555049996	0.0256235432638019	1	3.8	singlet	bif3	bif3_Re1	bi3_Re1	1_2
CB:Z:ACCATCCCACGCGATC-3_bif3	CB:Z:ACCATCCCACGCGATC-3_bif3	22691	10370	17163	866	0.0367618966761472	12686	4.10332470706144	0.457009386981623	0.756379181173152	0.0381649111982724	0.175325658089422	0.380844340435834	4.20238953035811	1	0.0210411990049706	0.106238284401307	1	17163	1.19391388507943	-1.18656183957922	1	4	singlet	bif3	bif3_Re1	bi3_Re1	1_2
CB:Z:CTCATGCAGACAACGC-3_bif3	CB:Z:CTCATGCAGACAACGC-3_bif3	22655	9315	12431	182	0.00796952314226912	12854	4.10903829557438	0.411167512690355	0.548708894283823	0.00803354667843743	0.0579202768613532	-0.154644252273744	4.2091476356657	1	0.0103728073030466	0.0770261882991154	1	12431	0.423069663964317	1.05228210806979	1	4.4	singlet	bif3	bif3_Re1	bi3_Re1	1_1
CB:Z:GGAATCTTCTACATCT-3_bif3	CB:Z:GGAATCTTCTACATCT-3_bif3	22436	10422	17542	910	0.0389788400582541	11793	4.07162429853975	0.464521305045463	0.781868425744339	0.0405598145837048	0.194564391620157	0.446569677984623	4.1648938831658	1	0.0214667395868147	0.117666341607056	1	17542	2.73434741111855	-1.1620669531809	1	3.8	singlet	bif3	bif3_Re1	bi3_Re1	1_2
CB:Z:AACTGGTTCATGTTCT-3_bif3	CB:Z:AACTGGTTCATGTTCT-3_bif3	22393	9681	16273	538	0.0234616894160743	12252	4.08820698813453	0.432322600812754	0.726700308132006	0.0240253650694413	0.11210046090319	0.304315828841494	4.18450809974979	1	0.0220980708994136	0.10095151660319	1	16273	2.66999835582833	-0.586596505640617	1	3.2	singlet	bif3	bif3_Re1	bi3_Re1	1_2
CB:Z:AGATTCGTCTGGACAT-3_bif3	CB:Z:AGATTCGTCTGGACAT-3_bif3	22207	8851	13139	980	0.0422650623194031	12262	4.08856131179122	0.398568019093079	0.591660287296798	0.0441302292070068	0.02565178060245	-0.0438918603743126	4.18492719828645	1	0.0154056473998414	0.0844807630300557	1	13139	-1.74120002178092	-0.642035739420524	1	1.6	singlet	bif3	bif3_Re1	bi3_Re1	1_3
CB:Z:CCATACCGTTTAGGAA-3_bif3	CB:Z:CCATACCGTTTAGGAA-3_bif3	22180	9792	15110	473	0.0208802366132521	12007	4.07943451063374	0.441478809738503	0.681244364292155	0.0213255184851217	0.135550379043562	0.18710532289146	4.17413190156461	1	0.0135560558719849	0.0983210449044976	1	15110	1.68287224384408	-0.75315000295507	1	4.2	singlet	bif3	bif3_Re1	bi3_Re1	1_2
CB:Z:GCCCGAATCGTGATAC-3_bif3	CB:Z:GCCCGAATCGTGATAC-3_bif3	22150	9751	17273	869	0.0377514227377384	11934	4.07678603350808	0.440225733634312	0.779819413092551	0.0392325056433409	0.132341132475988	0.441286192716771	4.17099924906795	1	0.0292556208311203	0.112231635043721	1	17273	0.0686387500391459	-1.54466034650671	1	3.6	singlet	bif3	bif3_Re1	bi3_Re1	1_3
CB:Z:CACCTTGGTCAGGTGA-3_bif3	CB:Z:CACCTTGGTCAGGTGA-3_bif3	22097	10903	17797	480	0.0212605749213802	11786	4.07136643675913	0.49341539575508	0.805403448431914	0.0217224057564375	0.268564894161722	0.507255953171759	4.16458888096546	1	0.0171504908973957	0.124320167454108	1	17797	2.7741840562449	0.0616974663747638	1	5.2	singlet	bif3	bif3_Re1	bi3_Re1	1_2
CB:Z:TGCACCTGTATTCTGG-3_bif3	CB:Z:TGCACCTGTATTCTGG-3_bif3	21954	10582	17247	370	0.0165740906647554	12116	4.08335926466082	0.482007834563178	0.785597157693359	0.0168534207889223	0.23934904966749	0.456184406475058	4.17877415064526	1	0.0154080470721344	0.114950863950079	1	17247	2.70947343917947	-0.102824347017875	1	5	singlet	bif3	bif3_Re1	bi3_Re1	1_2
CB:Z:TAACTTCCAATGCACT-3_bif3	CB:Z:TAACTTCCAATGCACT-3_bif3	21908	9739	15561	1098	0.0477266799965226	11353	4.05511063785415	0.444540807011137	0.710288479094395	0.0501186781084535	0.143392444026088	0.26199707748433	4.14536131485528	1	0.0258045344587064	0.11472436761873	1	15561	3.17468548627953	-0.12664808511602	1	4.6	singlet	bif3	bif3_Re1	bi3_Re1	1_2
CB:Z:TCGCAGGTCCTCTCTT-3_bif3	CB:Z:TCGCAGGTCCTCTCTT-3_bif3	21866	10069	15948	1010	0.0441510753628257	11999	4.07914505333275	0.460486600201226	0.729351504619043	0.0461904326351413	0.184231130432566	0.311152076323528	4.17378952778013	1	0.029753255076508	0.111845011660145	1	15948	-2.21001391796012	-0.519397990702263	1	6.8	singlet	bif3	bif3_Re1	bi3_Re1	1_1
CB:Z:AGCCTCTGTTGTGACT-3_bif3	CB:Z:AGCCTCTGTTGTGACT-3_bif3	21811	10408	17518	654	0.029111951925217	11760	4.07040732174012	0.477190408509468	0.803172711017377	0.0299848700197148	0.227011165339719	0.501503881189252	4.16345442749793	1	0.0259181672874575	0.115508752706778	1	17518	2.46155018421273	-0.503832833765617	1	3.2	singlet	bif3	bif3_Re1	bi3_Re1	1_2
CB:Z:TCCAGAATCGCTTGAA-3_bif3	CB:Z:TCCAGAATCGCTTGAA-3_bif3	21510	8988	14510	718	0.0323016015835883	11807	4.07213956323974	0.417852161785216	0.674569967456997	0.0333798233379823	0.0750402962211966	0.169895044897531	4.16550334481952	1	0.0229562305793986	0.0902129122911722	1	14510	-0.264172128714516	-1.8010308909403	1	4.4	singlet	bif3	bif3_Re1	bi3_Re1	1_3
CB:Z:AACGAGGTCCGTGCGA-3_bif3	CB:Z:AACGAGGTCCGTGCGA-3_bif3	21391	10322	17162	382	0.0175446654112892	10998	4.04131371534586	0.482539385722968	0.802300032724043	0.0178579776541536	0.240710402524942	0.499253635002447	4.12904213908326	1	0.0202532993357864	0.116760517060551	1	17162	-1.80069737819572	-1.25558258771764	1	8	singlet	bif3	bif3_Re1	bi3_Re1	1_3
CB:Z:TCACCACGTCAGAGTG-3_bif3	CB:Z:TCACCACGTCAGAGTG-3_bif3	21119	9659	16456	702	0.0321708445992393	11712	4.06863106371432	0.457360670486292	0.779203560774658	0.0332402102372271	0.176225328410989	0.439698185612023	4.16135344686822	1	0.0267228023512861	0.122776648006214	1	16456	3.18109954210381	-0.829781787394157	1	6.2	singlet	bif3	bif3_Re1	bi3_Re1	1_2
CB:Z:TTTGGCCCATCCCGGA-3_bif3	CB:Z:TTTGGCCCATCCCGGA-3_bif3	20980	8726	14116	499	0.0232319940406909	11657	4.06658679647069	0.415919923736892	0.672831267874166	0.0237845567206864	0.0700916515989138	0.165411717953167	4.15893546152014	1	0.0215619345716786	0.0895018199173691	1	14116	2.06762594791512	-0.995591418741813	1	3.2	singlet	bif3	bif3_Re1	bi3_Re1	1_2
CB:Z:TTGCGGGAGATTACGA-3_bif3	CB:Z:TTGCGGGAGATTACGA-3_bif3	20965	9860	12204	779	0.0358259749816041	11445	4.05861579701056	0.470307655616504	0.582113045552111	0.0371571667064155	0.209383783392752	-0.0685099177897455	4.14950726177556	1	0.00123639585533559	0.0877586468673837	1	12204	-1.92044930843253	0.695867640973458	1	4.2	singlet	bif3	bif3_Re1	bi3_Re1	1_1
CB:Z:CCATACCAGTCACACT-3_bif3	CB:Z:CCATACCAGTCACACT-3_bif3	20710	9787	15248	806	0.0374604945157092	11137	4.04676821966084	0.472573635924674	0.736262675036214	0.0389183969097055	0.215187173547476	0.328972887264282	4.13549379629971	1	0.0193915409163588	0.110592556612888	1	15248	-0.376746229208901	-0.51696516752111	1	2.4	singlet	bif3	bif3_Re1	bi3_Re1	1_1
CB:Z:GAGCATTGTGATGTGG-3_bif3	CB:Z:GAGCATTGTGATGTGG-3_bif3	20493	9635	16477	738	0.0347604917337855	11155	4.04746957461986	0.470160542624311	0.804030644610355	0.0360122968818621	0.20900701308833	0.50371610740237	4.13632336788337	1	0.0223083879913299	0.109880175895984	1	16477	-2.10964017299552	-1.05633785009252	1	8.2	singlet	bif3	bif3_Re1	bi3_Re1	1_3
CB:Z:CCGCATTAGGCGATTG-3_bif3	CB:Z:CCGCATTAGGCGATTG-3_bif3	20425	8719	13360	873	0.0409897642971171	11370	4.05576046468773	0.4268788249694	0.654100367197062	0.0427417380660955	0.0981584354496005	0.117113120238463	4.1461299383155	1	0.0163819526892537	0.0909844299800539	1	13360	1.89858264537911	-0.442889111040702	1	5.6	singlet	bif3	bif3_Re1	bi3_Re1	1_2
CB:Z:AACGTACTCTTGTGCC-3_bif3	CB:Z:AACGTACTCTTGTGCC-3_bif3	19768	9194	14483	162	0.00812844957350728	10926	4.03846119617856	0.465095103197086	0.732648725212465	0.00819506272764063	0.196033943024432	0.319654130429925	4.12566814305942	1	0.0159700585331379	0.106395919121313	1	14483	0.965001293145225	1.05726183772219	1	4.2	singlet	bif3	bif3_Re1	bi3_Re1	1_1
CB:Z:GCTTAAGGTTAGGCTT-3_bif3	CB:Z:GCTTAAGGTTAGGCTT-3_bif3	19690	9153	15711	268	0.0134281992183586	10977	4.04048366420627	0.464855256475368	0.797917724733367	0.013610970035551	0.195419672856928	0.487953626831334	4.12806034401711	1	0.0162754079988226	0.0998507698078485	1	15711	2.57320291610818	-0.763102071283928	1	2	singlet	bif3	bif3_Re1	bi3_Re1	1_2
CB:Z:TGAGCCGCATGGGAAC-3_bif3	CB:Z:TGAGCCGCATGGGAAC-3_bif3	19498	9069	16004	660	0.0327413433872408	10670	4.02816441942447	0.465124628166991	0.820802133552159	0.0338496256026259	0.196109559268337	0.546962260453996	4.11348898429163	1	0.0253791874613385	0.117975241177839	1	16004	0.0239483794794535	-1.05912901639806	1	6	singlet	bif3	bif3_Re1	bi3_Re1	1_2
CB:Z:GCTTAAGGTTTGACCA-3_bif3	CB:Z:GCTTAAGGTTTGACCA-3_bif3	19484	8389	12037	629	0.0312733058221051	10761	4.03185263139563	0.430558406897968	0.617788955040033	0.0322828987887497	0.107582193220466	0.0234822629477064	4.11785144841402	1	0.0105909446828171	0.0834346372466835	1	12037	2.79322082611184	-0.225965039728752	1	6.4	singlet	bif3	bif3_Re1	bi3_Re1	1_2
CB:Z:AGGCGAAAGACTTCCA-3_bif3	CB:Z:AGGCGAAAGACTTCCA-3_bif3	19217	8793	14127	590	0.0297874488817085	10518	4.02193316647744	0.457563615548733	0.735130353332986	0.0307019826195556	0.176745089934543	0.32605313709473	4.10611857889423	1	0.0228317127539534	0.105325459292396	1	14127	-2.31239419368644	-0.750601308344474	1	3.2	singlet	bif3	bif3_Re1	bi3_Re1	1_3
CB:Z:CTGTATTTCGACTGGC-3_bif3	CB:Z:CTGTATTTCGACTGGC-3_bif3	18309	7592	12397	661	0.0348444913020559	10495	4.02098244291842	0.414659457097602	0.677098694631056	0.0361024632694303	0.0668634771710785	0.176415498911759	4.10499405095252	1	0.0275687306616413	0.0857951676534583	1	12397	2.59795362564187	-0.561007754801384	1	3.8	singlet	bif3	bif3_Re1	bi3_Re1	1_2
CB:Z:ACTGTCCGTGCAAGAC-3_bif3	CB:Z:ACTGTCCGTGCAAGAC-3_bif3	18283	7663	11854	580	0.0307480252345862	9992	3.99965242536608	0.419132527484548	0.648361866214516	0.031723458950938	0.0783194340262162	0.102316098182805	4.07976463435995	1	0.019910477692321	0.089693979346239	1	11854	-2.17894702342887	-0.451264278887382	1	3.8	singlet	bif3	bif3_Re1	bi3_Re1	1_3
CB:Z:TAAACCGCAAGCGTCC-3_bif3	CB:Z:TAAACCGCAAGCGTCC-3_bif3	18147	8672	12225	845	0.0444924178601516	9628	3.98353608160299	0.477875130875627	0.673665068606381	0.0465641703862897	0.228764804161804	0.16756171633465	4.06070201756883	1	0.0118122975872902	0.0973828872882418	1	12225	-1.98793654827018	1.36330358505381	1	4	singlet	bif3	bif3_Re1	bi3_Re1	1_1
CB:Z:TACATTCTCCGCCTAT-3_bif3	CB:Z:TACATTCTCCGCCTAT-3_bif3	18028	7883	11667	830	0.0440131509173825	9805	3.9914475980038	0.437264255602396	0.64715997337475	0.0460394941202574	0.124756506787989	0.099216955233689	4.07005985999279	1	0.0149880274295663	0.107819437214451	1	11667	-2.17601352123161	-0.681918399332634	1	5.2	singlet	bif3	bif3_Re1	bi3_Re1	1_3
CB:Z:CAGGGCTCAACTCGAT-3_bif3	CB:Z:CAGGGCTCAACTCGAT-3_bif3	17855	8953	13666	693	0.037362518869959	9696	3.98659260682221	0.501428171380566	0.765387846541585	0.0388126575189023	0.289086371338416	0.404073650765165	4.06431731455076	1	0.0132003327506238	0.118029708257708	1	13666	3.06202889295678	0.130961520673165	1	5.4	singlet	bif3	bif3_Re1	bi3_Re1	1_2
CB:Z:TCTAGTTTCGGGCTCA-3_bif3	CB:Z:TCTAGTTTCGGGCTCA-3_bif3	17828	8187	13682	786	0.0422262812936499	9916	3.99633651809578	0.45922144940543	0.767444469374018	0.0440879515369082	0.180990959436335	0.409376759278041	4.07584253698242	1	0.0215297065242547	0.0966466354255484	1	13682	-1.91695456890006	-1.13681604146825	1	3.6	singlet	bif3	bif3_Re1	bi3_Re1	1_3
CB:Z:GTTCAAGGTTTGACCA-3_bif3	CB:Z:GTTCAAGGTTTGACCA-3_bif3	17797	7956	11399	609	0.0330870368358144	9573	3.98104805891317	0.447041636230825	0.640501208068776	0.0342192504354666	0.149797304483107	0.0820469839475223	4.05775915262373	1	0.0203611111060437	0.090132888371661	1	11399	2.32070726963143	0.265846831799874	1	5.2	singlet	bif3	bif3_Re1	bi3_Re1	1_2
CB:Z:ATCCTGCAGAGTCCGA-3_bif3	CB:Z:ATCCTGCAGAGTCCGA-3_bif3	17652	8105	14153	871	0.0470226205258327	9560	3.9804578922761	0.459154769997734	0.801778835259461	0.0493428506684795	0.18082018715877	0.497909700340376	4.05706109600426	1	0.0222058190327425	0.0977859395112721	1	14153	0.475145526848838	-1.37618233442174	1	5.6	singlet	bif3	bif3_Re1	bi3_Re1	1_2
CB:Z:GAAGTGGCAATGGCTT-3_bif3	CB:Z:GAAGTGGCAATGGCTT-3_bif3	17328	7244	10818	486	0.0272819131020546	9631	3.9836713828602	0.418051708217913	0.624307479224377	0.0280470914127424	0.0755513535321312	0.0402906152368224	4.06086205362014	1	0.0197496752495515	0.0745421184363036	1	10818	-2.15298943904777	-0.639389770029655	1	4.4	singlet	bif3	bif3_Re1	bi3_Re1	1_3
CB:Z:CGTGGCAGTCACTCTC-3_bif3	CB:Z:CGTGGCAGTCACTCTC-3_bif3	17319	7581	13179	558	0.0312132908206075	9427	3.97437350708142	0.43772735146371	0.760956175298805	0.0322189502858133	0.125942539143413	0.39264635689133	4.04986440765605	1	0.0219824358922382	0.10356985614503	1	13179	-0.0229654827489401	-1.59661986112463	1	4.2	singlet	bif3	bif3_Re1	bi3_Re1	1_2
CB:Z:TGAATCGGTTAGGAGC-3_bif3	CB:Z:TGAATCGGTTAGGAGC-3_bif3	17319	7586	11047	536	0.0300196023522823	10101	4.00436437110775	0.438016051735089	0.637854379583117	0.0309486690917489	0.126681927877967	0.0752219995833202	4.08533798383266	1	0.0204373755148486	0.0901692944213453	1	11047	-1.39774947551627	-0.294026629923454	1	4.8	singlet	bif3	bif3_Re1	bi3_Re1	1_1
CB:Z:GCGATCGTCTAAACGC-3_bif3	CB:Z:GCGATCGTCTAAACGC-3_bif3	17309	8854	14390	304	0.017259978425027	9127	3.96032805053014	0.51152579582876	0.831359408400254	0.017563117453348	0.314947343782641	0.574184740549414	4.03325126265063	1	0.0157702974020153	0.115066253437958	1	14390	-1.93320374874015	0.0781903100026935	1	4.2	singlet	bif3	bif3_Re1	bi3_Re1	1_1
CB:Z:TAGCCGGCATTGCACA-3_bif3	CB:Z:TAGCCGGCATTGCACA-3_bif3	17239	8572	13813	805	0.0446131678120151	9291	3.96806246007645	0.497244619757527	0.801264574511283	0.0466964441092871	0.27837189945471	0.496583652360895	4.04239962083001	1	0.0160068964720614	0.121340952888999	1	13813	-2.21180253414054	-0.793248670099846	1	4	singlet	bif3	bif3_Re1	bi3_Re1	1_3
CB:Z:TTACCGCGTCAACGGA-3_bif3	CB:Z:TTACCGCGTCAACGGA-3_bif3	17190	8297	14354	112	0.00647324008785112	9393	3.97280432233658	0.482664339732403	0.835020360674811	0.00651541593949971	0.241030421576093	0.58362469563805	4.04800835594201	1	0.0253221091085036	0.114406779789457	1	14354	-0.410440019644692	-1.36355520963537	1	2.2	singlet	bif3	bif3_Re1	bi3_Re1	1_3
CB:Z:TCAGGTACAGCAAACG-3_bif3	CB:Z:TCAGGTACAGCAAACG-3_bif3	17140	7509	12404	894	0.0495730287235222	9622	3.98326535256655	0.438098016336056	0.723687281213536	0.0521586931155193	0.12689184698299	0.296546582848073	4.06038179581433	1	0.0222380420080622	0.0910882990093188	1	12404	2.87894869657616	-0.761859672068229	1	3.4	singlet	bif3	bif3_Re1	bi3_Re1	1_2
CB:Z:CCTGGGACAGGTAGGT-3_bif3	CB:Z:CCTGGGACAGGTAGGT-3_bif3	17095	7409	13783	297	0.0170768169273229	9519	3.97859132682007	0.433401579409184	0.806259140099444	0.0173735010236911	0.11486382726657	0.50946239846397	4.0548532985952	1	0.0350031182843071	0.105410565511829	1	13783	2.92335767360787	-0.637372510431877	1	3.2	singlet	bif3	bif3_Re1	bi3_Re1	1_2
CB:Z:CTCTCGAGTCATAGAA-3_bif3	CB:Z:CTCTCGAGTCATAGAA-3_bif3	17067	7462	11113	782	0.0438119782620875	9689	3.98627895590599	0.437218023085487	0.651139626179176	0.0458194175895002	0.124638100934022	0.109478696148268	4.06394632424986	1	0.0164504921915262	0.096453674212885	1	11113	1.55214638324837	1.00635637164248	1	4.2	singlet	bif3	bif3_Re1	bi3_Re1	1_2
CB:Z:ACGTGGCGTGGATTTC-3_bif3	CB:Z:ACGTGGCGTGGATTTC-3_bif3	17007	7338	12355	423	0.0242685025817556	9438	3.97487997300693	0.431469394955019	0.726465572999353	0.0248721114835068	0.109915319904002	0.303710552141941	4.05046346200718	1	0.0165489652757672	0.0960569111571847	1	12355	1.85417587371926	-1.28090836286413	1	5.4	singlet	bif3	bif3_Re1	bi3_Re1	1_2
CB:Z:GCGCATGTCGCATAAC-3_bif3	CB:Z:GCGCATGTCGCATAAC-3_bif3	16417	7973	13444	751	0.0437441752096925	9005	3.95448371715555	0.485655113601754	0.818907230310044	0.0457452640555522	0.248690076678046	0.542076154282334	4.02633851065445	1	0.0267700602375707	0.103843889670446	1	13444	-0.340848020590737	-0.602469699381462	1	3.6	singlet	bif3	bif3_Re1	bi3_Re1	1_3
CB:Z:AGCGATTCAAGATTAG-3_bif3	CB:Z:AGCGATTCAAGATTAG-3_bif3	16274	6891	11112	715	0.0420860556830891	8876	3.94821729355997	0.423436155831387	0.682806931301462	0.0439351112203515	0.0893414337706902	0.19113448287078	4.01892650496573	1	0.0190477526232266	0.087879247549927	1	11112	2.83704728695016	-1.03348423719274	1	1.8	singlet	bif3	bif3_Re1	bi3_Re1	1_2
CB:Z:TTCATCATCGCTGATA-3_bif3	CB:Z:TTCATCATCGCTGATA-3_bif3	16090	7505	12527	535	0.0321804511278195	8825	3.94571471405986	0.466438781852082	0.778558110627719	0.0332504661280298	0.199475231304564	0.43803385897182	4.0159664220399	1	0.0246451737730615	0.112332630400409	1	12527	1.89455718608956	0.0245666337026447	1	4.8	singlet	bif3	bif3_Re1	bi3_Re1	1_2
CB:Z:GCTCACTGTCTCGGGT-3_bif3	CB:Z:GCTCACTGTCTCGGGT-3_bif3	15912	6041	7964	388	0.0238036809815951	9039	3.95612038639302	0.37965057817999	0.500502765208648	0.0243841126194067	-0.0227975770339536	-0.278946253321194	4.02827438388639	1	0.00937567677697342	0.070429678051067	1	7964	-1.95760970500846	0.712481601239571	1	5	singlet	bif3	bif3_Re1	bi3_Re1	1_1
CB:Z:CCCTAGTGTTCCGCGA-3_bif3	CB:Z:CCCTAGTGTTCCGCGA-3_bif3	15856	7129	12214	280	0.0173525037183937	8892	3.94899945402695	0.449608980827447	0.770307769929364	0.0176589303733602	0.156372517119376	0.416759928087856	4.019851654334	1	0.0272543802742876	0.105625892488868	1	12214	3.04345084043603	-0.381378071306816	1	4.6	singlet	bif3	bif3_Re1	bi3_Re1	1_2
CB:Z:GGTGCTGCATGGCCTG-3_bif3	CB:Z:GGTGCTGCATGGCCTG-3_bif3	15829	6247	10156	671	0.0406666666666667	8951	3.95187155712836	0.394655379366985	0.641607176700992	0.0423905489923558	0.0156311397418368	0.0848987813582998	4.02324881448469	1	0.0193722326680571	0.0750891529132568	1	10156	2.42314416977029	-0.74825121641027	1	2	singlet	bif3	bif3_Re1	bi3_Re1	1_2
CB:Z:CAACGGCAGGAAGACA-3_bif3	CB:Z:CAACGGCAGGAAGACA-3_bif3	15736	7665	11947	627	0.0383181568172096	8798	3.94438395764084	0.487099644128114	0.75921453990849	0.039844941535333	0.252389656151286	0.388155459815285	4.01439238638821	1	0.0219248655329359	0.104417012139565	1	11947	-0.96132808116813	2.10871229887141	1	3	singlet	bif3	bif3_Re1	bi3_Re1	1_1
CB:Z:TGGGTGCGTGTCCCAG-3_bif3	CB:Z:TGGGTGCGTGTCCCAG-3_bif3	15452	6678	10856	603	0.0375583930239801	8801	3.94453202099198	0.432177064457675	0.702562775045302	0.0390240745534559	0.111727728515723	0.242075949378294	4.01456751760687	1	0.0165650669785072	0.0875744180707227	1	10856	2.46987814518075	-0.804230229853264	1	5.8	singlet	bif3	bif3_Re1	bi3_Re1	1_2
CB:Z:GAACTTGTCGATATGC-3_bif3	CB:Z:GAACTTGTCGATATGC-3_bif3	15343	7436	12832	610	0.0382373221337679	8369	3.92267356785855	0.484650980903344	0.836342305937561	0.0397575441569445	0.246118397747306	0.587033399978919	3.98871306067456	1	0.0229778326793043	0.107717782680375	1	12832	2.82541460605721	-0.82590390920507	1	3.6	singlet	bif3	bif3_Re1	bi3_Re1	1_2
CB:Z:AAATGCCAGGTTGTGG-3_bif3	CB:Z:AAATGCCAGGTTGTGG-3_bif3	15282	7563	12675	184	0.0118970645286435	8438	3.92623952104586	0.494895956026698	0.829407145661563	0.0120403088600968	0.272356749224541	0.569150729944429	3.99293091554933	1	0.0158801012787896	0.0995186684024906	1	12675	1.22054810138802	-0.688543574808708	1	4.4	singlet	bif3	bif3_Re1	bi3_Re1	1_3
CB:Z:CGCAGGTGTACAACGG-3_bif3	CB:Z:CGCAGGTGTACAACGG-3_bif3	14866	7064	12034	269	0.0177733729765444	8259	3.91692746611299	0.475178259114759	0.809498183775057	0.0180949818377506	0.221857860191839	0.517814440374054	3.98191649830107	1	0.0238871774638045	0.100755840605584	1	12034	2.8394088825808	-0.931884543894401	1	1.4	singlet	bif3	bif3_Re1	bi3_Re1	1_2
CB:Z:TGACTCCCATTGATGC-3_bif3	CB:Z:TGACTCCCATTGATGC-3_bif3	14831	6240	11416	681	0.0439014956162971	8017	3.90401188359739	0.420740341177264	0.769739060076866	0.0459173353111725	0.0824371971512051	0.415293480272254	3.96663978270427	1	0.0235618580025691	0.0945380283291066	1	11416	0.0545851668940043	-1.62215210676061	1	5.2	singlet	bif3	bif3_Re1	bi3_Re1	1_2
CB:Z:TGCATTTCATGGCCCA-3_bif3	CB:Z:TGCATTTCATGGCCCA-3_bif3	14708	6852	11598	644	0.0419489317352788	8173	3.9123814989188	0.465868914876258	0.788550448735382	0.0437856948599402	0.198015748013789	0.463799620416558	3.97653947036956	1	0.0246131638997669	0.100385125428275	1	11598	2.59750706764321	-0.256833808420768	1	2.4	singlet	bif3	bif3_Re1	bi3_Re1	1_2
CB:Z:TAACAGCTCGGAAAGC-3_bif3	CB:Z:TAACAGCTCGGAAAGC-3_bif3	14675	6575	11573	489	0.0322474281192298	8217	3.91471328697362	0.448040885860307	0.788620102214651	0.0333219761499148	0.152356477411898	0.463979225521119	3.97929753899733	1	0.0224638704360409	0.103532419015575	1	11573	2.83555442901711	-0.76984979390966	1	4.2	singlet	bif3	bif3_Re1	bi3_Re1	1_2
CB:Z:GATTAGCGTGAATCGG-3_bif3	CB:Z:GATTAGCGTGAATCGG-3_bif3	14609	7053	9969	436	0.028979727484214	8242	3.91603261018857	0.482784584844959	0.682387569306592	0.0298446163323978	0.241338380696411	0.190053136242753	3.98085805130954	1	0.0092257764399251	0.0887199713852655	1	9969	1.91352910610299	0.812707407475838	1	6.4	singlet	bif3	bif3_Re1	bi3_Re1	1_2
CB:Z:GACCCAGCATCATCGA-3_bif3	CB:Z:GACCCAGCATCATCGA-3_bif3	14378	6141	9145	429	0.028972783143108	8097	3.90832413927618	0.427110863819725	0.636041174015858	0.0298372513562387	0.0987527089190698	0.0705465550984658	3.97174037367692	1	0.0150132589691659	0.0787026789523924	1	9145	1.85295326324563	0.170615894795784	1	8.4	singlet	bif3	bif3_Re1	bi3_Re1	1_2
CB:Z:GAGATTCAGTCCGATT-3_bif3	CB:Z:GAGATTCAGTCCGATT-3_bif3	14297	6257	9598	436	0.0295934297156044	8022	3.90428265764563	0.437644261033783	0.671329649576834	0.0304959082324963	0.12572973668381	0.161539717385009	3.96696005769929	1	0.0144433459663465	0.0783700682950224	1	9598	2.32239181610207	-1.1827128100382	1	2.2	singlet	bif3	bif3_Re1	bi3_Re1	1_2
CB:Z:ACTGCAAAGGCTTTAC-3_bif3	CB:Z:ACTGCAAAGGCTTTAC-3_bif3	14227	6503	9826	715	0.0478516932137599	7979	3.90194846507308	0.457088634286919	0.690658606874253	0.0502565544387432	0.175528617942907	0.211380435076386	3.96419914497733	1	0.0201885179719244	0.0927127717846946	1	9826	-2.43716721919914	-0.310390250681511	1	6.4	singlet	bif3	bif3_Re1	bi3_Re1	1_3
CB:Z:CTTTGCGTCCTATCCG-3_bif3	CB:Z:CTTTGCGTCCTATCCG-3_bif3	14197	6644	10363	317	0.0218409811216756	8002	3.90319854704298	0.467986194266394	0.729942945692752	0.0223286609847151	0.203438301035637	0.312677137770569	3.96567775786248	1	0.0174033663000034	0.0789192993180144	1	10363	1.77070493312936	-1.27363588094579	1	2.6	singlet	bif3	bif3_Re1	bi3_Re1	1_2
CB:Z:GGGTCTGGTCCGTAGC-3_bif3	CB:Z:GGGTCTGGTCCGTAGC-3_bif3	13820	5666	8960	248	0.0176286607904464	7855	3.89514618937599	0.409985528219971	0.648335745296671	0.01794500723589	0.0548931027002487	0.102248744042997	3.95615332659399	1	0.0137560285794412	0.0743737842433071	1	8960	1.89845366092782	-1.33613111257421	1	1.4	singlet	bif3	bif3_Re1	bi3_Re1	1_2
CB:Z:GAATCTGCATCATAGC-3_bif3	CB:Z:GAATCTGCATCATAGC-3_bif3	13354	6112	10967	649	0.0463472113118617	7516	3.87598677142849	0.457690579601618	0.821252059308072	0.0485996705107084	0.177070256897318	0.548122417323169	3.93349132287634	1	0.0272960343397357	0.0953124793429485	1	10967	2.42337686630349	-1.28996898412572	1	3	singlet	bif3	bif3_Re1	bi3_Re1	1_2
CB:Z:CGGACTGGTGACGCAA-3_bif3	CB:Z:CGGACTGGTGACGCAA-3_bif3	13325	6115	10142	365	0.0266617969320672	7338	3.86557770741993	0.45891181988743	0.761125703564728	0.0273921200750469	0.18019796891921	0.393083494307104	3.92117934931297	1	0.0234234763559891	0.102653635926552	1	10142	2.96525395723443	0.237022264005074	1	2.4	singlet	bif3	bif3_Re1	bi3_Re1	1_2
CB:Z:CGTTCCAAGAGTGGAA-3_bif3	CB:Z:CGTTCCAAGAGTGGAA-3_bif3	12862	6129	9701	589	0.0437885659058806	7008	3.84559409316002	0.476519981340383	0.754237288135593	0.0457938112268698	0.225294137871078	0.37532135828178	3.89754247569337	1	0.0213343304221363	0.0915005974011964	1	9701	-2.2971301594152	-0.438799159525505	1	4.6	singlet	bif3	bif3_Re1	bi3_Re1	1_1
CB:Z:ACAAACCTCTTGTGCC-3_bif3	CB:Z:ACAAACCTCTTGTGCC-3_bif3	12828	5834	9689	549	0.0410405920610002	7296	3.86308482532036	0.454786404739632	0.755300904271905	0.0427970065481759	0.169632390054048	0.378063947587878	3.91823073659608	1	0.0111542359889866	0.0799486242108143	1	9689	-2.00824027446647	-1.06436325788366	1	3.2	singlet	bif3	bif3_Re1	bi3_Re1	1_3
CB:Z:AGCCTGGTCGTCTAGA-3_bif3	CB:Z:AGCCTGGTCGTCTAGA-3_bif3	12372	5832	9591	426	0.03328645100797	7100	3.85125834871908	0.471387002909796	0.775218234723569	0.0344325897187197	0.212148094023713	0.429421815937031	3.9042422293544	1	0.0167099312907171	0.0861604850995731	1	9591	2.27446062179665	-0.933927552698723	1	4.6	singlet	bif3	bif3_Re1	bi3_Re1	1_2
CB:Z:GTGTCCTTCAGTGTAC-3_bif3	CB:Z:GTGTCCTTCAGTGTAC-3_bif3	12150	5507	9123	314	0.0251925545571245	7027	3.84676995353722	0.453251028806584	0.750864197530864	0.025843621399177	0.165700146891333	0.366623669420923	3.89893329833279	1	0.0108008336011925	0.0757087909989889	1	9123	2.70992905708413	-1.17656828641759	1	3.2	singlet	bif3	bif3_Re1	bi3_Re1	1_2
CB:Z:TTGCTTATCTGTGTCC-3_bif3	CB:Z:TTGCTTATCTGTGTCC-3_bif3	11904	5720	9844	452	0.0365814179346067	6676	3.82451632800721	0.480510752688172	0.826948924731183	0.0379704301075269	0.23551488121382	0.56281207993197	3.87261142645369	1	0.0195206223122005	0.103310202220396	1	9844	2.56143517109017	0.064046485425362	1	4.2	singlet	bif3	bif3_Re1	bi3_Re1	1_2
CB:Z:GTCGTAACAGTCCTGG-3_bif3	CB:Z:GTCGTAACAGTCCTGG-3_bif3	11390	4993	7380	369	0.0313802194064121	6150	3.78887511577542	0.438366988586479	0.64793678665496	0.032396839332748	0.12758071038766	0.10122000851805	3.83045454641111	1	0.0103265669524282	0.0622669486932356	1	7380	1.75458116146188	-1.15956761121618	1	8	singlet	bif3	bif3_Re1	bi3_Re1	1_2
CB:Z:CTTCCAGGTCCCTAAA-3_bif3	CB:Z:CTTCCAGGTCCCTAAA-3_bif3	11296	5027	8153	498	0.0422248600983551	6453	3.80976166510712	0.445024787535411	0.721759915014164	0.044086402266289	0.144631963981102	0.291576769259442	3.85515942314072	1	0.0195566959685415	0.085833157890081	1	8153	2.25064332100014	0.0655281376851886	1	2.4	singlet	bif3	bif3_Re1	bi3_Re1	1_2
CB:Z:GAAGAGCTCCCAGCGA-3_bif3	CB:Z:GAAGAGCTCCCAGCGA-3_bif3	10712	4483	6565	388	0.034954954954955	6194	3.79197120102077	0.418502613890963	0.612864077669903	0.0362210604929052	0.0767061656610157	0.0107832115248925	3.8341166354961	1	0.0180165586680809	0.0702690784911246	1	6565	1.08833498569588	0.404218657018074	1	4.2	singlet	bif3	bif3_Re1	bi3_Re1	1_2
CB:Z:CCGAAGCCAACGGGTA-3_bif3	CB:Z:CCGAAGCCAACGGGTA-3_bif3	10704	4891	7232	563	0.0499689358303009	6106	3.78575679996264	0.456931988041854	0.675635276532138	0.0525971599402093	0.175127432075091	0.172641999534099	3.82676616272766	1	0.0183148935819109	0.0822295901080408	1	7232	-1.78412299541373	-0.0468672680841595	1	4.6	singlet	bif3	bif3_Re1	bi3_Re1	1_1
CB:Z:AAACGAAGTAGTATCC-3_bif3	CB:Z:AAACGAAGTAGTATCC-3_bif3	10452	5007	7562	482	0.0440826778854948	5769	3.76110053895814	0.479047072330654	0.723497895139686	0.0461155759663222	0.231766257209519	0.296058241045866	3.79760242298993	1	0.0124038939033822	0.0876275468136193	1	7562	1.21407456012826	0.920214219094643	1	7	singlet	bif3	bif3_Re1	bi3_Re1	1_2
CB:Z:CCTTGCATCCGAGGAA-3_bif3	CB:Z:CCTTGCATCCGAGGAA-3_bif3	10044	4601	7608	448	0.0426991993900114	5736	3.75860914265974	0.458084428514536	0.757467144563919	0.0446037435284747	0.178078941260301	0.383649710398805	3.7946555676976	1	0.0108048486957283	0.0833205805955442	1	7608	1.14653915973763	1.05230463862551	1	4.6	singlet	bif3	bif3_Re1	bi3_Re1	1_1
CB:Z:TACGCAAAGTAGAAGG-3_bif3	CB:Z:TACGCAAAGTAGAAGG-3_bif3	10030	4437	7641	325	0.0313858039594399	5912	3.77173442538677	0.442372881355932	0.761814556331007	0.0324027916251246	0.137840181123261	0.394859736849666	3.81018031937691	1	0.0153633809985916	0.0819554392834138	1	7641	2.77148575397591	-0.381585257052055	1	3	singlet	bif3	bif3_Re1	bi3_Re1	1_2
CB:Z:TACGCCTTCTGATCCC-3_bif3	CB:Z:TACGCCTTCTGATCCC-3_bif3	9218	4680	7941	263	0.027739689906128	5165	3.71307032585564	0.507702321544804	0.861466695595574	0.0285311347363853	0.3051550640632	0.651817940233472	3.74079167483093	1	0.0174172826675892	0.102833617631047	1	7941	-2.18966870693107	0.322216613294014	1	4.8	singlet	bif3	bif3_Re1	bi3_Re1	1_1
CB:Z:TTTGTGTGTGAAACAT-3_bif3	CB:Z:TTTGTGTGTGAAACAT-3_bif3	9012	4252	7199	308	0.0330472103004292	5118	3.70910028155117	0.471815357301376	0.798823790501553	0.0341766533510874	0.213245150185173	0.490289964351621	3.736095855833	1	0.0207564264535329	0.0811417554121823	1	7199	2.71546811672311	-0.311603443621269	1	3.2	singlet	bif3	bif3_Re1	bi3_Re1	1_2
CB:Z:CCTTAATGTGTCTCGG-3_bif3	CB:Z:CCTTAATGTGTCTCGG-3_bif3	8730	4220	7369	135	0.0152284263959391	5016	3.70035752782266	0.483390607101947	0.844100801832761	0.0154639175257732	0.242890461086108	0.607039083558859	3.72575481530448	1	0.0197018401404562	0.0834013751067158	1	7369	2.56342668148141	-0.721826808451286	1	5	singlet	bif3	bif3_Re1	bi3_Re1	1_2
CB:Z:CCTTGCAAGTTAGAGT-3_bif3	CB:Z:CCTTGCAAGTTAGAGT-3_bif3	8536	3777	6093	412	0.046043808672329	4898	3.6900187807887	0.442478912839738	0.713800374882849	0.0482661668228679	0.138111737794335	0.271052682701962	3.71352601355478	1	0.0158703478225016	0.0691478162467312	1	6093	2.71910101982217	-0.802781360148063	1	2.8	singlet	bif3	bif3_Re1	bi3_Re1	1_2
CB:Z:TTACGGATCGGTGATT-3_bif3	CB:Z:TTACGGATCGGTGATT-3_bif3	8357	3792	6881	9	0.00107578293091083	4837	3.68457608738846	0.453751346176858	0.823381596266603	0.00107694148617925	0.166981507056032	0.553613538687364	3.70708832643881	1	0.0209911765547423	0.0741930715943505	1	6881	2.856587120019	-0.745555655954948	1	5	singlet	bif3	bif3_Re1	bi3_Re1	1_2
CB:Z:TCAGGGCCATGGAGGT-3_bif3	CB:Z:TCAGGGCCATGGAGGT-3_bif3	7603	3322	5892	85	0.0110561914672216	4414	3.64483232882564	0.436932789688281	0.774957253715639	0.0111797974483756	0.123907591192532	0.428748862888456	3.66007890231267	1	0.0274623053105977	0.0744048018004704	1	5892	3.10917545171838	-0.617338197229973	1	2.6	singlet	bif3	bif3_Re1	bi3_Re1	1_2
CB:Z:CTCGCTAAGAAAGGGT-3_bif3	CB:Z:CTCGCTAAGAAAGGGT-3_bif3	7552	3828	6567	246	0.0315465503975378	4263	3.62971533264713	0.506885593220339	0.869570974576271	0.0325741525423729	0.303063345481095	0.672715243412006	3.64219832658037	1	0.0129739083462746	0.0948267817428867	1	6567	-2.28494267848869	-0.291278855799308	1	4.2	singlet	bif3	bif3_Re1	bi3_Re1	1_1
CB:Z:GTCGTAACACATCATG-3_bif3	CB:Z:GTCGTAACACATCATG-3_bif3	7543	3354	5529	113	0.0147596656217346	4071	3.6097011023794	0.444650669494896	0.732997481108312	0.0149807768792258	0.143673812250834	0.320553415574007	3.61852523995655	1	0.0175896917072001	0.0696574292809337	1	5529	-0.84364419368644	-1.62245728254186	1	5.2	singlet	bif3	bif3_Re1	bi3_Re1	1_3
CB:Z:AACAGTCCAAATGCTC-3_bif3	CB:Z:AACAGTCCAAATGCTC-3_bif3	7457	3100	5029	238	0.0309291747888239	4478	3.65108408924301	0.415716776183452	0.674399892718251	0.0319163202360198	0.0695713714767335	0.169456498373277	3.66747356420734	1	0.0120493376960456	0.0582209432496846	1	5029	-1.22035270122428	-1.93994023084508	1	2	singlet	bif3	bif3_Re1	bi3_Re1	1_3
CB:Z:ACAGCGCCATTTGTTC-3_bif3	CB:Z:ACAGCGCCATTTGTTC-3_bif3	5369	2542	3933	213	0.0381583661769975	3205	3.50582803385484	0.473458744645185	0.732538647792885	0.0396721922145651	0.217454020799394	0.319370290101188	3.49566285073796	1	0.0142943374236504	0.0591593809430319	1	3933	2.57153076740365	0.560996277333626	1	7	singlet	bif3	bif3_Re1	bi3_Re1	1_2
CB:Z:CCGTACTTCACTCCCA-3_bif3	CB:Z:CCGTACTTCACTCCCA-3_bif3	4367	1824	2808	218	0.047546346782988	2506	3.39898106665813	0.417678039844287	0.643004350812915	0.0499198534463018	0.0745943534413463	0.0885014671838494	3.36928289627033	1	0.00848760580488645	0.0396697110466792	1	2808	1.99956197353463	-0.811253802775016	1	4.8	singlet	bif3	bif3_Re1	bi3_Re1	1_2
CB:Z:GTCGTAAGTAGCCATT-3_bif3	CB:Z:GTCGTAAGTAGCCATT-3_bif3	4077	1997	2807	67	0.0161679536679537	2403	3.3807537708039	0.489820946774589	0.688496443463331	0.0164336521952416	0.259359169932865	0.205805184714547	3.34772341844365	1	0.00289157111657196	0.0500043568977501	1	2807	-2.18925052074332	-0.779911296366325	1	4.8	singlet	bif3	bif3_Re1	bi3_Re1	1_3
CB:Z:TGCCTCAGTGTGCGTC-3_bif3	CB:Z:TGCCTCAGTGTGCGTC-3_bif3	3827	1531	2307	136	0.0343174362856422	2536	3.40414924920969	0.400052260256075	0.602822053828064	0.0355369741311732	0.0294530627766649	-0.0151106671592938	3.3753958884561	1	0.00845041696720156	0.0263746004260133	1	2307	-1.18624549297233	0.815104050637612	1	2.8	singlet	bif3	bif3_Re1	bi3_Re1	1_1
CB:Z:GGAGGATGTGGTTCTA-3_bif3	CB:Z:GGAGGATGTGGTTCTA-3_bif3	2456	1097	1426	106	0.0413739266198283	1442	3.15896526038341	0.446661237785016	0.580618892508143	0.0431596091205212	0.148823068040133	-0.0723626688153805	3.08538914182555	1	0.00415355485114375	0.0337399661580534	1	1426	-2.13010459331413	1.35265848606957	1	5	singlet	bif3	bif3_Re1	bi3_Re1	1_1
CB:Z:GGGACCTTCGGATAGG-3_bif3_2	CB:Z:GGGACCTTCGGATAGG-3_bif3_2	77705	34781	54788	3859	0.0473125398460105	40310	4.60541279815305	0.447603114342706	0.705076893378804	0.0496621839006499	0.379486043100576	0.708995976033857	4.4106249968433	1	0.0242555856507852	0.224287253321616	1	54788	-1.15621095088859	0.330572826863655	1	1.5	singlet	bif3	bif3_Re2	bi3_Re2	1_1
CB:Z:TACCTCGCAGCACATT-3_bif3_2	CB:Z:TACCTCGCAGCACATT-3_bif3_2	74127	33253	51928	3691	0.0474311855868822	38563	4.58617081238758	0.448594978887585	0.700527473120455	0.0497929229565475	0.38234384836064	0.696820404841314	4.38884002171955	1	0.0212788294036736	0.207912900203059	1	51928	-0.518505147971108	-0.708870666025749	1	0.75	singlet	bif3	bif3_Re2	bi3_Re2	1_2
CB:Z:CTAGGGCAGTGCACAG-3_bif3_2	CB:Z:CTAGGGCAGTGCACAG-3_bif3_2	60699	27439	44351	2782	0.04382413635576	31497	4.49826919044066	0.452050280894249	0.730671015996969	0.0458327155307336	0.392299421730753	0.777493288735678	4.28932146522592	1	0.0189984527637181	0.198222653452871	1	44351	-0.938695959128335	0.925407989026436	1	1.05	singlet	bif3	bif3_Re2	bi3_Re2	1_1
CB:Z:GATTAGCAGAAATGGG-3_bif3_2	CB:Z:GATTAGCAGAAATGGG-3_bif3_2	60282	26701	41454	2336	0.0373055670893353	32279	4.5089200718614	0.442934872764673	0.687667960585249	0.0387512026807339	0.366035693044374	0.662404610853836	4.30137994971006	1	0.0239771011179427	0.178628227437207	1	41454	-0.491181425131753	0.0424649548543781	1	2.35	singlet	bif3	bif3_Re2	bi3_Re2	1_2
CB:Z:GAAGAGCAGAGAGGTA-3_bif3_2	CB:Z:GAAGAGCAGAGAGGTA-3_bif3_2	58757	26084	38917	1761	0.0290987805281073	32306	4.50928318873667	0.443930084926051	0.662338104396072	0.0299708970846027	0.368903143609426	0.594614551941994	4.30179105551749	1	0.0246477119792642	0.165672053456524	1	38917	-0.98760753063102	0.992990864516625	1	0.9	singlet	bif3	bif3_Re2	bi3_Re2	1_1
CB:Z:TTCGGTCTCCCTACCA-3_bif3_2	CB:Z:TTCGGTCTCCCTACCA-3_bif3_2	55608	23308	33690	2514	0.0432538453597605	30974	4.49099729401525	0.419148323982161	0.605848079413034	0.0452093223996547	0.29750080631975	0.443430822633347	4.28108852686599	1	0.0205349265015485	0.165524822941041	1	33690	-0.696853212393715	0.3481390309347	1	2.05	singlet	bif3	bif3_Re2	bi3_Re2	1_1
CB:Z:TCTCAGCGTACAAATG-3_bif3_2	CB:Z:TCTCAGCGTACAAATG-3_bif3_2	54071	24580	36450	1289	0.0232839595375723	29165	4.46486198076603	0.454587486822881	0.674113665365908	0.0238390264652032	0.39960973490421	0.626129376420398	4.25149921337594	1	0.0114474321146449	0.164087115068405	1	36450	-1.33013921169181	1.44907868288589	1	0.75	singlet	bif3	bif3_Re2	bi3_Re2	1_1
CB:Z:ACAAAGAGTACGGAGT-3_bif3_2	CB:Z:ACAAAGAGTACGGAGT-3_bif3_2	53584	21528	31113	2468	0.0440305430671519	30177	4.47967606286814	0.401761719916393	0.580639743206927	0.0460585249328158	0.247405731533223	0.375965986523791	4.26827110033237	1	0.0220792449156289	0.142635929026283	1	31113	-1.99259620098014	0.546051366330513	1	1.3	singlet	bif3	bif3_Re2	bi3_Re2	1_1
CB:Z:GCTTAAGTCCAAGAGG-3_bif3_2	CB:Z:GCTTAAGTCCAAGAGG-3_bif3_2	53183	23465	35607	2393	0.0430581545991075	28827	4.45979944810315	0.441212417501833	0.669518455145441	0.0449955812947746	0.361072876563249	0.613831257977435	4.24576762467879	1	0.0192704675638802	0.170708394308461	1	35607	-1.02703290370841	-0.868232266901603	1	1.05	singlet	bif3	bif3_Re2	bi3_Re2	1_1
CB:Z:TAATTCCGTAGATTAG-3_bif3_2	CB:Z:TAATTCCGTAGATTAG-3_bif3_2	48087	20393	31465	1432	0.0289181930168218	27014	4.431588895528	0.424085511676753	0.654334851415143	0.0297793582465115	0.311726056164983	0.573195520305512	4.21382881162865	1	0.012486005377468	0.130568667981136	1	31465	0.263659902535484	-1.12108709096777	1	1.8	singlet	bif3	bif3_Re2	bi3_Re2	1_3
CB:Z:ATTCGTTTCGCATACA-3_bif3_2	CB:Z:ATTCGTTTCGCATACA-3_bif3_2	47444	19108	25470	2169	0.0437183802632375	27495	4.4392537240179	0.402748503498862	0.536843436472473	0.0457170558974791	0.25024889729319	0.258754337492862	4.22250661131188	1	0.0136590868761986	0.106893510283565	1	25470	-0.755207590140297	0.706079108716378	1	2.75	singlet	bif3	bif3_Re2	bi3_Re2	1_1
CB:Z:TGATCAGGTGGAAGCT-3_bif3_2	CB:Z:TGATCAGGTGGAAGCT-3_bif3_2	45876	19595	32255	1477	0.0311912656009123	25378	4.40445739304675	0.427129653849507	0.703090940796931	0.0321954834771994	0.320496977112404	0.703680989580091	4.18311165416747	1	0.0166680546083101	0.154345495777644	1	32255	0.893541522942588	0.704561216832527	1	1.05	singlet	bif3	bif3_Re2	bi3_Re2	1_2
CB:Z:GCTGTTCAGTTACACC-3_bif3_2	CB:Z:GCTGTTCAGTTACACC-3_bif3_2	45841	19479	28997	2309	0.0479543094496366	25567	4.40767977144119	0.424925285225017	0.632556008813071	0.0503697563316682	0.314145649924921	0.51490900608294	4.18675989681861	1	0.0168448997657673	0.148208948090501	1	28997	-1.16105084804435	-0.836363809107414	1	0.75	singlet	bif3	bif3_Re2	bi3_Re2	1_1
CB:Z:TGCCTCAAGAATCAAC-3_bif3_2	CB:Z:TGCCTCAAGAATCAAC-3_bif3_2	44898	19832	31859	2036	0.0433800656240678	24850	4.39532639306935	0.441712325716068	0.709586173103479	0.0453472315025168	0.3625132348577	0.721064119488863	4.17277391617166	1	0.0154471973574505	0.158685678824036	1	31859	-1.47650866893668	-1.48950363874303	1	1.8	singlet	bif3	bif3_Re2	bi3_Re2	1_3
CB:Z:AGTGTACCAATAGTGA-3_bif3_2	CB:Z:AGTGTACCAATAGTGA-3_bif3_2	44664	19256	29129	1175	0.0256331944414145	25351	4.40399509526368	0.431130216729357	0.652180727207594	0.0263075407487014	0.332023580921647	0.567430457691554	4.18258825986573	1	0.0210788119784148	0.143255459073059	1	29129	0.820096441231773	0.208357555867562	1	1.05	singlet	bif3	bif3_Re2	bi3_Re2	1_2
CB:Z:AAGATAGAGGGCATTG-3_bif3_2	CB:Z:AAGATAGAGGGCATTG-3_bif3_2	43965	16208	24022	1506	0.0331200105561787	25360	4.40414924920969	0.368656886159445	0.546389173205959	0.0342545206414193	0.152022578125192	0.284301504073163	4.18276278654504	1	0.0240381425981005	0.0999033203260833	1	24022	-0.893302492178872	-1.80165626287328	1	1.6	singlet	bif3	bif3_Re2	bi3_Re2	1_3
CB:Z:AATGTCGCAACTCGAT-3_bif3_2	CB:Z:AATGTCGCAACTCGAT-3_bif3_2	43248	17987	26961	1759	0.0390828093407692	24577	4.39052886947961	0.415903625601184	0.623404550499445	0.0406724010358861	0.288152033699178	0.490417043176532	4.1673423597132	1	0.0149671628279187	0.137693634112173	1	26961	1.52690453144173	0.365514142514595	1	0.9	singlet	bif3	bif3_Re2	bi3_Re2	1_2
CB:Z:TCGGGACGTAAACGGC-3_bif3_2	CB:Z:TCGGGACGTAAACGGC-3_bif3_2	42622	17724	27404	1727	0.0389411260682315	24601	4.39095276099179	0.415841584158416	0.642954342827648	0.0405189808080334	0.287973277071169	0.542737970849599	4.16782227203413	1	0.018412918720644	0.145815718225187	1	27404	-0.452317289389565	0.332735044957527	1	1.1	singlet	bif3	bif3_Re2	bi3_Re2	1_3
CB:Z:ATATTCCGTTTCCGGG-3_bif3_2	CB:Z:ATATTCCGTTTCCGGG-3_bif3_2	42002	18665	30546	1801	0.0411159053032897	23089	4.36340512374063	0.444383600780915	0.727251083281748	0.0428789105280701	0.370209834127042	0.768340554566648	4.13663398411265	1	0.0182951110553398	0.167426222977148	1	30546	0.234482236825035	0.171163184644112	1	2.15	singlet	bif3	bif3_Re2	bi3_Re2	1_2
CB:Z:AACCAACAGGTAGGCT-3_bif3_2	CB:Z:AACCAACAGGTAGGCT-3_bif3_2	41920	13970	21400	2159	0.048980240023594	24272	4.38510556344266	0.333253816793893	0.510496183206107	0.0515028625954198	0.0500176437037681	0.188241428230657	4.1612023184231	1	0.0291255797830947	0.115914016000742	1	21400	-1.23614030269523	-1.93646122693883	1	2.5	singlet	bif3	bif3_Re2	bi3_Re2	1_3
CB:Z:AACATCGCACCGTTGG-3_bif3_2	CB:Z:AACATCGCACCGTTGG-3_bif3_2	41850	17055	25480	904	0.02114422042382	23423	4.36964251840526	0.40752688172043	0.60884109916368	0.0216009557945042	0.264016578058353	0.451441013599503	4.14369570265158	1	0.0208863493776322	0.141653577920782	1	25480	1.29495114894967	0.357963306905159	1	2.55	singlet	bif3	bif3_Re2	bi3_Re2	1_1
CB:Z:GCACCTTTCAGGAAGC-3_bif3_2	CB:Z:GCACCTTTCAGGAAGC-3_bif3_2	41680	17022	26614	1731	0.0398746861394577	23672	4.37423495215258	0.408397312859885	0.638531669865643	0.0415307101727447	0.266524503865058	0.530901612269316	4.14889506492958	1	0.029350248645566	0.153420544466471	1	26614	0.261203714333579	-0.698231475351921	1	1.65	singlet	bif3	bif3_Re2	bi3_Re2	1_2
CB:Z:AATACGCCATGGGACA-3_bif3_2	CB:Z:AATACGCCATGGGACA-3_bif3_2	41611	18998	29163	1803	0.0415303819044548	23252	4.36646031428435	0.456561966787628	0.700848333373387	0.0433298887313451	0.40529869642449	0.697679120156799	4.14009294364024	1	0.021984221323182	0.161353265567442	1	29163	-0.685300878561928	-0.0362802910791546	1	1.35	singlet	bif3	bif3_Re2	bi3_Re2	1_2
CB:Z:CTGCGTTTCCTCCCAA-3_bif3_2	CB:Z:CTGCGTTTCCTCCCAA-3_bif3_2	41246	15640	23309	1390	0.0326015573693592	23645	4.37373931835145	0.379188284924599	0.565121466324007	0.0337002375987975	0.1823661234634	0.334434566201203	4.14833392897617	1	0.0256228605217231	0.143106995635248	1	23309	-0.753052763022378	1.17354468822611	1	2.5	singlet	bif3	bif3_Re2	bi3_Re2	1_1
CB:Z:CTTGTCGGTTACTACG-3_bif3_2	CB:Z:CTTGTCGGTTACTACG-3_bif3_2	41162	17364	25530	1879	0.0436560488836226	22291	4.34812955186921	0.421845391380399	0.620232253048929	0.0456488994703853	0.3052717196337	0.481927052966944	4.11933961765402	1	0.015679953381274	0.129824415536766	1	25530	-1.11175971416373	1.06232045412196	1	0.8	singlet	bif3	bif3_Re2	bi3_Re2	1_1
CB:Z:TCAATTCGTAGCAGCA-3_bif3_2	CB:Z:TCAATTCGTAGCAGCA-3_bif3_2	40999	16957	25909	2151	0.0498493626882966	22956	4.36089621607492	0.413595453547647	0.631942242493719	0.0524646942608356	0.281501623348503	0.513266388981752	4.13379350331449	1	0.0184284344097509	0.149764587068839	1	25909	1.49504727932076	-0.381907479761711	1	0.9	singlet	bif3	bif3_Re2	bi3_Re2	1_2
CB:Z:CTAACTTGTAGCGGTA-3_bif3_2	CB:Z:CTAACTTGTAGCGGTA-3_bif3_2	40840	17862	27580	1355	0.0321128095745941	22894	4.35972167848321	0.437365328109696	0.675318315377081	0.0331782566111655	0.349988467550393	0.629353370059198	4.13246374075624	1	0.0131703921494193	0.142316446630922	1	27580	-0.377517274893715	0.49124000787867	1	0.55	singlet	bif3	bif3_Re2	bi3_Re2	1_2
CB:Z:GCACGCATCTCGTGAA-3_bif3_2	CB:Z:GCACGCATCTCGTGAA-3_bif3_2	39580	17265	26651	932	0.0230055292259084	22463	4.35146775710976	0.436205154118242	0.673345123799899	0.0235472460838807	0.346645721454176	0.62407253576379	4.12311899463775	1	0.0138286564556965	0.133563652632985	1	26651	1.40519327732186	-0.206945674418083	1	1.55	singlet	bif3	bif3_Re2	bi3_Re2	1_1
CB:Z:ACTCGGGGTCGAGGTA-3_bif3_2	CB:Z:ACTCGGGGTCGAGGTA-3_bif3_2	39382	17741	26765	481	0.0120663271705592	21520	4.33284226699435	0.450484993144076	0.679625209486567	0.0122137016911279	0.387789443438803	0.640879870771581	4.10203199022057	1	0.0137384846204493	0.16258231844476	1	26765	1.4281169852839	-1.18879153013097	1	0.65	singlet	bif3	bif3_Re2	bi3_Re2	1_1
CB:Z:GGAGTAGCATGGAGGT-3_bif3_2	CB:Z:GGAGTAGCATGGAGGT-3_bif3_2	39262	17851	29282	781	0.0195040331643483	21770	4.33785842904109	0.454663542356477	0.745810198155978	0.0198920075390963	0.399828869568403	0.81801014136885	4.10771108003682	1	0.0192443049135716	0.158402750236429	1	29282	-0.599036268271401	-1.35701181173193	1	0.8	singlet	bif3	bif3_Re2	bi3_Re2	1_2
CB:Z:ATGTACGTCACAGGGA-3_bif3_2	CB:Z:ATGTACGTCACAGGGA-3_bif3_2	38939	16860	26347	1957	0.0478530907668232	20809	4.3182512102012	0.43298492513932	0.676622409409589	0.0502580959963019	0.337367451188253	0.63284350480888	4.08551260323306	1	0.0176622273930624	0.138270349267707	1	26347	-2.5113840618505	0.822612984181771	1	2.95	singlet	bif3	bif3_Re2	bi3_Re2	1_1
CB:Z:CCTATTATCTCGTAGA-3_bif3_2	CB:Z:CCTATTATCTCGTAGA-3_bif3_2	38829	16985	25898	1989	0.0487285021314126	21796	4.33837679923207	0.437430786267996	0.666975714028175	0.051224600169976	0.350177068574664	0.607026143536608	4.10829795718416	1	0.0134368327991898	0.14405228110733	1	25898	1.67547721477608	-0.697633283136955	1	2.6	singlet	bif3	bif3_Re2	bi3_Re2	1_2
CB:Z:ACAGGCCCAAAGGAAG-3_bif3_2	CB:Z:ACAGGCCCAAAGGAAG-3_bif3_2	38769	15046	22053	1139	0.028540643480004	21417	4.33075863667826	0.388093579922103	0.568830766849803	0.0293791431298202	0.20802446463276	0.344361732754673	4.09967299073079	1	0.0148622985316145	0.122790196247858	1	22053	1.54505891414742	0.0342643094076007	1	0.45	singlet	bif3	bif3_Re2	bi3_Re2	1_2
CB:Z:TTCTAACAGTTGGAAT-3_bif3_2	CB:Z:TTCTAACAGTTGGAAT-3_bif3_2	38428	17288	29220	1224	0.030868556441037	21014	4.32250872792151	0.449880295617779	0.760383054023108	0.0318517747475799	0.386047161410151	0.857011340205843	4.09033278752986	1	0.0124859434123025	0.142728793806103	1	29220	-1.02629666713615	-1.50304033040868	1	2.6	singlet	bif3	bif3_Re2	bi3_Re2	1_3
CB:Z:AGTGCGCTCGAGGTCC-3_bif3_2	CB:Z:AGTGCGCTCGAGGTCC-3_bif3_2	38046	16783	25073	1099	0.0280751053774428	21679	4.33603924537104	0.441123902644168	0.659018030804815	0.0288860852652053	0.360817843527602	0.585729069819158	4.10565147602917	1	0.0210228347789649	0.135443073392277	1	25073	-0.752961687125161	-0.371951358317009	1	0.75	singlet	bif3	bif3_Re2	bi3_Re2	1_1
CB:Z:CACATGAGTTCTTTGT-3_bif3_2	CB:Z:CACATGAGTTCTTTGT-3_bif3_2	37241	16799	23075	1195	0.0310906441877407	19981	4.30061721980658	0.451088853682769	0.619612792352515	0.0320882897881367	0.389529313900685	0.480269196057302	4.06554813351765	1	0.0209298711770394	0.134488201737644	1	23075	-1.73701863674064	1.72405110120905	1	2.55	singlet	bif3	bif3_Re2	bi3_Re2	1_1
CB:Z:TCTAGTTCATTCACGA-3_bif3_2	CB:Z:TCTAGTTCATTCACGA-3_bif3_2	36508	15905	22134	738	0.0198142082371261	20761	4.31724826844532	0.435657937986195	0.606278076038129	0.0202147474526131	0.345069057434246	0.444581618608237	4.08437711433557	1	0.0198627757715428	0.128857672563055	1	22134	0.144464202843711	0.977070136071572	1	1.3	singlet	bif3	bif3_Re2	bi3_Re2	1_1
CB:Z:GCGATTAGTAAACGAT-3_bif3_2	CB:Z:GCGATTAGTAAACGAT-3_bif3_2	36506	15761	22763	874	0.0233814874264312	20758	4.31718550761544	0.431737248671451	0.623541335670849	0.023941269928231	0.333772588975318	0.490783120060603	4.08430605913709	1	0.0179125229610153	0.127293417167606	1	22763	-0.469800523795083	1.13505233645571	1	1.95	singlet	bif3	bif3_Re2	bi3_Re2	1_1
CB:Z:CTGCTCAAGTAGTGTA-3_bif3_2	CB:Z:CTGCTCAAGTAGTGTA-3_bif3_2	36480	15716	23248	870	0.0232931726907631	20758	4.31718550761544	0.430811403508772	0.637280701754386	0.0238486842105263	0.331105001763363	0.527553657929362	4.08430605913709	1	0.0173027081325064	0.13231390145958	1	23248	-0.657706789053872	1.56503407478465	1	1.6	singlet	bif3	bif3_Re2	bi3_Re2	1_1
CB:Z:TACGGATCAGCCACGT-3_bif3_2	CB:Z:TACGGATCAGCCACGT-3_bif3_2	36293	15014	20603	1531	0.0404769458544839	20634	4.31458342620566	0.413688590086243	0.567685228556471	0.0421844432810735	0.281769972581546	0.341295939257436	4.08136009090528	1	0.0185219988385342	0.119502216877462	1	20603	-0.737378648795083	0.667809171677956	1	2.4	singlet	bif3	bif3_Re2	bi3_Re2	1_1
CB:Z:CAGGGCTAGAGGAAGT-3_bif3_2	CB:Z:CAGGGCTAGAGGAAGT-3_bif3_2	36264	15214	21249	1538	0.0406856780064547	20619	4.31426759862872	0.419534524597397	0.585953011250827	0.0424112067063755	0.298613545105867	0.390185836451888	4.08100252407248	1	0.015122742090898	0.131500954374115	1	21249	-0.106833271063759	0.222718818189034	1	2.8	singlet	bif3	bif3_Re2	bi3_Re2	1_1
CB:Z:AGCTGGCCAACCTCCT-3_bif3_2	CB:Z:AGCTGGCCAACCTCCT-3_bif3_2	35931	16028	23507	884	0.0240119516501426	20121	4.30364956106031	0.446077203528986	0.654226155687289	0.0246027107511619	0.375089519429724	0.572904618938381	4.06898122403047	1	0.0144305395348518	0.137015049739189	1	23507	1.30828375431161	-0.314849631785026	1	1	singlet	bif3	bif3_Re2	bi3_Re2	1_2
CB:Z:TTGCGGGCAATGTAAG-3_bif3_2	CB:Z:TTGCGGGCAATGTAAG-3_bif3_2	35645	16956	26489	1319	0.035683367600909	19009	4.27895927068422	0.475690840230046	0.743133679337916	0.0370037873474541	0.460413677018466	0.810846998909612	4.04102790527236	1	0.0167188564960917	0.172145866170634	1	26489	-1.69895177272697	0.243401391507515	1	1.95	singlet	bif3	bif3_Re2	bi3_Re2	1_1
CB:Z:TAACGGTGTGGCCTTG-3_bif3_2	CB:Z:TAACGGTGTGGCCTTG-3_bif3_2	35455	15523	23032	1651	0.0444941518891823	20116	4.30354162694889	0.437822592018051	0.649612184459174	0.0465660696657735	0.351305957130277	0.560556290584856	4.06885902552347	1	0.0160150073986298	0.150089589700179	1	23032	-1.8941555538549	-0.109465854166618	1	1.3	singlet	bif3	bif3_Re2	bi3_Re2	1_1
CB:Z:TCAGCTCGTATCTGCA-3_bif3_2	CB:Z:TCAGCTCGTATCTGCA-3_bif3_2	35111	15090	22479	1058	0.0292515690231967	19988	4.30076934077055	0.429779841075446	0.640226709578195	0.0301330067500214	0.328132817140711	0.535438031312267	4.06572035853934	1	0.019243265514785	0.124961441403895	1	22479	-0.707364133871987	-1.10983468770849	1	1.05	singlet	bif3	bif3_Re2	bi3_Re2	1_1
CB:Z:GTGCCAGTCACCACAA-3_bif3_2	CB:Z:GTGCCAGTCACCACAA-3_bif3_2	34195	13784	21913	1522	0.0426127614301313	19549	4.29112454661221	0.403099868401813	0.640824681971048	0.0445094312033923	0.251261265839924	0.537038379274626	4.05480092416423	1	0.0271865978810751	0.143715501709395	1	21913	0.308539339028404	-0.718524234293571	1	1.55	singlet	bif3	bif3_Re2	bi3_Re2	1_3
CB:Z:ATCCAGATCGACTTAG-3_bif3_2	CB:Z:ATCCAGATCGACTTAG-3_bif3_2	34117	14730	18817	1678	0.0468780555943568	19559	4.29134664668963	0.431749567664214	0.551543218923118	0.0491836914148372	0.333808083017825	0.298095228766703	4.05505237662451	1	0.0104667101554826	0.113681897432178	1	18817	-1.34760051158805	1.45454329073561	1	2.4	singlet	bif3	bif3_Re2	bi3_Re2	1_1
CB:Z:ACTTTCATCGTGGTAT-3_bif3_2	CB:Z:ACTTTCATCGTGGTAT-3_bif3_2	34046	15265	23111	1626	0.0455819690513568	19375	4.28724171117835	0.448363978147213	0.678816894789403	0.047758914409916	0.381678278516125	0.638716585653384	4.05040493955186	1	0.0179799933644773	0.134112754256151	1	23111	-0.0165536919011617	1.48789201870693	1	0.35	singlet	bif3	bif3_Re2	bi3_Re2	1_1
CB:Z:AGATTCGGTGGATTCT-3_bif3_2	CB:Z:AGATTCGGTGGATTCT-3_bif3_2	33969	15358	23507	1144	0.0325805257312107	19118	4.28144245727087	0.45211810768642	0.692013306249816	0.0336777650210486	0.392494847370717	0.674034019106029	4.04383926573574	1	0.0160787279685444	0.13141675769217	1	23507	0.338200994454429	0.0768338274968952	1	1.65	singlet	bif3	bif3_Re2	bi3_Re2	1_1
CB:Z:AGCGTGCCACGCGCAT-3_bif3_2	CB:Z:AGCGTGCCACGCGCAT-3_bif3_2	33937	14412	21422	982	0.0281222257223861	19381	4.2873761815526	0.424669240062469	0.631228452721219	0.0289359695907122	0.313407920951623	0.511356080041698	4.05055718131078	1	0.0203172432086246	0.141116366930969	1	21422	0.571742959939048	-0.0211074519144208	1	2	singlet	bif3	bif3_Re2	bi3_Re2	1_2
CB:Z:TTCATTGAGTAACACA-3_bif3_2	CB:Z:TTCATTGAGTAACACA-3_bif3_2	33932	16373	25132	399	0.0116221490780927	18859	4.27551866051181	0.482523871271956	0.740657786160556	0.0117588117411293	0.480101316983596	0.804220788989624	4.03713258968851	1	0.00997126190705213	0.147414034747466	1	25132	0.530605741463706	1.47902390927208	1	1.45	singlet	bif3	bif3_Re2	bi3_Re2	1_1
CB:Z:TTGTTCAGTGGCGCTT-3_bif3_2	CB:Z:TTGTTCAGTGGCGCTT-3_bif3_2	33809	15338	22615	276	0.00809740354994866	18851	4.27533439342577	0.45366618356059	0.668904729509894	0.00816350675855541	0.396955234022327	0.612188749757936	4.03692397016584	1	0.0091585780556675	0.133424469785163	1	22615	-1.06787686733146	1.76357503056658	1	1.05	singlet	bif3	bif3_Re2	bi3_Re2	1_1
CB:Z:TTACGGAAGGCGTAGT-3_bif3_2	CB:Z:TTACGGAAGGCGTAGT-3_bif3_2	33355	14431	23611	868	0.0253630599304561	18759	4.27320968340033	0.432648778294109	0.707869884575026	0.0260230849947534	0.336398929601954	0.716470832437228	4.03451846193954	1	0.0108694848177806	0.109043039820401	1	23611	-1.31696086315055	-1.79545833349096	1	2.65	singlet	bif3	bif3_Re2	bi3_Re2	1_3
CB:Z:AGCGTGCAGGCACTAG-3_bif3_2	CB:Z:AGCGTGCAGGCACTAG-3_bif3_2	33336	14078	20423	1378	0.0396957999654318	19199	4.28327860861021	0.42230621550276	0.612640988720902	0.0413366930645548	0.306599467064179	0.461610622736592	4.04591807983208	1	0.0163673441858949	0.121093799979708	1	20423	-1.70944791225333	1.80323834538592	1	1.3	singlet	bif3	bif3_Re2	bi3_Re2	1_1
CB:Z:TGTGGCGTCCACTAGA-3_bif3_2	CB:Z:TGTGGCGTCCACTAGA-3_bif3_2	33277	13279	17177	437	0.0129619742540191	19143	4.28200999934205	0.399044385010668	0.516182348168405	0.0131321934068576	0.239576422554459	0.203459258718827	4.04448181323853	1	0.0217477863782908	0.106703638428581	1	17177	-1.48253922847648	1.71438307881487	1	1.45	singlet	bif3	bif3_Re2	bi3_Re2	1_1
CB:Z:AGCGATTCACTGAAGG-3_bif3_2	CB:Z:AGCGATTCACTGAAGG-3_bif3_2	33149	14655	23223	1579	0.0454676341856715	18752	4.273047594338	0.442094784156385	0.700564119581285	0.0476334127726327	0.36361519151916	0.69691848142414	4.03433495145191	1	0.0217620404910466	0.125058958487745	1	23223	1.96442503543954	0.78160558462275	1	1.2	singlet	bif3	bif3_Re2	bi3_Re2	1_2
CB:Z:GATGGCCGTTCCCGGA-3_bif3_2	CB:Z:GATGGCCGTTCCCGGA-3_bif3_2	33089	13879	20290	946	0.0277949169972088	18993	4.27859356824113	0.419444528393122	0.613194717277645	0.0285895614856901	0.298354243946962	0.463092561331206	4.0406138721927	1	0.0191426048324003	0.112377977969484	1	20290	-0.333626798666909	1.26636642038954	1	1.7	singlet	bif3	bif3_Re2	bi3_Re2	1_1
CB:Z:ATTACTCGTCACATTG-3_bif3_2	CB:Z:ATTACTCGTCACATTG-3_bif3_2	32952	14277	23922	1674	0.048345174146595	17880	4.2523675144599	0.433266569555717	0.725965040058267	0.0508011653313911	0.338178937896598	0.764898729029547	4.01092182605038	1	0.00999271230387045	0.13412834934221	1	23922	-1.23427062419791	-1.6165130305277	1	0.9	singlet	bif3	bif3_Re2	bi3_Re2	1_3
CB:Z:GCACGGTTCCAGAGAG-3_bif3_2	CB:Z:GCACGGTTCCAGAGAG-3_bif3_2	32776	15892	25450	125	0.00379927661773198	17612	4.24580867678749	0.484866975835978	0.776482792287039	0.00381376617036856	0.486852376473036	0.900098920223113	4.00349618312165	1	0.016484108781513	0.154844863780454	1	25450	-2.57043891338248	-0.128806488512626	1	1.2	singlet	bif3	bif3_Re2	bi3_Re2	1_1
CB:Z:TATGTGGGTAGTAACA-3_bif3_2	CB:Z:TATGTGGGTAGTAACA-3_bif3_2	32715	14885	20888	1370	0.0401936335631509	18504	4.26726561976256	0.454990065719089	0.638483875897906	0.0418768149167049	0.400769663538734	0.530773701717265	4.02778884057608	1	0.0156373134258379	0.120890486643805	1	20888	-2.48891597179313	1.12785933733118	1	2.05	singlet	bif3	bif3_Re2	bi3_Re2	1_1
CB:Z:CTCAACCCAAAGAGAG-3_bif3_2	CB:Z:CTCAACCCAAAGAGAG-3_bif3_2	32708	15127	23986	1380	0.0404834545881249	18122	4.25820612606883	0.462486241898007	0.733337409807998	0.0421915127797481	0.422367987448071	0.784629333732613	4.01753205901739	1	0.0193177736506431	0.148718072263576	1	23986	0.673195310555503	0.422622783185372	1	1.95	singlet	bif3	bif3_Re2	bi3_Re2	1_2
CB:Z:ACTATTCTCGTCGCAG-3_bif3_2	CB:Z:ACTATTCTCGTCGCAG-3_bif3_2	32592	15331	23566	1331	0.0392359166347316	18121	4.2581821603661	0.470391507118311	0.72306087383407	0.0408382425135002	0.445144997318457	0.757126335931152	4.0175049260466	1	0.017608366071737	0.149044880744505	1	23566	-0.0685768642797018	0.839767558575997	1	0.6	singlet	bif3	bif3_Re2	bi3_Re2	1_1
CB:Z:TTCATTGCAGGTAACG-3_bif3_2	CB:Z:TTCATTGCAGGTAACG-3_bif3_2	32579	14233	21707	1042	0.0309925344278873	18245	4.26114386770067	0.436876515546825	0.666288099696123	0.0319837932410448	0.34858007855154	0.605185887684768	4.02085804777706	1	0.0156101079418594	0.144371613821632	1	21707	-1.56606917766471	0.0574740004552692	1	1.15	singlet	bif3	bif3_Re2	bi3_Re2	1_1
CB:Z:TTACTCAGTTCTGAAC-3_bif3_2	CB:Z:TTACTCAGTTCTGAAC-3_bif3_2	32429	14562	22621	398	0.0121241660827977	18348	4.26358873145994	0.449042523667088	0.697554657867958	0.0122729655555213	0.383633334744222	0.688864286985937	4.02362602073089	1	0.0141616362276788	0.140400997537609	1	22621	-0.286173395194008	0.731456084252724	1	1.4	singlet	bif3	bif3_Re2	bi3_Re2	1_1
CB:Z:GAACCTAGTGTGTGTT-3_bif3_2	CB:Z:GAACCTAGTGTGTGTT-3_bif3_2	32426	14685	21592	923	0.0276769918138475	18290	4.26221370547642	0.452877320668599	0.665885400604453	0.0284648121877506	0.394682326361859	0.604108147845103	4.02206927356296	1	0.0144752022087443	0.130335484202743	1	21592	-0.994574121512368	0.105458719731697	1	0.75	singlet	bif3	bif3_Re2	bi3_Re2	1_1
CB:Z:TGACTCCAGGTCACTT-3_bif3_2	CB:Z:TGACTCCAGGTCACTT-3_bif3_2	32306	14028	23290	1384	0.0410804392994954	17886	4.25251322641627	0.434222745000929	0.720918714789822	0.0428403392558658	0.340933914098719	0.751393295572632	4.01108679506052	1	0.0150811818322887	0.126855079733758	1	23290	-0.959837965048745	-1.87777401685583	1	1.75	singlet	bif3	bif3_Re2	bi3_Re2	1_3
CB:Z:ACAGACTTCGTCGCAG-3_bif3_2	CB:Z:ACAGACTTCGTCGCAG-3_bif3_2	32292	13294	17658	1320	0.0392716886826134	18536	4.26801602078192	0.411680911680912	0.546822742474916	0.0408769973987365	0.275985358203609	0.285461861481647	4.02863841336647	1	0.0157272333145832	0.11650481714448	1	17658	-1.47728591350456	1.87889312029017	1	1.75	singlet	bif3	bif3_Re2	bi3_Re2	1_1
CB:Z:TGGTCAAAGTTGACAA-3_bif3_2	CB:Z:TGGTCAAAGTTGACAA-3_bif3_2	32162	13562	20038	1547	0.045892788276128	18501	4.26719520314597	0.421677756358435	0.623033393445681	0.0481002425222312	0.304788721980429	0.489423719000023	4.02770911781464	1	0.0150672095850896	0.118832882899733	1	20038	-0.521494916953042	2.02903680324686	1	2.35	singlet	bif3	bif3_Re2	bi3_Re2	1_1
CB:Z:CTCTCAGTCGCGCCAA-3_bif3_2	CB:Z:CTCTCAGTCGCGCCAA-3_bif3_2	32152	14435	21139	1530	0.0454248560061754	18209	4.26028609590986	0.448961184374222	0.65747076387161	0.0475864642946006	0.38339897627239	0.581588133693387	4.01988691426972	1	0.0271935107919742	0.136285658382911	1	21139	-1.3441739597692	1.76939402341975	1	2	singlet	bif3	bif3_Re2	bi3_Re2	1_1
CB:Z:CGCGCAAGTGATTCCA-3_bif3_2	CB:Z:CGCGCAAGTGATTCCA-3_bif3_2	32127	14341	22200	1116	0.0335709773486147	17874	4.25222175359869	0.446384660877144	0.691007563731441	0.0347371369875805	0.375975379531637	0.671342359743197	4.01075680167222	1	0.0237462972873391	0.157537129136916	1	22200	-1.51512627986808	-1.35691549062597	1	2.85	singlet	bif3	bif3_Re2	bi3_Re2	1_3
CB:Z:TTGAGCAAGTATAGTG-3_bif3_2	CB:Z:TTGAGCAAGTATAGTG-3_bif3_2	32092	14082	22895	641	0.0195826841413864	18060	4.25671774597749	0.43880094727658	0.713417674186713	0.0199738252523994	0.354124838819789	0.73131833025948	4.01584697704822	1	0.0197466654136685	0.127864517993112	1	22895	-1.08913283733268	-1.90244461774694	1	1.95	singlet	bif3	bif3_Re2	bi3_Re2	1_3
CB:Z:TACCTATTCCATGACA-3_bif3_2	CB:Z:TACCTATTCCATGACA-3_bif3_2	32020	14164	22606	1298	0.038957920643496	17820	4.25090769970086	0.442348532167395	0.705996252342286	0.0405371642723298	0.364346301834919	0.711456447890866	4.00926908456108	1	0.0155651220050938	0.152805235493167	1	22606	2.3433305701838	-1.06634618520605	1	2.2	singlet	bif3	bif3_Re2	bi3_Re2	1_2
CB:Z:ACCGAATGTCGCTAGC-3_bif3_2	CB:Z:ACCGAATGTCGCTAGC-3_bif3_2	31549	13026	20265	1464	0.0443461666616181	18203	4.26014296908821	0.412881549335954	0.642334146882627	0.046404006466132	0.279444690048594	0.541078146200938	4.01972487204148	1	0.0231107608647018	0.114800147195975	1	20265	0.737170883141563	-0.80690337896215	1	1.95	singlet	bif3	bif3_Re2	bi3_Re2	1_3
CB:Z:TCTCAGCTCTCTCAAT-3_bif3_2	CB:Z:TCTCAGCTCTCTCAAT-3_bif3_2	31454	13855	21262	787	0.0244099128438944	17750	4.24919835739111	0.44048451707255	0.675971259617219	0.0250206650982387	0.358975616724344	0.631100838665987	4.00733383836822	1	0.0125312781754476	0.132946070789067	1	21262	0.204741426430747	-0.125293033121696	1	0.75	singlet	bif3	bif3_Re2	bi3_Re2	1_3
CB:Z:ATTACCTAGACTTGAA-3_bif3_2	CB:Z:ATTACCTAGACTTGAA-3_bif3_2	31444	13691	19119	971	0.029955267623014	17297	4.23797078541634	0.435408981045668	0.608033329092991	0.0308802951278463	0.344351751368777	0.449279186060086	3.99462244884992	1	0.0200533491688393	0.142433970589117	1	19119	-1.96915488628288	1.10997472524775	1	1.2	singlet	bif3	bif3_Re2	bi3_Re2	1_1
CB:Z:TACCTATAGAACTAAC-3_bif3_2	CB:Z:TACCTATAGAACTAAC-3_bif3_2	31280	14083	22766	1252	0.038485183819009	17312	4.23834724342648	0.45022378516624	0.727813299232737	0.0400255754475703	0.387036839127173	0.769845207895669	3.99504865893478	1	0.0135509749240886	0.134283427937301	1	22766	1.74292320819955	0.430991394521126	1	1.35	singlet	bif3	bif3_Re2	bi3_Re2	1_2
CB:Z:CTCAGAAGTTGAATAG-3_bif3_2	CB:Z:CTCAGAAGTTGAATAG-3_bif3_2	31239	15075	23024	414	0.013079328973557	17244	4.23663801418185	0.482569864592337	0.737027433656647	0.0132526649380582	0.480233835031137	0.794504910294035	3.99311354074954	1	0.0116256834735891	0.142390431661312	1	23024	-1.75154261974235	-0.0729625391946942	1	1.95	singlet	bif3	bif3_Re2	bi3_Re2	1_1
CB:Z:CTGTTCGTCTGAAAGA-3_bif3_2	CB:Z:CTGTTCGTCTGAAAGA-3_bif3_2	30682	13751	22134	1004	0.0316859180710724	17027	4.23113813602972	0.448178084870608	0.721400169480477	0.0327227690502575	0.381142674348768	0.752681808290554	3.98688680769879	1	0.00576255029699702	0.111172690197434	1	22134	2.02230376812081	-1.08860065221654	1	2.25	singlet	bif3	bif3_Re2	bi3_Re2	1_2
CB:Z:TGTAGCAAGTTAGAGT-3_bif3_2	CB:Z:TGTAGCAAGTTAGAGT-3_bif3_2	30613	14048	20251	1195	0.0375691649899396	17033	4.23129114641835	0.45889001404632	0.661516349263385	0.0390357037859733	0.412006372120652	0.592415296311014	3.98706003969005	1	0.0150844444197307	0.157723218659963	1	20251	-1.7929969349279	1.71828682541979	1	1.8	singlet	bif3	bif3_Re2	bi3_Re2	1_1
CB:Z:GTCACTCTCTGCGTCT-3_bif3_2	CB:Z:GTCACTCTCTGCGTCT-3_bif3_2	30609	12844	19800	1229	0.0386016709592311	17832	4.25120005547218	0.419615145872129	0.646868568068215	0.0401515894018099	0.29884583479118	0.553213575514329	4.00960007759284	1	0.0169115443051145	0.126110047778264	1	19800	0.716443010293052	-0.236235158442131	1	3.05	singlet	bif3	bif3_Re2	bi3_Re2	1_3
CB:Z:GTGTCAAGTTAACCGT-3_bif3_2	CB:Z:GTGTCAAGTTAACCGT-3_bif3_2	30390	12833	18228	989	0.0315178941330189	17487	4.24271531003911	0.422277064823955	0.599802566633761	0.0325435998683778	0.306515476801948	0.427251272919428	3.99999400208464	1	0.0228953271748063	0.131930164363032	1	18228	-1.03446774867912	1.21418651759757	1	1.55	singlet	bif3	bif3_Re2	bi3_Re2	1_1
CB:Z:TCCATCGCATTTAGGC-3_bif3_2	CB:Z:TCCATCGCATTTAGGC-3_bif3_2	30338	11314	18207	1460	0.0459148374111579	17637	4.24642471490874	0.372931636891028	0.600138440239963	0.0481244643681192	0.164339184449369	0.428150168332861	4.00419363583315	1	0.0178203967435514	0.113440302712026	1	18207	-1.13814502147575	-1.86056019544469	1	1.55	singlet	bif3	bif3_Re2	bi3_Re2	1_3
CB:Z:AACCTTTGTCGATAGG-3_bif3_2	CB:Z:AACCTTTGTCGATAGG-3_bif3_2	30278	13399	21129	1209	0.0383967986788198	17093	4.23281829262736	0.442532531871326	0.697833410396988	0.0399299821652685	0.364876450154523	0.689610309790948	3.98878901104359	1	0.0140470491803689	0.120581693916062	1	21129	0.800258584939048	1.17552529096735	1	2.15	singlet	bif3	bif3_Re2	bi3_Re2	1_2
CB:Z:TCCAGAAAGAGGAATG-3_bif3_2	CB:Z:TCCAGAAAGAGGAATG-3_bif3_2	30276	14171	21957	1293	0.0409579017390478	16838	4.22629050518342	0.468060509974898	0.725227903289734	0.0427070947284978	0.438428822280205	0.762925936740808	3.98139852189072	1	0.0109762829122034	0.143877644463697	1	21957	-0.624296716727212	0.663007063866982	1	0.6	singlet	bif3	bif3_Re2	bi3_Re2	1_1
CB:Z:GCTCACTAGACACAAT-3_bif3_2	CB:Z:GCTCACTAGACACAAT-3_bif3_2	30273	13803	20237	987	0.031573896353167	16953	4.22924656201756	0.455950847289664	0.668483467115912	0.0326033098800912	0.403537911118848	0.611061329124668	3.98474524635986	1	0.016022624958187	0.139355634658122	1	20237	-1.52660422710319	1.84141297459734	1	1.6	singlet	bif3	bif3_Re2	bi3_Re2	1_1
CB:Z:CTGTTCGTCGGGAATG-3_bif3_2	CB:Z:CTGTTCGTCGGGAATG-3_bif3_2	29870	12702	17165	464	0.0152963671128107	16874	4.22721804477119	0.425242718446602	0.574656846334115	0.0155339805825243	0.315060252967291	0.359954015178894	3.98244864359293	1	0.0142926089031761	0.120440251817559	1	17165	-0.975402406729653	1.78814129352702	1	0.7	singlet	bif3	bif3_Re2	bi3_Re2	1_1
CB:Z:GGGACCTTCTAAACGC-3_bif3_2	CB:Z:GGGACCTTCTAAACGC-3_bif3_2	29809	13222	19737	340	0.011277322630933	17208	4.23573039737941	0.443557314904894	0.662115468482673	0.0114059512227851	0.367829101662109	0.59401871351431	3.99208597479537	1	0.0175417305985472	0.123868063900201	1	19737	-0.892471365012124	1.943467421533	1	3	singlet	bif3	bif3_Re2	bi3_Re2	1_1
CB:Z:GTAATCGCATGGCCCA-3_bif3_2	CB:Z:GTAATCGCATGGCCCA-3_bif3_2	29803	12752	17549	167	0.00557223890557224	17002	4.23050001184147	0.427876388283059	0.588833338925612	0.00560346273865047	0.322648502341421	0.397894430661848	3.98616435006182	1	0.0140871459562184	0.110914492553467	1	17549	-0.761860899008706	0.858553869725594	1	0.65	singlet	bif3	bif3_Re2	bi3_Re2	1_1
CB:Z:TTACTCAAGTCCAGAG-3_bif3_2	CB:Z:TTACTCAAGTCCAGAG-3_bif3_2	29723	13315	20960	990	0.0322339074658939	16242	4.21063950615415	0.447969585842613	0.705177808431181	0.0333075396157858	0.380541937461864	0.709266054051459	3.96367911243527	1	0.01822780686634	0.141213262312905	1	20960	-2.04916816142936	0.628285450936684	1	2.35	singlet	bif3	bif3_Re2	bi3_Re2	1_1
CB:Z:CCGAAGCAGACCATAA-3_bif3_2	CB:Z:CCGAAGCAGACCATAA-3_bif3_2	29649	13148	19921	1553	0.0497724504839433	16930	4.22865695810894	0.443455091234106	0.671894498971297	0.0523795068973658	0.367534570170292	0.620190242005175	3.98407772136328	1	0.0175257768136436	0.132891098100639	1	19921	0.841914602242515	0.632732195855507	1	1.1	singlet	bif3	bif3_Re2	bi3_Re2	1_2
CB:Z:TTCTAACCAATTGGCT-3_bif3_2	CB:Z:TTCTAACCAATTGGCT-3_bif3_2	29593	13173	20905	1084	0.0353359194184568	16671	4.22196165150504	0.445139053154462	0.706417058088061	0.0366302841888284	0.372386477881472	0.712582646400778	3.97649757399235	1	0.0237779214911575	0.142788160590709	1	20905	0.728842922173545	1.41580491334332	1	1.5	singlet	bif3	bif3_Re2	bi3_Re2	1_1
CB:Z:GTGATCAGTCGCGCTA-3_bif3_2	CB:Z:GTGATCAGTCGCGCTA-3_bif3_2	29511	13278	21517	938	0.0308056093796184	16545	4.21866677149587	0.449933922943987	0.729117956016401	0.0317847582257463	0.386201674902656	0.773336848731044	3.97276724803169	1	0.0150859356260137	0.134242239012127	1	21517	-1.87930636791129	-0.953342454432121	1	1.85	singlet	bif3	bif3_Re2	bi3_Re2	1_3
CB:Z:CTAGCGGAGACTAGGC-3_bif3_2	CB:Z:CTAGCGGAGACTAGGC-3_bif3_2	29470	12966	20911	734	0.0243014170308568	16600	4.22010808804005	0.439972853749576	0.709569053274516	0.024906684764167	0.357501389075692	0.721018301849581	3.97439904661232	1	0.0106449418269869	0.130342276386874	1	20911	-1.39511161235709	-1.95477535009252	1	1.25	singlet	bif3	bif3_Re2	bi3_Re2	1_3
CB:Z:AGTTTGGAGGGCTTCC-3_bif3_2	CB:Z:AGTTTGGAGGGCTTCC-3_bif3_2	29433	13074	20189	652	0.0216719295329899	16728	4.22344401980962	0.444195290999898	0.685930757992729	0.0221520062514864	0.369667267417212	0.65775535168674	3.97817584966685	1	0.0122491423400574	0.107944303358688	1	20189	1.42070574375252	-0.766573684214225	1	1.3	singlet	bif3	bif3_Re2	bi3_Re2	1_1
CB:Z:ATAGTCGGTGTCTCGG-3_bif3_2	CB:Z:ATAGTCGGTGTCTCGG-3_bif3_2	29390	11032	15310	1096	0.0359509282949551	17395	4.24042443308361	0.375365770670296	0.520925484858796	0.0372915957808779	0.171352521455929	0.216153271399637	3.99740036657865	1	0.0257387476126432	0.0976379140892847	1	15310	-0.546974233664467	0.181415183545479	1	2.05	singlet	bif3	bif3_Re2	bi3_Re2	1_1
CB:Z:GCCTAGGAGGAAACTT-3_bif3_2	CB:Z:GCCTAGGAGGAAACTT-3_bif3_2	29148	12915	19676	1330	0.0436380339917317	16227	4.21023823616173	0.443083573487032	0.675037738438315	0.0456292026897214	0.366464136332046	0.62860246460335	3.96322481125714	1	0.0229904190788664	0.132577460593361	1	19676	1.14876551242928	0.0452956986440509	1	0.95	singlet	bif3	bif3_Re2	bi3_Re2	1_2
CB:Z:GAACCGCCAAACCGAG-3_bif3_2	CB:Z:GAACCGCCAAACCGAG-3_bif3_2	29034	11812	16751	763	0.0256066046917475	16473	4.21677269842904	0.406833367775711	0.576944272232555	0.0262795343390508	0.262018394123481	0.366075831870377	3.97062285736711	1	0.0128180576744074	0.127128431737639	1	16751	1.31266183467965	1.15888877034319	1	1.5	singlet	bif3	bif3_Re2	bi3_Re2	1_1
CB:Z:CGATGATTCAGTCACA-3_bif3_2	CB:Z:CGATGATTCAGTCACA-3_bif3_2	28956	12698	19845	1273	0.0421118793211816	16521	4.21803633120094	0.438527420914491	0.685350186489847	0.0439632545931759	0.353336742218917	0.65620157356463	3.97205348977881	1	0.0114401652895262	0.118036738280798	1	19845	0.20477265926461	1.13689087152613	1	2.75	singlet	bif3	bif3_Re2	bi3_Re2	1_1
CB:Z:GCGCCAAGTTTGCCCT-3_bif3_2	CB:Z:GCGCCAAGTTTGCCCT-3_bif3_2	28890	12863	21967	1228	0.0407729596918786	15951	4.20278791503384	0.445240567670474	0.76036690896504	0.0425060574593285	0.372678966124277	0.856968131336854	3.95478986787795	1	0.0121792371986988	0.138731289336539	1	21967	3.0148359021769	-0.583732621668449	1	0.2	singlet	bif3	bif3_Re2	bi3_Re2	1_2
CB:Z:TTGTTGTAGTACTCTG-3_bif3_2	CB:Z:TTGTTGTAGTACTCTG-3_bif3_2	28886	10853	16364	956	0.0320353863682059	16879	4.22734671318143	0.375718341064876	0.566502804126567	0.0330956172540331	0.172368363319997	0.338131427735405	3.98259431660976	1	0.0281392641148248	0.125342622617747	1	16364	-0.722807458914712	1.07317764878405	1	2.1	singlet	bif3	bif3_Re2	bi3_Re2	1_1
CB:Z:TAACAGCTCTGAACGT-3_bif3_2	CB:Z:TAACAGCTCTGAACGT-3_bif3_2	28791	10757	17179	935	0.0314539460405033	16799	4.22528343009444	0.373623701851273	0.596679517904901	0.0324754263485117	0.166333193504241	0.418893086606296	3.98025835340559	1	0.0179789790584311	0.0845488770086794	1	17179	-1.0986609974279	-1.97609044790136	1	2.3	singlet	bif3	bif3_Re2	bi3_Re2	1_3
CB:Z:ACATGGTTCGTCGCAG-3_bif3_2	CB:Z:ACATGGTTCGTCGCAG-3_bif3_2	28559	12990	20482	1185	0.0398399677245831	16039	4.20517728738827	0.454847858818586	0.717181974158759	0.0414930494765223	0.400359930546086	0.741392691320237	3.95749501577365	1	0.0159648387693504	0.131775905593836	1	20482	0.347037025414512	-0.608889834879509	1	1.25	singlet	bif3	bif3_Re2	bi3_Re2	1_3
CB:Z:TATCGAGTCTACTTTG-3_bif3_2	CB:Z:TATCGAGTCTACTTTG-3_bif3_2	28536	12472	16822	1086	0.0366619404496658	16305	4.21232080314198	0.437061956826465	0.589500981216709	0.0380571909167368	0.349114380404676	0.399681235525938	3.96558260688235	1	0.00872829856690275	0.118749265549566	1	16822	-0.589039854086831	1.63586769819392	1	0.95	singlet	bif3	bif3_Re2	bi3_Re2	1_1
CB:Z:TGACAACTCAAATGGA-3_bif3_2	CB:Z:TGACAACTCAAATGGA-3_bif3_2	28493	13093	20955	1356	0.0454286575764682	15766	4.19772152222686	0.459516372442354	0.735443793212368	0.0475906362966343	0.413811064432837	0.790266628078334	3.94905390888638	1	0.0137354228817501	0.140251991025981	1	20955	3.15572661968331	-0.411613600252739	1	0.7	singlet	bif3	bif3_Re2	bi3_Re2	1_2
CB:Z:GAGTGAGCAACTCGTA-3_bif3_2	CB:Z:GAGTGAGCAACTCGTA-3_bif3_2	28468	12350	18437	198	0.0069071373752878	16280	4.21165440055318	0.433820429956442	0.647639454826472	0.00695517774343122	0.339774745685782	0.555276692587172	3.96482813361768	1	0.0223299795845588	0.131300071543467	1	18437	-1.41785626796623	1.55277450204028	1	2.25	singlet	bif3	bif3_Re2	bi3_Re2	1_1
CB:Z:AACCAACTCGAACCGC-3_bif3_2	CB:Z:AACCAACTCGAACCGC-3_bif3_2	28161	10018	15446	1234	0.0419799285592788	16659	4.22164892819223	0.355740208089201	0.54848904513334	0.0438194666382586	0.114806457514478	0.289921371813482	3.97614352167814	1	0.024980443943368	0.10981963681963	1	15446	-0.987829736746743	-1.80422403097021	1	1.2	singlet	bif3	bif3_Re2	bi3_Re2	1_3
CB:Z:GATGATCTCACAACAC-3_bif3_2	CB:Z:GATGATCTCACAACAC-3_bif3_2	28151	12793	19185	984	0.033773811566844	16069	4.20598885075245	0.454442115733011	0.681503321374019	0.0349543533089411	0.399190885105176	0.645906244176249	3.9584138340243	1	0.0152359367005499	0.133449758476584	1	19185	-2.68411164668937	0.782403512002358	1	1	singlet	bif3	bif3_Re2	bi3_Re2	1_1
CB:Z:CGCGCAAGTGGTCGAA-3_bif3_2	CB:Z:CGCGCAAGTGGTCGAA-3_bif3_2	28065	12384	18566	1042	0.0357989487064967	16209	4.20975622225886	0.441261357562801	0.661535720648495	0.0371280954926064	0.361213884893855	0.592467139769104	3.96267909518545	1	0.0142392389825878	0.123423915696428	1	18566	-1.01342111019035	1.39785848006738	1	1.15	singlet	bif3	bif3_Re2	bi3_Re2	1_1
CB:Z:ATTACTCGTATGTTCG-3_bif3_2	CB:Z:ATTACTCGTATGTTCG-3_bif3_2	28009	11565	18061	1032	0.0355359663923419	15977	4.20349523519329	0.412902995465743	0.644828447998858	0.0368452997250884	0.279506481613618	0.547753621116795	3.95559066631247	1	0.0144110636328216	0.111437811426244	1	18061	-1.38260083583732	-1.98285199880468	1	1.35	singlet	bif3	bif3_Re2	bi3_Re2	1_3
CB:Z:ATCGAGTCAACGGGTA-3_bif3_2	CB:Z:ATCGAGTCAACGGGTA-3_bif3_2	27979	11442	17585	1432	0.0486892659209139	15869	4.20054956014077	0.408949569319847	0.628507094606669	0.0511812430751635	0.268115690307132	0.504072934589638	3.95225569566423	1	0.0254517694761774	0.121812569926365	1	17585	0.669357248269126	1.32927970409525	1	0.4	singlet	bif3	bif3_Re2	bi3_Re2	1_1
CB:Z:TTACTTGAGGTACTCT-3_bif3_2	CB:Z:TTACTTGAGGTACTCT-3_bif3_2	27902	12168	17892	1362	0.0465418261344997	16013	4.20447270364896	0.43609777076912	0.641244355243352	0.0488137051107448	0.346336323662365	0.538161546956301	3.95669731540008	1	0.00713697675485071	0.105573756721165	1	17892	1.21142072292428	1.04291309237612	1	1.5	singlet	bif3	bif3_Re2	bi3_Re2	1_1
CB:Z:TGTAGCAGTGGTAGAC-3_bif3_2	CB:Z:TGTAGCAGTGGTAGAC-3_bif3_2	27897	12415	18916	1331	0.0455385247023402	16424	4.21547893636254	0.445029931533857	0.67806574183604	0.0477112234290425	0.372072071702762	0.636706281979334	3.96915811382253	1	0.0108411311766673	0.115978694331235	1	18916	-0.0703752556218649	0.18805192232264	1	2.05	singlet	bif3	bif3_Re2	bi3_Re2	1_3
CB:Z:ATGGATCGTCAATACC-3_bif3_2	CB:Z:ATGGATCGTCAATACC-3_bif3_2	27822	12067	16838	504	0.0177928404998941	15919	4.2019157827407	0.433721515347567	0.605204514413054	0.0181151606642226	0.339489748413723	0.441708455599899	3.95380247600778	1	0.0126157225569505	0.117384722032288	1	16838	-1.7025142231359	0.9055759739889	1	0.6	singlet	bif3	bif3_Re2	bi3_Re2	1_1
CB:Z:TTTACGTCATCCCTCA-3_bif3_2	CB:Z:TTTACGTCATCCCTCA-3_bif3_2	27782	12982	19707	1184	0.0408755092177035	15700	4.19589965240923	0.46728097329206	0.709344179684688	0.0426175221366352	0.436182785717924	0.720416474749248	3.94699126373429	1	0.0188473659779465	0.136899752773396	1	19707	-2.32279830364127	0.680315597058663	1	1.6	singlet	bif3	bif3_Re2	bi3_Re2	1_1
CB:Z:TTAGGTGAGGTGTTGG-3_bif3_2	CB:Z:TTAGGTGAGGTGTTGG-3_bif3_2	27778	12612	19386	1007	0.034983498349835	15247	4.18318440029821	0.454028367773058	0.697890416876665	0.0362517099863201	0.397998775655956	0.689762875703159	3.93259558470682	1	0.0139734588054872	0.120892725507347	1	19386	-2.48660998729606	1.0439909231676	1	1.25	singlet	bif3	bif3_Re2	bi3_Re2	1_1
CB:Z:CCTAAAGCAACGGACA-3_bif3_2	CB:Z:CCTAAAGCAACGGACA-3_bif3_2	27770	11456	19314	1138	0.0393662653936627	15949	4.20273345804544	0.41253150882247	0.695498739647101	0.0409794742527908	0.278436137393059	0.683362052142246	3.95472821394306	1	0.0169656207709952	0.105098415393681	1	19314	-0.994152120627358	-1.89294053792821	1	1.85	singlet	bif3	bif3_Re2	bi3_Re2	1_3
CB:Z:TACTCGCTCTGCTACC-3_bif3_2	CB:Z:TACTCGCTCTGCTACC-3_bif3_2	27655	12247	19110	551	0.0195348507409771	15475	4.18963065769216	0.442849394322907	0.691014283131441	0.0199240643644911	0.365789408668387	0.671360342811022	3.93989376893167	1	0.0131729430640826	0.128221888500243	1	19110	0.607667156182334	0.339744551183113	1	1.55	singlet	bif3	bif3_Re2	bi3_Re2	1_2
CB:Z:TGTAAGCTCGATCGCG-3_bif3_2	CB:Z:TGTAAGCTCGATCGCG-3_bif3_2	27521	11381	18348	188	0.00678479916272691	15641	4.19426451602552	0.413538752225573	0.666690890592638	0.00683114712401439	0.281338252919231	0.606263873220887	3.94514003040123	1	0.0192591046192195	0.113086899141141	1	18348	1.69685024829964	0.230012876988777	1	0.55	singlet	bif3	bif3_Re2	bi3_Re2	1_2
CB:Z:ATTTGTCTCAGTACAC-3_bif3_2	CB:Z:ATTTGTCTCAGTACAC-3_bif3_2	27507	12281	17365	844	0.0297696730274064	15772	4.19788676840119	0.446468171738103	0.631293852473916	0.0306830988475661	0.376215994824274	0.511531108792553	3.94924099372475	1	0.0125945153198064	0.126202521623749	1	17365	-1.0006008663549	1.59985251546038	1	1.7	singlet	bif3	bif3_Re2	bi3_Re2	1_1
CB:Z:AGCGTATTCCAGGTCG-3_bif3_2	CB:Z:AGCGTATTCCAGGTCG-3_bif3_2	27157	10881	17211	1056	0.0374295537518165	15651	4.19454209144204	0.400670177118238	0.633759251758294	0.0388850020252605	0.244260728754106	0.518129234004202	3.94545428973068	1	0.0174019133942415	0.108965088559144	1	17211	0.255186506234214	-0.799704091547599	1	1.3	singlet	bif3	bif3_Re2	bi3_Re2	1_3
CB:Z:TACTGCCAGGCTTAAA-3_bif3_2	CB:Z:TACTGCCAGGCTTAAA-3_bif3_2	27039	11067	13729	569	0.0206099681251811	15603	4.19320810849449	0.409297681127261	0.507748067606051	0.0210436776508007	0.269118685886975	0.1808866719686	3.94394400977922	1	0.011529817661404	0.079444214456421	1	13729	-0.723731569327309	1.7846926879896	1	2.25	singlet	bif3	bif3_Re2	bi3_Re2	1_1
CB:Z:GCTCGAGAGCACCATT-3_bif3_2	CB:Z:GCTCGAGAGCACCATT-3_bif3_2	26932	12036	18507	800	0.0288475407471513	15158	4.18064190272983	0.446903312045151	0.687175107678598	0.0297044408139017	0.377469740877369	0.661085593196284	3.92971707481941	1	0.0111248340421177	0.139927731930825	1	18507	-1.44860320476432	0.472142798901924	1	1.5	singlet	bif3	bif3_Re2	bi3_Re2	1_1
CB:Z:ACAGACTGTAGAAAGG-3_bif3_2	CB:Z:ACAGACTGTAGAAAGG-3_bif3_2	26849	12460	20837	1106	0.0395635843319621	14395	4.1582116692141	0.464076874371485	0.776081045849007	0.0411933405340981	0.426950990110084	0.899023729961534	3.9043224983388	1	0.02623881393127	0.170835099927077	1	20837	-1.61713652995963	-0.99397088765966	1	1.75	singlet	bif3	bif3_Re2	bi3_Re2	1_3
CB:Z:TCAAGGTTCGTGCTGG-3_bif3_2	CB:Z:TCAAGGTTCGTGCTGG-3_bif3_2	26840	12552	18823	937	0.0337329445224466	15098	4.17891942103546	0.467660208643815	0.701304023845007	0.0349105812220566	0.437275455869958	0.69889868033456	3.92776695276235	1	0.0146069700348501	0.128128711949239	1	18823	-1.43978934673209	0.169028384686837	1	1.75	singlet	bif3	bif3_Re2	bi3_Re2	1_1
CB:Z:TCAGGTAGTTCCAGTA-3_bif3_2	CB:Z:TCAGGTAGTTCCAGTA-3_bif3_2	26826	11915	18982	664	0.0241542379046926	15159	4.18067055295789	0.444158652053977	0.707597107283978	0.0247521061656602	0.369561701619023	0.715740801106143	3.92974951141474	1	0.0151157231831638	0.117534371521167	1	18982	-1.60690646556754	-0.750448958872429	1	2.3	singlet	bif3	bif3_Re2	bi3_Re2	1_3
CB:Z:ACTTTCACAAGGCTTT-3_bif3_2	CB:Z:ACTTTCACAAGGCTTT-3_bif3_2	26688	11785	18883	890	0.0322721009500326	14879	4.17257374377197	0.441584232613909	0.707546462829736	0.0333483213429257	0.362144167183069	0.715605261823528	3.92058264117344	1	0.0164748375750099	0.136490933503295	1	18883	-1.34659581569572	-1.0820264983164	1	0.9	singlet	bif3	bif3_Re2	bi3_Re2	1_3
CB:Z:AGGCGAAAGTGGTGTG-3_bif3_2	CB:Z:AGGCGAAAGTGGTGTG-3_bif3_2	26614	12058	18698	963	0.0349204046850636	14698	4.16725824304363	0.453069812880439	0.70256256105809	0.036183963327572	0.395236943681691	0.702266891791443	3.91456465256516	1	0.0141534474087766	0.135317022061407	1	18698	0.429507919274375	-0.213313477038017	1	0.65	singlet	bif3	bif3_Re2	bi3_Re2	1_3
CB:Z:ACCCAAAGTCAAGACG-3_bif3_2	CB:Z:ACCCAAAGTCAAGACG-3_bif3_2	26599	11478	19562	221	0.00824011931394482	14976	4.17539583139403	0.431519981954209	0.735441181999323	0.0083085830294372	0.333146590223192	0.790259639713109	3.9237776912786	1	0.0126241970961508	0.135804620416229	1	19562	3.034581073247	-0.108760373591057	1	1.3	singlet	bif3	bif3_Re2	bi3_Re2	1_2
CB:Z:TATGTTCGTACCGGCT-3_bif3_2	CB:Z:TATGTTCGTACCGGCT-3_bif3_2	26509	11611	18685	1048	0.0380302645425845	15030	4.17695898058691	0.438002187936173	0.70485495492097	0.0395337432570071	0.351823417061821	0.708402004200025	3.92554742371145	1	0.0146639757227805	0.12494088131147	1	18685	-0.247150472678139	-1.77353693723547	1	1.5	singlet	bif3	bif3_Re2	bi3_Re2	1_3
CB:Z:TTCGATTCAGCCACGT-3_bif3_2	CB:Z:TTCGATTCAGCCACGT-3_bif3_2	26506	11654	16196	865	0.0316027912754375	14792	4.17002689815112	0.439674036067306	0.611031464574059	0.0326341205764733	0.356640421972269	0.457303068208068	3.91769920860205	1	0.00852868554096397	0.113965023236891	1	16196	-2.11658530620475	0.858883304597267	1	1.4	singlet	bif3	bif3_Re2	bi3_Re2	1_1
CB:Z:AACCAACCACCCATCT-3_bif3_2	CB:Z:AACCAACCACCCATCT-3_bif3_2	26453	10893	17247	1145	0.0414885136604102	14867	4.17222334142775	0.411786942879825	0.65198654216913	0.0432843155785733	0.276290860118713	0.56691076207627	3.92018593022868	1	0.0149988381055474	0.103944201302806	1	17247	-1.07785182384391	-1.73435260534154	1	1.75	singlet	bif3	bif3_Re2	bi3_Re2	1_3
CB:Z:CTAACTTGTTGAAGCG-3_bif3_2	CB:Z:CTAACTTGTTGAAGCG-3_bif3_2	26450	11384	17434	1125	0.0407978241160471	15125	4.17969538332451	0.430396975425331	0.659130434782609	0.0425330812854442	0.329910932711403	0.586029895541169	3.92864546495801	1	0.0202050812950228	0.102740540697631	1	17434	0.176113792382286	1.20098657727374	1	0.8	singlet	bif3	bif3_Re2	bi3_Re2	1_1
CB:Z:TAGCCGGTCACATCCC-3_bif3_2	CB:Z:TAGCCGGTCACATCCC-3_bif3_2	26337	11842	18245	1032	0.0377068946618437	14887	4.17280718836909	0.44963359532217	0.692751642176406	0.0391844173596082	0.385336357292704	0.676010020690343	3.92084693742659	1	0.013267900536723	0.115785196006437	1	18245	-2.45367436794181	-0.310088293551078	1	2.15	singlet	bif3	bif3_Re2	bi3_Re2	1_3
CB:Z:AAGGAGCAGGAAGACA-3_bif3_2	CB:Z:AAGGAGCAGGAAGACA-3_bif3_2	26255	13041	18466	846	0.0312165602745286	14514	4.16178711874552	0.496705389449629	0.703332698533613	0.0322224338221291	0.520961752466553	0.704328003565865	3.90837047343075	1	0.0129254692731532	0.138497276790005	1	18466	-2.31131987956901	0.959858847857842	1	1.9	singlet	bif3	bif3_Re2	bi3_Re2	1_1
CB:Z:CTGGCAGCATGTGGGA-3_bif3_2	CB:Z:CTGGCAGCATGTGGGA-3_bif3_2	26191	10868	15844	1076	0.0394616202735908	15315	4.18511700114259	0.414951700965981	0.604940628460158	0.0410828147073422	0.285409305124279	0.441002220074547	3.934783594917	1	0.0200323761296021	0.102560611381209	1	15844	-0.11934523967643	0.238171560765633	1	0.85	singlet	bif3	bif3_Re2	bi3_Re2	1_3
CB:Z:TACGCAATCGCGGCAT-3_bif3_2	CB:Z:TACGCAATCGCGGCAT-3_bif3_2	25758	10748	17577	721	0.0272291249669549	14680	4.16672605558005	0.417268421461294	0.682389937106918	0.0279913036726454	0.292084345634385	0.648279085629297	3.91396213207707	1	0.0130707563240434	0.104841804767114	1	17577	-1.38350634960075	-1.8868189024912	1	1.75	singlet	bif3	bif3_Re2	bi3_Re2	1_3
CB:Z:GGTGTCGGTAGTACAA-3_bif3_2	CB:Z:GGTGTCGGTAGTACAA-3_bif3_2	25497	11147	17738	397	0.0153317370819495	14361	4.15718468220161	0.437188688865357	0.695689688983018	0.015570459269718	0.349479526521889	0.683873088076847	3.90315978640292	1	0.0123246720630195	0.127790331130068	1	17738	1.65884108158211	-0.607479827402702	1	1.7	singlet	bif3	bif3_Re2	bi3_Re2	1_2
CB:Z:GAGCGCTCACACACCG-3_bif3_2	CB:Z:GAGCGCTCACACACCG-3_bif3_2	25494	9841	13635	1197	0.044846577498033	14777	4.16958627332191	0.386012395073351	0.534831725111791	0.0469522240527183	0.202028060145233	0.253370413058561	3.9172003515163	1	0.0145580345430967	0.0970742899099378	1	13635	-2.31562285808463	0.496881289483437	1	1.9	singlet	bif3	bif3_Re2	bi3_Re2	1_1
CB:Z:GCATTGATCGGAGTTT-3_bif3_2	CB:Z:GCATTGATCGGAGTTT-3_bif3_2	25350	10914	17327	904	0.0344328483278738	14190	4.15198239545747	0.430532544378698	0.683510848126233	0.0356607495069034	0.330301540148714	0.651278969381765	3.89726997395379	1	0.0161202276134973	0.118609285887316	1	17327	2.59597475143533	-0.0343606638895184	1	1.1	singlet	bif3	bif3_Re2	bi3_Re2	1_2
CB:Z:TCACAAGAGGTGTTGG-3_bif3_2	CB:Z:TCACAAGAGGTGTTGG-3_bif3_2	25272	10543	15891	854	0.0326877440097987	14693	4.16711047859666	0.417181069958848	0.628798670465337	0.0337923393478949	0.291832664510735	0.504853276352684	3.91439735981063	1	0.0111080792211785	0.0981908544953455	1	15891	-0.835113100089028	0.585586769582161	1	2.45	singlet	bif3	bif3_Re2	bi3_Re2	1_1
CB:Z:GGCACGTAGTCTCTAG-3_bif3_2	CB:Z:GGCACGTAGTCTCTAG-3_bif3_2	25242	10955	16846	962	0.0367119523736834	14049	4.14764541250174	0.433998890737659	0.667379763885588	0.038111084700103	0.340288935009224	0.608107498418087	3.89235982242607	1	0.0190868282161511	0.126812947221136	1	16846	1.57505697818856	-0.0638469624506146	1	1.35	singlet	bif3	bif3_Re2	bi3_Re2	1_2
CB:Z:GTGTCAAGTCAGCTTA-3_bif3_2	CB:Z:GTGTCAAGTCAGCTTA-3_bif3_2	25172	11112	15558	484	0.0188649828500156	13987	4.14572457488067	0.441442873033529	0.618067694263467	0.019227713332274	0.361736875527717	0.476134064389012	3.89018513004754	1	0.0109705237754916	0.116143031494378	1	15558	0.176799484215782	0.547435743810067	1	0.35	singlet	bif3	bif3_Re2	bi3_Re2	1_2
CB:Z:GAGCATTAGGGCTTCC-3_bif3_2	CB:Z:GAGCATTAGGGCTTCC-3_bif3_2	25104	10410	12408	700	0.0271275771198264	14649	4.16580797900379	0.414674952198853	0.494263862332696	0.0278840025493945	0.284611923983378	0.144799018606768	3.91292272400249	1	0.00521931554088133	0.0931031773482136	1	12408	-1.72824292568107	1.37818442478908	1	1.3	singlet	bif3	bif3_Re2	bi3_Re2	1_1
CB:Z:GGTGAAGCAACCTCCT-3_bif3_2	CB:Z:GGTGAAGCAACCTCCT-3_bif3_2	25086	10448	14940	860	0.0331457642796577	14314	4.15576101287792	0.416487283743921	0.595551303515905	0.0342820696802998	0.289833696098551	0.415873656913368	3.90154796727059	1	0.0163619275778964	0.102788223474903	1	14940	2.51486618133645	0.0306151938451618	1	0.75	singlet	bif3	bif3_Re2	bi3_Re2	1_2
CB:Z:CTCATGCTCGGTTAGT-3_bif3_2	CB:Z:CTCATGCTCGGTTAGT-3_bif3_2	25014	10159	16052	977	0.0375899349774922	14415	4.15881464672423	0.406132565763173	0.641720636443592	0.0390581274486288	0.259999211475974	0.539436213909865	3.90500516437018	1	0.0111476175892165	0.102519246128097	1	16052	-0.897373250998452	-1.86603380918371	1	2.7	singlet	bif3	bif3_Re2	bi3_Re2	1_3
CB:Z:TAGGAGGTCAAGTTGC-3_bif3_2	CB:Z:TAGGAGGTCAAGTTGC-3_bif3_2	24899	10576	16707	501	0.0197244094488189	14539	4.16253453654936	0.424756014297763	0.670990802843488	0.0201212900116471	0.313657938826888	0.617771688449833	3.90921666874874	1	0.0106311557185683	0.108636029512443	1	16707	-0.204072050131753	0.635138018132576	1	3.05	singlet	bif3	bif3_Re2	bi3_Re2	1_2
CB:Z:AATGCCACAACGGGTA-3_bif3_2	CB:Z:AATGCCACAACGGGTA-3_bif3_2	24860	10879	17991	881	0.0342255545627598	14091	4.14894181490291	0.437610619469027	0.723692679002414	0.0354384553499598	0.350695212176524	0.758817230236393	3.89382755524762	1	0.0131829915823819	0.123642011126327	1	17991	1.98165995689492	-0.058995621203056	1	1.2	singlet	bif3	bif3_Re2	bi3_Re2	1_2
CB:Z:GCGCATGGTCATTGGT-3_bif3_2	CB:Z:GCGCATGGTCATTGGT-3_bif3_2	24762	11555	18251	734	0.0287888296203326	13858	4.14170055699739	0.466642435990631	0.737056780550844	0.0296421936838704	0.434343002989332	0.794583451114465	3.88562930454423	1	0.01094660503786	0.129321156718934	1	18251	-0.893538049735024	1.75036822080744	1	0.95	singlet	bif3	bif3_Re2	bi3_Re2	1_1
CB:Z:TGGACATGTACAACGG-3_bif3_2	CB:Z:TGGACATGTACAACGG-3_bif3_2	24616	11119	15879	659	0.0260731948565776	13395	4.12694271794423	0.451698082547936	0.645068248293793	0.026771205719857	0.391284651829082	0.548395396419399	3.86892109362608	1	0.0135910387793211	0.116157040849163	1	15879	-1.17444568065543	0.90217374086512	1	2.15	singlet	bif3	bif3_Re2	bi3_Re2	1_1
CB:Z:CTCAGCTCAGCAATGG-3_bif3_2	CB:Z:CTCAGCTCAGCAATGG-3_bif3_2	24614	10860	15752	278	0.0111682468262896	13934	4.14407580619855	0.441212318192898	0.639960997806127	0.0112943853091736	0.361072590429827	0.534726909364019	3.88831846279383	1	0.0128169528274044	0.114706842195263	1	15752	-2.34600263027091	0.712654573918709	1	1.95	singlet	bif3	bif3_Re2	bi3_Re2	1_1
CB:Z:TTCATCAGTGGACGAT-3_bif3_2	CB:Z:TTCATCAGTGGACGAT-3_bif3_2	24528	10779	14791	862	0.0339503741630563	14094	4.14903426716125	0.439456947162427	0.603025114155251	0.0351435094585779	0.356014935541215	0.435875746927353	3.89393222584516	1	0.0164740808517767	0.108198965213778	1	14791	-1.01658826259513	1.7796507906927	1	1.75	singlet	bif3	bif3_Re2	bi3_Re2	1_1
CB:Z:TAAGTGCAGCGAATAT-3_bif3_2	CB:Z:TAAGTGCAGCGAATAT-3_bif3_2	24485	10010	14101	679	0.0269829915752663	13924	4.14376401461225	0.408821727588319	0.575903614457831	0.0277312640392077	0.267747346893001	0.363290729131194	3.88796546534159	1	0.0166140356849832	0.104950957704375	1	14101	-2.08100514797111	0.139572246075997	1	1.85	singlet	bif3	bif3_Re2	bi3_Re2	1_1
CB:Z:TAAGTGCGTTGTATCG-3_bif3_2	CB:Z:TAAGTGCGTTGTATCG-3_bif3_2	24386	11309	18427	882	0.0349058097198037	13782	4.13931224557867	0.463749692446486	0.755638481095711	0.0361682932830312	0.426008298659836	0.844313483737269	3.88292535779576	1	0.013686556552772	0.127173015831741	1	18427	-2.64171843913932	0.163789613248238	1	1.3	singlet	bif3	bif3_Re2	bi3_Re2	1_1
CB:Z:ACTAGGTTCTGACATG-3_bif3_2	CB:Z:ACTAGGTTCTGACATG-3_bif3_2	24340	11466	18579	897	0.0355430518682886	13633	4.13459143471088	0.471076417419885	0.763311421528348	0.0368529170090386	0.447118392045202	0.864848502967967	3.87758065228708	1	0.0128284960545328	0.136654806227883	1	18579	-0.504097513236001	0.628948612214455	1	1	singlet	bif3	bif3_Re2	bi3_Re2	1_1
CB:Z:AGGCGTCTCCGTTTCG-3_bif3_2	CB:Z:AGGCGTCTCCGTTTCG-3_bif3_2	24294	10822	16578	789	0.0314555675158474	13732	4.13773379475371	0.445459784308883	0.682390713756483	0.0324771548530501	0.373310583077995	0.648281164169316	3.88113830149217	1	0.0131399353706672	0.119447735952799	1	16578	-1.59054093746085	0.474957389832863	1	1.2	singlet	bif3	bif3_Re2	bi3_Re2	1_1
CB:Z:GGTTGCGTCCCAGCAG-3_bif3_2	CB:Z:GGTTGCGTCCCAGCAG-3_bif3_2	24277	10811	17251	524	0.0211281803153099	14011	4.14646913307187	0.445318614326317	0.710590270626519	0.0215842155126251	0.372903837700491	0.723751376365955	3.89102808783117	1	0.0114652534363258	0.10990877177442	1	17251	2.30260617347817	0.327415926457772	1	0.95	singlet	bif3	bif3_Re2	bi3_Re2	1_2
CB:Z:CCGCATTCAAATTCCG-3_bif3_2	CB:Z:CCGCATTCAAATTCCG-3_bif3_2	24235	10686	15209	1196	0.0470292163108018	13754	4.138429020006	0.440932535589024	0.627563441303899	0.0493501134722509	0.360266468060442	0.501547444017984	3.8819254065764	1	0.0139271730506683	0.105407347692894	1	15209	-2.14674287227531	0.800761861802468	1	1.95	singlet	bif3	bif3_Re2	bi3_Re2	1_1
CB:Z:TACGCAACAATGATGA-3_bif3_2	CB:Z:TACGCAACAATGATGA-3_bif3_2	24157	11398	18162	776	0.0311234107407853	13486	4.12988315534062	0.471830111354887	0.751831767189635	0.0321231941052283	0.449289969306481	0.834125610658712	3.87225013441814	1	0.0133009561187278	0.144651780424385	1	18162	-0.962061933554604	1.54357930094136	1	0.55	singlet	bif3	bif3_Re2	bi3_Re2	1_1
CB:Z:TAGGTGTTCTTGTACT-3_bif3_2	CB:Z:TAGGTGTTCTTGTACT-3_bif3_2	24135	10410	15431	924	0.0368729797677481	13893	4.14279603571356	0.431323803604723	0.639361922519163	0.0382846488502175	0.332581352235843	0.533123609736395	3.88686955993528	1	0.0128959175023199	0.122122682605075	1	15431	-2.22434955028434	1.18586832106245	1	0.65	singlet	bif3	bif3_Re2	bi3_Re2	1_1
CB:Z:CAAGCTAAGGACTTTC-3_bif3_2	CB:Z:CAAGCTAAGGACTTTC-3_bif3_2	24132	10075	16524	809	0.0324365502586103	13771	4.13896547828983	0.417495441737113	0.684733963202387	0.0335239515995359	0.292738446783304	0.65455238090251	3.88253276230935	1	0.0141736938497255	0.111415806558098	1	16524	1.48210043521981	-0.330781595705619	1	1.1	singlet	bif3	bif3_Re2	bi3_Re2	1_2
CB:Z:TCAATTCGTACTATGC-3_bif3_2	CB:Z:TCAATTCGTACTATGC-3_bif3_2	24108	10953	16527	223	0.00916526242242407	13984	4.14563141529033	0.454330512692882	0.685540069686411	0.00925004148000664	0.398869329347621	0.656709756200383	3.89007965863815	1	0.00990621700284907	0.119446807585349	1	16527	-2.24658780483146	1.17761535763873	1	1.25	singlet	bif3	bif3_Re2	bi3_Re2	1_1
CB:Z:AGTGTACAGAGCAGCT-3_bif3_2	CB:Z:AGTGTACAGAGCAGCT-3_bif3_2	24023	11396	18656	413	0.0169012931740056	13370	4.12613140726198	0.474378720392957	0.776589102110477	0.0171918578029388	0.456633137637731	0.900383436216412	3.86800256145141	1	0.00912970918038793	0.131912194064945	1	18656	1.94848985286813	-1.02595521688329	1	1.35	singlet	bif3	bif3_Re2	bi3_Re2	1_2
CB:Z:TATTGCTCATACCCGG-3_bif3_2	CB:Z:TATTGCTCATACCCGG-3_bif3_2	23919	10603	18233	167	0.00693348833347173	13463	4.12914184579229	0.443287762866341	0.762281031815711	0.00698189723650654	0.367052456063052	0.862090880547999	3.8714108546127	1	0.0137372313884397	0.138780821177367	1	18233	2.77119893642525	-0.35493017911779	1	0.35	singlet	bif3	bif3_Re2	bi3_Re2	1_2
CB:Z:TTCGTTAGTCTCGGGT-3_bif3_2	CB:Z:TTCGTTAGTCTCGGGT-3_bif3_2	23871	10755	15478	695	0.0282911340877636	13519	4.13094456804468	0.450546688450421	0.648401826484018	0.0291148255205061	0.3879672027628	0.557317020775055	3.87345182168866	1	0.0134944542466706	0.135942489211704	1	15478	-1.76753001598258	0.184898121358284	1	1.85	singlet	bif3	bif3_Re2	bi3_Re2	1_1
CB:Z:ACTCGGGCATGTGAGG-3_bif3_2	CB:Z:ACTCGGGCATGTGAGG-3_bif3_2	23870	11296	18234	891	0.035984007107952	13368	4.12606643688533	0.473229995810641	0.763887725178048	0.0373271889400922	0.453323380100114	0.866390859074233	3.86792900469607	1	0.0185093283150204	0.13856474971787	1	18234	-2.56893496898551	0.474050207139382	1	2.15	singlet	bif3	bif3_Re2	bi3_Re2	1_1
CB:Z:CCAATGATCTGGCTAA-3_bif3_2	CB:Z:CCAATGATCTGGCTAA-3_bif3_2	23860	10573	15654	549	0.0224917038797165	13626	4.13436838460338	0.443126571668064	0.656077116512992	0.0230092204526404	0.366588024647805	0.57785832820861	3.87732812424229	1	0.0144578760982823	0.126719972243096	1	15654	-1.60218720821281	1.6716219019903	1	0.4	singlet	bif3	bif3_Re2	bi3_Re2	1_1
CB:Z:AGGCCTGAGACTCGGA-3_bif3_2	CB:Z:AGGCCTGAGACTCGGA-3_bif3_2	23811	9830	12362	650	0.0265729119823392	13955	4.14472984082465	0.412834404266935	0.519171811347696	0.0272983075049347	0.27930885353047	0.211459931266094	3.88905893356609	1	0.00994208126277703	0.0777335236771858	1	12362	-1.35318284419914	1.94117162943018	1	0.9	singlet	bif3	bif3_Re2	bi3_Re2	1_1
CB:Z:GCGCATGTCGCCCTTA-3_bif3_2	CB:Z:GCGCATGTCGCCCTTA-3_bif3_2	23722	10195	17206	1232	0.0493708423499239	13608	4.13379430060451	0.429769833909451	0.725318269960374	0.0519349127392294	0.328103984038684	0.763167784222317	3.87667817024135	1	0.0135826289113912	0.116456694616613	1	17206	2.63923890205483	-0.668716924189201	1	1.35	singlet	bif3	bif3_Re2	bi3_Re2	1_2
CB:Z:TGCCTCACAACAAACA-3_bif3_2	CB:Z:TGCCTCACAACAAACA-3_bif3_2	23717	10372	15665	1091	0.0439777491131893	13505	4.13049458852347	0.437323438883501	0.660496690137876	0.0460007589492769	0.349867774405771	0.589686392061735	3.87294237361011	1	0.0105628479663691	0.10327553015106	1	15665	-0.411115221060708	0.304596526624092	1	1.45	singlet	bif3	bif3_Re2	bi3_Re2	1_1
CB:Z:TTAGCGATCACTAGGT-3_bif3_2	CB:Z:TTAGCGATCACTAGGT-3_bif3_2	23693	10409	17458	577	0.0237742068397198	13401	4.1271372071915	0.439328071582324	0.736842105263158	0.0243531844848689	0.355643613355527	0.794008917635457	3.86914128625409	1	0.0186633858307176	0.114203228169946	1	17458	-1.2173486271276	-1.9839446711527	1	1.55	singlet	bif3	bif3_Re2	bi3_Re2	1_3
CB:Z:GAACTTGAGATATGTG-3_bif3_2	CB:Z:GAACTTGAGATATGTG-3_bif3_2	23610	10176	14256	868	0.03546041343247	13403	4.12720201759035	0.431003811944091	0.603811944091487	0.0367640830156713	0.331659377702473	0.437981532579377	3.86921466188922	1	0.0149716798350584	0.103100413675463	1	14256	-1.82819562343498	1.21614646732939	1	1.2	singlet	bif3	bif3_Re2	bi3_Re2	1_1
CB:Z:TCACTCGCAGGAGCAT-3_bif3_2	CB:Z:TCACTCGCAGGAGCAT-3_bif3_2	23602	10834	17697	755	0.0309972492507287	13065	4.11610941406334	0.459028895856283	0.749809338191679	0.0319888145072451	0.412406524711134	0.828713002711297	3.85665607802793	1	0.0133808885521069	0.148200893243993	1	17697	2.9604661545382	0.12105642080439	1	0.85	singlet	bif3	bif3_Re2	bi3_Re2	1_2
CB:Z:CACCACTCACAGGAAC-3_bif3_2	CB:Z:CACCACTCACAGGAAC-3_bif3_2	23544	9888	13491	260	0.0109225340278945	13703	4.13681565772685	0.419979612640163	0.573012232415902	0.0110431532449881	0.299895953027772	0.355552550221091	3.88009882497794	1	0.00961490854976867	0.0957078993185384	1	13491	0.264315076790855	0.719752295018563	1	0.55	singlet	bif3	bif3_Re2	bi3_Re2	1_1
CB:Z:CTCAACCAGCTATCGT-3_bif3_2	CB:Z:CTCAACCAGCTATCGT-3_bif3_2	23541	8524	11000	771	0.0317127344521224	13961	4.14491652709285	0.362091669852598	0.467269869589227	0.0327513699502995	0.133106578161244	0.0725552464874684	3.88927029198608	1	0.0117861414202794	0.0845162818859805	1	11000	-1.70113330272575	0.855336887837777	1	1.95	singlet	bif3	bif3_Re2	bi3_Re2	1_1
CB:Z:ACTGTCCGTAACTCCA-3_bif3_2	CB:Z:ACTGTCCGTAACTCCA-3_bif3_2	23531	7433	9901	878	0.0359703388094555	13792	4.13962724848064	0.315881178020484	0.420764098423356	0.037312481407505	-3.71936469452588e-05	-0.0519077170417926	3.8832819909659	1	0.0193776222576158	0.0757893411113706	1	9901	-1.97392230419059	0.101999266148934	1	1.7	singlet	bif3	bif3_Re2	bi3_Re2	1_1
CB:Z:GGGACCTAGATGCGAC-3_bif3_2	CB:Z:GGGACCTAGATGCGAC-3_bif3_2	23530	10981	17211	1152	0.0466736893282554	13242	4.1219535835453	0.466680832979176	0.731449213769656	0.0489587760305992	0.434453634139927	0.779575972208554	3.86327260338737	1	0.0104321743242698	0.123345929369015	1	17211	-1.89074283031364	1.29287071347369	1	2.05	singlet	bif3	bif3_Re2	bi3_Re2	1_1
CB:Z:CTCTCAGTCCATTGTT-3_bif3_2	CB:Z:CTCTCAGTCCATTGTT-3_bif3_2	23500	9487	12169	328	0.0137653181131442	13534	4.13142617214745	0.403702127659574	0.517829787234043	0.0139574468085106	0.252996522618322	0.207868284592451	3.87399707380173	1	0.0117874663227948	0.0798438454212557	1	12169	-0.388694337881997	1.43088944380304	1	0.6	singlet	bif3	bif3_Re2	bi3_Re2	1_1
CB:Z:GATGGCCAGCATTCCA-3_bif3_2	CB:Z:GATGGCCAGCATTCCA-3_bif3_2	23400	10117	15952	282	0.0119077780592855	13476	4.12956100230908	0.432350427350427	0.681709401709402	0.0120512820512821	0.335539307286992	0.64645777506422	3.871885406169	1	0.00799681929935146	0.10384238320713	1	15952	-1.56703048137565	1.217767132522	1	1.55	singlet	bif3	bif3_Re2	bi3_Re2	1_1
CB:Z:AGCCTCTAGTGCAACG-3_bif3_2	CB:Z:AGCCTCTAGTGCAACG-3_bif3_2	23386	10735	17209	754	0.0312344656172328	13116	4.11780140799733	0.459035320277089	0.735867613101856	0.0322415120157359	0.412425035044693	0.791400893313075	3.85857168311207	1	0.0153794903040925	0.122067923164277	1	17209	-2.1270108738317	-0.425830261705986	1	2.4	singlet	bif3	bif3_Re2	bi3_Re2	1_1
CB:Z:CTCTAGCTCCTCATTA-3_bif3_2	CB:Z:CTCTAGCTCCTCATTA-3_bif3_2	23326	10377	15863	1130	0.0462054301602879	13019	4.11457762700017	0.444868387207408	0.680056589213753	0.0484437966217954	0.371606622838557	0.642034368329754	3.85492185249253	1	0.0133668377441543	0.139341263132568	1	15863	-0.549334577597573	1.39390333190692	1	1	singlet	bif3	bif3_Re2	bi3_Re2	1_1
CB:Z:GAACCGCGTGCTTGAT-3_bif3_2	CB:Z:GAACCGCGTGCTTGAT-3_bif3_2	23242	9174	13222	529	0.022254006983299	13571	4.13261185049545	0.394716461578177	0.568883917046726	0.0227605197487307	0.22710661262488	0.344503978133157	3.8753394494604	1	0.0112669319271201	0.104589278523026	1	13222	-1.6603270092382	0.5659444165243	1	0.75	singlet	bif3	bif3_Re2	bi3_Re2	1_1
CB:Z:TGATCAGCATATTGGC-3_bif3_2	CB:Z:TGATCAGCATATTGGC-3_bif3_2	23189	10432	16211	864	0.0359206751756538	13532	4.13136198911594	0.449868472120402	0.699081461037561	0.0372590452369658	0.386013095011497	0.692950456131201	3.87392440844579	1	0.0158761238704824	0.126155282721787	1	16211	-1.28312878993888	0.153026564122567	1	1.35	singlet	bif3	bif3_Re2	bi3_Re2	1_1
CB:Z:GTTGGGCCATAGAATG-3_bif3_2	CB:Z:GTTGGGCCATAGAATG-3_bif3_2	23146	9982	16542	940	0.0390268205596612	13026	4.11481107383806	0.431262421152683	0.714680722371036	0.0406117687721421	0.332404494321904	0.734698614386806	3.8551861512826	1	0.0167557470046741	0.1050875401024	1	16542	-0.0747569122685934	-1.63454963445531	1	1.1	singlet	bif3	bif3_Re2	bi3_Re2	1_3
CB:Z:CATTCATTCGCTCGGA-3_bif3_2	CB:Z:CATTCATTCGCTCGGA-3_bif3_2	23134	10207	17225	923	0.0383672112067174	13272	4.1229363730163	0.441212068816461	0.744575084291519	0.0398979856488286	0.361071871915087	0.814704617602384	3.86438527670699	1	0.0123452511721157	0.1157844658842	1	17225	1.60987515064339	-0.361091511248222	1	1.7	singlet	bif3	bif3_Re2	bi3_Re2	1_2
CB:Z:TGGCAATGTTACGGAG-3_bif3_2	CB:Z:TGGCAATGTTACGGAG-3_bif3_2	23025	10147	14584	857	0.0358847667699523	12864	4.10937603140438	0.440694896851249	0.633398479913138	0.0372204125950054	0.359581772515757	0.517163703665054	3.84903282253278	1	0.0382614884824419	0.130793429361603	1	14584	-1.18082385448356	1.78225172877444	1	0.9	singlet	bif3	bif3_Re2	bi3_Re2	1_1
CB:Z:AGGCCTGTCCCAGCGA-3_bif3_2	CB:Z:AGGCCTGTCCCAGCGA-3_bif3_2	23006	9433	15634	645	0.0272715741406283	13309	4.12414542506165	0.410023472137703	0.67956185342954	0.0280361644788316	0.271209867972331	0.640710311544469	3.86575411509261	1	0.0102632134247427	0.081580959890357	1	15634	-1.14358764079948	-1.91310145139562	1	2.6	singlet	bif3	bif3_Re2	bi3_Re2	1_3
CB:Z:TGCGTAACAGCAGGTA-3_bif3_2	CB:Z:TGCGTAACAGCAGGTA-3_bif3_2	22951	10855	17930	976	0.0407907384962595	12797	4.10710816994855	0.472964140996035	0.781229576053331	0.0425253801577273	0.452557387110933	0.912802693539291	3.84646524421724	1	0.0160066433488389	0.136017154976022	1	17930	-2.32198243526359	-0.0156560111032635	1	1.75	singlet	bif3	bif3_Re2	bi3_Re2	1_1
CB:Z:TAGCCCTTCCTCTCTT-3_bif3_2	CB:Z:TAGCCCTTCCTCTCTT-3_bif3_2	22767	10329	16649	1113	0.046608040201005	12914	4.11106078206982	0.453682962182106	0.731277726534019	0.0488865463170378	0.397003577350124	0.77911702251221	3.85094022708986	1	0.0140239874878096	0.105556313728517	1	16649	2.47921259018044	-0.321784870623222	1	3.1	singlet	bif3	bif3_Re2	bi3_Re2	1_2
CB:Z:TGTACGACACACACCG-3_bif3_2	CB:Z:TGTACGACACACACCG-3_bif3_2	22759	10594	17342	392	0.0169323139389227	12705	4.10397466938639	0.465486181290918	0.761984269959137	0.0172239553583198	0.431011549334824	0.861296659546912	3.84291762534729	1	0.00932540264145564	0.131158058273891	1	17342	2.38656730266671	-0.174609081743827	1	0.65	singlet	bif3	bif3_Re2	bi3_Re2	1_2
CB:Z:GAGGATGAGGCTCCTG-3_bif3_2	CB:Z:GAGGATGAGGCTCCTG-3_bif3_2	22734	9874	14006	1106	0.0463926174496644	12946	4.11213560268191	0.434327439078033	0.616081639834609	0.0486495997184833	0.341235563437624	0.470818805363105	3.8521570942356	1	0.0179913624196318	0.097754760606127	1	14006	-0.561207822836831	1.57938870608939	1	1.2	singlet	bif3	bif3_Re2	bi3_Re2	1_1
CB:Z:AAATGCCCAATCAGGG-3_bif3_2	CB:Z:AAATGCCCAATCAGGG-3_bif3_2	22676	10469	16220	732	0.0312713602187286	12825	4.10805737378385	0.461677544540483	0.71529370259305	0.0322808255424237	0.420037931822973	0.736339127662988	3.84753989327849	1	0.0112363759083324	0.119414081615366	1	16220	-1.56678157237907	-0.974756495951286	1	1.45	singlet	bif3	bif3_Re2	bi3_Re2	1_3
CB:Z:TTCATCATCTGGCACG-3_bif3_2	CB:Z:TTCATCATCTGGCACG-3_bif3_2	22601	10354	14819	293	0.0127981130427186	12781	4.10656483484676	0.458121322065395	0.65567895225875	0.0129640281403478	0.409791581806996	0.576792724912243	3.84585010283731	1	0.0104556059167517	0.129938993394923	1	14819	-2.05764489559074	1.26640803933276	1	1.45	singlet	bif3	bif3_Re2	bi3_Re2	1_1
CB:Z:ATTACCTTCTCGGCGA-3_bif3_2	CB:Z:ATTACCTTCTCGGCGA-3_bif3_2	22569	10851	17408	335	0.0146262661543835	12818	4.10782026724805	0.480792237139439	0.771323496831938	0.0148433692232709	0.475112053925486	0.886291145704663	3.84727145113083	1	0.0112749635288119	0.124832280559655	1	17408	-0.760913423575356	-0.0327071118341595	1	1.45	singlet	bif3	bif3_Re2	bi3_Re2	1_3
CB:Z:CAGCTAAAGAACTCCT-3_bif3_2	CB:Z:CAGCTAAAGAACTCCT-3_bif3_2	22487	10156	15082	1011	0.0430249382926206	12744	4.10530576279308	0.451638724596434	0.670698625872726	0.0449593098234536	0.391113626998215	0.616989737936073	3.84442463388089	1	0.0131386274153849	0.113347629930631	1	15082	-2.03505711940665	0.960767401458153	1	0.85	singlet	bif3	bif3_Re2	bi3_Re2	1_1
CB:Z:AACCAACGTGTCGTGC-3_bif3_2	CB:Z:AACCAACGTGTCGTGC-3_bif3_2	22380	10168	15439	877	0.0377090768370813	13000	4.11394335230684	0.454334226988382	0.689857015192136	0.0391867739052726	0.39888003114483	0.668263157371185	3.85420375309343	1	0.0137814886441647	0.126896637380984	1	15439	-1.23068194774528	1.70980109095705	1	0.6	singlet	bif3	bif3_Re2	bi3_Re2	1_1
CB:Z:TAGCACAGTAAACCCT-3_bif3_2	CB:Z:TAGCACAGTAAACCCT-3_bif3_2	22352	10310	17282	912	0.0392022008253095	12514	4.0973961506415	0.461256263421618	0.773174659985684	0.0408017179670723	0.41882411749351	0.891245396463555	3.83546970032774	1	0.0170791634735665	0.131388404543483	1	17282	-0.501835397757485	-0.37873663186895	1	0.85	singlet	bif3	bif3_Re2	bi3_Re2	1_1
CB:Z:TAACTTCAGTGCTGAG-3_bif3_2	CB:Z:TAACTTCAGTGCTGAG-3_bif3_2	22341	9261	14888	497	0.0217619756546107	12778	4.10646288379612	0.414529340674097	0.66639810214404	0.0222460946242335	0.28419238143241	0.60548028621467	3.84573467810261	1	0.0161865968804037	0.117007430069377	1	14888	2.4603994569407	-0.866265313624015	1	1.7	singlet	bif3	bif3_Re2	bi3_Re2	1_2
CB:Z:CTGCTCACATCATCGA-3_bif3_2	CB:Z:CTGCTCACATCATCGA-3_bif3_2	22324	9930	14070	376	0.0165638766519824	12828	4.1081589512564	0.444812757570328	0.630263393657051	0.0168428597025623	0.371446340196856	0.508773301429583	3.84765489506363	1	0.0074163366043055	0.099490570748326	1	14070	-0.543311647452309	1.15771217465533	1	0.9	singlet	bif3	bif3_Re2	bi3_Re2	1_1
CB:Z:TTTACGTGTAGTCTGT-3_bif3_2	CB:Z:TTTACGTGTAGTCTGT-3_bif3_2	22303	9369	13007	858	0.0370450325979016	12715	4.10431636451173	0.420078016410348	0.583195085862888	0.0384701609648926	0.300179478448151	0.382804826345612	3.84330447834137	1	0.00928188983917573	0.0928904840345127	1	13007	-1.28844027904411	-0.488538162706962	1	1.2	singlet	bif3	bif3_Re2	bi3_Re2	1_1
CB:Z:GATCATGTCCTCAAGA-3_bif3_2	CB:Z:GATCATGTCCTCAAGA-3_bif3_2	22273	10093	16634	447	0.0196742957746479	12566	4.09919705537992	0.453149553270776	0.746823508283572	0.020069142010506	0.395466695322802	0.820722053853964	3.83750860969005	1	0.0121605567250212	0.131101468966892	1	16634	-0.886539033926919	1.56705011248721	1	1.5	singlet	bif3	bif3_Re2	bi3_Re2	1_1
CB:Z:GTCACGGAGAACGTTA-3_bif3_2	CB:Z:GTCACGGAGAACGTTA-3_bif3_2	22271	9643	13234	700	0.0304732053458709	12719	4.10445296732229	0.432984598805622	0.594225674644156	0.0314310089353868	0.337366510940751	0.412325888673393	3.84345913435589	1	0.0158703498841099	0.101133839657512	1	13234	-1.24871306804557	1.88780866384638	1	0.4	singlet	bif3	bif3_Re2	bi3_Re2	1_1
CB:Z:TAGCCGGGTATTCACG-3_bif3_2	CB:Z:TAGCCGGGTATTCACG-3_bif3_2	22167	8650	11303	592	0.0260116876839931	12838	4.10849737134826	0.390219695944422	0.509902106735237	0.0267063653178148	0.214150326862096	0.186651506888127	3.84803804020116	1	0.0137785216350587	0.0870960570256226	1	11303	-2.01084952739616	0.131724698544869	1	1.65	singlet	bif3	bif3_Re2	bi3_Re2	1_1
CB:Z:CGTACAAAGTGGACGT-3_bif3_2	CB:Z:CGTACAAAGTGGACGT-3_bif3_2	22122	9670	15453	907	0.0393851231056494	12594	4.10016368896604	0.437121417593346	0.69853539462978	0.0409999095922611	0.34928570147189	0.691489023674706	3.83860299198947	1	0.0170042181548566	0.127175018354144	1	15453	-2.0906887569799	-0.361783163546196	1	2.2	singlet	bif3	bif3_Re2	bi3_Re2	1_1
CB:Z:AACCAACGTCTCTGGG-3_bif3_2	CB:Z:AACCAACGTCTCTGGG-3_bif3_2	22100	9931	15632	601	0.0264746046429673	12551	4.09867832957644	0.449366515837104	0.707330316742081	0.0271945701357466	0.384566835727266	0.715026792056221	3.83692132993303	1	0.014124248817774	0.123591734139114	1	15632	-2.54017072109123	0.0684233737005084	1	1.6	singlet	bif3	bif3_Re2	bi3_Re2	1_1
CB:Z:GCACCTTGTGGCCTCA-3_bif3_2	CB:Z:GCACCTTGTGGCCTCA-3_bif3_2	21923	8630	11860	679	0.0300415892398903	12438	4.0947505524775	0.393650504036856	0.540984354331068	0.0309720384983807	0.224035327251971	0.269836637506203	3.83247446423867	1	0.01472098717072	0.0920950582164805	1	11860	-1.06218200115104	-0.247644679545036	1	1.4	singlet	bif3	bif3_Re2	bi3_Re2	1_1
CB:Z:AGCCTGGGTCTCTGCT-3_bif3_2	CB:Z:AGCCTGGGTCTCTGCT-3_bif3_2	21915	10465	17078	305	0.0137263726372637	12427	4.09436629833613	0.477526808122291	0.7792835957107	0.0139174081679215	0.46570355125266	0.907594684418237	3.83203942769863	1	0.011981847241481	0.117738472618118	1	17078	-0.347822717703774	0.875369949342141	1	1.9	singlet	bif3	bif3_Re2	bi3_Re2	1_1
CB:Z:ATTTGTCCAGTTAAAG-3_bif3_2	CB:Z:ATTTGTCCAGTTAAAG-3_bif3_2	21785	9972	13696	842	0.0372121801387723	12202	4.08643102065637	0.457746155611659	0.628689465228368	0.0386504475556576	0.408710635149086	0.504561011391039	3.82305543670307	1	0.0105625699259828	0.11018480857075	1	13696	-1.8453012028112	0.275898082257637	1	1.9	singlet	bif3	bif3_Re2	bi3_Re2	1_1
CB:Z:CTTGCCATCAAACCAC-3_bif3_2	CB:Z:CTTGCCATCAAACCAC-3_bif3_2	21779	10225	17403	1116	0.0487442673072723	12031	4.08030172679391	0.469488957252399	0.799072501033105	0.051242022131411	0.442544529575566	0.960555547977338	3.81611610539146	1	0.0143259964224333	0.14095039055633	1	17403	2.67280585380654	-0.726702229975334	1	0.5	singlet	bif3	bif3_Re2	bi3_Re2	1_2
CB:Z:GGTTGCGGTACCGGCT-3_bif3_2	CB:Z:GGTTGCGGTACCGGCT-3_bif3_2	21768	7447	8632	1056	0.046267087276551	13183	4.12001425207807	0.342107680999633	0.396545387725101	0.0485115766262404	0.0755278001356116	-0.116724027594123	3.86107697304624	1	0.0167329809122859	0.0547186512017112	1	8632	-2.33327727702995	0.912464482785591	1	2.8	singlet	bif3	bif3_Re2	bi3_Re2	1_1
CB:Z:GCGGGTTTCTGTGTGA-3_bif3_2	CB:Z:GCGGGTTTCTGTGTGA-3_bif3_2	21660	8966	13731	1009	0.0445101239578279	12439	4.09478546781956	0.413942751615882	0.63393351800554	0.0465835641735919	0.282502274345995	0.518595621143509	3.83251399393521	1	0.0169038873313412	0.104564597733409	1	13731	-2.1861887493505	-0.0381877589212567	1	1.2	singlet	bif3	bif3_Re2	bi3_Re2	1_3
CB:Z:CCTTAATCAATCAGGG-3_bif3_2	CB:Z:CCTTAATCAATCAGGG-3_bif3_2	21634	9251	12497	212	0.0097042936922091	12236	4.08763946831264	0.427613941018767	0.577655542202089	0.00979938984931127	0.321892327341261	0.367979397085151	3.82442359082453	1	0.0172173534599395	0.108639195566303	1	12497	-1.96327262309928	0.930484516621956	1	1.6	singlet	bif3	bif3_Re2	bi3_Re2	1_1
CB:Z:CTGGGACAGCTGCTCG-3_bif3_2	CB:Z:CTGGGACAGCTGCTCG-3_bif3_2	21558	9377	15188	686	0.0308397770185218	12333	4.09106873150001	0.434966137860655	0.704518044345487	0.0318211336858707	0.343075811433178	0.707500333555333	3.82830605982437	1	0.0114698060261801	0.118666938217381	1	15188	2.57460231395821	0.338558418752083	1	2.6	singlet	bif3	bif3_Re2	bi3_Re2	1_2
CB:Z:TGGCCTTTCCATTGAG-3_bif3_2	CB:Z:TGGCCTTTCCATTGAG-3_bif3_2	21490	9717	16093	1130	0.0499557913351017	12127	4.08375337757001	0.452163797114937	0.74885993485342	0.0525825965565379	0.392626489831192	0.826172123373057	3.82002392068712	1	0.0133780893953592	0.130771041007629	1	16093	-0.547030977286294	0.25207243681086	1	1.45	singlet	bif3	bif3_Re2	bi3_Re2	1_2
CB:Z:GAAACAATCCCACTAC-3_bif3_2	CB:Z:GAAACAATCCCACTAC-3_bif3_2	21473	9026	14591	837	0.0375168086060063	12407	4.0936667822279	0.420341824616961	0.679504494015741	0.0389791831602478	0.300939574657253	0.640556801077944	3.83124746468596	1	0.0154322760001394	0.0947719527401532	1	14591	-1.44487433818717	-1.64720227002966	1	1.3	singlet	bif3	bif3_Re2	bi3_Re2	1_3
CB:Z:AAATGCCTCTCGTGAA-3_bif3_2	CB:Z:AAATGCCTCTCGTGAA-3_bif3_2	21449	8614	11921	341	0.0156493804497476	12452	4.09523911201048	0.401603804373164	0.555783486409623	0.0158981770711921	0.246950738084354	0.309443417266683	3.83302759100022	1	0.00761562779739457	0.0846087152187774	1	11921	-0.836536935843422	1.52059628635777	1	0.75	singlet	bif3	bif3_Re2	bi3_Re2	1_1
CB:Z:ACCGCAGAGAGCGAAA-3_bif3_2	CB:Z:ACCGCAGAGAGCGAAA-3_bif3_2	21390	9538	15073	579	0.0263553188583914	12017	4.07979606117236	0.44590930341281	0.704675081813932	0.0270687237026648	0.374605757974945	0.707920611473919	3.81554361182865	1	0.0166641558136154	0.124912039479865	1	15073	-1.32504611400504	-1.84801580190527	1	1.65	singlet	bif3	bif3_Re2	bi3_Re2	1_3
CB:Z:ATGTCTTCAATGGCAG-3_bif3_2	CB:Z:ATGTCTTCAATGGCAG-3_bif3_2	21336	9403	13501	383	0.0176343293890142	12130	4.08386080086657	0.440710536182977	0.632780277465317	0.0179508811398575	0.359626833269978	0.515509214194438	3.82014554087081	1	0.0107314555394833	0.105302953557749	1	13501	-1.59416108516593	1.12760476589335	1	1.35	singlet	bif3	bif3_Re2	bi3_Re2	1_1
CB:Z:GCCTAGGTCGTCCCAT-3_bif3_2	CB:Z:GCCTAGGTCGTCCCAT-3_bif3_2	21332	10044	15268	683	0.0310243016125369	11976	4.078311787335	0.470841927620476	0.715732233264579	0.0320176261016313	0.446442769365027	0.737512763227105	3.81386317878926	1	0.0130088302076806	0.125406693155845	1	15268	-1.58459906963248	-1.03090121030675	1	2.3	singlet	bif3	bif3_Re2	bi3_Re2	1_3
CB:Z:AAACTGCTCTCTGTTA-3_bif3_2	CB:Z:AAACTGCTCTCTGTTA-3_bif3_2	21310	7708	12850	747	0.0338667996554382	12508	4.0971878725709	0.361708118254341	0.603003284842797	0.035053965274519	0.132001471843386	0.435817325341133	3.83523389656807	1	0.0162418842833968	0.101074556879479	1	12850	-0.0464115658177877	-1.60001398801672	1	0.9	singlet	bif3	bif3_Re2	bi3_Re2	1_3
CB:Z:GTGGATTGTCCCTTTG-3_bif3_2	CB:Z:GTGGATTGTCCCTTTG-3_bif3_2	21291	9165	12938	790	0.0357773651555636	12233	4.08753297573409	0.43046357615894	0.607674604292894	0.0371048799962425	0.330102825775649	0.448319134208623	3.82430302436103	1	0.0127392795982297	0.0957465809601777	1	12938	-1.28304629711051	0.219330890180001	1	2.05	singlet	bif3	bif3_Re2	bi3_Re2	1_1
CB:Z:GGAGAACTCAGAACGG-3_bif3_2	CB:Z:GGAGAACTCAGAACGG-3_bif3_2	21166	8634	11716	631	0.0289489379272377	12264	4.08863214184632	0.407918359633374	0.553529245015591	0.0298119625814986	0.265144522034763	0.303410411956206	3.82554745446838	1	0.0108079603474462	0.0789579597252624	1	11716	-1.3022079983129	0.710319681168923	1	1.7	singlet	bif3	bif3_Re2	bi3_Re2	1_1
CB:Z:TACATTCCAGCACATT-3_bif3_2	CB:Z:TACATTCCAGCACATT-3_bif3_2	21164	8920	14873	935	0.0423096067695371	11992	4.07889161984022	0.421470421470421	0.702749952749953	0.0441787941787942	0.304191339266609	0.7027684064363	3.81451964100975	1	0.0103678069306626	0.110077932338661	1	14873	2.60462576957803	0.314805371762642	1	2.7	singlet	bif3	bif3_Re2	bi3_Re2	1_2
CB:Z:GAAATGACACAAACAA-3_bif3_2	CB:Z:GAAATGACACAAACAA-3_bif3_2	21154	9697	16037	911	0.0412871062769091	11744	4.069816042572	0.458400302543254	0.758107213765718	0.0430651413444266	0.410595393054406	0.850920530057923	3.80424465029769	1	0.0116129213882554	0.136764167170833	1	16037	3.05858505579095	-0.0903902220712811	1	1.05	singlet	bif3	bif3_Re2	bi3_Re2	1_2
CB:Z:ATCGAGTTCCACGGCA-3_bif3_2	CB:Z:ATCGAGTTCCACGGCA-3_bif3_2	21028	8639	12748	1057	0.0478605388272583	12052	4.08105912300132	0.410833174814533	0.606239299980978	0.0502663115845539	0.273542820169161	0.44447784260655	3.81697359784252	1	0.0105593785136247	0.0927794999564367	1	12748	-0.835978559531167	-1.47855808019506	1	2.5	singlet	bif3	bif3_Re2	bi3_Re2	1_3
CB:Z:TTGCCCAAGATGGGAA-3_bif3_2	CB:Z:TTGCCCAAGATGGGAA-3_bif3_2	21022	9368	14730	693	0.0319134239005296	11923	4.07638554395453	0.445628389306441	0.700694510512796	0.032965464751213	0.373796375469086	0.697267445463364	3.81168236623503	1	0.0151805889693869	0.111799136591301	1	14730	-2.60189252284904	0.401455862523445	1	0.95	singlet	bif3	bif3_Re2	bi3_Re2	1_1
CB:Z:CAAGAAACATGTGGGA-3_bif3_2	CB:Z:CAAGAAACATGTGGGA-3_bif3_2	20996	8574	12304	430	0.0200690749556613	12110	4.08314414314305	0.408363497809107	0.586016384073157	0.0204800914459897	0.266427074402051	0.390355440547823	3.81933417083502	1	0.0118564133785307	0.0842775929499364	1	12304	-1.43662648586173	-1.6895795035349	1	1.4	singlet	bif3	bif3_Re2	bi3_Re2	1_3
CB:Z:TGGGTTAAGTAGAAGG-3_bif3_2	CB:Z:TGGGTTAAGTAGAAGG-3_bif3_2	20891	9554	15128	966	0.0441963672965183	11793	4.07162429853975	0.457326121296252	0.724139581638026	0.0462400076588004	0.407500413166481	0.760013271610246	3.80629188241578	1	0.0142234736511022	0.127747698487203	1	15128	1.66420454593758	0.702009363175759	1	1.2	singlet	bif3	bif3_Re2	bi3_Re2	1_2
CB:Z:GCAGATTCAACATAAG-3_bif3_2	CB:Z:GCAGATTCAACATAAG-3_bif3_2	20809	9738	16490	405	0.0190911662109927	11606	4.06468256622851	0.46797058964871	0.792445576433274	0.0194627324715267	0.438169739744698	0.942819971206917	3.79843274211917	1	0.0133363175156605	0.129070097388006	1	16490	1.90047819229226	-0.952637927530876	1	1.2	singlet	bif3	bif3_Re2	bi3_Re2	1_2
CB:Z:TAATTCCTCGCCTTAC-3_bif3_2	CB:Z:TAATTCCTCGCCTTAC-3_bif3_2	20749	9432	15117	1061	0.0486474094452086	11720	4.06892761168207	0.454576124150561	0.728565232059376	0.0511349944575642	0.399576996255681	0.771857598737329	3.80323880583485	1	0.0133420859199097	0.122612104378595	1	15117	-2.42478328136344	0.784263832570443	1	0.95	singlet	bif3	bif3_Re2	bi3_Re2	1_1
CB:Z:TCCCACAGTGGACCAA-3_bif3_2	CB:Z:TCCCACAGTGGACCAA-3_bif3_2	20725	8550	13155	1072	0.0491810799651328	11810	4.07224989761351	0.41254523522316	0.634740651387213	0.0517249698431846	0.278475686523327	0.520755744718025	3.80700015963963	1	0.0143383360830162	0.102077069976246	1	13155	-0.837822965659096	-1.52619935750829	1	1.2	singlet	bif3	bif3_Re2	bi3_Re2	1_3
CB:Z:TTAGGTGCAGGACTGA-3_bif3_2	CB:Z:TTAGGTGCAGGACTGA-3_bif3_2	20720	9275	13828	755	0.0351571594877765	11722	4.0690017170456	0.447635135135135	0.667374517374517	0.0364382239382239	0.379578302864782	0.608093457229228	3.80332270484198	1	0.0172778647144821	0.122007617558898	1	13828	-2.10714393047233	0.678128225804695	1	2.2	singlet	bif3	bif3_Re2	bi3_Re2	1_1
CB:Z:CCGTGAGCATTGCACA-3_bif3_2	CB:Z:CCGTGAGCATTGCACA-3_bif3_2	20689	8618	12684	359	0.0170562523755226	11859	4.07404806906263	0.416549857412151	0.613079414181449	0.0173522161535115	0.290013986198781	0.462783976725535	3.8090359744856	1	0.0117499165121953	0.101299269206093	1	12684	1.42713565441231	-0.335024373530021	1	1.95	singlet	bif3	bif3_Re2	bi3_Re2	1_2
CB:Z:AACGGGACAGAGAGAA-3_bif3_2	CB:Z:AACGGGACAGAGAGAA-3_bif3_2	20647	9412	15560	252	0.0120579932054165	11672	4.06714527888539	0.455853150578777	0.753620380684845	0.0122051629776723	0.403256422909892	0.838912460347289	3.80122092285172	1	0.013102502301255	0.137150925701678	1	15560	2.90599495979409	0.262089593411812	1	1.15	singlet	bif3	bif3_Re2	bi3_Re2	1_2
CB:Z:TCAGGTACATACAACC-3_bif3_2	CB:Z:TCAGGTACATACAACC-3_bif3_2	20644	9215	13618	701	0.0328414148512532	11826	4.07283787466309	0.446376671187754	0.659658980817671	0.0339565975586127	0.375952359275009	0.587444438386849	3.80766584277412	1	0.00842479577619483	0.0961808475751966	1	13618	-1.00341945079704	2.08569817066325	1	1.6	singlet	bif3	bif3_Re2	bi3_Re2	1_1
CB:Z:TTGTTCAAGCTATCGT-3_bif3_2	CB:Z:TTGTTCAAGCTATCGT-3_bif3_2	20642	8355	13143	633	0.0297532314923619	11838	4.07327833563583	0.404757290960178	0.636711558957465	0.0306656331750799	0.256036707133699	0.526030466346893	3.80816451434842	1	0.0152035747073487	0.0897029402263488	1	13143	-0.158756546057656	-1.08975984334814	1	0.95	singlet	bif3	bif3_Re2	bi3_Re2	1_3
CB:Z:CCTTGCATCTCGGCGA-3_bif3_2	CB:Z:CCTTGCATCTCGGCGA-3_bif3_2	20636	9328	15507	1005	0.0464396284829721	11652	4.06640047595563	0.452025586353945	0.751453770110487	0.0487012987012987	0.39222827069754	0.833113980585783	3.80037768798527	1	0.0141770478323051	0.131703661585509	1	15507	2.93121314855675	-0.134085910318962	1	0.9	singlet	bif3	bif3_Re2	bi3_Re2	1_2
CB:Z:CAAAGCTCATGATCGT-3_bif3_2	CB:Z:CAAAGCTCATGATCGT-3_bif3_2	20635	9024	14324	441	0.0209242740557981	11770	4.07077646284344	0.437315241095227	0.694160407075357	0.0213714562636298	0.349844154565166	0.679780285107938	3.80533199814092	1	0.0110028777821854	0.115295548635281	1	14324	2.21780199619393	0.295663936139473	1	1.15	singlet	bif3	bif3_Re2	bi3_Re2	1_2
CB:Z:GTCACTCGTATTCTGG-3_bif3_2	CB:Z:GTCACTCGTATTCTGG-3_bif3_2	20621	9174	15235	945	0.0438189743114161	11754	4.07018568637838	0.444886280975704	0.738809951020804	0.0458270694922652	0.371658179178003	0.799275444963679	3.80466314562477	1	0.0140484930328569	0.117630038837958	1	15235	1.99233431430917	-0.0700317788110882	1	2.95	singlet	bif3	bif3_Re2	bi3_Re2	1_2
CB:Z:GGATGAGGTGAATCAA-3_bif3_2	CB:Z:GGATGAGGTGAATCAA-3_bif3_2	20553	8724	14052	933	0.0434236246858419	11788	4.07144012717789	0.424463581958838	0.683695810830536	0.0453948328711137	0.312815369465268	0.65177398334977	3.80608337126804	1	0.0202773547453394	0.107279055807765	1	14052	-1.21123986629386	-1.5807099509226	1	1	singlet	bif3	bif3_Re2	bi3_Re2	1_3
CB:Z:TCGCCTACATGTAGAA-3_bif3_2	CB:Z:TCGCCTACATGTAGAA-3_bif3_2	20547	8140	12335	865	0.0403979077152998	11883	4.07492609712396	0.396164890251618	0.600330948556967	0.042098603202414	0.231279891227446	0.428665376554071	3.81003004129902	1	0.0251364294719438	0.116014478502784	1	12335	-2.15325932887931	1.25103810250891	1	2.45	singlet	bif3	bif3_Re2	bi3_Re2	1_1
CB:Z:GAGGTCCAGTCCGGAA-3_bif3_2	CB:Z:GAGGTCCAGTCCGGAA-3_bif3_2	20489	9425	15415	936	0.0436872812135356	11343	4.0547279320822	0.460002928400605	0.752354922153351	0.0456830494411636	0.415212951599774	0.835525725430208	3.78716251981018	1	0.0159361483611228	0.133226823041109	1	15415	0.272686429940269	-1.16123105764257	1	2.2	singlet	bif3	bif3_Re2	bi3_Re2	1_2
CB:Z:GAACCTATCCAAACCA-3_bif3_2	CB:Z:GAACCTATCCAAACCA-3_bif3_2	20373	7197	10970	870	0.040954667419856	11926	4.07649480500972	0.353261669857164	0.538457762725175	0.0427035782653512	0.107665180378039	0.263074743852705	3.81180606705252	1	0.0154974547057356	0.0822989120995024	1	10970	1.07579369159798	-1.02698280095922	1	1.6	singlet	bif3	bif3_Re2	bi3_Re2	1_2
CB:Z:GGGCCATTCAATTCCT-3_bif3_2	CB:Z:GGGCCATTCAATTCCT-3_bif3_2	20362	9137	13837	495	0.0237330392673922	11430	4.05804623039528	0.448728022787545	0.679550142422159	0.0243099891955604	0.382727180499176	0.64067896948416	3.79091935899948	1	0.0220319064874197	0.139279004278414	1	13837	-2.10570197490592	0.804064197541603	1	1.3	singlet	bif3	bif3_Re2	bi3_Re2	1_1
CB:Z:AGCGATTCAACGCAAG-3_bif3_2	CB:Z:AGCGATTCAACGCAAG-3_bif3_2	20354	8299	13431	843	0.0397697787422749	12046	4.08084285883456	0.407733123710327	0.65987029576496	0.0414169205070256	0.264610811864387	0.588009978618056	3.8167287525573	1	0.00971645442759735	0.0910736924173836	1	13431	-1.14660363582511	-1.8034780192362	1	1.1	singlet	bif3	bif3_Re2	bi3_Re2	1_3
CB:Z:TATGTTCGTAACTCCA-3_bif3_2	CB:Z:TATGTTCGTAACTCCA-3_bif3_2	20346	9396	15082	864	0.0407355021216407	11552	4.06265718022556	0.461810675317016	0.741275926472034	0.0424653494544382	0.420421514274241	0.805875112165321	3.79613968441567	1	0.0111473067764148	0.113786270598536	1	15082	1.64273209186654	-0.313772099016777	1	2.85	singlet	bif3	bif3_Re2	bi3_Re2	1_2
CB:Z:TGTACGAGTTTCCGGG-3_bif3_2	CB:Z:TGTACGAGTTTCCGGG-3_bif3_2	20346	7680	10064	1062	0.0496076233183856	11820	4.07261747654524	0.37746977292834	0.494642681608179	0.052196992037747	0.177414668501379	0.145812849116113	3.8074163172016	1	0.0156151821491698	0.0861177121307828	1	10064	-1.37102322963615	1.16878016114367	1	1.2	singlet	bif3	bif3_Re2	bi3_Re2	1_1
CB:Z:GCAGCTGAGAGGTACC-3_bif3_2	CB:Z:GCAGCTGAGAGGTACC-3_bif3_2	20326	7107	10092	993	0.0465781697077724	11937	4.07689519386605	0.349650693692807	0.496506936928072	0.0488536849355505	0.0972610715410544	0.150802138317696	3.81225937064505	1	0.0194445594079946	0.0895443937725717	1	10092	-0.732078126944497	0.276184303761849	1	0.55	singlet	bif3	bif3_Re2	bi3_Re2	1_1
CB:Z:TTCAACTCATGGCCGT-3_bif3_2	CB:Z:TTCAACTCATGGCCGT-3_bif3_2	20325	8724	13274	1014	0.0475186278644735	11730	4.06929801211553	0.429225092250923	0.653087330873309	0.0498892988929889	0.326534449584451	0.569856792663591	3.80365815778361	1	0.0159252650656909	0.116685516196923	1	13274	-1.85490756420036	-0.132120864390007	1	0.6	singlet	bif3	bif3_Re2	bi3_Re2	1_1
CB:Z:CACCTTGCATGTGGGA-3_bif3_2	CB:Z:CACCTTGCATGTGGGA-3_bif3_2	20320	8131	12008	871	0.0411023547732528	11964	4.07787640435928	0.400147637795276	0.590944881889764	0.0428641732283465	0.24275516467939	0.403545533489504	3.81337025631177	1	0.00746721285450442	0.089136435015724	1	12008	1.62740773769479	-0.00591685056554381	1	0.75	singlet	bif3	bif3_Re2	bi3_Re2	1_2
CB:Z:TAGCTTTCATAGGCGA-3_bif3_2	CB:Z:TAGCTTTCATAGGCGA-3_bif3_2	20258	8437	13818	742	0.0353333333333333	11777	4.07103467505415	0.416477441010959	0.682100898410504	0.0366275051831375	0.289805336768461	0.647505534050033	3.80562433525496	1	0.0168152469614954	0.0954821589086762	1	13818	-1.17951684383292	-1.70097591161596	1	1.95	singlet	bif3	bif3_Re2	bi3_Re2	1_3
CB:Z:TGTAGCAAGAGCGGTT-3_bif3_2	CB:Z:TGTAGCAAGAGCGGTT-3_bif3_2	20255	9310	15080	864	0.0409110279842796	11536	4.06205524737535	0.459639595161688	0.744507529005184	0.0426561342878302	0.414166099338854	0.814523820016869	3.79545820110476	1	0.0153051316125502	0.113521874616537	1	15080	1.66117043109994	0.110451443196663	1	0.75	singlet	bif3	bif3_Re2	bi3_Re2	1_2
CB:Z:CCGCATTTCCACCTAC-3_bif3_2	CB:Z:CCGCATTTCCACCTAC-3_bif3_2	20194	8579	13040	648	0.0310910661164955	11458	4.05910881791359	0.424829157175399	0.645736357333862	0.0320887392294741	0.313868681414193	0.550183450439428	3.79212237634578	1	0.017611997295596	0.111289211008032	1	13040	-1.75002627757926	-0.122114078997245	1	0.7	singlet	bif3	bif3_Re2	bi3_Re2	1_1
CB:Z:CTGTTCGCAGGCACAA-3_bif3_2	CB:Z:CTGTTCGCAGGCACAA-3_bif3_2	20108	8531	12094	907	0.0431596478705686	11764	4.07055501583503	0.424259001392481	0.601452158344937	0.0451064253033618	0.312225922628337	0.431666059898318	3.80508128505818	1	0.0117780607974955	0.0890239623008566	1	12094	0.0249738177881693	1.28489240825308	1	2.35	singlet	bif3	bif3_Re2	bi3_Re2	1_1
CB:Z:CCGTAGGTCCTTTGCG-3_bif3_2	CB:Z:CCGTAGGTCCTTTGCG-3_bif3_2	20004	8551	12069	1009	0.0480178936848617	11232	4.05045709478573	0.42746450709858	0.603329334133173	0.0504399120175965	0.321461771530645	0.436689928029349	3.78232725564383	1	0.0106038648976924	0.101292728997446	1	12069	0.296209999047325	0.56496248960627	1	0.85	singlet	bif3	bif3_Re2	bi3_Re2	1_1
CB:Z:TAGCCCTCACATAAAG-3_bif3_2	CB:Z:TAGCCCTCACATAAAG-3_bif3_2	19925	9682	15455	919	0.0440894262137785	11041	4.04300840987995	0.485922208281054	0.775658720200753	0.0461229611041405	0.489892760210614	0.89789346375073	3.77389416472719	1	0.0154579751976236	0.14265654678998	1	15455	-0.64952330974479	1.20839963674677	1	0.8	singlet	bif3	bif3_Re2	bi3_Re2	1_1
CB:Z:TGTAGCAAGGAGGCGA-3_bif3_2	CB:Z:TGTAGCAAGGAGGCGA-3_bif3_2	19899	8056	10188	787	0.0380450546263173	11694	4.06796308950126	0.404844464545957	0.5119855269109	0.0395497261168903	0.256287875635753	0.19222734495809	3.80214681398062	1	0.0143926564301608	0.0947379340320302	1	10188	-1.41332488445182	1.79006375193728	1	0.85	singlet	bif3	bif3_Re2	bi3_Re2	1_1
CB:Z:ACATGCAAGTCGAAAT-3_bif3_2	CB:Z:ACATGCAAGTCGAAAT-3_bif3_2	19878	8033	11223	980	0.0469843705053217	11352	4.05507238244942	0.40411510212295	0.564594023543616	0.04930073448033	0.254186403434004	0.333022975985755	3.7875524921744	1	0.0119141101195814	0.0939864574682322	1	11223	-1.08087449458976	1.51497649967802	1	2.45	singlet	bif3	bif3_Re2	bi3_Re2	1_1
CB:Z:GGATAGGCATGTAGAA-3_bif3_2	CB:Z:GGATAGGCATGTAGAA-3_bif3_2	19842	9779	15736	231	0.0115079958152742	11252	4.05122972349316	0.492843463360548	0.793065215200081	0.011641971575446	0.509834595287341	0.944478304684698	3.78320199369719	1	0.0106477495234407	0.137172534804453	1	15736	-1.71413045314689	0.61511628151072	1	0.55	singlet	bif3	bif3_Re2	bi3_Re2	1_1
CB:Z:TTAGCGAAGGAAACTT-3_bif3_2	CB:Z:TTAGCGAAGGAAACTT-3_bif3_2	19778	9356	15539	523	0.0257622777203093	11050	4.04336227802113	0.473050864597027	0.785670947517444	0.0264435231064819	0.452807259096343	0.924689094747135	3.77429479950296	1	0.0168924903158359	0.131653555759986	1	15539	-1.46263747600456	-1.1460962462412	1	2.1	singlet	bif3	bif3_Re2	bi3_Re2	1_3
CB:Z:GTTATTCCATGCACTA-3_bif3_2	CB:Z:GTTATTCCATGCACTA-3_bif3_2	19728	8354	13821	678	0.033225521905322	11260	4.05153839051533	0.42345904298459	0.700577858880779	0.034367396593674	0.309921046062575	0.696955251783796	3.78355145364802	1	0.0115352605681235	0.106106089532701	1	13821	1.47226042362313	0.178045017720589	1	0.1	singlet	bif3	bif3_Re2	bi3_Re2	1_2
CB:Z:TGGACATAGGTCACTT-3_bif3_2	CB:Z:TGGACATAGGTCACTT-3_bif3_2	19589	8592	12749	1029	0.0499078475118828	11212	4.04968308908825	0.438613507580785	0.65082444228904	0.0525294808310787	0.353584779039093	0.563800644958178	3.78145095861967	1	0.00996095001673294	0.099518283222538	1	12749	-1.76886754421134	0.219850404263863	1	1.35	singlet	bif3	bif3_Re2	bi3_Re2	1_1
CB:Z:CTGGGACCAAATGTCC-3_bif3_2	CB:Z:CTGGGACCAAATGTCC-3_bif3_2	19493	8435	12767	630	0.0313074591263728	11358	4.05530186434744	0.432719437746883	0.654953060072847	0.0323192941055764	0.336602516832545	0.574850026395579	3.78781230202462	1	0.0124764164414272	0.097070530671073	1	12767	1.69723553272347	0.559815628529915	1	0.95	singlet	bif3	bif3_Re2	bi3_Re2	1_2
CB:Z:CCCTAGTTCGGCATAT-3_bif3_2	CB:Z:CCCTAGTTCGGCATAT-3_bif3_2	19485	9197	13834	502	0.0251163256116476	11300	4.05307844348342	0.472004105722351	0.709982037464716	0.0257634077495509	0.449791289795379	0.722123567602937	3.7852950374968	1	0.0103835002972043	0.104811258865435	1	13834	-1.27717214015861	1.79025764584673	1	1.45	singlet	bif3	bif3_Re2	bi3_Re2	1_1
CB:Z:CTCAGAAGTCTGTCCT-3_bif3_2	CB:Z:CTCAGAAGTCTGTCCT-3_bif3_2	19461	8217	12915	766	0.0378701735304296	11320	4.05384642685225	0.422229073531679	0.663634962232157	0.0393607728277067	0.306377202106867	0.598085320526382	3.78616451629121	1	0.0128982732464709	0.0879233874572194	1	12915	-1.34861712840934	-1.55855943441259	1	2.55	singlet	bif3	bif3_Re2	bi3_Re2	1_3
CB:Z:GTTGGGCTCTGCGTCT-3_bif3_2	CB:Z:GTTGGGCTCTGCGTCT-3_bif3_2	19441	8621	13142	649	0.0323046291687407	11326	4.05407655729051	0.443444267270202	0.675994033228743	0.0333830564271385	0.367503383672965	0.631161787471039	3.78642506039169	1	0.0192035096761329	0.111635676982656	1	13142	0.0979790172205424	1.68401984691752	1	1.5	singlet	bif3	bif3_Re2	bi3_Re2	1_1
CB:Z:CTGGGACCAACTCAAC-3_bif3_2	CB:Z:CTGGGACCAACTCAAC-3_bif3_2	19400	8660	13458	694	0.0345376729371952	11138	4.04680721355374	0.44639175257732	0.693711340206186	0.0357731958762887	0.375995812460881	0.678578451615905	3.77819501207954	1	0.0122795265035769	0.115039164279736	1	13458	-2.5221581974401	0.617585701943764	1	2.15	singlet	bif3	bif3_Re2	bi3_Re2	1_1
CB:Z:AGATAGACAAGTGGCA-3_bif3_2	CB:Z:AGATAGACAAGTGGCA-3_bif3_2	19398	7748	12019	494	0.0248341041624774	11430	4.05804623039528	0.399422620888751	0.619599958758635	0.0254665429425714	0.240666212977469	0.480234849629171	3.79091935899948	1	0.0131603385077555	0.0851565911208313	1	12019	-1.267036966361	-1.8230400252329	1	1.15	singlet	bif3	bif3_Re2	bi3_Re2	1_3
CB:Z:GGAGTAGTCAACTTGG-3_bif3_2	CB:Z:GGAGTAGTCAACTTGG-3_bif3_2	19385	7918	11024	866	0.0427633203298603	11346	4.05484277922868	0.408460149600206	0.568687129223627	0.0446737167913335	0.266705551940567	0.343977316709524	3.78729254496765	1	0.012025970265349	0.0862369672029181	1	11024	-0.840466550864174	-0.137145178316703	1	1.55	singlet	bif3	bif3_Re2	bi3_Re2	1_1
CB:Z:TGATGCACATCCCAAA-3_bif3_2	CB:Z:TGATGCACATCCCAAA-3_bif3_2	19368	8708	13475	905	0.0446406550584521	10967	4.04008784346988	0.449607600165221	0.695735233374639	0.0467265592730277	0.38526145886363	0.683994978109227	3.7705876210385	1	0.0118184851171144	0.125803943082357	1	13475	-0.0905578651799703	-0.121114151476494	1	0.45	singlet	bif3	bif3_Re2	bi3_Re2	1_2
CB:Z:ATGCATGCACTCAGCG-3_bif3_2	CB:Z:ATGCATGCACTCAGCG-3_bif3_2	19354	9006	14429	1007	0.0494572958106183	10798	4.03334332313522	0.46533016430712	0.745530639661052	0.0520305879921463	0.430562026101779	0.817261961564796	3.76295175593066	1	0.0150998962692431	0.128718628265852	1	14429	-1.42268710521598	-1.45137144803869	1	1.4	singlet	bif3	bif3_Re2	bi3_Re2	1_3
CB:Z:CCCTAACGTGCTGTGC-3_bif3_2	CB:Z:CCCTAACGTGCTGTGC-3_bif3_2	19282	7970	11639	584	0.0293969596295178	11198	4.04914046315896	0.41333886526294	0.603619956436054	0.0302873145939218	0.280762329506924	0.437467717799897	3.78083662013532	1	0.0108325432405301	0.0869085036563042	1	11639	0.763237663231895	0.586123032571205	1	2.55	singlet	bif3	bif3_Re2	bi3_Re2	1_2
CB:Z:TGTAGCACAATGGTAA-3_bif3_2	CB:Z:TGTAGCACAATGGTAA-3_bif3_2	19213	8510	13010	694	0.0348621088059477	11026	4.04241798814325	0.442929266642378	0.677145682610732	0.036121376151564	0.366019540429719	0.634243936018103	3.77322571381971	1	0.00673669398126686	0.106336416688965	1	13010	1.86341340156655	-0.629292266367546	1	1	singlet	bif3	bif3_Re2	bi3_Re2	1_2
CB:Z:CACGTTCTCACCCTTG-3_bif3_2	CB:Z:CACGTTCTCACCCTTG-3_bif3_2	19209	7960	11924	460	0.0233870557730439	10949	4.03937445576847	0.414389088448123	0.620750689780832	0.0239471081263991	0.283788280336961	0.483314540378452	3.7697799531856	1	0.0149865151632203	0.09455122450197	1	11924	-1.54944043544669	-0.153466002939811	1	0.1	singlet	bif3	bif3_Re2	bi3_Re2	1_1
CB:Z:ACTCGGGAGAGGAATG-3_bif3_2	CB:Z:ACTCGGGAGAGGAATG-3_bif3_2	19202	9338	14941	343	0.0175492453312868	10863	4.03594977953667	0.486303510051036	0.778096031663368	0.0178627226330591	0.490991384220872	0.904416417785811	3.76590267734588	1	0.014200259312553	0.126488317958611	1	14941	-1.7266054668798	1.46123051837219	1	0.65	singlet	bif3	bif3_Re2	bi3_Re2	1_1
CB:Z:TTCGCGTTCAAATGGA-3_bif3_2	CB:Z:TTCGCGTTCAAATGGA-3_bif3_2	19140	8213	12976	685	0.0345523329129886	10879	4.0365889767554	0.429101358411703	0.677951933124347	0.0357889237199582	0.326177942016563	0.636401696781032	3.76662634982329	1	0.00862294774986079	0.107437950369016	1	12976	2.160288997613	0.00959919214380678	1	0.75	singlet	bif3	bif3_Re2	bi3_Re2	1_2
CB:Z:CAAGAAATCGCCCTTA-3_bif3_2	CB:Z:CAAGAAATCGCCCTTA-3_bif3_2	19126	8535	13456	256	0.0132081312558044	10928	4.03854068633746	0.446251176409077	0.703544912684304	0.0133849210498797	0.375590778008225	0.704895950326788	3.76883599415065	1	0.0121623661792215	0.103976495315997	1	13456	-1.17621713069816	-1.25300170659887	1	1.65	singlet	bif3	bif3_Re2	bi3_Re2	1_3
CB:Z:AGCCCGACATCGCCTT-3_bif3_2	CB:Z:AGCCCGACATCGCCTT-3_bif3_2	19121	7924	10197	230	0.0118856906619813	11137	4.04676821966084	0.41441347209874	0.533288007949375	0.0120286595889336	0.283858535620659	0.249238977151392	3.77815086481755	1	0.00948272899926962	0.100005657962033	1	10197	-1.64221339610954	1.4936486092223	1	1.1	singlet	bif3	bif3_Re2	bi3_Re2	1_1
CB:Z:ACAGACTGTGATAAGT-3_bif3_2	CB:Z:ACAGACTGTGATAAGT-3_bif3_2	18915	7831	9650	807	0.0409187709157286	10928	4.03854068633746	0.41401004493788	0.510177108115252	0.0426645519429025	0.282696162927422	0.187387490527862	3.76883599415065	1	0.00663470478615002	0.0785144754519798	1	9650	-1.72031455425163	0.828627450467476	1	1.7	singlet	bif3	bif3_Re2	bi3_Re2	1_1
CB:Z:GCACCTTCATTAACGC-3_bif3_2	CB:Z:GCACCTTCATTAACGC-3_bif3_2	18875	8322	13059	650	0.0332906530089629	10976	4.04044409836268	0.440900662251656	0.691867549668874	0.0344370860927152	0.360174633150466	0.673643932121917	3.77099095799508	1	0.015179148535112	0.10925754250598	1	13059	1.50276989551644	0.357181532384285	1	1.05	singlet	bif3	bif3_Re2	bi3_Re2	1_2
CB:Z:GGGACCTTCCATCGAA-3_bif3_2	CB:Z:GGGACCTTCCATCGAA-3_bif3_2	18855	8781	13318	482	0.0249263070796918	10725	4.03039730085676	0.465712012728719	0.706337841421374	0.0255635110050385	0.43166222514955	0.71237063957131	3.75961639216766	1	0.0092896932443399	0.111229959602999	1	13318	-2.2954006710424	0.0968668293966144	1	1.3	singlet	bif3	bif3_Re2	bi3_Re2	1_1
CB:Z:CGCGCAATCCTCAAGA-3_bif3_2	CB:Z:CGCGCAATCCTCAAGA-3_bif3_2	18841	7844	12973	800	0.0407311236698742	10896	4.03726709456871	0.416326097340905	0.688551563080516	0.0424605912637333	0.289369278499629	0.664769388006987	3.76739408657738	1	0.0139989614532827	0.0965676305421053	1	12973	0.25045342060189	-1.66640664815771	1	2.7	singlet	bif3	bif3_Re2	bi3_Re2	1_3
CB:Z:TGTGTCCGTTTCGATG-3_bif3_2	CB:Z:TGTGTCCGTTTCGATG-3_bif3_2	18841	7900	12759	272	0.0142311515722283	10816	4.03406667859756	0.419298338729367	0.677193354917467	0.0144366010296693	0.297933035635603	0.634371520969944	3.76377070886747	1	0.0107840148110521	0.0978483199996708	1	12759	2.07562667938332	-0.718863980768791	1	0.8	singlet	bif3	bif3_Re2	bi3_Re2	1_2
CB:Z:TTGCTATCAAGTCTGT-3_bif3_2	CB:Z:TTGCTATCAAGTCTGT-3_bif3_2	18777	7342	9758	355	0.0185553000209074	10908	4.03774512926959	0.391010278532247	0.519678329871652	0.01890610853704	0.216428189388453	0.21281552208834	3.76793529756225	1	0.0164569954226223	0.0770892483671522	1	9758	-1.67900901225944	1.17587004423274	1	1.25	singlet	bif3	bif3_Re2	bi3_Re2	1_1
CB:Z:CTTCCAGAGAGTTCGG-3_bif3_2	CB:Z:CTTCCAGAGAGTTCGG-3_bif3_2	18771	8185	11940	820	0.0418559542647134	10995	4.04119523369681	0.436044962974802	0.636087581908263	0.0436844067977199	0.346184171442431	0.524360522364221	3.77184136214609	1	0.0104596848279396	0.100478432806634	1	11940	-1.05045466808219	1.29254375219477	1	1.25	singlet	bif3	bif3_Re2	bi3_Re2	1_1
CB:Z:AACCTTTCACTGTCGG-3_bif3_2	CB:Z:AACCTTTCACTGTCGG-3_bif3_2	18760	6656	8961	529	0.027424957229509	11121	4.04614384074923	0.354797441364606	0.477665245202559	0.0281982942430704	0.112090115128338	0.100376293712346	3.77744396901048	1	0.00555684050301295	0.0672167799017929	1	8961	-0.225901655234292	1.17155055523051	1	1.85	singlet	bif3	bif3_Re2	bi3_Re2	1_1
CB:Z:TAGCATGAGGAAGAAC-3_bif3_2	CB:Z:TAGCATGAGGAAGAAC-3_bif3_2	18746	8028	13507	575	0.0297603643703742	10637	4.02681915924123	0.428251360290195	0.720527045769764	0.0306732102848608	0.323728888750941	0.7503450754112	3.75556536921017	1	0.0129779339737071	0.101097410101533	1	13507	3.04972583862405	-0.515670912264457	1	0.4	singlet	bif3	bif3_Re2	bi3_Re2	1_2
CB:Z:ATGGATCGTTGAAGCG-3_bif3_2	CB:Z:ATGGATCGTTGAAGCG-3_bif3_2	18741	8246	12811	283	0.0148759461732548	10725	4.03039730085676	0.439997865642175	0.6835814524305	0.0151005816125073	0.357573454478778	0.65146792702566	3.75961639216766	1	0.0101933333830096	0.096607770092841	1	12811	1.94920987697701	0.0795045924199909	1	2.8	singlet	bif3	bif3_Re2	bi3_Re2	1_2
CB:Z:TTCATTGTCCTGAAAC-3_bif3_2	CB:Z:TTCATTGTCCTGAAAC-3_bif3_2	18737	8506	13525	663	0.0341752577319588	10714	4.02995164203684	0.453968084538613	0.721833804771308	0.035384533276405	0.397825084857774	0.753842342392766	3.75911183580721	1	0.0146137885146665	0.108006957378406	1	13525	-0.50546174434562	-1.06625725507604	1	1.5	singlet	bif3	bif3_Re2	bi3_Re2	1_3
CB:Z:CGTACAAAGGAGGCGA-3_bif3_2	CB:Z:CGTACAAAGGAGGCGA-3_bif3_2	18734	7750	10815	760	0.0389863547758285	10872	4.03630944372444	0.413686345681648	0.577292623038326	0.0405679513184584	0.281763505900901	0.367008119897156	3.76630987416428	1	0.0158859925794431	0.0971095920427596	1	10815	-1.08226781276603	1.80509756326807	1	0.85	singlet	bif3	bif3_Re2	bi3_Re2	1_1
CB:Z:GGGTTATTCTGTTGCC-3_bif3_2	CB:Z:GGGTTATTCTGTTGCC-3_bif3_2	18722	8222	14070	218	0.0115100316789863	10866	4.0360697006977	0.439162482640744	0.751522273261404	0.011644055122316	0.35516651096216	0.833297314932478	3.76603844709136	1	0.0147281818526547	0.114200598789789	1	14070	2.5724964818583	-0.95677401304113	1	1	singlet	bif3	bif3_Re2	bi3_Re2	1_2
CB:Z:GCCAGCAGTTTGTCTT-3_bif3_2	CB:Z:GCCAGCAGTTTGTCTT-3_bif3_2	18702	8155	12910	765	0.039297272306981	10753	4.03152964580342	0.436049620361459	0.690300502620041	0.0409047160731473	0.346197590516795	0.669450058656364	3.76089838596992	1	0.0116637931939707	0.102790166394598	1	12910	-0.757485441245034	1.49615395635498	1	1.1	singlet	bif3	bif3_Re2	bi3_Re2	1_1
CB:Z:AAACTGCGTTGGTAAA-3_bif3_2	CB:Z:AAACTGCGTTGGTAAA-3_bif3_2	18683	8393	11615	284	0.0149733748088786	10820	4.03422726077055	0.44923192206819	0.621688165712145	0.0152009848525397	0.384179038035777	0.485823498508237	3.76395251331772	1	0.00818600687332511	0.0968288351093946	1	11615	-1.41609387782951	1.26950004518164	1	3.15	singlet	bif3	bif3_Re2	bi3_Re2	1_1
CB:Z:CGCACAGTCCTTGACC-3_bif3_2	CB:Z:CGCACAGTCCTTGACC-3_bif3_2	18679	7449	12205	917	0.0467952643396612	10905	4.03762566991472	0.39879008512233	0.653407569998394	0.0490925638417474	0.238843722144631	0.570713845660389	3.76780005065448	1	0.0171613022047555	0.0942680198589376	1	12205	-1.20786004451652	-1.73128296613561	1	1.95	singlet	bif3	bif3_Re2	bi3_Re2	1_3
CB:Z:GCTCAGGGTTGGTAAA-3_bif3_2	CB:Z:GCTCAGGGTTGGTAAA-3_bif3_2	18653	7438	12141	638	0.0330724171893629	10813	4.03394620299036	0.398756232241463	0.650887256741543	0.0342036133597813	0.23874618368385	0.563968754694131	3.76363431140112	1	0.0150544405945148	0.095401307394299	1	12141	2.33820099445443	-0.307843940256706	1	0.95	singlet	bif3	bif3_Re2	bi3_Re2	1_2
CB:Z:TGGCAATCAAATGCTC-3_bif3_2	CB:Z:TGGCAATCAAATGCTC-3_bif3_2	18621	7739	12105	674	0.0349313293599378	11127	4.04637808804827	0.415606036195693	0.650072498791687	0.0361956930347457	0.287294605562703	0.561788225558588	3.77770917404933	1	0.00915738727690926	0.0890312414910358	1	12105	1.525927253686	0.804027719499001	1	0.95	singlet	bif3	bif3_Re2	bi3_Re2	1_2
CB:Z:CATTCCGGTGGACTGA-3_bif3_2	CB:Z:CATTCCGGTGGACTGA-3_bif3_2	18561	8368	12466	742	0.038439620784334	10539	4.02279940451169	0.450837778136954	0.671623296158612	0.0399762943806907	0.388805903613253	0.619464424435912	3.75101437027202	1	0.0104604825812904	0.103598746741889	1	12466	-0.830399087943032	1.69878990769518	1	1.95	singlet	bif3	bif3_Re2	bi3_Re2	1_1
CB:Z:CTCAGCTTCCATCATT-3_bif3_2	CB:Z:CTCAGCTTCCATCATT-3_bif3_2	18489	8788	12391	868	0.0448416593480395	10533	4.02255208418501	0.475309643571854	0.67018227053924	0.046946833252204	0.459315355861079	0.61560782095182	3.75073436449559	1	0.0191429583187819	0.103894850308598	1	12391	-2.19197326091666	0.596055252553353	1	1.95	singlet	bif3	bif3_Re2	bi3_Re2	1_1
CB:Z:TCGATTTTCCTCCATG-3_bif3_2	CB:Z:TCGATTTTCCTCCATG-3_bif3_2	18479	8100	13739	232	0.0123991235102346	10449	4.0190747291779	0.43833540776016	0.743492613236647	0.01255479192597	0.352783505181379	0.811807610369809	3.7467974479398	1	0.0165294851010706	0.126949617272353	1	13739	2.03198952289681	-0.031894700525871	1	1.05	singlet	bif3	bif3_Re2	bi3_Re2	1_2
CB:Z:CCCTAGTGTATTCTTC-3_bif3_2	CB:Z:CCCTAGTGTATTCTTC-3_bif3_2	18455	8531	14300	807	0.0418959609594019	10391	4.0166573448222	0.462259550257383	0.774857762124086	0.0437279869953942	0.421714833177831	0.895749867087659	3.74406058602257	1	0.0130813127673695	0.128670802907393	1	14300	2.1417582711802	-1.13741494893896	1	2.25	singlet	bif3	bif3_Re2	bi3_Re2	1_2
CB:Z:GAGATTCCACACACCG-3_bif3_2	CB:Z:GAGATTCCACACACCG-3_bif3_2	18455	8058	11738	867	0.044871131352862	10685	4.02877452650009	0.436629639664048	0.636033595231644	0.0469791384448659	0.347868768524353	0.524216038322895	3.75777915460692	1	0.0132409110520608	0.0989846926066696	1	11738	-1.96397214321037	0.0116232466710895	1	1.7	singlet	bif3	bif3_Re2	bi3_Re2	1_3
CB:Z:GATGATCTCCCGAAGC-3_bif3_2	CB:Z:GATGATCTCCCGAAGC-3_bif3_2	18441	8400	12949	868	0.044953130664457	10829	4.03458835371362	0.455506751260778	0.702185347866168	0.0470690309636137	0.402258361432474	0.701257359628618	3.76436132771339	1	0.0118116044335832	0.118050612340486	1	12949	-2.32990222362418	0.948836131097206	1	0.85	singlet	bif3	bif3_Re2	bi3_Re2	1_1
CB:Z:TTGGTCCTCCATACCC-3_bif3_2	CB:Z:TTGGTCCTCCATACCC-3_bif3_2	18433	7648	11670	945	0.048766642584374	10604	4.02546971906106	0.414908045353442	0.633103672760809	0.051266749850811	0.285283522586948	0.516374714020789	3.75403758922351	1	0.0151862624224234	0.0984491637507607	1	11670	1.92786271186929	-0.150136964319816	1	1	singlet	bif3	bif3_Re2	bi3_Re2	1_2
CB:Z:TTGCAGACAATGAAAC-3_bif3_2	CB:Z:TTGCAGACAATGAAAC-3_bif3_2	18382	7858	11889	833	0.0433515482695811	10579	4.02444461713135	0.427483407681428	0.646774018061147	0.0453160700685453	0.321516228749988	0.552960532208381	3.75287701149987	1	0.0122960754156527	0.101845296633126	1	11889	1.88721818538766	-0.479785935877433	1	1.45	singlet	bif3	bif3_Re2	bi3_Re2	1_2
CB:Z:GATGATCCAGATGGCA-3_bif3_2	CB:Z:GATGATCCAGATGGCA-3_bif3_2	18372	7441	10219	329	0.0175926421047003	10605	4.02551067285258	0.405018506422817	0.556226866971478	0.0179076856085347	0.256789333010886	0.310630032547246	3.75408395540112	1	0.00942116174675184	0.068739583117209	1	10219	-1.01726298717399	1.86153150916232	1	1.65	singlet	bif3	bif3_Re2	bi3_Re2	1_1
CB:Z:GAACCGCTCGCCTTAC-3_bif3_2	CB:Z:GAACCGCTCGCCTTAC-3_bif3_2	18371	8742	14653	910	0.0471967221617136	10247	4.01059673620653	0.475858690327146	0.797615807522726	0.0495345925643678	0.460897294356005	0.956657012662033	3.73719901728759	1	0.0173000140675545	0.136769365837615	1	14653	0.563021131478355	-0.0211849379526288	1	1.35	singlet	bif3	bif3_Re2	bi3_Re2	1_2
CB:Z:TCCATCGCACCCTTTG-3_bif3_2	CB:Z:TCCATCGCACCCTTTG-3_bif3_2	18363	8650	14169	857	0.0445889698231009	10437	4.01857568346725	0.471055927680662	0.771605946740729	0.0466699341066275	0.447059356076198	0.887047063772795	3.74623244916449	1	0.0112956426159102	0.129422927575125	1	14169	2.42500300022225	0.380943162442574	1	2.25	singlet	bif3	bif3_Re2	bi3_Re2	1_2
CB:Z:AGCCCGAGTCAGAAGC-3_bif3_2	CB:Z:AGCCCGAGTCAGAAGC-3_bif3_2	18354	7744	10501	405	0.0215896369742524	11011	4.04182676263754	0.421924376157786	0.572136863898878	0.022066034651847	0.305499294168394	0.353209809587451	3.77255635291843	1	0.00934325514697225	0.0948271514267945	1	10501	-1.69907241252799	0.29331897020472	1	0.75	singlet	bif3	bif3_Re2	bi3_Re2	1_1
CB:Z:GCCCGAAGTACCAAGG-3_bif3_2	CB:Z:GCCCGAAGTACCAAGG-3_bif3_2	18159	8565	13698	273	0.0148111979166667	10312	4.01334290434535	0.471666942012225	0.754336692549149	0.0150338675037172	0.44881983837162	0.840829519138217	3.74030811451482	1	0.00910980432974991	0.122347942491835	1	13698	2.7520596465693	0.284016354085335	1	1.15	singlet	bif3	bif3_Re2	bi3_Re2	1_2
CB:Z:ATGGATCGTGTGTGCC-3_bif3_2	CB:Z:ATGGATCGTGTGTGCC-3_bif3_2	18115	7950	12685	178	0.00973049800470125	10648	4.02726804246662	0.438862820866685	0.700248412917472	0.0098261109577698	0.354303111823068	0.696073558611358	3.75607357610824	1	0.00756277891771101	0.0927354139687492	1	12685	1.42083758922677	0.890592081548104	1	1	singlet	bif3	bif3_Re2	bi3_Re2	1_2
CB:Z:CAAGCTAGTAAAGCTA-3_bif3_2	CB:Z:CAAGCTAGTAAAGCTA-3_bif3_2	18085	7321	11511	691	0.0368023008095441	10487	4.02065126800434	0.404810616533038	0.636494332319602	0.038208460049765	0.256190351200727	0.525449104713096	3.74858233955828	1	0.0135208610026199	0.0979484573484414	1	11511	0.661601491890953	1.00938169479502	1	0.95	singlet	bif3	bif3_Re2	bi3_Re2	1_1
CB:Z:GCCAGACGTCCGCTTT-3_bif3_2	CB:Z:GCCAGACGTCCGCTTT-3_bif3_2	18077	8335	12443	924	0.0486290195252881	10190	4.00817418400643	0.461083144327045	0.688333241135144	0.0511146761077612	0.418325318880695	0.664185095011876	3.7344563045521	1	0.0185615451983604	0.124953331422786	1	12443	-1.21352010158439	1.73197169423235	1	1.2	singlet	bif3	bif3_Re2	bi3_Re2	1_1
CB:Z:ACTAGGTTCTCCTTAA-3_bif3_2	CB:Z:ACTAGGTTCTCCTTAA-3_bif3_2	18061	8251	11911	823	0.0435818682482525	10270	4.01157044359728	0.456840706494657	0.6594872930624	0.0455677980178285	0.406101813952028	0.586984952041669	3.73830140825409	1	0.00712235013277067	0.0994666580936541	1	11911	-0.311920217551186	1.1501404476179	1	1.55	singlet	bif3	bif3_Re2	bi3_Re2	1_2
CB:Z:AGTGTACTCTTACGGA-3_bif3_2	CB:Z:AGTGTACTCTTACGGA-3_bif3_2	18056	8249	12835	575	0.030862540926413	10311	4.01330078685689	0.456856446610545	0.710844040762074	0.0318453699601241	0.406147165090156	0.724430539023288	3.74026043084799	1	0.00764371175704845	0.112413000877413	1	12835	-1.10653405574699	-0.591503398417106	1	2.75	singlet	bif3	bif3_Re2	bi3_Re2	1_3
CB:Z:TGTAAGCGTTGGCTTA-3_bif3_2	CB:Z:TGTAAGCGTTGGCTTA-3_bif3_2	18035	6870	10533	876	0.0463222463116705	10511	4.02164403608744	0.380925977266426	0.584031050734683	0.0485722206820072	0.187372841709847	0.385042111369416	3.74970631024704	1	0.0168045281628447	0.0855125637751175	1	10533	2.37535483451943	-0.193657414911857	1	0.3	singlet	bif3	bif3_Re2	bi3_Re2	1_2
CB:Z:AGCTATGGTGGTTCTA-3_bif3_2	CB:Z:AGCTATGGTGGTTCTA-3_bif3_2	18029	8699	13947	755	0.0401937819420784	10007	4.00030389978481	0.48250041599645	0.773586998724278	0.0418769759831383	0.480033736576511	0.892348934800771	3.72554589644379	1	0.0133816917241787	0.135358382543693	1	13947	-0.453458360709145	1.50733431249989	1	1	singlet	bif3	bif3_Re2	bi3_Re2	1_1
CB:Z:ATTGTGGAGGAGACTC-3_bif3_2	CB:Z:ATTGTGGAGGAGACTC-3_bif3_2	18023	8244	12304	566	0.0304481144763032	10684	4.02873387934934	0.457415524607446	0.68268323808467	0.0314043167064307	0.407758006054862	0.649064044312528	3.75773313559522	1	0.00713916155323052	0.0789167008381645	1	12304	0.46345538707833	1.18352548599375	1	1	singlet	bif3	bif3_Re2	bi3_Re2	1_2
CB:Z:CCTATTAGTTTGCCAA-3_bif3_2	CB:Z:CCTATTAGTTTGCCAA-3_bif3_2	17980	7170	10153	807	0.0429552350029276	10512	4.02168535221571	0.398776418242492	0.5646829810901	0.0448832035595106	0.23880434450855	0.333261052241371	3.74975308664722	1	0.00966352506191379	0.082901882852328	1	10153	-1.15472512630363	-0.419827120302787	1	1.4	singlet	bif3	bif3_Re2	bi3_Re2	1_3
CB:Z:CTCGCTACAGGCATTT-3_bif3_2	CB:Z:CTCGCTACAGGCATTT-3_bif3_2	17941	8607	13327	362	0.0197781784406928	10223	4.00957836079454	0.479739144975196	0.742823699905245	0.0201772476450588	0.472077836862437	0.810017403832354	3.73604605504725	1	0.0132852870883657	0.118632708268201	1	13327	-2.14106278804679	0.383224589825997	1	2.05	singlet	bif3	bif3_Re2	bi3_Re2	1_1
CB:Z:GTTACGAAGGCAAGGG-3_bif3_2	CB:Z:GTTACGAAGGCAAGGG-3_bif3_2	17895	8312	13532	346	0.0189682583191711	10104	4.00449333754727	0.464487286951662	0.7561888795753	0.019335009779268	0.428133489511321	0.84578651007732	3.73028900344689	1	0.0132234321964181	0.132718188741543	1	13532	1.96245140644173	0.762479228974709	1	0.85	singlet	bif3	bif3_Re2	bi3_Re2	1_2
CB:Z:AGCCGCATCGCGCTGA-3_bif3_2	CB:Z:AGCCGCATCGCGCTGA-3_bif3_2	17888	8023	12007	345	0.018921735315088	10418	4.01778435309668	0.448512969588551	0.671232110912343	0.0192866726296959	0.382107559436549	0.61841749899378	3.74533653786678	1	0.00871976356493483	0.0895530221572493	1	12007	0.459617324791953	1.11401434064043	1	1.1	singlet	bif3	bif3_Re2	bi3_Re2	1_2
CB:Z:CCTAAAGTCGGCAATT-3_bif3_2	CB:Z:CCTAAAGTCGGCAATT-3_bif3_2	17822	7432	11459	514	0.0280322862129145	10236	4.01013027721515	0.417012680956122	0.642969363707777	0.0288407586129503	0.291347494453783	0.542778171091608	3.73667091183906	1	0.0112265083214626	0.100551934318131	1	11459	0.256293483696983	-1.67180992841589	1	1.85	singlet	bif3	bif3_Re2	bi3_Re2	1_2
CB:Z:CACGTTCAGAGGAAGT-3_bif3_2	CB:Z:CACGTTCAGAGGAAGT-3_bif3_2	17772	8405	13817	587	0.0319734190315377	10001	4.00004342727686	0.472934953860005	0.777458924150349	0.0330294845824893	0.452473291806484	0.902711332864751	3.72525100031533	1	0.0149972351890676	0.130511253660971	1	13817	2.57825333686929	-0.280394570826164	1	0.95	singlet	bif3	bif3_Re2	bi3_Re2	1_2
CB:Z:TCAATTCCAACGAGGT-3_bif3_2	CB:Z:TCAATTCCAACGAGGT-3_bif3_2	17763	8157	11994	187	0.0104178272980501	10163	4.00702192557868	0.459212970781962	0.675223779766931	0.0105275009851939	0.412936889763063	0.629100365283589	3.73315176553567	1	0.00864487127060323	0.102256432536434	1	11994	-1.46344333080192	0.698843045236	1	1.5	singlet	bif3	bif3_Re2	bi3_Re2	1_1
CB:Z:CCTCCCTGTTGGCGAA-3_bif3_2	CB:Z:CCTCCCTGTTGGCGAA-3_bif3_2	17758	7671	12905	245	0.013608842970616	10368	4.01569498852652	0.431974321432594	0.72671472012614	0.0137965987160716	0.334455653802374	0.76690509083384	3.74297104629329	1	0.010543755261556	0.0958486066870436	1	12905	2.8076313218699	-0.824846761225334	1	0.7	singlet	bif3	bif3_Re2	bi3_Re2	1_2
CB:Z:TACGCAATCGGAGTTT-3_bif3_2	CB:Z:TACGCAATCGGAGTTT-3_bif3_2	17660	8193	13481	903	0.0486451543392771	9994	3.99973934510657	0.463929784824462	0.763363533408834	0.0511325028312571	0.426527189014105	0.86498796950981	3.7249067311429	1	0.0116968014036797	0.121939944201258	1	13481	0.717501588784263	-1.66237618207799	1	0.3	singlet	bif3	bif3_Re2	bi3_Re2	1_2
CB:Z:TCTAGTTGTTTCTCTA-3_bif3_2	CB:Z:TCTAGTTGTTTCTCTA-3_bif3_2	17659	6991	10773	905	0.0487502693385046	10218	4.00936589834624	0.395888781924231	0.610057194631633	0.0512486550767314	0.230484355350669	0.454695638608001	3.73580551390938	1	0.0116870261200353	0.0860995131119928	1	10773	1.25943417163949	-0.175618546007744	1	0.45	singlet	bif3	bif3_Re2	bi3_Re2	1_2
CB:Z:GCAGATTCAACTGCGC-3_bif3_2	CB:Z:GCAGATTCAACTGCGC-3_bif3_2	17599	7509	11764	804	0.0436885290441776	10335	4.01431048096331	0.426671969998295	0.668447070856299	0.0456844138871527	0.319178277574052	0.610963922153033	3.74140356447563	1	0.0139097102738071	0.0966264106745892	1	11764	-1.32826667217155	-1.80030013799535	1	1.45	singlet	bif3	bif3_Re2	bi3_Re2	1_3
CB:Z:TAGGTGTAGATCGCCC-3_bif3_2	CB:Z:TAGGTGTAGATCGCCC-3_bif3_2	17587	7747	12781	545	0.0300573571586146	10314	4.0134271270707	0.44049582077671	0.726729971001308	0.0309887985443794	0.359008185471128	0.766945906609434	3.74040346797776	1	0.0141124497453165	0.101087950731172	1	12781	2.78002829166512	0.253138883115181	1	2	singlet	bif3	bif3_Re2	bi3_Re2	1_2
CB:Z:CTGAATGTCTTGGCCT-3_bif3_2	CB:Z:CTGAATGTCTTGGCCT-3_bif3_2	17521	7713	9329	765	0.0418352838236903	9962	3.99834653739636	0.440214599623309	0.532446778151932	0.0436618914445523	0.358197918287388	0.246987601655962	3.72332985224439	1	0.0063077007738761	0.0797146238052668	1	9329	-2.05288081554313	1.15198440671099	1	1.3	singlet	bif3	bif3_Re2	bi3_Re2	1_1
CB:Z:AGGACGAAGGATCCTT-3_bif3_2	CB:Z:AGGACGAAGGATCCTT-3_bif3_2	17484	7419	9253	505	0.0280727111012285	10246	4.01055435154032	0.42433081674674	0.529226721574011	0.0288835506749028	0.312432840294882	0.23836979413718	3.73715103113325	1	0.0119314924019187	0.096603247435754	1	9253	-1.5962663212194	1.03780562996996	1	1	singlet	bif3	bif3_Re2	bi3_Re2	1_1
CB:Z:TTGTTGTAGTGATCTC-3_bif3_2	CB:Z:TTGTTGTAGTGATCTC-3_bif3_2	17392	7971	12254	188	0.0106939704209329	10328	4.01401622925836	0.458314167433303	0.704576816927323	0.0108095676172953	0.41034721665616	0.707657626070353	3.74107042494676	1	0.0174589367484137	0.102473952365951	1	12254	-1.54967408565421	1.67094822049273	1	2.15	singlet	bif3	bif3_Re2	bi3_Re2	1_1
CB:Z:GTTATGGGTCATTGCA-3_bif3_2	CB:Z:GTTATGGGTCATTGCA-3_bif3_2	17312	7515	10298	851	0.0468534933656334	10067	4.00290006861139	0.434091959334566	0.594847504621072	0.0491566543438078	0.340557088485581	0.413990086466442	3.72848517069507	1	0.0111496699612541	0.0878611468364776	1	10298	-0.457780889548256	0.91290931224955	1	0.4	singlet	bif3	bif3_Re2	bi3_Re2	1_1
CB:Z:GTGTGATCACTTGCGG-3_bif3_2	CB:Z:GTGTGATCACTTGCGG-3_bif3_2	17276	7749	10528	585	0.0327529253681205	9901	3.99567906051162	0.448541329011345	0.609400324149109	0.0338620050937717	0.382189269895958	0.452937662235171	3.72030984597863	1	0.0114554907254675	0.090905089900229	1	10528	-1.50283532527824	1.16712285399569	1	1.6	singlet	bif3	bif3_Re2	bi3_Re2	1_1
CB:Z:TGCCTGTTCTCAGATG-3_bif3_2	CB:Z:TGCCTGTTCTCAGATG-3_bif3_2	17270	7457	9325	553	0.0310273242439544	10184	4.0079183906456	0.431789229878402	0.539953676896352	0.0320208453966416	0.333922359594114	0.267078245058309	3.73416670595919	1	0.00774088444305429	0.0667444187529607	1	9325	-1.48268943218131	1.1242988240732	1	1.5	singlet	bif3	bif3_Re2	bi3_Re2	1_1
CB:Z:CTTAATCCACGGTTAT-3_bif3_2	CB:Z:CTTAATCCACGGTTAT-3_bif3_2	17252	7443	10127	778	0.0431503050471437	10100	4.00432137378264	0.431428240204034	0.587004405286344	0.0450962207280315	0.332882259718014	0.392999672546135	3.73009431323246	1	0.00704078398971981	0.0894490220873773	1	10127	-0.962436250723794	1.75680245280398	1	0.9	singlet	bif3	bif3_Re2	bi3_Re2	1_1
CB:Z:TTCGATTAGATCACCT-3_bif3_2	CB:Z:TTCGATTAGATCACCT-3_bif3_2	17218	8443	12397	739	0.0411538675725344	9786	3.99060521142392	0.490358926704611	0.720002323150192	0.0429201997909165	0.502676035219014	0.748940765136892	3.71456544529648	1	0.0103475163159892	0.114740511893076	1	12397	-1.46699099925895	0.448761625291237	1	2.05	singlet	bif3	bif3_Re2	bi3_Re2	1_1
CB:Z:GTCACAAAGCGTAGCA-3_bif3_2	CB:Z:GTCACAAAGCGTAGCA-3_bif3_2	17213	7907	12528	629	0.0352538953032171	9817	3.99197879099458	0.459362110033115	0.727821995003776	0.0365421483762273	0.413366596559848	0.769868480306955	3.71612055489598	1	0.0141823940776147	0.112492020320095	1	12528	-2.4144545116796	0.67643140077723	1	1.35	singlet	bif3	bif3_Re2	bi3_Re2	1_1
CB:Z:CTCAACCCAGAACGAC-3_bif3_2	CB:Z:CTCAACCCAGAACGAC-3_bif3_2	17122	7073	10692	641	0.0360862466925632	9971	3.99873871625582	0.413094264688705	0.624459759373905	0.0374372152785889	0.280057575202244	0.493241088888821	3.72377386082029	1	0.0123783098927376	0.0804923143850528	1	10692	-1.27665334133048	-1.76855041265356	1	1.55	singlet	bif3	bif3_Re2	bi3_Re2	1_3
CB:Z:AAACGAAGTCTCTGGG-3_bif3_2	CB:Z:AAACGAAGTCTCTGGG-3_bif3_2	17080	7980	13319	454	0.0258925516140071	9708	3.9871297676599	0.467213114754098	0.77980093676815	0.0265807962529274	0.435987268610546	0.908979239486378	3.71063069257053	1	0.0082586536592166	0.115033747453181	1	13319	2.80288548084359	-0.35064973115789	1	1.55	singlet	bif3	bif3_Re2	bi3_Re2	1_2
CB:Z:TTGCTTATCGAGAACG-3_bif3_2	CB:Z:TTGCTTATCGAGAACG-3_bif3_2	17058	7135	11100	612	0.034634974533107	9833	3.99268603916213	0.41827881345996	0.650721069293	0.0358775940907492	0.294995533037368	0.563523988768775	3.71692127182427	1	0.0100495048415856	0.092838640872414	1	11100	-0.71942716030021	-1.70346619367467	1	1.05	singlet	bif3	bif3_Re2	bi3_Re2	1_3
CB:Z:GTGGATTTCATGCTTT-3_bif3_2	CB:Z:GTGGATTTCATGCTTT-3_bif3_2	16968	8082	12263	485	0.0277889188105197	9698	3.98668217977951	0.476308345120226	0.722713342762848	0.0285832154644036	0.462192860206718	0.756196241752335	3.71012395220814	1	0.00850505065100199	0.104656355330847	1	12263	-0.603480867423012	1.07590950846804	1	1.7	singlet	bif3	bif3_Re2	bi3_Re2	1_1
CB:Z:AAACTGCCATCCTCGT-3_bif3_2	CB:Z:AAACTGCCATCCTCGT-3_bif3_2	16884	7010	10845	547	0.0313808731570191	9869	3.99427314897317	0.415185974887467	0.642324093816631	0.0323975361288794	0.286084305807162	0.541051241273763	3.71871813147138	1	0.00550406463909789	0.0762490824531081	1	10845	-1.47058778194328	-1.59608008146154	1	2.75	singlet	bif3	bif3_Re2	bi3_Re2	1_3
CB:Z:AAACGAACAGTGCTCG-3_bif3_2	CB:Z:AAACGAACAGTGCTCG-3_bif3_2	16877	7242	10963	664	0.0378541702297474	9642	3.98416712714699	0.429104698702376	0.649582271730758	0.0393434852165669	0.326187566214045	0.56047623542756	3.70727651433441	1	0.0128716238968942	0.091069003920993	1	10963	-1.3293076076879	1.54522502243651	1	2.95	singlet	bif3	bif3_Re2	bi3_Re2	1_1
CB:Z:CTCAGAACACCACAGC-3_bif3_2	CB:Z:CTCAGAACACCACAGC-3_bif3_2	16780	6965	11408	532	0.0307301293900185	9921	3.99655544963337	0.41507747318236	0.679856972586412	0.031704410011919	0.285771685757194	0.641500136203597	3.72130205725291	1	0.0158092421717458	0.0940161122798434	1	11408	-0.364927343405678	1.07995728969706	1	0.45	singlet	bif3	bif3_Re2	bi3_Re2	1_2
CB:Z:AGCTGGCGTTTGTAGC-3_bif3_2	CB:Z:AGCTGGCGTTTGTAGC-3_bif3_2	16716	7239	11187	506	0.0293810242712809	9745	3.98878184345364	0.433058147882268	0.669239052404882	0.0302703996171333	0.33757842388713	0.613083495017345	3.71250110399833	1	0.00877278865815004	0.0990585349000586	1	11187	-1.08880381969352	-1.81271149396764	1	1.55	singlet	bif3	bif3_Re2	bi3_Re2	1_3
CB:Z:ACCAAACGTAGAATAC-3_bif3_2	CB:Z:ACCAAACGTAGAATAC-3_bif3_2	16684	6897	11271	867	0.0493988946498775	9668	3.98533664173561	0.413390074322704	0.675557420282906	0.0519659554063774	0.280909875380113	0.629993284298382	3.70860059005771	1	0.0092705550057633	0.0873502868209719	1	11271	2.5792628011332	-1.13068725347387	1	1.7	singlet	bif3	bif3_Re2	bi3_Re2	1_2
CB:Z:TCGCAGGAGCGCGTTC-3_bif3_2	CB:Z:TCGCAGGAGCGCGTTC-3_bif3_2	16651	6751	10915	709	0.0408410138248848	9898	3.99554744947514	0.405441114647769	0.655516185214101	0.0425800252237103	0.258006971058792	0.576357112982068	3.72016084144289	1	0.0121782544955389	0.085165731678257	1	10915	-1.5287614384069	-1.57755471944677	1	1.35	singlet	bif3	bif3_Re2	bi3_Re2	1_3
CB:Z:GGGACCTGTTAGGCTT-3_bif3_2	CB:Z:GGGACCTGTTAGGCTT-3_bif3_2	16591	7309	11839	754	0.0434707408475065	9483	3.97694575055924	0.440540051835332	0.713579651618347	0.0454463263214996	0.359135626009901	0.731751828955676	3.69910077243123	1	0.0129294664720368	0.0963887418988315	1	11839	-1.30016045955558	-1.54197837591039	1	1.4	singlet	bif3	bif3_Re2	bi3_Re2	1_3
CB:Z:GGGCCATGTGAGTTGG-3_bif3_2	CB:Z:GGGCCATGTGAGTTGG-3_bif3_2	16518	7794	11670	866	0.0498159226875288	9413	3.97372805868803	0.47184889211769	0.706501997820559	0.0524276546797433	0.44934408129486	0.712809969818132	3.69545783566656	1	0.00786544792837587	0.103759094038533	1	11670	0.273158021889732	1.57345466137064	1	1.35	singlet	bif3	bif3_Re2	bi3_Re2	1_1
CB:Z:CCCACATCAATCACTG-3_bif3_2	CB:Z:CCCACATCAATCACTG-3_bif3_2	16492	7405	11610	501	0.0294827281821927	9507	3.97804349390996	0.449005578462285	0.703977686150861	0.0303783652680087	0.383526886539004	0.706054177936699	3.70034359174724	1	0.0103846172073875	0.0998166115521451	1	11610	-0.613050512350991	0.244198663236031	1	1.55	singlet	bif3	bif3_Re2	bi3_Re2	1_1
CB:Z:CGTAAACGTAACGGAC-3_bif3_2	CB:Z:CGTAAACGTAACGGAC-3_bif3_2	16469	7436	11157	445	0.0263095660399669	9764	3.98962777074515	0.451514967514725	0.677454611694699	0.0270204626874734	0.390757052463008	0.635070720056879	3.71345882765673	1	0.0120151843111162	0.0915936780522787	1	11157	-0.859761766470864	0.926751894952187	1	1.4	singlet	bif3	bif3_Re2	bi3_Re2	1_1
CB:Z:CTCACCAGTGTCCTTC-3_bif3_2	CB:Z:CTCACCAGTGTCCTTC-3_bif3_2	16439	7181	10273	500	0.0295176810909735	9828	3.99246514780804	0.43682705760691	0.624916357442667	0.0304154753938804	0.348437578084547	0.494463078060383	3.71667118783021	1	0.0144065686575561	0.0977143244811221	1	10273	-1.46697478679557	1.52489172488583	1	0.45	singlet	bif3	bif3_Re2	bi3_Re2	1_1
CB:Z:TGGCCTTTCCAGGTCG-3_bif3_2	CB:Z:TGGCCTTTCCAGGTCG-3_bif3_2	16401	7594	11342	657	0.0385156524797749	9357	3.97113662947681	0.46302054752759	0.691543198585452	0.0400585330162795	0.42390745314083	0.672775874329204	3.69252392741044	1	0.008759086183463	0.107089408466892	1	11342	-1.89979319957633	-0.173819320200554	1	1.8	singlet	bif3	bif3_Re2	bi3_Re2	1_3
CB:Z:CTGGCAGAGTCGCCTG-3_bif3_2	CB:Z:CTGGCAGAGTCGCCTG-3_bif3_2	16354	6728	10511	428	0.0255035156715529	9644	3.98425720170542	0.411397823162529	0.642717378011496	0.0261709673474379	0.275169710682912	0.542103784112532	3.70737849299912	1	0.0117302350771863	0.0689284628759833	1	10511	-1.20290570644279	-1.53661753415929	1	1.7	singlet	bif3	bif3_Re2	bi3_Re2	1_3
CB:Z:TCAATTCTCAGAGTGG-3_bif3_2	CB:Z:TCAATTCTCAGAGTGG-3_bif3_2	16338	8042	13305	476	0.0283097418817652	9251	3.96618868095614	0.492226710735708	0.814359162688212	0.0291345329905741	0.508057579560217	1.00146709861645	3.68692206610828	1	0.0182506627864479	0.130917268470873	1	13305	-1.16740565685172	1.96208463430537	1	0.5	singlet	bif3	bif3_Re2	bi3_Re2	1_1
CB:Z:AGTTTGGAGAATCAAC-3_bif3_2	CB:Z:AGTTTGGAGAATCAAC-3_bif3_2	16290	6534	9583	856	0.0499241805668961	9511	3.97822618167453	0.401104972375691	0.588275015346839	0.0525475751995089	0.245513480634606	0.396400194452444	3.70055042322788	1	0.0133082327354861	0.0937841622361387	1	9583	2.45557398410897	-0.311617033480278	1	1.45	singlet	bif3	bif3_Re2	bi3_Re2	1_2
CB:Z:CAGCTAACAGTGGTCC-3_bif3_2	CB:Z:CAGCTAACAGTGGTCC-3_bif3_2	16260	7125	11651	613	0.0363302317311681	9303	3.96862302095699	0.438191881918819	0.716543665436654	0.03769987699877	0.352369971996372	0.739684391614457	3.68967812450099	1	0.0158252191036292	0.108685535401924	1	11651	1.43970555873971	-0.302134053705803	1	0.1	singlet	bif3	bif3_Re2	bi3_Re2	1_2
CB:Z:AGCGTGCAGAGGTACC-3_bif3_2	CB:Z:AGCGTGCAGAGGTACC-3_bif3_2	16213	6407	10264	793	0.0466306009643655	9561	3.9805033181934	0.395176710047493	0.633072225991488	0.0489113674212052	0.228432701457611	0.516290553324063	3.70312850238362	1	0.0139956506542385	0.0829778404047	1	10264	0.992973276101158	-0.376407282351127	1	1.35	singlet	bif3	bif3_Re2	bi3_Re2	1_2
CB:Z:TCGAGCGAGTTCGACT-3_bif3_2	CB:Z:TCGAGCGAGTTCGACT-3_bif3_2	16141	7663	12132	273	0.0166321432923114	9266	3.96689229586714	0.474753732730314	0.751626293290379	0.0169134502199368	0.457713640248518	0.833575702770117	3.68771866961478	1	0.0109190664992036	0.131148150793912	1	12132	2.56724531265359	0.743211371899971	1	1	singlet	bif3	bif3_Re2	bi3_Re2	1_2
CB:Z:TGACAACAGTAACACA-3_bif3_2	CB:Z:TGACAACAGTAACACA-3_bif3_2	16135	7038	12331	651	0.0387823185988324	9353	3.97095093434542	0.436194607995042	0.764239231484351	0.0403470715835141	0.346615335484127	0.867331592137785	3.6923136911143	1	0.0151600077065941	0.0907333113196895	1	12331	-1.38183074382682	-1.65095903158056	1	1.85	singlet	bif3	bif3_Re2	bi3_Re2	1_3
CB:Z:GTTCAAGAGTGCACAG-3_bif3_2	CB:Z:GTTCAAGAGTGCACAG-3_bif3_2	16093	7034	10909	249	0.0152368131195692	9287	3.96787544554803	0.437084446653825	0.677872366867582	0.0154725657118002	0.349179179118632	0.636188754346887	3.68883175074904	1	0.0110675866465254	0.102459625406902	1	10909	-0.0509853878392721	1.50137596398724	1	0.55	singlet	bif3	bif3_Re2	bi3_Re2	1_1
CB:Z:TGGTCCTAGCGGACAT-3_bif3_2	CB:Z:TGGTCCTAGCGGACAT-3_bif3_2	16082	7136	11667	714	0.0425101214574899	9387	3.97252681786586	0.443725904738217	0.725469468971521	0.0443974630021142	0.368314850361313	0.763572436731849	3.6940978408226	1	0.0149860839585564	0.0976456668720406	1	11667	2.6240136108027	-1.13074232816564	1	2.25	singlet	bif3	bif3_Re2	bi3_Re2	1_2
CB:Z:TGGGTTATCTTGCGCT-3_bif3_2	CB:Z:TGGGTTATCTTGCGCT-3_bif3_2	16081	6138	7984	705	0.0419992851185512	9398	3.97303544068693	0.381692680803433	0.496486536906909	0.0438405571792799	0.189581902828404	0.150747541930486	3.69467368240358	1	0.0103315352191267	0.0575812169466725	1	7984	-1.68290620235343	1.00372983336581	1	3.1	singlet	bif3	bif3_Re2	bi3_Re2	1_1
CB:Z:TGTGACAAGTCGCCTG-3_bif3_2	CB:Z:TGTGACAAGTCGCCTG-3_bif3_2	16064	6862	9977	407	0.024710096533301	9316	3.96922947986264	0.427166334661355	0.621078187250996	0.0253361553784861	0.320602663536606	0.484191018816785	3.69036473202343	1	0.0131233406099532	0.0935392837081794	1	9977	0.138162561379478	0.669651253224739	1	0.35	singlet	bif3	bif3_Re2	bi3_Re2	1_2
CB:Z:TGCTCGTCAAGGTCGA-3_bif3_2	CB:Z:TGCTCGTCAAGGTCGA-3_bif3_2	16055	7272	11508	829	0.0490997393982469	9304	3.96866970172039	0.452943008408595	0.716786047960137	0.0516350046714419	0.394871588867362	0.740333077711345	3.68973097451771	1	0.00988793737141626	0.100649393271171	1	11508	-0.729043535269692	1.64648097574843	1	1.2	singlet	bif3	bif3_Re2	bi3_Re2	1_1
CB:Z:GCATGATTCGCTCTAC-3_bif3_2	CB:Z:GCATGATTCGCTCTAC-3_bif3_2	16001	6832	9192	208	0.0128323770744648	9278	3.96745436818274	0.426973314167864	0.574464095994	0.0129991875507781	0.320046524107644	0.359438159233482	3.68835502448805	1	0.0144041039892077	0.0853744583287292	1	9192	-1.90134768871207	-0.221366064547172	1	1.9	singlet	bif3	bif3_Re2	bi3_Re2	1_3
CB:Z:TTCGTTAGTGCGTTTA-3_bif3_2	CB:Z:TTCGTTAGTGCGTTTA-3_bif3_2	15932	6863	9294	392	0.0240137221269297	9415	3.97382032435268	0.430768265126789	0.583354255586242	0.0246045694200351	0.330980709494244	0.383230810798208	3.69556229501051	1	0.00910860157671152	0.0889316313915228	1	9294	-1.37783675578971	0.428816540242562	1	0.8	singlet	bif3	bif3_Re2	bi3_Re2	1_1
CB:Z:TTGCTATTCTTCGTTA-3_bif3_2	CB:Z:TTGCTATTCTTCGTTA-3_bif3_2	15851	7484	12408	381	0.0234721537703302	8905	3.94963392379926	0.472146867705508	0.782789729354615	0.0240363384013627	0.450202622117428	0.91697811733229	3.66817945932965	1	0.0168878518612803	0.117724228254894	1	12408	-2.39386039165397	0.45328025341166	1	0.8	singlet	bif3	bif3_Re2	bi3_Re2	1_1
CB:Z:ATCCTGCTCGGGACAA-3_bif3_2	CB:Z:ATCCTGCTCGGGACAA-3_bif3_2	15811	6776	10347	786	0.0473579562571549	9123	3.96013767486379	0.428562393270508	0.654417810385175	0.0497122256656758	0.324625051126923	0.57341754262667	3.68007136895041	1	0.00842873378009596	0.0883335893567938	1	10347	-0.15045195011039	0.917254252435097	1	1.5	singlet	bif3	bif3_Re2	bi3_Re2	1_1
CB:Z:TGGCCTTCAAAGGCCA-3_bif3_2	CB:Z:TGGCCTTCAAAGGCCA-3_bif3_2	15785	6287	8848	510	0.0312979441546487	9316	3.96922947986264	0.398289515362686	0.560532150776053	0.0323091542603738	0.237401457775444	0.322152223615549	3.69036473202343	1	0.0120056458251801	0.0908237461236088	1	8848	-1.15747838405509	1.15939359188212	1	1.25	singlet	bif3	bif3_Re2	bi3_Re2	1_1
CB:Z:TAGGAGGAGTGATAAC-3_bif3_2	CB:Z:TAGGAGGAGTGATAAC-3_bif3_2	15763	6432	8886	485	0.029849827671098	9158	3.96180063919168	0.408044154031593	0.563725179217154	0.0307682547738375	0.265506966579003	0.330697695982735	3.6819541079232	1	0.0153757506653318	0.0824278625003997	1	8886	-1.48694854167838	0.887378735543618	1	0.75	singlet	bif3	bif3_Re2	bi3_Re2	1_1
CB:Z:TGAGTCACATCGGCCA-3_bif3_2	CB:Z:TGAGTCACATCGGCCA-3_bif3_2	15758	7633	10744	398	0.0246348105966823	9052	3.95674454528269	0.484388881837797	0.681812412742734	0.025257012311207	0.485474870290502	0.64673346253619	3.67622980891513	1	0.0114223468374471	0.115751676485877	1	10744	-1.79830460933585	0.754085643292794	1	1.4	singlet	bif3	bif3_Re2	bi3_Re2	1_1
CB:Z:GGCGTTGCAACGGACA-3_bif3_2	CB:Z:GGCGTTGCAACGGACA-3_bif3_2	15697	7353	12057	780	0.0473387145718274	8715	3.94026739144601	0.468433458622667	0.768108555774989	0.0496910237625024	0.439503378894645	0.877687028807158	3.65757506138454	1	0.0129498985915841	0.132811244069099	1	12057	2.78325349899392	0.130994303227791	1	0.65	singlet	bif3	bif3_Re2	bi3_Re2	1_2
CB:Z:ACATGGTGTGCGCTCA-3_bif3_2	CB:Z:ACATGGTGTGCGCTCA-3_bif3_2	15645	6739	10588	583	0.0359255607591817	8900	3.94939000664491	0.430744646852029	0.676765739852988	0.0372643016938319	0.330912659446292	0.633227098743614	3.66790330648324	1	0.0115895732002525	0.0989876447166001	1	10588	1.31456822963814	0.0673489403737872	1	1.35	singlet	bif3	bif3_Re2	bi3_Re2	1_2
CB:Z:GTGACATAGTCACACT-3_bif3_2	CB:Z:GTGACATAGTCACACT-3_bif3_2	15629	6509	9681	696	0.0426339969372129	9191	3.96336276610374	0.416469383837738	0.619425427090665	0.0445325996544884	0.289782122074346	0.479767752146844	3.68372268297227	1	0.0130230511821239	0.0876401076039792	1	9681	-0.231662324942544	1.219914479257	1	2.2	singlet	bif3	bif3_Re2	bi3_Re2	1_1
CB:Z:CTCATGCGTCACTCTC-3_bif3_2	CB:Z:CTCATGCGTCACTCTC-3_bif3_2	15605	7114	11203	523	0.0324280753968254	9079	3.95803801609834	0.455879525793015	0.717910925985261	0.0335148990708106	0.403332416377322	0.743343578324624	3.67769422271761	1	0.0145401939169627	0.111170022010826	1	11203	-2.46561389354606	0.719655437470803	1	3.1	singlet	bif3	bif3_Re2	bi3_Re2	1_1
CB:Z:GTACTTTCACAGATGG-3_bif3_2	CB:Z:GTACTTTCACAGATGG-3_bif3_2	15590	6431	10157	376	0.0235500438431667	9122	3.96009006790492	0.412508017960231	0.651507376523412	0.0241180243745991	0.278368454451857	0.565628375508058	3.68001747033373	1	0.0138571961532635	0.100028060040552	1	10157	2.88448668333153	0.402119619847664	1	1.65	singlet	bif3	bif3_Re2	bi3_Re2	1_2
CB:Z:GTAATCGCATCGAGTT-3_bif3_2	CB:Z:GTAATCGCATCGAGTT-3_bif3_2	15552	6843	10356	513	0.0319327731092437	9019	3.95515838692579	0.440007716049383	0.665895061728395	0.0329861111111111	0.357601835920254	0.604134003821398	3.67443402646479	1	0.0114451815121867	0.0964497976683618	1	10356	-0.466373495139077	-1.65580894231664	1	1.9	singlet	bif3	bif3_Re2	bi3_Re2	1_3
CB:Z:AACTGGTTCAGATACC-3_bif3_2	CB:Z:AACTGGTTCAGATACC-3_bif3_2	15515	7049	11086	425	0.0266624843161857	8968	3.95269559958692	0.454334514985498	0.714534321624235	0.0273928456332581	0.398880860935224	0.734306803427585	3.67164576118041	1	0.0140553705008483	0.101395098239297	1	11086	-0.604136518515542	0.976146085263619	1	1.35	singlet	bif3	bif3_Re2	bi3_Re2	1_1
CB:Z:GTTACGAGTCTGGGCT-3_bif3_2	CB:Z:GTTACGAGTCTGGGCT-3_bif3_2	15508	6247	8334	782	0.0480049109883364	8981	3.95332469638919	0.40282434872324	0.537400051586278	0.0504255867939128	0.250467426004894	0.260244001353338	3.67235799838684	1	0.00902004999081038	0.062243079100899	1	8334	-1.47285848049064	1.25350636065138	1	2.1	singlet	bif3	bif3_Re2	bi3_Re2	1_1
CB:Z:TTTACGTTCACTACCC-3_bif3_2	CB:Z:TTTACGTTCACTACCC-3_bif3_2	15304	7107	11917	346	0.0221086261980831	8785	3.94374176583131	0.4643883951908	0.778685311029796	0.0226084683742812	0.427848558069997	0.905993500682268	3.66150860340441	1	0.016623602535181	0.115514844501655	1	11917	-1.02701716808219	-0.336599009035698	1	2.1	singlet	bif3	bif3_Re2	bi3_Re2	1_3
CB:Z:CAGGGCTGTGAATCAA-3_bif3_2	CB:Z:CAGGGCTGTGAATCAA-3_bif3_2	15148	6911	10942	697	0.0439886399495109	8529	3.9308981144101	0.456231845788223	0.722339582783206	0.0460126749405862	0.404347536779326	0.755195951389469	3.64696755602399	1	0.0172590330902542	0.11502515746382	1	10942	1.1895117244349	0.530620021821389	1	0.35	singlet	bif3	bif3_Re2	bi3_Re2	1_2
CB:Z:CAGGATTGTCCCTAAA-3_bif3_2	CB:Z:CAGGATTGTCCCTAAA-3_bif3_2	15120	7022	11127	696	0.0440060698027314	8462	3.92747302099528	0.464417989417989	0.735912698412698	0.046031746031746	0.427933826304018	0.791521554711832	3.64308980786702	1	0.0113309047213134	0.120526557863567	1	11127	-1.44625525859733	-0.61702825307714	1	1.55	singlet	bif3	bif3_Re2	bi3_Re2	1_1
CB:Z:TACGCAATCAGTTGAC-3_bif3_2	CB:Z:TACGCAATCAGTTGAC-3_bif3_2	15024	6273	10471	482	0.0310847413904295	8945	3.95158034490339	0.417531948881789	0.696951544195953	0.0320820021299255	0.292843632829751	0.687250179465927	3.6703831162625	1	0.0135085229952209	0.0857849110023664	1	10471	2.115291782342	-0.425040500162712	1	3	singlet	bif3	bif3_Re2	bi3_Re2	1_2
CB:Z:AAAGATGCATCCTGGG-3_bif3_2	CB:Z:AAAGATGCATCCTGGG-3_bif3_2	15016	6385	7772	281	0.0183696149571811	8838	3.94635399722627	0.425213106020245	0.517581246670218	0.0187133724027704	0.314974932297001	0.207203117789379	3.66446606302684	1	0.00572469828464342	0.0672323970466927	1	7772	-1.20746617702384	1.90112842440737	1	2.25	singlet	bif3	bif3_Re2	bi3_Re2	1_1
CB:Z:CATTGGAGTGCTTCCT-3_bif3_2	CB:Z:CATTGGAGTGCTTCCT-3_bif3_2	14965	6395	10250	653	0.041810731207581	8647	3.93686545897562	0.427330437687939	0.684931506849315	0.0436351486802539	0.32107548464407	0.655081065130438	3.65372353508453	1	0.0113094737645041	0.0981491462384341	1	10250	2.66124970527749	-0.401053087710014	1	0.9	singlet	bif3	bif3_Re2	bi3_Re2	1_2
CB:Z:CGCAATAAGCGCAATG-3_bif3_2	CB:Z:CGCAATAAGCGCAATG-3_bif3_2	14919	6659	10182	777	0.0495030581039755	8481	3.92844706320918	0.44634358871238	0.682485421274884	0.0520812386889202	0.375857040541591	0.648534629021381	3.64419257790635	1	0.0133852820413717	0.0972987241821491	1	10182	-2.42433076290031	0.415372235776314	1	0.95	singlet	bif3	bif3_Re2	bi3_Re2	1_1
CB:Z:AACAGTCGTCCCGTGA-3_bif3_2	CB:Z:AACAGTCGTCCCGTGA-3_bif3_2	14882	6932	10520	405	0.0264930987113233	8435	3.92608508692514	0.465797607848407	0.706894234645881	0.0272140841284774	0.431908845703277	0.713859709591518	3.64151844670088	1	0.0152970463417239	0.113531247348158	1	10520	-0.958707384146645	0.551673634053597	1	1.15	singlet	bif3	bif3_Re2	bi3_Re2	1_1
CB:Z:TTCGATTCAGCAATGG-3_bif3_2	CB:Z:TTCGATTCAGCAATGG-3_bif3_2	14777	7159	11811	444	0.0291702253465607	8414	3.92500250768098	0.48446910739663	0.799282669012655	0.0300466941869121	0.48570601982116	0.961118018589435	3.64029279555494	1	0.0116098617294922	0.120778647730384	1	11811	0.516803928338096	0.637409372331032	1	1.25	singlet	bif3	bif3_Re2	bi3_Re2	1_2
CB:Z:CCCTGATCAGATTTGC-3_bif3_2	CB:Z:CCCTGATCAGATTTGC-3_bif3_2	14701	6044	7800	373	0.024744593339525	8730	3.94101424370557	0.411128494660227	0.530576151282226	0.02537242364465	0.274393709146677	0.241981260334781	3.65842061641684	1	0.0131163161922136	0.0805058076706352	1	7800	-1.85468058971305	1.36340979308022	1	1.15	singlet	bif3	bif3_Re2	bi3_Re2	1_1
CB:Z:AGTGCGCTCGCATAAC-3_bif3_2	CB:Z:AGTGCGCTCGCATAAC-3_bif3_2	14649	6731	9475	483	0.031919111816019	8432	3.92593059786847	0.459485289098232	0.646801829476415	0.0329715338930985	0.413721505687349	0.553034963640812	3.64134354062323	1	0.00937057631580308	0.103727568463757	1	9475	-1.98641400722404	0.737414879800209	1	1.85	singlet	bif3	bif3_Re2	bi3_Re2	1_1
CB:Z:TAGCATGAGAACGCCA-3_bif3_2	CB:Z:TAGCATGAGAACGCCA-3_bif3_2	14633	7030	11235	611	0.0400813434794017	8342	3.92127018550981	0.480420966309028	0.767785143169548	0.0417549374701018	0.474042331514763	0.876821482654353	3.63606721579183	1	0.0180955491720508	0.120436198055132	1	11235	-1.25064711955924	0.858123345376381	1	3	singlet	bif3	bif3_Re2	bi3_Re2	1_1
CB:Z:GCATGATTCTCTTCTC-3_bif3_2	CB:Z:GCATGATTCTCTTCTC-3_bif3_2	14590	6782	10662	646	0.0423995799422421	8348	3.92158244039342	0.464838930774503	0.730774503084304	0.0442769019876628	0.429146661694732	0.777770250266558	3.63642073776999	1	0.0113080137271363	0.105000508712708	1	10662	-0.00399213222403771	-0.239227192400566	1	1.7	singlet	bif3	bif3_Re2	bi3_Re2	1_1
CB:Z:GCAGCTGCAGCAACCC-3_bif3_2	CB:Z:GCAGCTGCAGCAACCC-3_bif3_2	14583	5723	9367	558	0.0368535763820091	8526	3.93074532831111	0.392443255845848	0.642323253102928	0.0382637317424398	0.220556948829957	0.541048991279486	3.64679457796412	1	0.0227890399805581	0.101993976107275	1	9367	0.738579936944053	-1.48651077031957	1	0.75	singlet	bif3	bif3_Re2	bi3_Re2	1_2
CB:Z:GAACGTTAGCAGGACT-3_bif3_2	CB:Z:GAACGTTAGCAGGACT-3_bif3_2	14411	6578	10307	417	0.0281224710008093	8263	3.91713775275644	0.456456873221844	0.715217542155298	0.0289362292693082	0.404995896060623	0.736135300190641	3.63138864748657	1	0.0176334336242078	0.104011729596941	1	10307	-1.52842049983878	-0.728827970026603	1	1.45	singlet	bif3	bif3_Re2	bi3_Re2	1_3
CB:Z:GCGGTGTGTGCGTAGA-3_bif3_2	CB:Z:GCGGTGTGTGCGTAGA-3_bif3_2	14365	6049	9494	530	0.0355824102047667	8417	3.9251573271759	0.421092934215106	0.660911938739993	0.0368952314653672	0.303103705809584	0.590797718039678	3.64046807574102	1	0.00873387660648333	0.0957679898267406	1	9494	1.52860922428231	-1.13590647458898	1	1.05	singlet	bif3	bif3_Re2	bi3_Re2	1_2
CB:Z:TGGCCTTCAATGGTAA-3_bif3_2	CB:Z:TGGCCTTCAATGGTAA-3_bif3_2	14321	5713	7569	233	0.0160093445101003	8338	3.92106189079028	0.398924656099434	0.528524544375393	0.0162698135605056	0.239231454167322	0.236490563820777	3.63583139318294	1	0.00890801221659698	0.070410359506233	1	7569	-2.45208220867057	0.802223844529518	1	1.25	singlet	bif3	bif3_Re2	bi3_Re2	1_1
CB:Z:TTGCGGGTCACCACAA-3_bif3_2	CB:Z:TTGCGGGTCACCACAA-3_bif3_2	14151	7087	10374	729	0.048991935483871	7909	3.89812157554111	0.500812663416013	0.73309306762773	0.0515157939368243	0.532795817114052	0.783975403024466	3.60985932340151	1	0.0129644048648662	0.122192199583807	1	10374	-1.88120561031242	1.54784043699635	1	1.65	singlet	bif3	bif3_Re2	bi3_Re2	1_1
CB:Z:AATACGCAGACAGTGC-3_bif3_2	CB:Z:AATACGCAGACAGTGC-3_bif3_2	14142	5951	9452	697	0.0469708201361278	8339	3.92111397383668	0.42080328100693	0.668363739216518	0.0492858153019375	0.302269143805936	0.610740902459287	3.63589035943955	1	0.0195087575512001	0.0865470871353134	1	9452	-1.48642878917594	-0.876897828577629	1	0.85	singlet	bif3	bif3_Re2	bi3_Re2	1_3
CB:Z:TCGGGACAGTCTCTAG-3_bif3_2	CB:Z:TCGGGACAGTCTCTAG-3_bif3_2	14076	6787	11096	475	0.0326438045495155	7947	3.90020321301689	0.482168229610685	0.788292128445581	0.0337453822108554	0.479076626046184	0.931704136925423	3.61221606668047	1	0.0130965076840879	0.130375415631621	1	11096	2.19955212684731	0.400406224728951	1	2.25	singlet	bif3	bif3_Re2	bi3_Re2	1_2
CB:Z:TTCTGTAAGTCAACTC-3_bif3_2	CB:Z:TTCTGTAAGTCAACTC-3_bif3_2	14074	6097	9808	217	0.0151843817787419	8319	3.92007112429752	0.433210174790394	0.696887878357255	0.0154185022026432	0.338016450732585	0.687079791173004	3.63470968861143	1	0.00909007796563289	0.0774722845976617	1	9808	-1.06982808498283	-0.79541827916967	1	2.45	singlet	bif3	bif3_Re2	bi3_Re2	1_3
CB:Z:TTTGTGTTCAGAGTGG-3_bif3_2	CB:Z:TTTGTGTTCAGAGTGG-3_bif3_2	14074	6477	9070	92	0.00649442326697727	8178	3.91264710621832	0.460210316896405	0.644450760267159	0.00653687650987637	0.415810488770785	0.546742818947573	3.6263045244488	1	0.00597842897898791	0.0814398049401042	1	9070	-0.567687562979653	1.90484465479983	1	1.15	singlet	bif3	bif3_Re2	bi3_Re2	1_1
CB:Z:GCTTGCTGTTCCATCC-3_bif3_2	CB:Z:GCTTGCTGTTCCATCC-3_bif3_2	13972	6622	10737	237	0.0166795692870716	8082	3.90751884610663	0.473947895791583	0.768465502433438	0.0169624964214143	0.455391826192204	0.878642321834641	3.62049852187074	1	0.0149598201207392	0.111240671381354	1	10737	-2.47362952617545	0.458070917130837	1	1.7	singlet	bif3	bif3_Re2	bi3_Re2	1_1
CB:Z:TTCGCGTGTGACAAGC-3_bif3_2	CB:Z:TTCGCGTGTGACAAGC-3_bif3_2	13929	4872	8145	411	0.0286610878661088	8227	3.91524149730619	0.349773853112212	0.584751238423433	0.0295067844066336	0.0976159240644341	0.38696954299332	3.62924178601835	1	0.0143083736172199	0.0708908099838777	1	8145	-1.09235577968498	-1.62819220304357	1	1.15	singlet	bif3	bif3_Re2	bi3_Re2	1_3
CB:Z:TGAATCGTCCACGAGC-3_bif3_2	CB:Z:TGAATCGTCCACGAGC-3_bif3_2	13838	6262	9761	175	0.0124884036252052	8213	3.91450182282731	0.452522040757335	0.705376499494147	0.0126463361757479	0.393658677715026	0.709797809098273	3.62840435737047	1	0.00856487792487948	0.0876766710336986	1	9761	-2.27268796352287	0.969552470446953	1	0.95	singlet	bif3	bif3_Re2	bi3_Re2	1_1
CB:Z:TTGCGAAGTGCTGAAG-3_bif3_2	CB:Z:TTGCGAAGTGCTGAAG-3_bif3_2	13818	4485	5678	462	0.0323529411764706	7934	3.89949219613813	0.324576639166305	0.410913301490809	0.033434650455927	0.0250165646807602	-0.0782713134001209	3.61141108297426	1	0.00840317038639752	0.0561524985543092	1	5678	-1.55860190776725	0.494293375016579	1	2.25	singlet	bif3	bif3_Re2	bi3_Re2	1_1
CB:Z:GAGAACGAGCGAGAAA-3_bif3_2	CB:Z:GAGAACGAGCGAGAAA-3_bif3_2	13774	6046	7919	106	0.00763688760806916	8024	3.90439092001236	0.438942935966313	0.574923769420648	0.0076956584870045	0.354533943093639	0.360668378956796	3.61695721418124	1	0.012235338373762	0.0804876917432719	1	7919	-1.85329347041984	1.10078461289538	1	0.4	singlet	bif3	bif3_Re2	bi3_Re2	1_1
CB:Z:CAGCCTTAGACTAGGC-3_bif3_2	CB:Z:CAGCCTTAGACTAGGC-3_bif3_2	13714	5889	9479	605	0.0422515538794609	7972	3.90156729002845	0.42941519614992	0.691191483155899	0.0441155024063001	0.327082185588645	0.67183458159104	3.6137604178782	1	0.0135094233357486	0.0936812193521078	1	9479	2.71715981575112	-0.81247617483007	1	1.05	singlet	bif3	bif3_Re2	bi3_Re2	1_2
CB:Z:TCAGTTTGTAAAGGCC-3_bif3_2	CB:Z:TCAGTTTGTAAAGGCC-3_bif3_2	13502	6181	8560	185	0.013516475487689	7960	3.90091306773767	0.45778403199526	0.633980151088728	0.0137016738260998	0.408819766309026	0.51872042483102	3.6130197346398	1	0.0131398073456008	0.0839032502284127	1	8560	-0.341408304251626	1.75378455042971	1	0.85	singlet	bif3	bif3_Re2	bi3_Re2	1_1
CB:Z:GGAGAACGTCACCCGA-3_bif3_2	CB:Z:GGAGAACGTCACCCGA-3_bif3_2	13457	6350	9511	338	0.024501631025734	7664	3.88445549607049	0.471873374451958	0.706769710931114	0.0251170394590176	0.449414620910387	0.713526447929986	3.59438715722619	1	0.0104776789530842	0.105349379577064	1	9511	-1.04694848445792	1.90642998933924	1	0.35	singlet	bif3	bif3_Re2	bi3_Re2	1_1
CB:Z:TACATGGGTGTGTGTT-3_bif3_2	CB:Z:TACATGGGTGTGTGTT-3_bif3_2	13442	6560	9627	667	0.0472747891416826	7703	3.8866598978612	0.48802261568219	0.716188067251897	0.0496205921737837	0.495944549590764	0.738732707494594	3.59688288915109	1	0.00854912352553203	0.115741728789955	1	9627	-2.06116872218986	0.624014658929238	1	1.15	singlet	bif3	bif3_Re2	bi3_Re2	1_1
CB:Z:ATTCGTTGTCTCTGCT-3_bif3_2	CB:Z:ATTCGTTGTCTCTGCT-3_bif3_2	13437	4747	6509	614	0.0436979574407515	8000	3.90308998699194	0.353278261516708	0.484408722185012	0.0456947235245963	0.107712985022496	0.118423798542099	3.61548435198121	1	0.00596400772398092	0.0512396304015111	1	6509	-1.15842585948844	-1.21744705915319	1	1	singlet	bif3	bif3_Re2	bi3_Re2	1_3
CB:Z:CATTCCGTCCGTGCAG-3_bif3_2	CB:Z:CATTCCGTCCGTGCAG-3_bif3_2	13343	5829	9418	531	0.0382730286867522	7661	3.88428546233968	0.436858277748632	0.705838267256239	0.0397961477928502	0.348527530977503	0.711033633872092	3.59419465211569	1	0.0118199338778868	0.0904011648871912	1	9418	0.679136939965293	-1.5700214076029	1	1.2	singlet	bif3	bif3_Re2	bi3_Re2	1_3
CB:Z:CCCTCTCGTGGAGTGT-3_bif3_2	CB:Z:CCCTCTCGTGGAGTGT-3_bif3_2	13319	5972	9668	130	0.00966614618187226	7690	3.88592633980143	0.448382010661461	0.725880321345446	0.00976049252946918	0.381730234616721	0.764671997125105	3.59605238525827	1	0.0122796851708738	0.0990237361756867	1	9668	1.72898215862374	0.485729141236672	1	1.1	singlet	bif3	bif3_Re2	bi3_Re2	1_2
CB:Z:GAAATGAAGATCTAAG-3_bif3_2	CB:Z:GAAATGAAGATCTAAG-3_bif3_2	13302	5825	8367	575	0.0414354687612596	7722	3.88772979728803	0.437904074575252	0.629003157419937	0.0432265824688017	0.351540728381829	0.50540054289046	3.59809418473578	1	0.00901343816128534	0.0785249871905871	1	8367	-1.91291337398429	0.616326434613594	1	1.9	singlet	bif3	bif3_Re2	bi3_Re2	1_1
CB:Z:ACAGCGCGTACTTCGA-3_bif3_2	CB:Z:ACAGCGCGTACTTCGA-3_bif3_2	13257	4793	6007	567	0.041015625	7624	3.88218288763027	0.361544844233235	0.453119106886928	0.0427698574338086	0.131531039304229	0.0346836916680512	3.59181420457257	1	0.0133716909494795	0.0537651324908387	1	6007	-1.42057471660514	1.92091329217089	1	1.85	singlet	bif3	bif3_Re2	bi3_Re2	1_1
CB:Z:AGCGTGCGTACAACGG-3_bif3_2	CB:Z:AGCGTGCGTACAACGG-3_bif3_2	13232	4691	6471	302	0.022314171715679	7918	3.89861549741619	0.354519347037485	0.489041717049577	0.0228234582829504	0.111288857098759	0.130823039677204	3.61041852118353	1	0.0126895302953539	0.0597673764917428	1	6471	-1.90466075328727	1.4102263376875	1	0.35	singlet	bif3	bif3_Re2	bi3_Re2	1_1
CB:Z:GTGACATAGGTTCTCA-3_bif3_2	CB:Z:GTGACATAGGTTCTCA-3_bif3_2	13154	6059	9720	471	0.0345688073394495	7629	3.88246761489537	0.460620343621712	0.738938725862855	0.035806598753231	0.416991876429412	0.799620083877687	3.5921365609272	1	0.00910478395066952	0.105693881500206	1	9720	1.2413367709742	0.707668108941445	1	3	singlet	bif3	bif3_Re2	bi3_Re2	1_2
CB:Z:TGTAAGCAGCACACCC-3_bif3_2	CB:Z:TGTAAGCAGCACACCC-3_bif3_2	13146	5457	8541	471	0.0345891165454946	7658	3.88411536201167	0.415107256960292	0.649703331811958	0.0358283888635326	0.285857500133439	0.56080022739874	3.59400207160663	1	0.018210248909312	0.0940158570756587	1	8541	2.29071921917062	-1.04132963895666	1	0.25	singlet	bif3	bif3_Re2	bi3_Re2	1_2
CB:Z:GAAGTCTCACGATTAC-3_bif3_2	CB:Z:GAAGTCTCACGATTAC-3_bif3_2	12963	5798	8232	254	0.0192176742074601	7617	3.88178395559338	0.447273007791406	0.635038185605184	0.0195942297307722	0.37853492508395	0.521552032782745	3.59136255033035	1	0.0118131142150834	0.0877034924859322	1	8232	-1.51990514186759	1.54109345942868	1	1.5	singlet	bif3	bif3_Re2	bi3_Re2	1_1
CB:Z:CACAACACATTTGGCA-3_bif3_2	CB:Z:CACAACACATTTGGCA-3_bif3_2	12937	5493	7692	364	0.027366363431321	7647	3.88349109018893	0.424596119656798	0.59457370333153	0.0281363530957718	0.313197243111567	0.413257314617696	3.59329529704112	1	0.00632691331995416	0.069996371110502	1	7692	-0.702869466818764	1.73110653281344	1	2.05	singlet	bif3	bif3_Re2	bi3_Re2	1_1
CB:Z:TGTACGATCCCTACCA-3_bif3_2	CB:Z:TGTACGATCCCTACCA-3_bif3_2	12928	5916	9472	409	0.0306665666941591	7554	3.87817698049151	0.457611386138614	0.732673267326733	0.0316367574257426	0.408322331210858	0.782851895377078	3.58727888330014	1	0.00880453182620404	0.0860571646076047	1	9472	-2.05203776744743	0.467834634782204	1	1.65	singlet	bif3	bif3_Re2	bi3_Re2	1_1
CB:Z:CTCAGAACAAGGTCGA-3_bif3_2	CB:Z:CTCAGAACAAGGTCGA-3_bif3_2	12880	6159	9878	246	0.01874142922444	7362	3.86699581311065	0.478183229813665	0.766925465838509	0.0190993788819876	0.467594863299365	0.874520736196061	3.57462003113096	1	0.0189414435257488	0.113469062945418	1	9878	-1.91277318385978	0.889146966935524	1	1.75	singlet	bif3	bif3_Re2	bi3_Re2	1_1
CB:Z:TCACCTGAGACACTTC-3_bif3_2	CB:Z:TCACCTGAGACACTTC-3_bif3_2	12715	6021	9082	629	0.0471372901678657	7398	3.86911432697938	0.473535194651986	0.714274478961856	0.0494691309476996	0.454202732889428	0.733611388923101	3.57701852432663	1	0.00977815235374238	0.104501228881723	1	9082	-0.135955623663857	0.69864271402491	1	2.7	singlet	bif3	bif3_Re2	bi3_Re2	1_1
CB:Z:TACTGCCAGCTGGAGT-3_bif3_2	CB:Z:TACTGCCAGCTGGAGT-3_bif3_2	12694	5528	8622	233	0.0180242902452232	7408	3.86970097367388	0.435481329762092	0.679218528438632	0.0183551284071215	0.34456020578266	0.63979147405934	3.5776827012885	1	0.00872717355563498	0.0778933716679516	1	8622	2.69256670089822	-0.196919219492546	1	0.85	singlet	bif3	bif3_Re2	bi3_Re2	1_2
CB:Z:TTACGGATCTGAGTAC-3_bif3_2	CB:Z:TTACGGATCTGAGTAC-3_bif3_2	12600	5754	9408	112	0.00881057268722467	7338	3.86557770741993	0.456666666666667	0.746666666666667	0.00888888888888889	0.405600362480192	0.820302300091036	3.57301451091222	1	0.00906979465937286	0.100172262607232	1	9408	-0.416503004111245	-0.984494225977531	1	3	singlet	bif3	bif3_Re2	bi3_Re2	1_3
CB:Z:CCGAAGCGTAAACGGC-3_bif3_2	CB:Z:CCGAAGCGTAAACGGC-3_bif3_2	12557	6404	9102	99	0.00782237673830594	7227	3.85895805471801	0.509994425420084	0.724854662737915	0.00788404873775583	0.559250727602964	0.7619270365178	3.56552001573917	1	0.00732853832803057	0.111976466585947	1	9102	-1.85706429866691	0.613189084531197	1	1.5	singlet	bif3	bif3_Re2	bi3_Re2	1_1
CB:Z:CGCACAGAGACTAGGC-3_bif3_2	CB:Z:CGCACAGAGACTAGGC-3_bif3_2	12528	5058	7644	650	0.0493246319623615	7357	3.8667007560425	0.403735632183908	0.610153256704981	0.0518837803320562	0.253093057378406	0.454952728642892	3.57428597980341	1	0.0118605168192554	0.0722081000260233	1	7644	2.46630127044778	-0.835110681055656	1	1.05	singlet	bif3	bif3_Re2	bi3_Re2	1_2
CB:Z:TGTGACAGTGCAAAGC-3_bif3_2	CB:Z:TGTGACAGTGCAAAGC-3_bif3_2	12515	5875	9118	392	0.0303711164484388	7187	3.85654764485675	0.469436675988813	0.728565721134638	0.0313224131042749	0.44239389441994	0.771858907644911	3.56279105005416	1	0.0104495169616702	0.105655599471329	1	9118	0.142340131722495	0.920550150872597	1	0.95	singlet	bif3	bif3_Re2	bi3_Re2	1_1
CB:Z:CTACTTATCCTGACCT-3_bif3_2	CB:Z:CTACTTATCCTGACCT-3_bif3_2	12423	5872	9307	290	0.0228112955242665	7091	3.85070748537454	0.472671657409643	0.749174917491749	0.0233437977944136	0.45171467009278	0.827015108483161	3.55617906464946	1	0.0111598815763614	0.104963237950482	1	9307	-1.34888511089225	-1.73550345182287	1	1.7	singlet	bif3	bif3_Re2	bi3_Re2	1_3
CB:Z:TTACGTTTCGGAGTTT-3_bif3_2	CB:Z:TTACGTTTCGGAGTTT-3_bif3_2	12411	6017	9559	267	0.0210601041173687	7199	3.85727217356404	0.484811860446378	0.770203851422126	0.0215131737974378	0.486693575504576	0.883294649091154	3.56361133129006	1	0.00919020532629277	0.109471701309159	1	9559	-2.41459136394401	0.995140684844384	1	1.35	singlet	bif3	bif3_Re2	bi3_Re2	1_1
CB:Z:TTCGTTACACGTTAGT-3_bif3_2	CB:Z:TTCGTTACACGTTAGT-3_bif3_2	12350	5700	9240	384	0.030155489241401	6994	3.84472562797323	0.461538461538462	0.748178137651822	0.0310931174089069	0.419637199548777	0.824347435853433	3.5494066547605	1	0.0103423656641663	0.122319919041847	1	9240	2.32741791816811	0.346845252515206	1	1.65	singlet	bif3	bif3_Re2	bi3_Re2	1_2
CB:Z:AGTTTGGAGTTGCCGC-3_bif3_2	CB:Z:AGTTTGGAGTTGCCGC-3_bif3_2	12278	5549	7746	566	0.044067268763625	7373	3.8676442339031	0.451946571102785	0.630884508877667	0.0460987131454634	0.392000608360425	0.510435586326985	3.57535414615451	1	0.00667902799983294	0.0848207964143697	1	7746	-1.51459508327384	1.06190167188776	1	1.95	singlet	bif3	bif3_Re2	bi3_Re2	1_1
CB:Z:ATTACCTCACTCGGAC-3_bif3_2	CB:Z:ATTACCTCACTCGGAC-3_bif3_2	11877	5139	8329	541	0.0435657915928491	7128	3.85296769102882	0.432685021470068	0.701271364822767	0.0455502231203166	0.336503355089722	0.698811275296601	3.55873797538524	1	0.00727336213199398	0.0782382108926852	1	8329	1.41273254963021	-0.867440478800407	1	1.4	singlet	bif3	bif3_Re2	bi3_Re2	1_1
CB:Z:CAGCCTTCAAATGCTC-3_bif3_2	CB:Z:CAGCCTTCAAATGCTC-3_bif3_2	11764	5387	8506	505	0.0411606487896324	6848	3.8355637516691	0.457922475348521	0.723053383202992	0.0429275756545393	0.409218655598106	0.757106288824756	3.53903395987313	1	0.0119095121584949	0.0902851624043866	1	8506	-0.906159452475503	1.07336123108996	1	2	singlet	bif3	bif3_Re2	bi3_Re2	1_1
CB:Z:GCATGATAGTACCACT-3_bif3_2	CB:Z:GCATGATAGTACCACT-3_bif3_2	11729	5069	8642	440	0.036157449256307	6883	3.83777776955373	0.43217665615142	0.736806206837753	0.0375138545485549	0.335038629801204	0.793912843012889	3.5415405787392	1	0.00772905279327531	0.0908398200887069	1	8642	2.59975452037911	-0.605274693964592	1	0.55	singlet	bif3	bif3_Re2	bi3_Re2	1_2
CB:Z:AGATAGATCCTTACGC-3_bif3_2	CB:Z:AGATAGATCCTTACGC-3_bif3_2	11654	4794	6406	540	0.0442840741348204	7001	3.84516007765195	0.411360906126652	0.54968251244208	0.0463360219667067	0.275063343639286	0.293115437289597	3.54989852059798	1	0.00822189694977986	0.0595747325986341	1	6406	1.63535518261056	0.975025994779	1	1.3	singlet	bif3	bif3_Re2	bi3_Re2	1_2
CB:Z:AACGGGAAGAGCTCCC-3_bif3_2	CB:Z:AACGGGAAGAGCTCCC-3_bif3_2	11631	4666	5706	569	0.0466393442622951	6944	3.84160971216844	0.401169288969134	0.490585504255868	0.0489209870174534	0.245698792530269	0.134954663042146	3.54587894462068	1	0.00861675037594709	0.0556651278177706	1	5706	-1.41819672969718	1.27308285057677	1	1	singlet	bif3	bif3_Re2	bi3_Re2	1_1
CB:Z:GGGTTATCATCAGCTA-3_bif3_2	CB:Z:GGGTTATCATCAGCTA-3_bif3_2	11629	5230	8241	147	0.0124830163043478	6754	3.82956105629939	0.449737724653883	0.708659386017714	0.0126408117636942	0.385636379461488	0.718583767817164	3.53223795810396	1	0.00866432806330251	0.0991329857134874	1	8241	-1.16373448757072	1.33757279634608	1	1.45	singlet	bif3	bif3_Re2	bi3_Re2	1_1
CB:Z:GATGGCCGTCCGTAGC-3_bif3_2	CB:Z:GATGGCCGTCCGTAGC-3_bif3_2	11603	5031	7966	123	0.0104895104895105	7075	3.84972644419633	0.433594759975868	0.686546582780315	0.0106007067137809	0.339124535068966	0.659403477847349	3.55506837067415	1	0.0109741322274014	0.0767856263960934	1	7966	1.75781936260323	0.470649166108498	1	2.2	singlet	bif3	bif3_Re2	bi3_Re2	1_2
CB:Z:CAGGGCTGTATTCTGG-3_bif3_2	CB:Z:CAGGGCTGTATTCTGG-3_bif3_2	11447	5527	8891	281	0.0239597544338336	6598	3.81941231120933	0.482833930287412	0.776710055036254	0.0245479164846685	0.480994673127714	0.900707141408527	3.52074797146646	1	0.0141440552422761	0.104405095215805	1	8891	-1.34011178401847	0.343765122891793	1	2.3	singlet	bif3	bif3_Re2	bi3_Re2	1_1
CB:Z:GTGACATAGGGATCCA-3_bif3_2	CB:Z:GTGACATAGGGATCCA-3_bif3_2	11415	4393	6436	526	0.044049912067666	6607	3.82000430680832	0.384844502847131	0.563819535698642	0.0460797196671047	0.198663075919805	0.330950221357969	3.52141820423529	1	0.0105036345324047	0.0639379165705647	1	6436	-1.30620580104728	-1.85148002385961	1	1	singlet	bif3	bif3_Re2	bi3_Re2	1_3
CB:Z:ACTACGAAGACAGCTG-3_bif3_2	CB:Z:ACTACGAAGACAGCTG-3_bif3_2	11331	5142	8229	488	0.041289449191979	6492	3.81237851115419	0.453799311622981	0.726237754831877	0.0430676904068485	0.397338808653487	0.765628593045794	3.51278459590356	1	0.0105988743748665	0.0935963927286236	1	8229	-1.14456372646232	0.0402191710485309	1	1.6	singlet	bif3	bif3_Re2	bi3_Re2	1_1
CB:Z:CATTCCGCAAGACTTC-3_bif3_2	CB:Z:CATTCCGCAAGACTTC-3_bif3_2	11326	4753	7392	364	0.0311377245508982	6760	3.82994669594164	0.419653893695921	0.65265760197775	0.0321384425216316	0.298957476784253	0.568706713210772	3.53267456325041	1	0.00943576836965948	0.0743044577459446	1	7392	-0.99147134212394	1.43845755987001	1	1.55	singlet	bif3	bif3_Re2	bi3_Re2	1_1
CB:Z:TTAGCTTTCAGTCAAC-3_bif3_2	CB:Z:TTAGCTTTCAGTCAAC-3_bif3_2	11315	4878	7534	469	0.0397997284453496	6623	3.82105475504689	0.431109147149801	0.665841802916483	0.0414494034467521	0.33196287429029	0.603991467757625	3.5226074779945	1	0.0109686996651702	0.0767992398572567	1	7534	2.3194469890223	-0.146845238207451	1	0.3	singlet	bif3	bif3_Re2	bi3_Re2	1_2
CB:Z:GCTGTTCAGTGTAATG-3_bif3_2	CB:Z:GCTGTTCAGTGTAATG-3_bif3_2	11271	5401	8533	107	0.00940411320091404	6485	3.8119099804201	0.479194392689202	0.757075680951113	0.00949339011622749	0.470508271787867	0.848159848364774	3.51225414491418	1	0.0138989662251029	0.104003703969677	1	8533	-1.6087608852758	-0.451097385882011	1	2.55	singlet	bif3	bif3_Re2	bi3_Re2	1_1
CB:Z:GACCAATGTACGGAGT-3_bif3_2	CB:Z:GACCAATGTACGGAGT-3_bif3_2	11115	4896	8307	411	0.0356585111920875	6534	3.81517913013942	0.440485829959514	0.747368421052632	0.0369770580296896	0.358979399474006	0.822180398837863	3.51595534011197	1	0.0111870871925879	0.0803291130579771	1	8307	-1.36080079463859	-1.58563853978979	1	1.4	singlet	bif3	bif3_Re2	bi3_Re2	1_3
CB:Z:AAACGAAGTACTTGAC-3_bif3_2	CB:Z:AAACGAAGTACTTGAC-3_bif3_2	11014	4706	7387	472	0.0410935051366881	6352	3.80291048941904	0.427274378064282	0.670691846740512	0.0428545487561286	0.320913963105478	0.616971595007477	3.50206529590587	1	0.00788814878218051	0.0854516461171417	1	7387	0.0767936191187357	-1.2869711089121	1	1.65	singlet	bif3	bif3_Re2	bi3_Re2	1_2
CB:Z:GGTCATAAGTCCAGAG-3_bif3_2	CB:Z:GGTCATAAGTCCAGAG-3_bif3_2	10993	4264	6294	355	0.0312830454705675	6391	3.80556881754856	0.387883198398981	0.572546165741836	0.0322932775402529	0.207418303815235	0.354305220309076	3.50507494433187	1	0.00891133639243626	0.0847712534539537	1	6294	1.19495625110726	0.0913804602636188	1	0.95	singlet	bif3	bif3_Re2	bi3_Re2	1_3
CB:Z:AACAGTCAGGCTTTAC-3_bif3_2	CB:Z:AACAGTCAGGCTTTAC-3_bif3_2	10972	4913	8195	381	0.0335594116092663	6414	3.80712895559242	0.447776157491797	0.746901203062341	0.0347247539190667	0.379984622895815	0.820929987668927	3.50684126766718	1	0.0148583797456579	0.0974090233160614	1	8195	2.14257068248849	-0.468402283190361	1	0.2	singlet	bif3	bif3_Re2	bi3_Re2	1_2
CB:Z:GGAACTTAGGGTAATT-3_bif3_2	CB:Z:GGAACTTAGGGTAATT-3_bif3_2	10877	3756	5197	397	0.0352137661876885	6406	3.8065869343278	0.345315803990071	0.477797186724281	0.0364990346602924	0.0847711900766526	0.100729407581751	3.50622761375899	1	0.0138679635119288	0.0621713000634146	1	5197	-1.5754299679174	0.66397873878611	1	1	singlet	bif3	bif3_Re2	bi3_Re2	1_1
CB:Z:GGAGGATGTTCCAATG-3_bif3_2	CB:Z:GGAGGATGTTCCAATG-3_bif3_2	10847	5282	8398	272	0.0244626315316126	6307	3.79982283099332	0.48695491841062	0.774223287544943	0.0250760578961925	0.4928682516279	0.894051828663086	3.49856957759411	1	0.00974005868824862	0.09591428249713	1	8398	-1.10715871242423	0.212657434941658	1	1.8	singlet	bif3	bif3_Re2	bi3_Re2	1_1
CB:Z:CTCAGCTCACATAAAG-3_bif3_2	CB:Z:CTCAGCTCACATAAAG-3_bif3_2	10838	4603	7232	367	0.0327532351628737	6428	3.80807586809131	0.424709355969736	0.667281786307437	0.0338623362243956	0.313523504729058	0.60784528193548	3.50791332257274	1	0.00560696347291968	0.0714820058364429	1	7232	-1.10981755641837	1.32915782004727	1	1.7	singlet	bif3	bif3_Re2	bi3_Re2	1_1
CB:Z:TTAACGGAGAGTTCGG-3_bif3_2	CB:Z:TTAACGGAGAGTTCGG-3_bif3_2	10831	4662	7017	332	0.0297411090208725	6332	3.80154090619032	0.430431169790416	0.647862616563568	0.0306527559782107	0.330009455072053	0.555873938271933	3.50051471079832	1	0.00764211620133868	0.0709452716618926	1	7017	-1.80702691463371	-1.35922457456457	1	1.95	singlet	bif3	bif3_Re2	bi3_Re2	1_3
CB:Z:ACTGCGGAGGCTTAAA-3_bif3_2	CB:Z:ACTGCGGAGGCTTAAA-3_bif3_2	10796	4760	7203	307	0.0276501846347834	6309	3.79996052740598	0.44090403853279	0.667191552426825	0.0284364579473879	0.360184361045303	0.607603789838689	3.49872547173939	1	0.00752200737137081	0.0826340094158566	1	7203	-1.63542037395377	-0.764688508509269	1	0.9	singlet	bif3	bif3_Re2	bi3_Re2	1_3
CB:Z:AAATGAGAGCATGTGG-3_bif3_2	CB:Z:AAATGAGAGCATGTGG-3_bif3_2	10745	4220	5849	116	0.0106804161679403	6292	3.79878871395125	0.39274080967892	0.54434620753839	0.0107957189390414	0.221414274473562	0.278833934027559	3.4973987933356	1	0.00642014962076404	0.0630386391215904	1	5849	1.38608092876534	0.612836165429482	1	1.3	singlet	bif3	bif3_Re2	bi3_Re2	1_2
CB:Z:TTCATCACAGTGCTCG-3_bif3_2	CB:Z:TTCATCACAGTGCTCG-3_bif3_2	10739	4725	7648	482	0.0429551733357098	6275	3.79761373015308	0.439985101033616	0.712170593165099	0.0448831362324239	0.357536676507762	0.727980778901443	3.49606852560098	1	0.0121505721585719	0.0929228287333848	1	7648	1.13432879062752	-0.301316874025932	1	1.85	singlet	bif3	bif3_Re2	bi3_Re2	1_2
CB:Z:ACAGCGCCATTTGTTC-3_bif3_2	CB:Z:ACAGCGCCATTTGTTC-3_bif3_2	10734	4486	6540	484	0.0431449456231057	6392	3.80563676630593	0.417924352524688	0.609278926774734	0.0450903670579467	0.29397424406143	0.452612767569402	3.50515187308586	1	0.0115107334965456	0.0686730896481248	1	6540	-2.1162071743383	0.535726113320717	1	2	singlet	bif3	bif3_Re2	bi3_Re2	1_1
CB:Z:TACCTCGCATACTGCA-3_bif3_2	CB:Z:TACCTCGCATACTGCA-3_bif3_2	10653	4104	5916	198	0.0182471661598009	6399	3.80611211016909	0.385243593353985	0.555336524922557	0.0185863137144466	0.199812953648187	0.308247218389231	3.50569003761629	1	0.0072828044575241	0.0699763159489437	1	5916	-1.58222394374748	1.51520343691243	1	0.85	singlet	bif3	bif3_Re2	bi3_Re2	1_1
CB:Z:TCACTCGAGGCGTCCT-3_bif3_2	CB:Z:TCACTCGAGGCGTCCT-3_bif3_2	10466	3548	4244	525	0.0477663542898735	6144	3.78845120702346	0.339002484234665	0.405503535257023	0.0501624307280719	0.0665809659189047	-0.0927494205377507	3.48569509840472	1	0.00716974526501651	0.0354202003501593	1	4244	-0.997577718771889	1.50354230970276	1	2.3	singlet	bif3	bif3_Re2	bi3_Re2	1_1
CB:Z:TCGCCTAGTTAAGTCC-3_bif3_2	CB:Z:TCGCCTAGTTAAGTCC-3_bif3_2	10461	4517	7216	518	0.0471809818744877	6125	3.78710609303657	0.431794283529299	0.689800210304942	0.0495172545645732	0.333936920403039	0.668111130979066	3.48417221635397	1	0.0126552383862464	0.0873724248035278	1	7216	3.10407824131112	0.0836384129537433	1	0.65	singlet	bif3	bif3_Re2	bi3_Re2	1_2
CB:Z:TAACTTCAGTCGAAAT-3_bif3_2	CB:Z:TAACTTCAGTCGAAAT-3_bif3_2	10357	4725	7063	458	0.0423485899214055	5992	3.77757180469141	0.456213189147437	0.681954233851501	0.0442212996041325	0.404293782416949	0.647113017052666	3.47337789205951	1	0.0117079002805655	0.0975517674620707	1	7063	-1.3578949489965	0.624393744470009	1	1.05	singlet	bif3	bif3_Re2	bi3_Re2	1_1
CB:Z:GGCGAAAGTTAACCAC-3_bif3_2	CB:Z:GGCGAAAGTTAACCAC-3_bif3_2	10339	4001	6076	471	0.0435707678075856	6115	3.7863964613723	0.386981332817487	0.587677725118483	0.0455556630235032	0.204819807663748	0.394801672160597	3.48336880092994	1	0.00972965662948611	0.0652219013339947	1	6076	-1.86251788524528	-0.39212443113195	1	1.5	singlet	bif3	bif3_Re2	bi3_Re2	1_3
CB:Z:CTTGAAGTCAAATGGA-3_bif3_2	CB:Z:CTTGAAGTCAAATGGA-3_bif3_2	10231	4767	7394	403	0.0378973105134474	6051	3.78182715293243	0.4659368585671	0.722705502883394	0.0393900889453621	0.432310061210377	0.756175259955751	3.47819562016218	1	0.00869778037983465	0.0743995958738034	1	7394	-1.44922166255851	-1.04612542867529	1	1.15	singlet	bif3	bif3_Re2	bi3_Re2	1_3
CB:Z:GGAACTTAGTCAACTC-3_bif3_2	CB:Z:GGAACTTAGTCAACTC-3_bif3_2	10219	4415	6990	463	0.0433439430818199	5983	3.77691900284205	0.4320383599178	0.684019962814365	0.0453077600547999	0.33464016439993	0.652641508294092	3.47263881698574	1	0.0114811864259772	0.0843177868541591	1	6990	2.37750203224282	0.810959084035286	1	0.4	singlet	bif3	bif3_Re2	bi3_Re2	1_2
CB:Z:AACGTACAGACAGTGC-3_bif3_2	CB:Z:AACGTACAGACAGTGC-3_bif3_2	10201	4070	5464	376	0.0355488323721282	6106	3.78575679996264	0.398980492108617	0.535633761395942	0.0368591314577002	0.239392331417715	0.255516895318307	3.48264460291488	1	0.0233180377023877	0.0609874562934292	1	5464	-1.56141333965202	1.41865805823488	1	1.15	singlet	bif3	bif3_Re2	bi3_Re2	1_1
CB:Z:AACAGTCCACAGCCAC-3_bif3_2	CB:Z:AACAGTCCACAGCCAC-3_bif3_2	10041	4460	6905	137	0.0134604047946551	5908	3.77144048663991	0.444178866646748	0.687680509909372	0.0136440593566378	0.36961994482355	0.662438196493454	3.46643626904536	1	0.00546484320075379	0.0741306824519445	1	6905	2.1502860269175	-0.540438311098686	1	2.15	singlet	bif3	bif3_Re2	bi3_Re2	1_2
CB:Z:TTACCGCGTTCATTTC-3_bif3_2	CB:Z:TTACCGCGTTCATTTC-3_bif3_2	10011	4276	5979	318	0.0307871042695324	5870	3.76863810124761	0.42713015682749	0.59724303266407	0.0317650584357207	0.320498426315455	0.42040121592359	3.4632635249844	1	0.0139887902221567	0.0720462219236544	1	5979	0.254723974190757	-0.00935019731389586	1	1.4	singlet	bif3	bif3_Re2	bi3_Re2	1_2
CB:Z:GTCTACCCATGTGAGG-3_bif3_2	CB:Z:GTCTACCCATGTGAGG-3_bif3_2	9921	4805	7614	502	0.0481627170680226	5723	3.75762374590839	0.484326176796694	0.767462957363169	0.0505997379296442	0.485294201672774	0.875959219772484	3.45079353046338	1	0.0129090379217066	0.091189150229792	1	7614	-1.38473039058585	-1.57889463186132	1	1.3	singlet	bif3	bif3_Re2	bi3_Re2	1_3
CB:Z:TGCATTTTCTTGTGCC-3_bif3_2	CB:Z:TGCATTTTCTTGTGCC-3_bif3_2	9852	4315	6437	337	0.0330748846795564	5956	3.77495468908014	0.437982135606983	0.653369874137231	0.0342062525375558	0.351765641378508	0.570612960577194	3.47041490273074	1	0.011458510323905	0.0706382928175499	1	6437	-2.00745778468986	-0.0297871994959027	1	1.3	singlet	bif3	bif3_Re2	bi3_Re2	1_3
CB:Z:AGCTGGCGTTCTGAGT-3_bif3_2	CB:Z:AGCTGGCGTTCTGAGT-3_bif3_2	9787	4195	6271	245	0.0244218500797448	5769	3.76110053895814	0.428629815060795	0.640747930928783	0.0250332073158271	0.324819309857029	0.536832971172904	3.45472981079444	1	0.00908932663499324	0.07570588986663	1	6271	-1.5103025951757	0.700356705190071	1	0.75	singlet	bif3	bif3_Re2	bi3_Re2	1_1
CB:Z:GCTTGCTTCTATGAGC-3_bif3_2	CB:Z:GCTTGCTTCTATGAGC-3_bif3_2	9690	4470	7014	377	0.037449091089699	5775	3.76155198856418	0.461300309597523	0.723839009287926	0.03890608875129	0.418951025339787	0.759208852620719	3.45524092324183	1	0.00931638227738246	0.0905078994020437	1	7014	-2.13658767131706	0.699133558274636	1	2	singlet	bif3	bif3_Re2	bi3_Re2	1_1
CB:Z:TACCCTGGTAAGTCTC-3_bif3_2	CB:Z:TACCCTGGTAAGTCTC-3_bif3_2	9651	4686	6883	265	0.0267244856797096	5649	3.75197157473633	0.48554553932235	0.71319034296964	0.0274582944772562	0.488807484467021	0.730709925834173	3.44439437759634	1	0.0107212124392515	0.0901527991552027	1	6883	-2.16706042674918	-0.0810406374918133	1	2	singlet	bif3	bif3_Re2	bi3_Re2	1_1
CB:Z:GTGCACGCATAGATAG-3_bif3_2	CB:Z:GTGCACGCATAGATAG-3_bif3_2	9296	4337	7218	294	0.0306569343065693	5397	3.73215241806521	0.466544750430293	0.776462994836489	0.0316265060240964	0.434061546907846	0.90004593649004	3.42195595360433	1	0.0107762572825569	0.112595123210959	1	7218	2.20743805976968	0.566385133267769	1	2.2	singlet	bif3	bif3_Re2	bi3_Re2	1_2
CB:Z:CCTTAATGTGTCGTGC-3_bif3_2	CB:Z:CCTTAATGTGTCGTGC-3_bif3_2	9290	4463	6188	372	0.0385013454771269	5547	3.74405816587884	0.480409041980624	0.666092572658773	0.040043057050592	0.474007974597168	0.604662600490326	3.43543514557083	1	0.00600017140062596	0.0844889523997431	1	6188	-1.94425015834708	0.861519021989235	1	0.9	singlet	bif3	bif3_Re2	bi3_Re2	1_1
CB:Z:CACCACTCATACCCGG-3_bif3_2	CB:Z:CACCACTCATACCCGG-3_bif3_2	9236	3807	6078	270	0.0284031138228487	5425	3.73439974252057	0.412191424859246	0.658077089649199	0.0292334343871806	0.27745627200319	0.583210837741746	3.42450028078301	1	0.00910113552337933	0.0714276994078177	1	6078	-0.0931387462987447	-1.44198276281225	1	0.9	singlet	bif3	bif3_Re2	bi3_Re2	1_3
CB:Z:GGAACTTAGTTGCCGC-3_bif3_2	CB:Z:GGAACTTAGTTGCCGC-3_bif3_2	9190	3789	5939	345	0.0361824855794442	5452	3.73655584716264	0.412295973884657	0.646245919477693	0.0375408052230686	0.277757503412556	0.551547186873287	3.42694133268712	1	0.00808710520184847	0.0672828995082065	1	5939	1.2755495986567	0.0466738772405475	1	1.2	singlet	bif3	bif3_Re2	bi3_Re2	1_2
CB:Z:GACCGACCATGTATCG-3_bif3_2	CB:Z:GACCGACCATGTATCG-3_bif3_2	9170	3984	6683	418	0.0435961618690029	5349	3.72827259789502	0.434460196292257	0.728789531079607	0.0455834242093784	0.341618069564172	0.772457888122383	3.41756338274795	1	0.0125950766400208	0.0892959362005903	1	6683	2.26909370037179	-0.817079322336784	1	1.05	singlet	bif3	bif3_Re2	bi3_Re2	1_2
CB:Z:TACCCTGCAGATTAAG-3_bif3_2	CB:Z:TACCCTGCAGATTAAG-3_bif3_2	9154	3907	5916	238	0.0253407155025554	5430	3.73479982958885	0.426807952807516	0.646274852523487	0.0259995630325541	0.319570077431678	0.55162462011508	3.42495324270368	1	0.0137579551615906	0.0784334262821786	1	5916	-2.37067656902213	0.442483408452401	1	1.7	singlet	bif3	bif3_Re2	bi3_Re2	1_1
CB:Z:ATGTCGACAATGCATC-3_bif3_2	CB:Z:ATGTCGACAATGCATC-3_bif3_2	9074	3835	5538	221	0.0237762237762238	5546	3.74397986524184	0.422636103151862	0.610315186246418	0.0243553008595989	0.307549954369834	0.455386099171001	3.43534649684975	1	0.0140926352440689	0.062131573104089	1	5538	-1.46501880077262	1.39948316857351	1	1.65	singlet	bif3	bif3_Re2	bi3_Re2	1_1
CB:Z:TTGCGAAGTGGCCTCA-3_bif3_2	CB:Z:TTGCGAAGTGGCCTCA-3_bif3_2	8784	3626	5608	404	0.043970396168916	5220	3.71767050300226	0.412795992714026	0.638433515482696	0.0459927140255009	0.279198180416364	0.530638922605673	3.40556013233953	1	0.00920780421999973	0.0597683087859569	1	5608	1.3488134822474	-0.641674058436027	1	2	singlet	bif3	bif3_Re2	bi3_Re2	1_2
CB:Z:TCACCACAGTCTGTGT-3_bif3_2	CB:Z:TCACCACAGTCTGTGT-3_bif3_2	8762	4104	6303	371	0.0406219205080477	5220	3.71767050300226	0.468386213193335	0.719356311344442	0.0423419310659667	0.439367253213819	0.747211849739882	3.40556013233953	1	0.0144326135754045	0.0707847293463416	1	6303	-1.25829654125114	-1.13269998311864	1	2.1	singlet	bif3	bif3_Re2	bi3_Re2	1_3
CB:Z:TCAGCTCTCTGTGTGA-3_bif3_2	CB:Z:TCAGCTCTCTGTGTGA-3_bif3_2	8737	3310	4882	336	0.0370329549211948	5211	3.71692107316676	0.378848575025753	0.558773034222273	0.0384571363168136	0.181387335844838	0.317444316317421	3.40471165908306	1	0.0130548464596235	0.0610725374566006	1	4882	1.84071702571969	0.318770272733101	1	1.25	singlet	bif3	bif3_Re2	bi3_Re2	1_2
CB:Z:TACTGCCTCACGTCAA-3_bif3_2	CB:Z:TACTGCCTCACGTCAA-3_bif3_2	8622	4062	6204	416	0.0460278822748396	4946	3.69425411202528	0.471120389700765	0.71955462769659	0.0482486662027372	0.44724508698177	0.747742601951616	3.37904906944097	1	0.00590217703753091	0.0773364714245578	1	6204	-0.0195429840459371	0.603249771596321	1	2.1	singlet	bif3	bif3_Re2	bi3_Re2	1_1
CB:Z:TGTAAGCCACGCTCAG-3_bif3_2	CB:Z:TGTAAGCCACGCTCAG-3_bif3_2	8622	3534	5285	341	0.0380452973334821	5115	3.70884563804818	0.409881697981907	0.612966829041986	0.0395499884017629	0.270801381823423	0.462482666162229	3.39556898767087	1	0.0109909813386162	0.0774933034504298	1	5285	-2.13195662883659	1.17380405783785	1	1.4	singlet	bif3	bif3_Re2	bi3_Re2	1_1
CB:Z:GTGGCGTTCCACCTAC-3_bif3_2	CB:Z:GTGGCGTTCCACCTAC-3_bif3_2	8620	3782	5479	323	0.0361176339036118	4993	3.69836156605511	0.438747099767981	0.635614849187935	0.0374709976798144	0.353969690927762	0.523095352174495	3.38369935787547	1	0.00695490520276717	0.0709549095591172	1	5479	-1.05082087901969	0.656975431443581	1	1.45	singlet	bif3	bif3_Re2	bi3_Re2	1_1
CB:Z:TTACCGCTCTGTGTCC-3_bif3_2	CB:Z:TTACCGCTCTGTGTCC-3_bif3_2	8564	3587	5629	292	0.0329719963866305	5170	3.71349054309394	0.418846333489024	0.657286314806165	0.0340962167211583	0.296630697569283	0.58109449437229	3.40082775576827	1	0.0111639920928418	0.0707274645013212	1	5629	0.496871181450889	0.139819366933235	1	0.2	singlet	bif3	bif3_Re2	bi3_Re2	1_2
CB:Z:GAGCATTTCTCTTCCT-3_bif3_2	CB:Z:GAGCATTTCTCTTCCT-3_bif3_2	8399	3682	4991	215	0.0249593684699327	4868	3.68735056955803	0.438385522085963	0.594237409215383	0.0255982855101798	0.352927896857261	0.412357293797402	3.37123316609566	1	0.00622061146043887	0.0714470567233272	1	4991	-1.40203671840568	0.669744772912392	1	1.75	singlet	bif3	bif3_Re2	bi3_Re2	1_1
CB:Z:CTCGCTAGTCGAGAAC-3_bif3_2	CB:Z:CTCGCTAGTCGAGAAC-3_bif3_2	8136	3656	5476	198	0.0237580993520518	4793	3.68060742899179	0.449360865290069	0.673058013765978	0.0243362831858407	0.384550555114028	0.623304145846047	3.36359886310418	1	0.0116267943012407	0.0725638085637704	1	5476	-1.46686225322623	-0.787495391367546	1	1.7	singlet	bif3	bif3_Re2	bi3_Re2	1_3
CB:Z:CGGACTGAGTGAGCAC-3_bif3_2	CB:Z:CGGACTGAGTGAGCAC-3_bif3_2	7926	3373	5741	261	0.0318798094540125	4743	3.67605312465187	0.425561443350997	0.724325006308352	0.0329295987887964	0.315978577664948	0.76050952193363	3.35844266935368	1	0.00934723179296146	0.0716052510082592	1	5741	2.38697785945992	-0.60752536535131	1	1.5	singlet	bif3	bif3_Re2	bi3_Re2	1_2
CB:Z:ATTGTCTCATGCCCTT-3_bif3_2	CB:Z:ATTGTCTCATGCCCTT-3_bif3_2	7845	3331	4793	317	0.0388385199705954	4616	3.66426580014768	0.424601657106437	0.610962396430848	0.0404079031230083	0.31321319786344	0.457118221777743	3.34509755132744	1	0.0112590592250786	0.0640169504302477	1	4793	-1.56204133418937	-1.59040571927892	1	2.05	singlet	bif3	bif3_Re2	bi3_Re2	1_3
CB:Z:GCGTAGCGTATGCTAC-3_bif3_2	CB:Z:GCGTAGCGTATGCTAC-3_bif3_2	7722	3136	4880	299	0.0372771474878444	4569	3.6598211580557	0.406112406112406	0.631960631960632	0.0387205387205387	0.25994112657285	0.51331560454129	3.34006551260817	1	0.00679420099651912	0.0675952019464702	1	4880	-0.756279520071938	1.24245647907389	1	1.15	singlet	bif3	bif3_Re2	bi3_Re2	1_1
CB:Z:CGTTCCAAGGTGTCGA-3_bif3_2	CB:Z:CGTTCCAAGGTGTCGA-3_bif3_2	7414	3289	4690	252	0.0328724236890164	4396	3.64305768375145	0.443620178041543	0.632586997572161	0.0339897491232803	0.368010225791917	0.514991941011137	3.32108660496544	1	0.00441614507712211	0.0616857078676811	1	4690	-1.01954942134757	2.09927265167368	1	2.75	singlet	bif3	bif3_Re2	bi3_Re2	1_1
CB:Z:TCTCAGCCAATTGTGC-3_bif3_2	CB:Z:TCTCAGCCAATTGTGC-3_bif3_2	7336	3350	5297	168	0.0223880597014925	4411	3.64453705777841	0.456652126499455	0.722055616139586	0.0229007633587786	0.405558468688792	0.754435974097998	3.32276149064349	1	0.00496558865031569	0.0859651400109006	1	5297	-1.41035418895622	0.422266943456063	1	2.3	singlet	bif3	bif3_Re2	bi3_Re2	1_1
CB:Z:TTTGTGTGTTAGCTCA-3_bif3_2	CB:Z:TTTGTGTGTTAGCTCA-3_bif3_2	7047	2457	3371	344	0.0465430929508862	4261	3.62951153420045	0.348659003831418	0.478359585639279	0.0488150986235277	0.0944037695870077	0.102234550575654	3.3057502184517	1	0.00700181954411337	0.0290118323428151	1	3371	-0.920283845938637	-1.74443961858617	1	2.95	singlet	bif3	bif3_Re2	bi3_Re2	1_3
CB:Z:AAACGAAGTGCTTGAT-3_bif3_2	CB:Z:AAACGAAGTGCTTGAT-3_bif3_2	6980	3412	5799	273	0.0376395974079691	4033	3.60562822200762	0.488825214899713	0.83080229226361	0.0391117478510029	0.498257034977407	1.04547369361195	3.27871052679331	1	0.00985168340325842	0.0926018246580752	1	5799	-1.40654426006217	-0.0235665011392743	1	0.85	singlet	bif3	bif3_Re2	bi3_Re2	1_1
CB:Z:AATACGCTCGACTCGG-3_bif3_2	CB:Z:AATACGCTCGACTCGG-3_bif3_2	6900	2770	4082	156	0.022108843537415	4042	3.60659630917929	0.401449275362319	0.591594202898551	0.0226086956521739	0.246505502066688	0.405283305275874	3.27980655478176	1	0.00600029821396436	0.0580938484561473	1	4082	2.5270806035624	0.449081463815102	1	0.75	singlet	bif3	bif3_Re2	bi3_Re2	1_2
CB:Z:TCAGTCCAGTTCGACT-3_bif3_2	CB:Z:TCAGTCCAGTTCGACT-3_bif3_2	6821	3230	4822	71	0.0103017991874637	3977	3.59955559098598	0.473537604456825	0.706934467086937	0.0104090309338807	0.454209676128784	0.713967383299929	3.27183534679086	1	0.00621143840724889	0.0719856567420403	1	4822	-1.65045457271476	0.989830775262245	1	0.9	singlet	bif3	bif3_Re2	bi3_Re2	1_1
CB:Z:GCGATTAAGGCAGTAC-3_bif3_2	CB:Z:GCGATTAAGGCAGTAC-3_bif3_2	6692	2855	4109	236	0.0340646651270208	4010	3.60314437262018	0.426628810520024	0.614016736401674	0.0352659892408846	0.319053924521346	0.465292523479762	3.27589841593448	1	0.0106639432154566	0.0634499244679986	1	4109	-0.946544698752358	-0.326489107607475	1	1.25	singlet	bif3	bif3_Re2	bi3_Re2	1_3
CB:Z:GTTGGTACACAGGAAC-3_bif3_2	CB:Z:GTTGGTACACAGGAAC-3_bif3_2	6420	2640	3881	282	0.0420769919427037	3826	3.58274496569128	0.411214953271028	0.604517133956386	0.0439252336448598	0.27464281763029	0.439868825666576	3.25280305675992	1	0.0100155547902113	0.0603753952992004	1	3881	-1.42144017604728	-1.60587336301672	1	1.25	singlet	bif3	bif3_Re2	bi3_Re2	1_3
CB:Z:AGCCTGGAGACGAAAG-3_bif3_2	CB:Z:AGCCTGGAGACGAAAG-3_bif3_2	5275	2413	3684	222	0.0403856649081317	3155	3.49899936358015	0.457440758293839	0.698388625592417	0.042085308056872	0.407830710500319	0.691096227062874	3.15798977288422	1	0.00669613726830964	0.0627893992729438	1	3684	-1.88038926509757	0.496586246491799	1	1.5	singlet	bif3	bif3_Re2	bi3_Re2	1_1
CB:Z:TCGTTCGGTGCAGACA-3_bif3_2	CB:Z:TCGTTCGGTGCAGACA-3_bif3_2	5246	2296	3882	66	0.0124246987951807	3091	3.49009900506331	0.437666793747617	0.739992375142966	0.0125810141059855	0.350857064064128	0.802439955662102	3.14791315754705	1	0.00681410010996547	0.0597847926668549	1	3882	2.35857100101571	-0.531136410235038	1	0.65	singlet	bif3	bif3_Re2	bi3_Re2	1_2
CB:Z:GACCGACAGCGGACAT-3_bif3_2	CB:Z:GACCGACAGCGGACAT-3_bif3_2	5195	2337	2968	201	0.0372498146775389	3113	3.49317912068252	0.449855630413859	0.571318575553417	0.0386910490856593	0.385976094902264	0.351019832086932	3.15140033620732	1	0.00502846235440945	0.0530614916682767	1	2968	-0.507808260001137	0.355432851315865	1	2.05	singlet	bif3	bif3_Re2	bi3_Re2	1_1
CB:Z:TCGCCTACAACAACTC-3_bif3_2	CB:Z:TCGCCTACAACAACTC-3_bif3_2	5174	2157	3660	222	0.0411415863602669	3061	3.48586332959733	0.416892153073058	0.707383069192114	0.0429068419018168	0.291000224032652	0.715167972948397	3.14311770214119	1	0.00847931077339478	0.0580505093599601	1	3660	1.48974818798165	-0.14019526719915	1	0.35	singlet	bif3	bif3_Re2	bi3_Re2	1_2
CB:Z:AGCTGGCGTTGAATAG-3_bif3_2	CB:Z:AGCTGGCGTTGAATAG-3_bif3_2	4347	1800	2673	186	0.0410324288550629	2590	3.41329976408125	0.41407867494824	0.614906832298137	0.0427881297446515	0.282893902836181	0.467674678862239	3.06096425452276	1	0.0100627230918903	0.0443874771513057	1	2673	2.1061673841105	0.405749304295906	1	1.6	singlet	bif3	bif3_Re2	bi3_Re2	1_2
CB:Z:GGCACGTAGTCACGCC-3_bif3_2	CB:Z:GGCACGTAGTCACGCC-3_bif3_2	4281	1608	2613	185	0.0414240931482311	2690	3.42975228000241	0.375613174491941	0.610371408549404	0.0432142022891848	0.172065352604605	0.455536566398415	3.07959110803123	1	0.00363945923206913	0.035922536788471	1	2613	-1.22797732738395	-1.94159700155126	1	1.7	singlet	bif3	bif3_Re2	bi3_Re2	1_3
CB:Z:AGACAAATCAGTGTAC-3_bif3_2	CB:Z:AGACAAATCAGTGTAC-3_bif3_2	4188	1432	2176	166	0.0381258612769867	2571	3.41010207664286	0.341929321872015	0.519579751671442	0.0396370582617001	0.0750139037011471	0.212551698166494	3.05734396594403	1	0.0103545381679886	0.032148066384558	1	2176	-1.53956036952873	-0.545003550051323	1	1.35	singlet	bif3	bif3_Re2	bi3_Re2	1_1
CB:Z:GCGGGTTTCCTATCCG-3_bif3_2	CB:Z:GCGGGTTTCCTATCCG-3_bif3_2	4027	1602	2854	196	0.0464125029599811	2406	3.38129562300383	0.397814750434567	0.708716165880308	0.0486714675937422	0.236033543461055	0.718735727236179	3.02473049852032	1	0.00893090169842163	0.0494386998496703	1	2854	0.291566558800743	-1.16960074186193	1	1.3	singlet	bif3	bif3_Re2	bi3_Re2	1_2
CB:Z:GCGCCAAAGTTCGCGC-3_bif3_2	CB:Z:GCGCCAAAGTTCGCGC-3_bif3_2	3649	1749	2714	88	0.0235483007760235	2123	3.326949994166	0.479309399835571	0.743765415182242	0.024116196218142	0.470839635611219	0.812537707683628	2.96320264028643	1	0.00464904997528981	0.0571169676294973	1	2714	-1.85093026546378	0.432417674065956	1	3.15	singlet	bif3	bif3_Re2	bi3_Re2	1_1
CB:Z:TAGCTTTTCCCGTATC-3_bif3_2	CB:Z:TAGCTTTTCCCGTATC-3_bif3_2	2579	839	1033	82	0.030815482901165	1606	3.20574554094266	0.325319891430787	0.400542846064366	0.0317952694842962	0.0271580569258044	-0.106025666960232	2.82598000481938	1	0.00163949155013216	0.0216138205098004	1	1033	-1.96491389659782	1.05362216949595	1	2.2	singlet	bif3	bif3_Re2	bi3_Re2	1_1
CB:Z:AGTGCCGAGGTAGGAA-3_bif3_2	CB:Z:AGTGCCGAGGTAGGAA-3_bif3_2	2396	1064	1810	65	0.0264120276310443	1446	3.16016829295851	0.444073455759599	0.75542570951586	0.0271285475792988	0.369316230178927	0.843744045133862	2.77437934230744	1	0.00993030683996875	0.0417531046569301	1	1810	-1.02957921413322	-1.40182353734838	1	2.05	singlet	bif3	bif3_Re2	bi3_Re2	1_3
CB:Z:GCCAGACAGATGGGTC-3_bif3_2	CB:Z:GCCAGACAGATGGGTC-3_bif3_2	1890	829	871	66	0.0337423312883436	1262	3.10105935490812	0.438624338624339	0.460846560846561	0.0349206349206349	0.353615985934631	0.0553646049448467	2.70745866370838	1	0.00153278507026209	0.0150212278434469	1	871	-0.734956792868569	0.381823165418038	1	1.3	singlet	bif3	bif3_Re2	bi3_Re2	1_1
CB:Z:CTAGGGCCACATATCG-3_bif3_2	CB:Z:CTAGGGCCACATATCG-3_bif3_2	1798	834	1229	66	0.0354077253218884	1093	3.0386201619497	0.46384872080089	0.683537263626251	0.0367074527252503	0.426293623660687	0.651349664939177	2.63676760916105	1	0.0060930778832736	0.0314920382269758	1	1229	-1.36665110973258	0.389891726971993	1	1.75	singlet	bif3	bif3_Re2	bi3_Re2	1_1
CB:Z:AACAAAGCACACGGTC-3_bif3_2	CB:Z:AACAAAGCACACGGTC-3_bif3_2	1736	640	859	43	0.0241708825182687	1182	3.07261747654524	0.368663594470046	0.494815668202765	0.0247695852534562	0.152041906414948	0.146275811532891	2.67525795323286	1	0.00254228678472674	0.0110613727507331	1	859	-0.641482881583169	0.197426064015755	1	3.1	singlet	bif3	bif3_Re2	bi3_Re2	1_3
CB:Z:CTAACTTCAGTGCGTC-3_bif3_2	CB:Z:CTAACTTCAGTGCGTC-3_bif3_2	1590	578	756	30	0.0185185185185185	1089	3.03702787975578	0.363522012578616	0.475471698113208	0.0188679245283019	0.137227746709123	0.0945057240058922	2.6349648935574	1	0.0031575670743092	0.00907979638530343	1	756	0.691266485177085	0.303616507054695	1	1.45	singlet	bif3	bif3_Re2	bi3_Re2	1_2
CB:Z:CAGTGTACAATAGTGA-3_bif3_2	CB:Z:CAGTGTACAATAGTGA-3_bif3_2	1280	558	841	27	0.0206579954093344	793	2.8992731873176	0.4359375	0.65703125	0.02109375	0.345874544229486	0.580411866800023	2.47900476633758	1	0.00413733114919959	0.0230259864310342	1	841	0.925132699929283	0.178287966252693	1	2.8	singlet	bif3	bif3_Re2	bi3_Re2	1_2
