cellID	total	tss	acrs	ptmt	pPtMt	nSites	log10nSites	pTSS	FRiP	pOrg	tss_z	acr_z	sites_z	qc_check	background	cellbulk	is_cell	acr	lib_ID	doubletscore	d.type	SampleName	library	sampleID	umap1	umap2	LouvainClusters
CB:Z:AAACTCGCAGCGTACC-1_A619	CB:Z:AAACTCGCAGCGTACC-1_A619	173628	76138	118183	7321	0.0404589138376006	78047	4.89235621414429	0.438512221531089	0.680667864630129	0.0421648582025941	0.0847088590959439	0.140840108926957	5.12491926200023	1	0.0149327682629383	0.133507326263637	1	118183	1	2.35714285714286	singlet	A619	A619_Re1	A619_Re1	6.86016515224915	3.77131126248486	1_1
CB:Z:CCCGTTAGTGTTGGTT-1_A619	CB:Z:CCCGTTAGTGTTGGTT-1_A619	117459	51584	82181	5581	0.0453592327698309	56000	4.7481880270062	0.439166006861969	0.699656901557139	0.0475144518512843	0.0864453707766705	0.193011372866678	4.952523323545	1	0.0132335710531639	0.115005268713368	1	82181	1	1.85714285714286	singlet	A619	A619_Re1	A619_Re1	7.25230649441224	3.14070389592297	1_1
CB:Z:TTGCTATGTATATGGA-1_A619	CB:Z:TTGCTATGTATATGGA-1_A619	115047	47185	74596	5408	0.0448964343530779	56976	4.75569195633018	0.410136726729076	0.648395872991038	0.0470068754509027	0.00934103445568959	0.0521747068776001	4.96149650246602	1	0.0128802880673045	0.102127203284488	1	74596	1	1.21428571428571	singlet	A619	A619_Re1	A619_Re1	5.14406922787171	4.16674659573681	1_1
CB:Z:GAACGTTCATGCACTA-1_A619	CB:Z:GAACGTTCATGCACTA-1_A619	111979	48089	77712	5104	0.0435930066704816	53898	4.73157265006468	0.429446592664696	0.693987265469418	0.0455799748167067	0.060629746769505	0.177434380631021	4.93265469956156	1	0.0183832807322894	0.11301428251201	1	77712	1	3.07142857142857	singlet	A619	A619_Re1	A619_Re1	7.14885381191712	3.21521232449658	1_1
CB:Z:GGTTGCGCAGGGAGTT-1_A619	CB:Z:GGTTGCGCAGGGAGTT-1_A619	111625	40279	59259	5604	0.0478038710557968	59671	4.77576331605497	0.360842105263158	0.530875699888018	0.0502038073908175	-0.121589841367748	-0.270705068056024	4.98549778155898	1	0.0126163416614591	0.0789689674884284	1	59259	1	1.5	singlet	A619	A619_Re1	A619_Re1	6.37939790218812	4.01716564023144	1_1
CB:Z:GCTGTTCTCTCCTTGG-1_A619	CB:Z:GCTGTTCTCTCCTTGG-1_A619	110347	42206	58557	5542	0.0478216224145519	58107	4.76422845387487	0.382484344839461	0.530662365084687	0.0502233862270837	-0.0641061383137507	-0.271291192901368	4.97170442374568	1	0.00535977944639906	0.0757035368567482	1	58557	1	1.78571428571429	singlet	A619	A619_Re1	A619_Re1	6.40487674206238	3.83792708241589	1_1
CB:Z:AACCGATTCTGCTACC-1_A619	CB:Z:AACCGATTCTGCTACC-1_A619	108370	41284	60485	5572	0.0489020729845009	56018	4.74832759923105	0.380954138599243	0.55813416997324	0.051416443665221	-0.0681705014686785	-0.195814022086954	4.95269022364385	1	0.0136730276363003	0.0900686828618837	1	60485	1	1.85714285714286	singlet	A619	A619_Re1	A619_Re1	5.92912152737122	3.76150439107067	1_1
CB:Z:TCACCACAGTATACCC-1_A619	CB:Z:TCACCACAGTATACCC-1_A619	92231	36916	51581	4705	0.0485371791697615	48809	4.68849990991158	0.400255879259685	0.559258817534235	0.0510132168143032	-0.0169033706045992	-0.1927241189513	4.88114843033574	1	0.00688702670872879	0.0770783721381162	1	51581	1	2.14285714285714	singlet	A619	A619_Re1	A619_Re1	6.25482371777039	3.39248619401104	1_1
CB:Z:AGTGCGCGTTACGGAG-1_A619	CB:Z:AGTGCGCGTTACGGAG-1_A619	91836	42967	69680	3575	0.037469474169645	43777	4.6412459964259	0.467866631821943	0.75874384772856	0.0389280892024914	0.162676769881492	0.355349287946323	4.82464232505162	1	0.011220966601222	0.111295846812229	1	69680	1	1.78571428571429	singlet	A619	A619_Re1	A619_Re1	-5.36843391925353	-3.77250315821521	1_2
CB:Z:AACATCGGTGTCTACA-1_A619	CB:Z:AACATCGGTGTCTACA-1_A619	80979	34011	52215	2932	0.0349417835563871	41633	4.61943770650299	0.419997777201497	0.644796799170155	0.0362069178428975	0.035532856940539	0.0422864628887355	4.79856402940265	1	0.007088325965103	0.092180165650272	1	52215	1	1.42857142857143	singlet	A619	A619_Re1	A619_Re1	6.16356471508484	1.90787083828099	1_1
CB:Z:CTCTACGGTCCTATTT-1_A619	CB:Z:CTCTACGGTCCTATTT-1_A619	80629	33647	52668	4208	0.0496009995638695	41747	4.62062527190925	0.417306428208213	0.653214104106463	0.0521896588076251	0.0283843959044642	0.0654125139455211	4.79998411698753	1	0.0137819882891288	0.091818081281091	1	52668	1	2.85714285714286	singlet	A619	A619_Re1	A619_Re1	7.11633971661072	3.55675325715191	1_1
CB:Z:TACATGGAGCAGAAAG-1_A619	CB:Z:TACATGGAGCAGAAAG-1_A619	79567	29733	44041	4087	0.0488560021039042	42943	4.63289238099298	0.373685070443777	0.55350836402026	0.0513655158545628	-0.0874777896009851	-0.208523152320072	4.81465309371953	1	0.014540652490526	0.0672748133507938	1	44041	1	2.28571428571429	singlet	A619	A619_Re1	A619_Re1	6.95381549328309	3.38279948556073	1_1
CB:Z:CGCACAGCACCTACCT-1_A619	CB:Z:CGCACAGCACCTACCT-1_A619	78461	33336	49866	2164	0.0268403100775194	39989	4.60194054392067	0.424873504033851	0.635551420450925	0.0275805814353628	0.0484832187741801	0.016885327737033	4.77764096847248	1	0.00630207700792695	0.0768427154236053	1	49866	1	1.42857142857143	singlet	A619	A619_Re1	A619_Re1	7.2171483370636	3.17205653512127	1_1
CB:Z:CCTAAAGTCGGTGATT-1_A619	CB:Z:CCTAAAGTCGGTGATT-1_A619	77823	34153	54442	4072	0.0497222052628366	39518	4.59679495689375	0.438854837258908	0.699561826195341	0.0523238631252971	0.0856188767810415	0.192750158892867	4.77148788905865	1	0.0108957759280255	0.0956740203834856	1	54442	1	2.78571428571429	singlet	A619	A619_Re1	A619_Re1	-4.16924759418029	-2.65163256800525	1_2
CB:Z:ATTTGTCGTGATTCCA-1_A619	CB:Z:ATTTGTCGTGATTCCA-1_A619	75580	29584	41991	3147	0.0399735795851487	40510	4.60756224318359	0.391426303254829	0.555583487695157	0.0416379994707595	-0.0403555056466473	-0.202821871872475	4.78436338164409	1	0.00900266013499793	0.0621019392119659	1	41991	1	1.92857142857143	singlet	A619	A619_Re1	A619_Re1	6.92144921749573	3.6852524074281	1_1
CB:Z:ATAGGCTCAGGTCTGC-1_A619	CB:Z:ATAGGCTCAGGTCTGC-1_A619	74460	33257	55253	381	0.00509079248005772	36980	4.56796690682315	0.446642492613484	0.74204942250873	0.00511684125705077	0.1063035783948	0.309482334934778	4.73701538271442	1	0.0124378131392657	0.0966734626082413	1	55253	1	2.85714285714286	singlet	A619	A619_Re1	A619_Re1	-4.66332909137267	-4.6956446377074	1_2
CB:Z:GAGTGAGGTTCCGGCA-1_A619	CB:Z:GAGTGAGGTTCCGGCA-1_A619	72914	25566	39010	3552	0.0464520178903042	40525	4.60772302352055	0.350632251693776	0.535013851935156	0.0487149244315221	-0.148708115737548	-0.259335738294657	4.78455564234755	1	0.0151511489692526	0.0673413915192427	1	39010	1	2.07142857142857	singlet	A619	A619_Re1	A619_Re1	6.09469655483704	4.18178627812512	1_1
CB:Z:TGGCGCACAAGAGCGT-1_A619	CB:Z:TGGCGCACAAGAGCGT-1_A619	70861	27319	40826	3295	0.0444333567074815	38425	4.58461387617178	0.385529416745459	0.576142024526891	0.0464994849070716	-0.0560181579268159	-0.146338499103991	4.75692178481507	1	0.0139931959642936	0.0754148808517379	1	40826	1	2.07142857142857	singlet	A619	A619_Re1	A619_Re1	6.24125770061951	2.93388412320263	1_1
CB:Z:GAAATGATCGCTATAG-1_A619	CB:Z:GAAATGATCGCTATAG-1_A619	70065	29446	44708	2356	0.0325320003866282	36346	4.56045662225103	0.420266895026047	0.638093199172197	0.0336259187896953	0.036247657692026	0.0238687155230273	4.72803460420441	1	0.0100742881848088	0.0712750080640633	1	44708	1	2.35714285714286	singlet	A619	A619_Re1	A619_Re1	7.08615401714783	3.51155076348431	1_1
CB:Z:AACGTACGTACTTGAC-1_A619	CB:Z:AACGTACGTACTTGAC-1_A619	68266	29191	46168	3517	0.0489948873688756	35599	4.55143779851833	0.427606714909325	0.676295666949873	0.0515190578032989	0.0557428686729706	0.128827752531524	4.71724991853952	1	0.00842385140732647	0.0893855056327671	1	46168	1	2.5	singlet	A619	A619_Re1	A619_Re1	-4.39077040225524	-2.6639645305907	1_2
CB:Z:CTTCCAGCACATTGCA-1_A619	CB:Z:CTTCCAGCACATTGCA-1_A619	68232	28149	40837	2692	0.0379561220461339	36192	4.55861258324536	0.412548364403799	0.598502169070231	0.0394536287958729	0.015746557482955	-0.0849053149364686	4.72582950721844	1	0.0117349760323886	0.0817245960187866	1	40837	1	2.5	singlet	A619	A619_Re1	A619_Re1	6.02881434887391	3.97943899953015	1_1
CB:Z:TTCGGTCAGTAACATG-1_A619	CB:Z:TTCGGTCAGTAACATG-1_A619	67352	23679	33706	3487	0.0492242973503296	37498	4.57400810473767	0.351570851645089	0.500445421071386	0.0517727758641169	-0.146215111226739	-0.354310472269209	4.74423943126868	1	0.0116595787743998	0.0642590848281218	1	33706	1	2.35714285714286	singlet	A619	A619_Re1	A619_Re1	5.32913926571351	3.98230955922253	1_1
CB:Z:TGTAAGCTCTTTATCG-1_A619	CB:Z:TGTAAGCTCTTTATCG-1_A619	67061	31086	50741	2191	0.0316380754346445	33740	4.52814507825311	0.463548112912125	0.756639477490643	0.0326717466187501	0.151206401587588	0.349567654284161	4.68939654499705	1	0.0118225569931789	0.0939014730926212	1	50741	1	1.78571428571429	singlet	A619	A619_Re1	A619_Re1	-4.6011824277069	-0.861281892422367	1_3
CB:Z:CATGCCTAGTTGCCGC-1_A619	CB:Z:CATGCCTAGTTGCCGC-1_A619	66771	26057	41540	2766	0.0397773847016696	36205	4.55876855181658	0.390244267721017	0.622126372227464	0.041425169609561	-0.0434950966018902	-0.019999203951532	4.7260160140251	1	0.0151464340167545	0.0837421434763576	1	41540	1	2.07142857142857	singlet	A619	A619_Re1	A619_Re1	6.68153003185731	3.67090616547711	1_1
CB:Z:CAGCTGGAGCTACGTT-1_A619	CB:Z:CAGCTGGAGCTACGTT-1_A619	66434	28608	45480	2092	0.0305285585033418	34714	4.54050465912917	0.430622873829666	0.684589216365114	0.0314898997501279	0.063754053611998	0.151613792560981	4.70417609925475	1	0.00997007522640773	0.0882682194585251	1	45480	1	1.71428571428571	singlet	A619	A619_Re1	A619_Re1	7.17066577404481	3.27716932618267	1_1
CB:Z:GGAATCTAGGCCTAAG-1_A619	CB:Z:GGAATCTAGGCCTAAG-1_A619	65400	24520	36454	2788	0.0408869595823312	35283	4.54756550469261	0.374923547400612	0.557400611620795	0.0426299694189602	-0.0841882852326917	-0.197829430586484	4.71261943978195	1	0.0137982821556382	0.065304893648961	1	36454	1	2.35714285714286	singlet	A619	A619_Re1	A619_Re1	-4.40935513049621	-4.73777081644886	1_2
CB:Z:TCACTCGCACATTCTT-1_A619	CB:Z:TCACTCGCACATTCTT-1_A619	64694	27319	39803	3171	0.0467251160391955	33886	4.5300203065047	0.422280273286549	0.615250255046836	0.0490153646396884	0.0415953684801821	-0.0388909321465902	4.69163893800114	1	0.00466506885952262	0.072675061889615	1	39803	1	1.92857142857143	singlet	A619	A619_Re1	A619_Re1	4.85044935673218	3.90699408375866	1_1
CB:Z:ACTACGACATGCCCTT-1_A619	CB:Z:ACTACGACATGCCCTT-1_A619	63739	29726	50433	1953	0.0297296474456555	31543	4.49890299595187	0.466370667879948	0.791242410455137	0.0306405811198795	0.158703357300138	0.444637180754524	4.65442894000193	1	0.0144713169864232	0.105886680376608	1	50433	1	2.92857142857143	singlet	A619	A619_Re1	A619_Re1	-4.56885239154357	-0.734226247433353	1_3
CB:Z:TTACCGCGTGCACATT-1_A619	CB:Z:TTACCGCGTGCACATT-1_A619	63444	28077	42173	1750	0.0268429610086818	33212	4.52129502925121	0.442547758653301	0.664727949057436	0.0275833806191287	0.0954276027259038	0.0970461268668709	4.68120527444292	1	0.00861524515600708	0.0807084244343307	1	42173	1	2.42857142857143	singlet	A619	A619_Re1	A619_Re1	6.76614383190613	3.7097314389909	1_1
CB:Z:ATTACCTCACTTTGGA-1_A619	CB:Z:ATTACCTCACTTTGGA-1_A619	63284	26190	39409	2824	0.0427179766442791	33559	4.52580901112709	0.413848682131344	0.622732444219708	0.0446242336135516	0.0192003164094536	-0.0183340567407824	4.68660308208072	1	0.00857188945739211	0.0763218687920357	1	39409	1	2.64285714285714	singlet	A619	A619_Re1	A619_Re1	6.24190476864319	3.91675565564282	1_1
CB:Z:TTGACGAGTATTCTTC-1_A619	CB:Z:TTGACGAGTATTCTTC-1_A619	61141	27616	48163	126	0.00205657205347087	30506	4.48438526592449	0.451677270571302	0.787736543399683	0.00206081025825551	0.119676394089297	0.435005016880667	4.63706867667344	1	0.013533973501462	0.0963031460788217	1	48163	1	3.07142857142857	singlet	A619	A619_Re1	A619_Re1	-5.02300116092224	-4.74370028651111	1_2
CB:Z:AGCGATTCACTCCTCA-1_A619	CB:Z:AGCGATTCACTCCTCA-1_A619	60854	23759	33307	3074	0.048085346014266	33577	4.52604189068088	0.3904262661452	0.547326387747724	0.050514345811286	-0.0430116926854347	-0.225507769129405	4.68688155883776	1	0.0104324920827594	0.0573893824528044	1	33307	1	3.07142857142857	singlet	A619	A619_Re1	A619_Re1	5.64615443676453	4.1441945823396	1_1
CB:Z:GCACGGTCAGCAACAG-1_A619	CB:Z:GCACGGTCAGCAACAG-1_A619	60805	28827	48032	1095	0.0176898222940226	30181	4.47973362534305	0.474089301866623	0.789935038236987	0.0180083874681358	0.17920473205427	0.441045252352744	4.6315062571181	1	0.00905845432844674	0.0986537610710206	1	48032	1	1.71428571428571	singlet	A619	A619_Re1	A619_Re1	-4.55465599566955	-1.17351009524219	1_3
CB:Z:AGGCCCAAGCCTGTAT-1_A619	CB:Z:AGGCCCAAGCCTGTAT-1_A619	60797	27153	45389	1587	0.0254392151833804	31074	4.49239716140154	0.446617431781173	0.746566442423146	0.0261032616740958	0.106237014606993	0.321892581914749	4.64664928018236	1	0.0101158842205886	0.0912638872283544	1	45389	1	1.35714285714286	singlet	A619	A619_Re1	A619_Re1	-5.45354029208679	-3.85619284785144	1_2
CB:Z:GTGCACGGTGCACATT-1_A619	CB:Z:GTGCACGGTGCACATT-1_A619	59907	25451	37129	999	0.0164023248940991	31140	4.4933186082321	0.424841838182516	0.619777321515015	0.0166758475637238	0.0483991114714829	-0.0264530828500794	4.64775114387535	1	0.00605258223613527	0.0697373367766822	1	37129	1	3.28571428571429	singlet	A619	A619_Re1	A619_Re1	7.06395295589905	3.67376695000775	1_1
CB:Z:TGAGTCAGTGAATCGG-1_A619	CB:Z:TGAGTCAGTGAATCGG-1_A619	59764	23446	35571	1970	0.0319111024718956	32498	4.51185663434224	0.392309751689981	0.595191084934074	0.0329629877518238	-0.038008988442145	-0.0940023241770139	4.66991886667055	1	0.0119919100429532	0.0735844595301229	1	35571	1	2.21428571428571	singlet	A619	A619_Re1	A619_Re1	6.82315305202942	3.73262737118847	1_1
CB:Z:GCGTTGGTCAATGCAC-1_A619	CB:Z:GCGTTGGTCAATGCAC-1_A619	59565	21718	34708	2421	0.0390572064659762	32284	4.50898733863692	0.364610089817846	0.582691177705028	0.0406446738856711	-0.111581741028128	-0.128345085306778	4.66648777042357	1	0.0157301366033651	0.0730753572705348	1	34708	1	3.42857142857143	singlet	A619	A619_Re1	A619_Re1	6.18010095089417	4.07193754040844	1_1
CB:Z:TGGCCTTCAGGCATTT-1_A619	CB:Z:TGGCCTTCAGGCATTT-1_A619	59038	27506	45822	1174	0.019497774529994	29212	4.46556129196941	0.465903316508012	0.776144178325824	0.0198854974762018	0.157462030708611	0.403155674532313	4.6145590181984	1	0.0117205325054942	0.102261912421501	1	45822	1	2.92857142857143	singlet	A619	A619_Re1	A619_Re1	-4.39305779010314	-0.258821984890629	1_3
CB:Z:TCAAGGTGTCCCGTGA-1_A619	CB:Z:TCAAGGTGTCCCGTGA-1_A619	58542	26827	43855	1692	0.0280904472557028	29702	4.47278569375222	0.458252195005295	0.749120289706535	0.0289023265347955	0.137139975084859	0.328909127366506	4.62319793882194	1	0.00640251784305805	0.0988827998698281	1	43855	1	2.57142857142857	singlet	A619	A619_Re1	A619_Re1	-4.40360828906555	-0.312946817043949	1_3
CB:Z:GGGACCTTCAAATGGA-1_A619	CB:Z:GGGACCTTCAAATGGA-1_A619	58479	22551	32598	2678	0.0437889366711905	32104	4.50655914672578	0.385625609193044	0.557430872620941	0.0457942167273722	-0.0557626622756623	-0.197746290265479	4.66358414493184	1	0.0081963111850422	0.0696647305248926	1	32598	1	2.5	singlet	A619	A619_Re1	A619_Re1	5.28983405559998	4.00574348294384	1_1
CB:Z:GGTGTCGGTAGGGTTG-1_A619	CB:Z:GGTGTCGGTAGGGTTG-1_A619	58377	25135	35406	2532	0.0415702112988228	30166	4.47951772671138	0.43056340682118	0.606505986946914	0.0433732463127602	0.0635961039762745	-0.0629152952964557	4.631248086103	1	-0.00167498746804539	0.0690323501537364	1	35406	1	2.28571428571429	singlet	A619	A619_Re1	A619_Re1	6.82224706142884	3.26387105309613	1_1
CB:Z:TCAAAGCAGGAAGACA-1_A619	CB:Z:TCAAAGCAGGAAGACA-1_A619	58278	28094	46454	1210	0.0203402366863905	29258	4.46624463557431	0.482068705171763	0.797110401866914	0.0207625519063798	0.200398733189115	0.460759142595798	4.61537615868128	1	0.00562576647533916	0.0999416059007323	1	46454	1	1.14285714285714	singlet	A619	A619_Re1	A619_Re1	-4.94446989566345	-2.03569533503406	1_2
CB:Z:GAGCGCTTCTTCTTCC-1_A619	CB:Z:GAGCGCTTCTTCTTCC-1_A619	58220	24390	36246	1904	0.0316678863681724	31093	4.49266262685469	0.418928203366541	0.622569563723806	0.0327035383029887	0.0326919742072078	-0.0187815613390928	4.64696672307203	1	0.00857618916583816	0.0738900737205943	1	36246	1	1.64285714285714	singlet	A619	A619_Re1	A619_Re1	6.63981488674622	3.82398853623516	1_1
CB:Z:TGGACATCACTGAAGG-1_A619	CB:Z:TGGACATCACTGAAGG-1_A619	56930	23400	35078	2618	0.0439645328138644	29520	4.470116353151	0.411031090813279	0.61616019673283	0.0459862989636396	0.0117165445898076	-0.0363909207951866	4.62000594836178	1	0.0161989061910234	0.0697572931510951	1	35078	1	3	singlet	A619	A619_Re1	A619_Re1	-4.17902466327209	-3.83559872782581	1_2
CB:Z:GCTGAGCAGGATTGCG-1_A619	CB:Z:GCTGAGCAGGATTGCG-1_A619	56902	22357	31861	2601	0.0437120817437776	31135	4.49324887005742	0.392903588626059	0.559927594812133	0.0457101683596359	-0.0364317050017845	-0.190886692650206	4.64766775114975	1	0.00535551758554237	0.0668400312651215	1	31861	1	1.64285714285714	singlet	A619	A619_Re1	A619_Re1	7.10612681835633	3.45675084912426	1_1
CB:Z:GCGATCGCATGTCCCT-1_A619	CB:Z:GCGATCGCATGTCCCT-1_A619	56228	22226	30849	2573	0.0437577592217819	30955	4.49073080834892	0.39528348865334	0.54864124635413	0.0457601195134097	-0.0301104799740281	-0.221895272315487	4.64465665959105	1	0.00273026165356599	0.0629605336553851	1	30849	1	2.5	singlet	A619	A619_Re1	A619_Re1	6.50212243526917	3.69796524369366	1_1
CB:Z:ACTTTCACATTTAGGC-1_A619	CB:Z:ACTTTCACATTTAGGC-1_A619	55893	23315	35587	2575	0.0440411849216666	29693	4.47265407828401	0.41713631402859	0.636698692143918	0.0460701697887034	0.0279325575929891	0.0200373893468865	4.62304055339172	1	0.0123312219087122	0.0709793102509761	1	35587	1	2.35714285714286	singlet	A619	A619_Re1	A619_Re1	-3.55427166492004	0.0729659589493983	1_3
CB:Z:TTGCAGATCCATCGAA-1_A619	CB:Z:TTGCAGATCCATCGAA-1_A619	55762	26656	46386	424	0.00754636386288399	27177	4.43420151437756	0.478031634446397	0.831856820056669	0.00760374448549191	0.189675916173495	0.556222886297257	4.57705907875257	1	0.0164443440505584	0.101639489223027	1	46386	1	2.35714285714286	singlet	A619	A619_Re1	A619_Re1	-5.26467129260558	-3.33332898295276	1_2
CB:Z:TCAAGCATCGGGATCC-1_A619	CB:Z:TCAAGCATCGGGATCC-1_A619	55397	24227	42316	776	0.0138144660246026	28148	4.44944754235536	0.437334151668863	0.76386807949889	0.0140079787714136	0.081579801315286	0.369427813845546	4.59529023885191	1	0.00910482796500427	0.0833244146899514	1	42316	1	2.14285714285714	singlet	A619	A619_Re1	A619_Re1	-5.34733959704894	-4.25385453379505	1_2
CB:Z:ACATGGTGTAGTCCAT-1_A619	CB:Z:ACATGGTGTAGTCCAT-1_A619	55356	21160	29888	2374	0.0411224666551187	30561	4.48516756087801	0.382253052966255	0.539923404870294	0.0428860466796734	-0.0647204699919171	-0.2458470298894	4.63800414291837	1	0.0111416379610052	0.060118193370701	1	29888	1	2.64285714285714	singlet	A619	A619_Re1	A619_Re1	6.50287917583924	3.85044858777172	1_1
CB:Z:AACAGTCCATGCTATG-1_A619	CB:Z:AACAGTCCATGCTATG-1_A619	55343	24862	32515	2646	0.0456293434961803	29508	4.46993977478634	0.449234772238585	0.587517843268345	0.0478109245975101	0.113188902424084	-0.115084105088536	4.6197947964184	1	0.00126169959877437	0.0586231205979999	1	32515	1	3	singlet	A619	A619_Re1	A619_Re1	6.62562564342957	3.47035453641064	1_1
CB:Z:TACTAGGAGATGCGAC-1_A619	CB:Z:TACTAGGAGATGCGAC-1_A619	54906	24285	38869	1437	0.0255044992279431	28634	4.45688202062325	0.442301387826467	0.707918988817251	0.0261720030597749	0.0947732200128333	0.215710972472343	4.60418036838299	1	0.0131940886798437	0.0828637998615578	1	38869	1	1.5	singlet	A619	A619_Re1	A619_Re1	-5.07025000125427	-4.82667042887561	1_2
CB:Z:CATTCCGGTACTAGAA-1_A619	CB:Z:CATTCCGGTACTAGAA-1_A619	54560	24720	39477	1884	0.0333782155765006	28180	4.44994098877334	0.45307917888563	0.723552052785924	0.0345307917888563	0.123399986602246	0.258661897768403	4.59588030077885	1	0.00817992765555606	0.0867962007063989	1	39477	1	1.92857142857143	singlet	A619	A619_Re1	A619_Re1	-3.98247858554382	-0.827414056423832	1_3
CB:Z:ATGTCGATCACCCGGA-1_A619	CB:Z:ATGTCGATCACCCGGA-1_A619	53805	19139	26128	2380	0.0423600605143722	30235	4.48050997294196	0.355710435833101	0.485605427004925	0.0442338072669826	-0.135220009384724	-0.395082484577214	4.63243461153205	1	0.00981407485064187	0.0564678034625827	1	26128	1	3.14285714285714	singlet	A619	A619_Re1	A619_Re1	5.80557111233216	4.0687551292146	1_1
CB:Z:ACTAACGGTACTAGAA-1_A619	CB:Z:ACTAACGGTACTAGAA-1_A619	53419	20109	26542	2498	0.0446733551513851	29752	4.47351616535092	0.376439094704132	0.496864411538966	0.0467623879144125	-0.0801628575105436	-0.36414908568624	4.62407143483567	1	0.00968165540187389	0.0504651574445987	1	26542	1	2.78571428571429	singlet	A619	A619_Re1	A619_Re1	6.25759366482239	3.75627873265393	1_1
CB:Z:TCGTTCGGTACGGTTT-1_A619	CB:Z:TCGTTCGGTACGGTTT-1_A619	53348	22369	32975	1985	0.0358737100825909	28430	4.45377685969044	0.419303441553573	0.618111269400915	0.0372085176576442	0.0336886400301613	-0.0310304632046573	4.60046722511822	1	0.0111095121539912	0.064132562553585	1	32975	1	2.14285714285714	singlet	A619	A619_Re1	A619_Re1	-4.36011215716857	-5.33070923960559	1_2
CB:Z:AAACTCGCATCTCACC-1_A619	CB:Z:AAACTCGCATCTCACC-1_A619	53308	23006	33775	2029	0.0366662450078609	28414	4.45353237612511	0.431567494559916	0.633582201545734	0.0380618293689503	0.066263049844339	0.0114750144255852	4.60017487231474	1	0.00828506353729306	0.0670164689172435	1	33775	1	1.35714285714286	singlet	A619	A619_Re1	A619_Re1	7.23092654674988	2.7514372857774	1_1
CB:Z:GCGTAGCAGGATGTCG-1_A619	CB:Z:GCGTAGCAGGATGTCG-1_A619	53189	23197	35242	1829	0.0332436657094042	28571	4.45592544118364	0.436124010603696	0.662580608772491	0.0343868093026754	0.0783655595822052	0.091146435523654	4.60303649320864	1	0.00534079296987109	0.0762347889395942	1	35242	1	3.35714285714286	singlet	A619	A619_Re1	A619_Re1	6.9551706644867	3.21355579220898	1_1
CB:Z:GTTGGTACAGAGAGAA-1_A619	CB:Z:GTTGGTACAGAGAGAA-1_A619	52536	21482	28589	2171	0.0396841354854041	28645	4.45704882658563	0.408900563423176	0.544179229480737	0.041324044464748	0.00605767534897424	-0.234154401669969	4.60437983451346	1	0.00812119486432642	0.058783731554282	1	28589	1	1.71428571428571	singlet	A619	A619_Re1	A619_Re1	6.21547606914979	3.93129442059643	1_1
CB:Z:TGAATCGCAGCGTAGA-1_A619	CB:Z:TGAATCGCAGCGTAGA-1_A619	52152	21612	33349	986	0.0185554593699424	28003	4.44720456040127	0.414404049700874	0.639457738917012	0.0189062739684001	0.0206754218087874	0.0276177083474977	4.592608086939	1	0.00851949606420297	0.0655410040099584	1	33349	1	1.42857142857143	singlet	A619	A619_Re1	A619_Re1	-3.5053481724884	0.289361337062191	1_3
CB:Z:TTAGCGAAGACTAGGC-1_A619	CB:Z:TTAGCGAAGACTAGGC-1_A619	51973	21306	33390	2169	0.0400613202319826	27565	4.44035799681529	0.409943624574298	0.642448963885094	0.0417332076270371	0.00882813804840256	0.0358359233055681	4.58442098423605	1	0.00839427838756976	0.0684828429633514	1	33390	1	2.42857142857143	singlet	A619	A619_Re1	A619_Re1	-5.07013603717346	-4.04250266230457	1_2
CB:Z:GTCTACCTCGCATAAC-1_A619	CB:Z:GTCTACCTCGCATAAC-1_A619	51802	22228	35368	2601	0.0478098634266493	27156	4.43386580000235	0.429095401721941	0.682753561638547	0.0502104165862322	0.0596969525548677	0.146570438987544	4.57665763238693	1	0.0122063866086331	0.0784015695584607	1	35368	1	0.857142857142857	singlet	A619	A619_Re1	A619_Re1	-5.38900658160705	-4.03319337046497	1_2
CB:Z:GTAGGAGTCGAGTGTT-1_A619	CB:Z:GTAGGAGTCGAGTGTT-1_A619	51758	20711	29210	859	0.016325522169641	27693	4.44237000568678	0.400150701340856	0.564357200819197	0.0165964681788323	-0.0171827324623455	-0.178716610247828	4.58682693914515	1	0.00455265464742508	0.0561820889934455	1	29210	1	2.64285714285714	singlet	A619	A619_Re1	A619_Re1	6.12550166576844	3.99426291310437	1_1
CB:Z:ATTTGTCAGAACTAAC-1_A619	CB:Z:ATTTGTCAGAACTAAC-1_A619	50622	23025	39797	1413	0.027154799654079	25619	4.40856217369291	0.45484176840109	0.7861601675161	0.0279127652009008	0.128081580295707	0.430674016703736	4.5463996226933	1	0.0145001515021339	0.081420541384296	1	39797	1	2.28571428571429	singlet	A619	A619_Re1	A619_Re1	-5.23280426532287	-4.55254580653064	1_2
CB:Z:GCTGTTCAGCTATCCA-1_A619	CB:Z:GCTGTTCAGCTATCCA-1_A619	50422	21194	28660	350	0.00689356338139132	26576	4.42448961510732	0.420332394589663	0.568402681369244	0.00694141446194122	0.036421630327889	-0.167601889983144	4.56544561518538	1	0.00976320652427919	0.0634759169658724	1	28660	1	1.5	singlet	A619	A619_Re1	A619_Re1	6.83646348446351	3.557208636638	1_1
CB:Z:GTGACATTCAGGCGCT-1_A619	CB:Z:GTGACATTCAGGCGCT-1_A619	50305	21261	34497	1291	0.0250213194821304	26317	4.42023638046989	0.422641884504522	0.685756883013617	0.0256634529370838	0.042555839867706	0.154821888113525	4.56035960840853	1	0.00764817760234368	0.0788927283815872	1	34497	1	2.85714285714286	singlet	A619	A619_Re1	A619_Re1	-5.12343784839172	-3.89625956690662	1_2
CB:Z:TTGTTGTAGTATACCC-1_A619	CB:Z:TTGTTGTAGTATACCC-1_A619	50114	18805	26684	2581	0.0489799791251542	27967	4.4466458824129	0.375244442670711	0.532465977571138	0.0515025741309814	-0.0833359590049565	-0.266335873501166	4.59194002127201	1	0.00669845386312878	0.0624590349996593	1	26684	1	1.78571428571429	singlet	A619	A619_Re1	A619_Re1	5.91720965832215	3.06907317959912	1_1
CB:Z:TGGCCTTGTATTCGAC-1_A619	CB:Z:TGGCCTTGTATTCGAC-1_A619	49880	20789	30134	2127	0.0408983406079951	27555	4.44020041536149	0.416780272654371	0.604129911788292	0.0426423416198877	0.0269868802032516	-0.0694434222740152	4.58423254874865	1	0.00696453197672545	0.0654353539068901	1	30134	1	3.07142857142857	singlet	A619	A619_Re1	A619_Re1	5.50327447384339	3.95909760319836	1_1
CB:Z:AGCTATGCAAATTGAG-1_A619	CB:Z:AGCTATGCAAATTGAG-1_A619	49506	22302	38161	1968	0.0382328942767222	25991	4.41482298924042	0.450490849593989	0.770835858279804	0.0397527572415465	0.116525155008125	0.388571376905114	4.55388628943466	1	0.00609926838560099	0.084567368182827	1	38161	1	1.92857142857143	singlet	A619	A619_Re1	A619_Re1	-5.1862506535675	-2.73615767634266	1_2
CB:Z:TTAGCGACATTTCTTG-1_A619	CB:Z:TTAGCGACATTTCTTG-1_A619	49462	21246	31693	1980	0.038489949846429	26330	4.42045085910607	0.429541870526869	0.640754518620355	0.0400307306619223	0.060882813200891	0.031180534436827	4.56061608139676	1	0.0119088394314764	0.068489806553337	1	31693	1	1.57142857142857	singlet	A619	A619_Re1	A619_Re1	-3.63194891482849	-3.50175215876453	1_2
CB:Z:ATTTGTCCAATGGTCT-1_A619	CB:Z:ATTTGTCCAATGGTCT-1_A619	49378	20106	29104	1970	0.038365661758978	27660	4.44185217577329	0.407185386204382	0.589412288873587	0.0398963100976143	0.00150201291013451	-0.109879227028081	4.58620771949851	1	0.00763791473325623	0.0680568615138556	1	29104	1	2.71428571428571	singlet	A619	A619_Re1	A619_Re1	6.80981830090027	3.58897707783825	1_1
CB:Z:CCCTCTCGTCCGTCGA-1_A619	CB:Z:CCCTCTCGTCCGTCGA-1_A619	48928	22359	37266	1004	0.0201073459905471	24904	4.39626910767446	0.456977599738391	0.761649771092217	0.0205199476782211	0.13375453728955	0.363333141755061	4.53169960672714	1	0.00673493141134635	0.0850434805315241	1	37266	1	3.5	singlet	A619	A619_Re1	A619_Re1	-5.12227770358581	-4.61760022318714	1_2
CB:Z:TTTGTGTTCTGACATG-1_A619	CB:Z:TTTGTGTTCTGACATG-1_A619	48917	19401	27758	2351	0.045857064835765	26295	4.41987317514948	0.396610585277102	0.567450988408938	0.0480610012878958	-0.0265855939299872	-0.170216610509127	4.55992528844303	1	0.00855255188811139	0.0561930602341457	1	27758	1	2.28571428571429	singlet	A619	A619_Re1	A619_Re1	6.65943292110901	3.38732920014508	1_1
CB:Z:CACCTTGCAAGCCCTG-1_A619	CB:Z:CACCTTGCAAGCCCTG-1_A619	48867	21037	32269	1163	0.0232460523685789	25577	4.40784960347914	0.430495017087196	0.660343381013772	0.0237992919557165	0.0634144547922148	0.0849997836243495	4.54554753310852	1	0.00574311724917302	0.0696873569305321	1	32269	1	1.85714285714286	singlet	A619	A619_Re1	A619_Re1	-4.92155024081725	-4.40188576853626	1_2
CB:Z:CACCACTTCAGAACGG-1_A619	CB:Z:CACCACTTCAGAACGG-1_A619	48776	22833	39404	503	0.0102071876458532	24795	4.39436411262713	0.468119567000164	0.807856322781696	0.0103124487452846	0.16334858809261	0.490282929319443	4.52942161866711	1	0.0170442915959882	0.0871581369631348	1	39404	1	1.64285714285714	singlet	A619	A619_Re1	A619_Re1	-4.70483109027404	-1.44901516116016	1_3
CB:Z:ATCCTGCCACAATAAG-1_A619	CB:Z:ATCCTGCCACAATAAG-1_A619	48688	21646	33086	1420	0.0283387882174503	25670	4.40942586867144	0.444585934932632	0.679551429510352	0.0291652974038778	0.100841179246011	0.137772768991322	4.54743242687375	1	0.00588910582619183	0.0682726947501316	1	33086	1	3.28571428571429	singlet	A619	A619_Re1	A619_Re1	-3.58529898196716	-1.91908099329822	1_2
CB:Z:TCTCAGCTCGCACAAT-1_A619	CB:Z:TCTCAGCTCGCACAAT-1_A619	48355	18076	27222	1087	0.0219853565794264	26931	4.43025247990311	0.373818633026574	0.562961431082618	0.022479578120153	-0.0871230355644826	-0.182551405640877	4.57233683372938	1	0.0102664051115373	0.0631879132262336	1	27222	1	1.57142857142857	singlet	A619	A619_Re1	A619_Re1	5.52644279926758	4.10478971326001	1_1
CB:Z:TGCTTCGGTATGCTAC-1_A619	CB:Z:TGCTTCGGTATGCTAC-1_A619	48297	21301	34455	1759	0.0351406424804219	25287	4.40289730855641	0.441041886659627	0.713398347723461	0.0364204816034122	0.0914278734827044	0.230765189324684	4.53962559188377	1	0.0150157395046539	0.0746899909112191	1	34455	1	3	singlet	A619	A619_Re1	A619_Re1	-4.71161791354675	-1.01441218531482	1_3
CB:Z:TCGGGACGTATCACAC-1_A619	CB:Z:TCGGGACGTATCACAC-1_A619	48294	19762	32546	1145	0.0231598535569085	24998	4.39790526372367	0.40920197125937	0.67391394376113	0.0237089493518864	0.00685824122815657	0.122284107922855	4.53365611782132	1	0.00728783950786861	0.0702108810868577	1	32546	1	1.5	singlet	A619	A619_Re1	A619_Re1	-4.62490316897888	-1.57084395563953	1_3
CB:Z:CGCTATCTCCGGGCAT-1_A619	CB:Z:CGCTATCTCCGGGCAT-1_A619	48173	21375	35004	1327	0.0268080808080808	24885	4.39593764508004	0.443713283374504	0.726631100408943	0.0275465509725365	0.0985233395021076	0.267121400314053	4.53130324462978	1	0.00662363711958816	0.073029138711431	1	35004	1	2.78571428571429	singlet	A619	A619_Re1	A619_Re1	-4.66292187243957	-2.0158395973479	1_3
CB:Z:CTAGGGCTCACTCGGG-1_A619	CB:Z:CTAGGGCTCACTCGGG-1_A619	48126	21245	32536	1759	0.0352611005312218	25188	4.40119368463003	0.441445372563687	0.67605867930017	0.0365498898724182	0.0924995677412256	0.128176642879645	4.53758840287977	1	0.0082978656969786	0.0761947503717321	1	32536	1	2.21428571428571	singlet	A619	A619_Re1	A619_Re1	-4.95054670840759	-4.80654217875354	1_2
CB:Z:CGCAATAAGCAATGTA-1_A619	CB:Z:CGCAATAAGCAATGTA-1_A619	47895	20353	29782	892	0.0182835591448542	25784	4.41135029250428	0.424950412360372	0.621818561436476	0.0186240734941017	0.0486874940936771	-0.0208448960254311	4.54973364782432	1	0.011347801801798	0.0680095802108272	1	29782	1	1.85714285714286	singlet	A619	A619_Re1	A619_Re1	6.51183608501893	3.89408204877026	1_1
CB:Z:CACAACAAGTACGCGA-1_A619	CB:Z:CACAACAAGTACGCGA-1_A619	47582	19395	25499	1984	0.0400274381632571	24788	4.39424148747764	0.407612122231096	0.53589592703123	0.0416964398301879	0.00263546155141506	-0.25691228876276	4.52927498383634	1	0.00335595651599387	0.0521394661395239	1	25499	1	3.42857142857143	singlet	A619	A619_Re1	A619_Re1	5.61044553249817	4.0649161132539	1_1
CB:Z:AGATTCGAGCAATGTA-1_A619	CB:Z:AGATTCGAGCAATGTA-1_A619	47505	19778	27763	2455	0.0491393114491593	25158	4.40067611278721	0.416335122618672	0.584422692348174	0.0516787706557204	0.0258045223249753	-0.123587850497541	4.53696949183337	1	0.00849016118850868	0.0558774393345717	1	27763	1	2.64285714285714	singlet	A619	A619_Re1	A619_Re1	6.05461362331849	3.74790499531872	1_1
CB:Z:AGCTATGAGGCGATTG-1_A619	CB:Z:AGCTATGAGGCGATTG-1_A619	47413	20428	33237	2115	0.0427031174285253	25360	4.40414924920969	0.430852297892983	0.701010271444541	0.0446080188977707	0.0643634242218503	0.196729677163788	4.54112265921948	1	0.0101892275543126	0.0745222327784285	1	33237	1	2.14285714285714	singlet	A619	A619_Re1	A619_Re1	-4.66996571094055	-0.838384410504032	1_3
CB:Z:CAAAGCTTCCATACGA-1_A619	CB:Z:CAAAGCTTCCATACGA-1_A619	47242	17206	26931	1625	0.0332535248736366	26050	4.41580772763554	0.364209813301723	0.570064772871597	0.0343973582828839	-0.112644910868346	-0.163035391176776	4.55506383701385	1	0.0109396845321223	0.0684691006752482	1	26931	1	1.57142857142857	singlet	A619	A619_Re1	A619_Re1	5.95897153347474	4.20154736363537	1_1
CB:Z:ATGTCTTTCTTCTCTC-1_A619	CB:Z:ATGTCTTTCTTCTCTC-1_A619	47214	21308	34290	1550	0.0317857435813305	25119	4.40000234592796	0.451306815774982	0.726267632481891	0.0328292455627568	0.118692433375272	0.266122793526951	4.5361638031977	1	0.00891309181795046	0.0791414674589404	1	34290	1	2	singlet	A619	A619_Re1	A619_Re1	-4.39236065417785	-0.135110518101383	1_3
CB:Z:ACCAAACAGAGGCCTA-1_A619	CB:Z:ACCAAACAGAGGCCTA-1_A619	47080	21162	36252	891	0.0185737216234809	24760	4.39375064034808	0.449490229396771	0.770008496176721	0.0189252336448598	0.113867419237117	0.386298248108765	4.52868803013165	1	0.00972807735832451	0.0881688120207022	1	36252	1	1.85714285714286	singlet	A619	A619_Re1	A619_Re1	-4.76104542285461	-1.64059927142017	1_3
CB:Z:GGGAACACACTGTAAC-1_A619	CB:Z:GGGAACACACTGTAAC-1_A619	46826	20707	28847	1227	0.0255343058706012	24473	4.38868721020124	0.442211591850681	0.616046640755136	0.0262033912783496	0.0945347139566871	-0.036702909176007	4.52263319369862	1	0.00306679464475826	0.0678647114303151	1	28847	1	2.42857142857143	singlet	A619	A619_Re1	A619_Re1	6.27835133999329	3.88233015858776	1_1
CB:Z:GCATGATAGTTGACAA-1_A619	CB:Z:GCATGATAGTTGACAA-1_A619	46807	21556	36276	1045	0.0218381676836914	24533	4.38975065883751	0.460529407994531	0.775012284487363	0.0223257205118892	0.143188454254604	0.400045862674814	4.52390486277685	1	0.0133523507281439	0.0851222780272452	1	36276	1	2.64285714285714	singlet	A619	A619_Re1	A619_Re1	-4.27398582965392	-0.152488371494938	1_3
CB:Z:GCAGCTGCAGACCTGC-1_A619	CB:Z:GCAGCTGCAGACCTGC-1_A619	46655	20601	30900	1986	0.0408297526777821	25196	4.40133159967784	0.441560390097524	0.66230843425142	0.0425677848033437	0.0928050644869668	0.0903986520088282	4.53775332133069	1	0.0074924129964223	0.0705293054581694	1	30900	1	2	singlet	A619	A619_Re1	A619_Re1	7.04390624493104	3.18046102845318	1_1
CB:Z:GCGGGTTGTGAGTCGA-1_A619	CB:Z:GCGGGTTGTGAGTCGA-1_A619	46560	21045	36268	24	0.000515198351365276	24201	4.38383331166263	0.451997422680412	0.778951890034364	0.000515463917525773	0.120526746415696	0.410869697585506	4.51682891461083	1	0.0130963650585984	0.0859018029428964	1	36268	1	1.5	singlet	A619	A619_Re1	A619_Re1	-4.80741449862975	-1.487180492047	1_3
CB:Z:CCCTCTCGTGATTCCA-1_A619	CB:Z:CCCTCTCGTGATTCCA-1_A619	46349	20910	34060	1843	0.0382428618857902	24130	4.38255732190879	0.451142419469676	0.734859436018037	0.0397635331938122	0.118255782243854	0.28972826924041	4.51530308942402	1	0.00931132942270461	0.0787013552349617	1	34060	1	1.64285714285714	singlet	A619	A619_Re1	A619_Re1	-5.30254837543029	-3.20681359446399	1_2
CB:Z:TGATTTCAGTAGACCG-1_A619	CB:Z:TGATTTCAGTAGACCG-1_A619	46295	20197	31690	1848	0.0383856427725734	24648	4.39178168530888	0.436267415487634	0.684523166648666	0.0399179177016957	0.0787464556413069	0.151432324843413	4.52633355888181	1	0.00855022393757588	0.0666211344147528	1	31690	1	1.85714285714286	singlet	A619	A619_Re1	A619_Re1	-4.14973064929504	-0.011569520596195	1_3
CB:Z:CTGTATTTCTCGTGAA-1_A619	CB:Z:CTGTATTTCTCGTGAA-1_A619	46189	20386	34650	1273	0.0268214571657326	23704	4.37482163847199	0.441360497088051	0.750178613955704	0.0275606746194981	0.0922741309688061	0.331816811097355	4.50605277954531	1	0.000566942836600409	0.0821449429720897	1	34650	1	1.28571428571429	singlet	A619	A619_Re1	A619_Re1	-4.67939707309265	-1.15078284418933	1_3
CB:Z:TACTCGCAGGGAAATG-1_A619	CB:Z:TACTCGCAGGGAAATG-1_A619	46097	18657	26078	1556	0.0326527186116299	24946	4.3970009180077	0.404733496756839	0.56572011193787	0.0337549081285116	-0.00501042238691085	-0.174972091978051	4.53257470359611	1	0.0135863202770461	0.046533136783633	1	26078	1	1.64285714285714	singlet	A619	A619_Re1	A619_Re1	6.86386636227112	3.44920680844433	1_1
CB:Z:ACGTTAGAGAGAGTTT-1_A619	CB:Z:ACGTTAGAGAGAGTTT-1_A619	46080	19479	28102	1657	0.0347110208014747	24680	4.3923451553612	0.422721354166667	0.609852430555556	0.0359592013888889	0.0427669183212273	-0.0537211379815318	4.52700735488625	1	0.00590794504269914	0.054494394612566	1	28102	1	1.57142857142857	singlet	A619	A619_Re1	A619_Re1	7.09287694424134	3.25425205552227	1_1
CB:Z:ACTCGGGTCTAGCTGA-1_A619	CB:Z:ACTCGGGTCTAGCTGA-1_A619	46070	20592	28781	1551	0.0325696646437496	24222	4.38420999979396	0.446971999131756	0.624723247232472	0.0336661601910137	0.10717877685954	-0.0128644423611725	4.51727935728612	1	0.00594161095627184	0.0610723375138339	1	28781	1	3.07142857142857	singlet	A619	A619_Re1	A619_Re1	6.74971059292298	3.44128463589795	1_1
CB:Z:TTGAGCATCTCAGATG-1_A619	CB:Z:TTGAGCATCTCAGATG-1_A619	45908	21618	37446	628	0.0134949286573835	23146	4.36447594878701	0.470898318375882	0.815674827916703	0.0136795329790015	0.170729197589123	0.51176381308308	4.49368143106952	1	0.0103263005509403	0.0875967417852322	1	37446	1	3.57142857142857	singlet	A619	A619_Re1	A619_Re1	-5.19548603564758	-3.5966627804076	1_2
CB:Z:GTTACGACATTACACG-1_A619	CB:Z:GTTACGACATTACACG-1_A619	45694	17926	25254	1761	0.0371088399536403	24956	4.39717497695833	0.392305335492625	0.552676500196962	0.0385389766708977	-0.0380207182530331	-0.21080864932837	4.53278284283082	1	0.00343876359551174	0.0494815315243053	1	25254	1	2.78571428571429	singlet	A619	A619_Re1	A619_Re1	6.52807572811585	2.82349077784665	1_1
CB:Z:GTCTACCTCTTTGCAT-1_A619	CB:Z:GTCTACCTCTTTGCAT-1_A619	45608	21196	36461	1456	0.0309365969743328	22472	4.35164172619352	0.464743027539028	0.799443080161375	0.0319242238203824	0.154380200553524	0.467168039237297	4.47833430149627	1	0.0106376914372942	0.0855366582946744	1	36461	1	1	singlet	A619	A619_Re1	A619_Re1	-5.44793077975768	-3.60902907526844	1_2
CB:Z:TCGAGCGAGTAGAAGG-1_A619	CB:Z:TCGAGCGAGTAGAAGG-1_A619	45544	20802	35458	1413	0.0300913601805908	23294	4.36724407113523	0.456745125592833	0.778543825750922	0.0310249429123485	0.133137065391419	0.409748564927875	4.49699154448255	1	0.0136506096473612	0.0835085155810376	1	35458	1	1.78571428571429	singlet	A619	A619_Re1	A619_Re1	-4.94960495502014	-3.6615345684325	1_2
CB:Z:ACCTGCTAGGCGATTG-1_A619	CB:Z:ACCTGCTAGGCGATTG-1_A619	45397	19509	30202	1543	0.0328717511717086	24354	4.38657030170093	0.429742053439655	0.665286252395533	0.0339890301121219	0.0614145167278978	0.0985800325052772	4.52010180008968	1	0.00535338237304926	0.0616649084009883	1	30202	1	2.78571428571429	singlet	A619	A619_Re1	A619_Re1	3.26515248745423	1.58277381384022	1_3
CB:Z:GAACGTTGTAATGTGA-1_A619	CB:Z:GAACGTTGTAATGTGA-1_A619	45168	17676	25062	1897	0.0403059598427706	25184	4.40112471067897	0.391339001062699	0.554861849096706	0.0419987601842012	-0.0405873879927729	-0.204804531547825	4.53750592401077	1	0.00851013448418607	0.0586401638583843	1	25062	1	2.64285714285714	singlet	A619	A619_Re1	A619_Re1	5.75625279873353	3.818971851703	1_1
CB:Z:AGGCGTCAGTCCGGAA-1_A619	CB:Z:AGGCGTCAGTCCGGAA-1_A619	45115	19668	32345	1469	0.0315344324231496	23941	4.37914228664732	0.435952565665521	0.716945583508811	0.0325612324060734	0.0779101866582799	0.240511011354798	4.51121939925322	1	0.0141864610541853	0.0693645541268207	1	32345	1	1.21428571428571	singlet	A619	A619_Re1	A619_Re1	-4.93287512332458	-3.97481085932605	1_2
CB:Z:GCTCGAGAGGCAGTAC-1_A619	CB:Z:GCTCGAGAGGCAGTAC-1_A619	44805	18613	27024	1482	0.0320176291399313	24683	4.39239794321637	0.415422385894431	0.603146970204218	0.0330766655507198	0.0233802128334495	-0.0721439965589117	4.52707047846442	1	0.00966974398553581	0.062729482248292	1	27024	1	2.42857142857143	singlet	A619	A619_Re1	A619_Re1	6.02647832363587	3.97831890904553	1_1
CB:Z:TTACGGACAGCAAACG-1_A619	CB:Z:TTACGGACAGCAAACG-1_A619	44666	17827	28148	994	0.0217696014016645	24488	4.38895331658928	0.399117897282049	0.630188510276273	0.022254063493485	-0.0199259514171159	0.00215104693689415	4.52295140301654	1	0.00684889491793867	0.0721260524309242	1	28148	1	1.92857142857143	singlet	A619	A619_Re1	A619_Re1	-4.72744604617614	-2.04406382716053	1_3
CB:Z:CCGTACTGTCTCTGGG-1_A619	CB:Z:CCGTACTGTCTCTGGG-1_A619	44537	16560	22752	1974	0.042441572961235	24572	4.39044050664753	0.371825673035903	0.51085614208411	0.0443226979814536	-0.0924165136215179	-0.325707627593867	4.52472978097109	1	0.012057350996396	0.0450793835116854	1	22752	1	1.64285714285714	singlet	A619	A619_Re1	A619_Re1	2.56847259729844	1.88639324703462	1_3
CB:Z:CATTCATTCTCGTGAA-1_A619	CB:Z:CATTCATTCTCGTGAA-1_A619	43779	19735	33541	1147	0.025530872991141	23146	4.36447594878701	0.450786906964526	0.766143584823774	0.0261997761483816	0.117311509577158	0.37567963111027	4.49368143106952	1	0.0121125333187321	0.0811014417383491	1	33541	1	1.42857142857143	singlet	A619	A619_Re1	A619_Re1	-4.17641731769103	-0.353495380047489	1_3
CB:Z:ATGGATCCAAGCCCTG-1_A619	CB:Z:ATGGATCCAAGCCCTG-1_A619	43692	20528	35492	334	0.00758642620269841	22234	4.34701760132495	0.469834294607708	0.812322621990296	0.00764442003112698	0.167903056324192	0.502553824138452	4.47280478515791	1	0.0169335906058338	0.0860861691337262	1	35492	1	1.92857142857143	singlet	A619	A619_Re1	A619_Re1	-5.06324240237731	-4.70902611887806	1_2
CB:Z:CCGTGAGCAAGTAATG-1_A619	CB:Z:CCGTGAGCAAGTAATG-1_A619	43292	18728	28882	1355	0.0303491835957623	23037	4.36242592230863	0.432597246604453	0.667144045089162	0.0312990852813453	0.0689981623791922	0.103684208843296	4.49123001480623	1	0.0074944751094663	0.0642645863058121	1	28882	1	1.92857142857143	singlet	A619	A619_Re1	A619_Re1	-3.93817039996642	0.00960014187939096	1_3
CB:Z:ATCCAGATCCAAGAGG-1_A619	CB:Z:ATCCAGATCCAAGAGG-1_A619	43237	18001	23810	1253	0.0281636322769162	23027	4.3622373609641	0.41633323311053	0.550685755255915	0.0289798089599186	0.0257995036241826	-0.216278104159347	4.49100453364709	1	0.00494043737034119	0.050441988747475	1	23810	1	2.35714285714286	singlet	A619	A619_Re1	A619_Re1	6.36918214291077	3.52078137719281	1_1
CB:Z:TACTCGCCATCGCTAA-1_A619	CB:Z:TACTCGCCATCGCTAA-1_A619	43129	19775	32759	1045	0.0236564494951782	22348	4.34923866268813	0.458508196341209	0.759558533701222	0.0242296366713812	0.13781993728208	0.357587589818668	4.47546072448595	1	0.0140356927220538	0.0820510206954589	1	32759	1	3	singlet	A619	A619_Re1	A619_Re1	-3.87425610095519	0.017424562808346	1_3
CB:Z:ACAATCGGTTCCCTTG-1_A619	CB:Z:ACAATCGGTTCCCTTG-1_A619	43083	19315	32187	1039	0.0235483432301346	21700	4.33645973384853	0.448320683332173	0.747092820834204	0.0241162407446092	0.110761001417079	0.323338775690717	4.46017971503797	1	0.00972541216820567	0.0676303020446698	1	32187	1	1.42857142857143	singlet	A619	A619_Re1	A619_Re1	-4.96760365039367	-4.41475560343616	1_2
CB:Z:CTCGCTAGTCACCCGA-1_A619	CB:Z:CTCGCTAGTCACCCGA-1_A619	42796	18196	29278	827	0.0189578891868968	23025	4.36219963886889	0.425179923357323	0.684129357883914	0.0193242359098981	0.0492970956069527	0.150350358386314	4.49095942566499	1	0.00885022541436079	0.0710207777149417	1	29278	1	1.57142857142857	singlet	A619	A619_Re1	A619_Re1	-4.85440680057067	-4.73186947977893	1_2
CB:Z:TGCTCGTCACAGTTCA-1_A619	CB:Z:TGCTCGTCACAGTTCA-1_A619	42782	16503	23851	1793	0.0402243409983174	23693	4.37462005443137	0.385746341919499	0.557500818101071	0.041910149128138	-0.0554419854726919	-0.197554119165951	4.50581172588049	1	0.00776244308122212	0.0534204600997826	1	23851	1	2.14285714285714	singlet	A619	A619_Re1	A619_Re1	6.4637999865387	2.64010230624325	1_1
CB:Z:GCCCAGACATGTCCCT-1_A619	CB:Z:GCCCAGACATGTCCCT-1_A619	42559	18439	31968	1128	0.0258200379975736	22243	4.34719336184794	0.433257360370309	0.75114546864353	0.0265043821518363	0.0707514829431077	0.334473187579419	4.47301495912837	1	0.0196565702983735	0.0823884347740525	1	31968	1	1.57142857142857	singlet	A619	A619_Re1	A619_Re1	-5.2275046971466	-3.45431830561512	1_2
CB:Z:GAAGAGCTCTCTGTTA-1_A619	CB:Z:GAAGAGCTCTCTGTTA-1_A619	42502	17263	26874	1597	0.0362139731059661	22738	4.35675226214756	0.406169121453108	0.632299656486754	0.0375747023669474	-0.00119727618055959	0.00795129718579799	4.48444546692947	1	0.0141997265168358	0.0657637541699102	1	26874	1	1.92857142857143	singlet	A619	A619_Re1	A619_Re1	-4.16249224216003	-0.140767118099857	1_3
CB:Z:GCAAAGGTCGGGAATG-1_A619	CB:Z:GCAAAGGTCGGGAATG-1_A619	42338	18447	24987	736	0.0170868737521475	22484	4.3518735766209	0.435707874722472	0.590179035381926	0.0173839104350701	0.0772602658651617	-0.107772636019007	4.47861154762666	1	0.00345612215247982	0.0558886330351851	1	24987	1	1.35714285714286	singlet	A619	A619_Re1	A619_Re1	6.9673023554657	3.27125559174664	1_1
CB:Z:GCTGAGCCATGCCCTT-1_A619	CB:Z:GCTGAGCCATGCCCTT-1_A619	41941	18307	30329	635	0.0149145058248779	22109	4.34456909968846	0.436494122696168	0.723134879950406	0.015140316158413	0.07934861004449	0.25751573989879	4.46987687335011	1	0.0116466624752866	0.0743905755727873	1	30329	1	1.85714285714286	singlet	A619	A619_Re1	A619_Re1	-4.42738863498229	-0.517723819378544	1_3
CB:Z:TGACAACAGGCGATTG-1_A619	CB:Z:TGACAACAGGCGATTG-1_A619	41924	15770	22270	993	0.0231376843675001	22997	4.36167118521656	0.376156855261903	0.531199313042649	0.0236857170117355	-0.0809125104394845	-0.269815959915917	4.49032750217944	1	0.010764802301621	0.0470531125388329	1	22270	1	1.5	singlet	A619	A619_Re1	A619_Re1	6.61462930172425	3.86424157940991	1_1
CB:Z:GTGGATTGTTGAATAG-1_A619	CB:Z:GTGGATTGTTGAATAG-1_A619	41911	17072	26119	1550	0.0356641586709924	22750	4.35698140099313	0.407339361981341	0.623201546133473	0.0369831309202835	0.00191098619633296	-0.0170452267779069	4.48471947055748	1	0.00391869384525794	0.0654899816747568	1	26119	1	1.85714285714286	singlet	A619	A619_Re1	A619_Re1	-4.46047112018127	-0.580300351742435	1_3
CB:Z:TATGTGGGTTCCAATG-1_A619	CB:Z:TATGTGGGTTCCAATG-1_A619	41778	15926	23132	1026	0.0239697224558452	23140	4.36436335461573	0.381205419120111	0.553688544209871	0.024558380008617	-0.0675030781738808	-0.208028117829115	4.49354679125606	1	0.00811045291607422	0.0556339740075628	1	23132	1	2.5	singlet	A619	A619_Re1	A619_Re1	7.05966046780091	3.10206744992382	1_1
CB:Z:AGTTACGTCAATCGTG-1_A619	CB:Z:AGTTACGTCAATCGTG-1_A619	41730	18941	32895	1418	0.03286363214981	22121	4.34480475575497	0.453894080996885	0.788281811646298	0.0339803498682003	0.125564438706025	0.436503109370635	4.47015867025374	1	0.0104667808621105	0.0750919925179081	1	32895	1	1.64285714285714	singlet	A619	A619_Re1	A619_Re1	-4.2700490620758	-0.800187846783329	1_3
CB:Z:GATTGACCAAGGAGGG-1_A619	CB:Z:GATTGACCAAGGAGGG-1_A619	41433	19681	33165	926	0.0218607615854954	19302	4.28560231128561	0.475007843989091	0.800448917529505	0.0223493350710786	0.181644461197106	0.469931518344471	4.39936454309057	1	0.0119138450720791	0.0904222378919277	1	33165	1	1.64285714285714	singlet	A619	A619_Re1	A619_Re1	-4.16529127627868	-0.0698061195647008	1_3
CB:Z:AACAGTCCAGTGGTCC-1_A619	CB:Z:AACAGTCCAGTGGTCC-1_A619	41388	18359	31658	788	0.0186836115326252	21733	4.33711968000287	0.44358268097033	0.764907702715763	0.019039335072968	0.0981764479619204	0.37228411758827	4.4609688769111	1	0.00932303797407451	0.0761760352225943	1	31658	1	3.42857142857143	singlet	A619	A619_Re1	A619_Re1	-5.26348682910461	-3.63056161082141	1_2
CB:Z:GCGATTAGTCAGACGA-1_A619	CB:Z:GCGATTAGTCAGACGA-1_A619	41386	17475	24451	947	0.0223702548838967	22062	4.34364488025251	0.422244237181656	0.590803653409365	0.0228821340549944	0.0414996533973873	-0.106056534665563	4.46877169418289	1	0.00447631141558507	0.0558420524684773	1	24451	1	1.85714285714286	singlet	A619	A619_Re1	A619_Re1	6.46960404842835	2.43612317168362	1_1
CB:Z:GGTCATACATATAGAG-1_A619	CB:Z:GGTCATACATATAGAG-1_A619	41309	17302	26249	1407	0.032938477385523	22198	4.34631384705912	0.418843351327798	0.635430535718609	0.0340603742525842	0.0324665996852493	0.0165532040332251	4.47196323766045	1	0.0160855396142123	0.0573066138217312	1	26249	1	1.92857142857143	singlet	A619	A619_Re1	A619_Re1	-3.62852713138122	0.3935088905061	1_3
CB:Z:GCAAAGGCAATTCGTG-1_A619	CB:Z:GCAAAGGCAATTCGTG-1_A619	41190	15854	22983	1145	0.0270461792842801	22889	4.35962681915035	0.384899247390143	0.557975236707939	0.0277980092255402	-0.0576919434870861	-0.196250681900966	4.48788285462212	1	0.00878920977691774	0.0577063831807096	1	22983	1	2.78571428571429	singlet	A619	A619_Re1	A619_Re1	6.31739524334412	2.78956494652874	1_1
CB:Z:AACATCGCAAGCGTCC-1_A619	CB:Z:AACATCGCAAGCGTCC-1_A619	41157	19308	34109	201	0.00486000290149427	20840	4.31889771462749	0.469130403090604	0.828753310493962	0.00488373788176981	0.166033458179842	0.547696176008694	4.43917909871004	1	0.0124946204153705	0.0915825752985537	1	34109	1	1.85714285714286	singlet	A619	A619_Re1	A619_Re1	-5.07434937030334	-2.63140513575428	1_2
CB:Z:ATAGGCTGTGCGCTCA-1_A619	CB:Z:ATAGGCTGTGCGCTCA-1_A619	41111	17107	24057	701	0.0167655218597532	21759	4.33763893218141	0.416117340857678	0.585171851815816	0.0170513974362093	0.0252260747001164	-0.121529578850089	4.46158979729854	1	0.00466927854130036	0.049797731547981	1	24057	1	1	singlet	A619	A619_Re1	A619_Re1	-3.95458027392883	-3.94395901835315	1_2
CB:Z:CTGGGACCACTCCACT-1_A619	CB:Z:CTGGGACCACTCCACT-1_A619	41098	17216	21905	818	0.0195152209180265	22440	4.35102285258412	0.418901163073629	0.532994306292277	0.0199036449462261	0.0326201527969165	-0.26488432136277	4.47759425406421	1	0.00864007543412826	0.048827533688616	1	21905	1	2	singlet	A619	A619_Re1	A619_Re1	6.36144259899598	3.67848739945538	1_1
CB:Z:GTTACTTAGATGCGCA-1_A619	CB:Z:GTTACTTAGATGCGCA-1_A619	40798	17093	27362	1092	0.0260682740510862	21876	4.3399679147026	0.418966616010589	0.670670130888769	0.026766017942056	0.0327940015882556	0.113371922529488	4.46437478846308	1	0.0102081987928962	0.0704397308359316	1	27362	1	1.5	singlet	A619	A619_Re1	A619_Re1	-4.01694628268737	0.00842533433086801	1_3
CB:Z:GCGCCAATCTATACCT-1_A619	CB:Z:GCGCCAATCTATACCT-1_A619	40565	16686	26747	721	0.0174635469650729	21522	4.33288262705961	0.411339824972267	0.659361518550475	0.0177739430543572	0.0125365698305078	0.0823021741604204	4.45590222016152	1	0.014707394256637	0.0703339947316017	1	26747	1	1.57142857142857	singlet	A619	A619_Re1	A619_Re1	-4.81371399432678	-4.80894019282215	1_2
CB:Z:ACTGCAAAGGAAGAAC-1_A619	CB:Z:ACTGCAAAGGAAGAAC-1_A619	40553	15111	20974	1519	0.0361047727704887	22005	4.34252137289896	0.372623480383695	0.517199713954578	0.0374571548344142	-0.0902974667219066	-0.308279036367946	4.46742820704873	1	0.0082213720505009	0.0421740245427027	1	20974	1	3.42857142857143	singlet	A619	A619_Re1	A619_Re1	-4.02227064639587	-4.90862109339588	1_2
CB:Z:CTGTTCGTCTGATCTT-1_A619	CB:Z:CTGTTCGTCTGATCTT-1_A619	40526	17439	28587	1866	0.0440177391960747	21450	4.33142729652074	0.430316340127326	0.705399003109115	0.0460445146325816	0.0629398729788328	0.208787459710277	4.45416193973634	1	0.00804768154093764	0.0735291839681077	1	28587	1	1.85714285714286	singlet	A619	A619_Re1	A619_Re1	-4.13332554370422	-0.147967001560856	1_3
CB:Z:GGAATCTGTGTGAGGT-1_A619	CB:Z:GGAATCTGTGTGAGGT-1_A619	40358	16167	23901	1618	0.038545835715647	21845	4.33935204904559	0.400589721988206	0.592224589920214	0.0400911839040587	-0.0160166547818046	-0.102152595037976	4.46363833793255	1	0.0137305190850461	0.0559541549830221	1	23901	1	2.14285714285714	singlet	A619	A619_Re1	A619_Re1	6.29200986355286	3.53562174164898	1_1
CB:Z:TCAAGCATCAAAGTAG-1_A619	CB:Z:TCAAGCATCAAAGTAG-1_A619	40038	15110	22059	1607	0.038588065794213	21946	4.34135537486371	0.377391478095809	0.550951595983815	0.0401368699735251	-0.0776332429626716	-0.215547722369343	4.46603390966929	1	0.0116299708140133	0.0563662059734178	1	22059	1	2.35714285714286	singlet	A619	A619_Re1	A619_Re1	3.49245825737458	2.18436918580182	1_4
CB:Z:AGTCAACTCGGATGTT-1_A619	CB:Z:AGTCAACTCGGATGTT-1_A619	39991	17874	30485	1459	0.0351990349819059	20695	4.31586543073678	0.446950563876872	0.762296516716261	0.0364832087219624	0.107121842926142	0.365110037380867	4.43555310162026	1	0.00365772208613078	0.075724418496705	1	30485	1	1.28571428571429	singlet	A619	A619_Re1	A619_Re1	-4.68336102038879	-4.90058734095447	1_2
CB:Z:GCCCAGACAGCAATGG-1_A619	CB:Z:GCCCAGACAGCAATGG-1_A619	39541	16701	24284	1743	0.042219746148629	21748	4.33741932432967	0.422371715434612	0.614147340734933	0.044080827495511	0.0418382469155376	-0.0419211244565179	4.46132719080786	1	0.00020845708836694	0.0570664197424835	1	24284	1	1.35714285714286	singlet	A619	A619_Re1	A619_Re1	6.44446471661072	3.63098774277813	1_1
CB:Z:CCTTGCACATTCCCGT-1_A619	CB:Z:CCTTGCACATTCCCGT-1_A619	39523	15899	22131	1392	0.0340217524135403	21688	4.33621950457243	0.402272094729651	0.559952432760671	0.0352199984818966	-0.011548123937091	-0.190818451845058	4.45989244950235	1	0.00762499340872956	0.0523934429912672	1	22131	1	3.42857142857143	singlet	A619	A619_Re1	A619_Re1	6.95233491390687	2.50989899956829	1_2
CB:Z:AGTCAACTCGTTACAG-1_A619	CB:Z:AGTCAACTCGTTACAG-1_A619	39381	15072	22331	1883	0.0456329972857697	21570	4.33385014510255	0.382722632741677	0.567050100302176	0.0478149361367157	-0.0634732245635782	-0.171318027042705	4.45705917568892	1	0.0117774361372152	0.0541336219058129	1	22331	1	1.64285714285714	singlet	A619	A619_Re1	A619_Re1	6.54875949352723	3.92562601887829	1_1
CB:Z:CGCTGGAGTAATGTGA-1_A619	CB:Z:CGCTGGAGTAATGTGA-1_A619	39374	17174	28902	177	0.00447523450734495	21022	4.32267403175142	0.436176156854777	0.734037689846091	0.00449535226291461	0.0785040646385766	0.287470569885101	4.44369480878041	1	0.0121434593138409	0.077860300369819	1	28902	1	1.71428571428571	singlet	A619	A619_Re1	A619_Re1	-4.6986231473114	-1.73174740946643	1_2
CB:Z:CGGACTGGTTGTATCG-1_A619	CB:Z:CGGACTGGTTGTATCG-1_A619	39372	17267	26675	355	0.00893598811891157	20994	4.32209519286655	0.438560398252565	0.677511937417454	0.0090165599918724	0.0848368207304904	0.13216938422302	4.44300263476648	1	0.00895754306999975	0.0587609347212756	1	26675	1	2.57142857142857	singlet	A619	A619_Re1	A619_Re1	-5.03036591083068	-4.66547562754505	1_2
CB:Z:CAAGCTATCCAGTTAG-1_A619	CB:Z:CAAGCTATCCAGTTAG-1_A619	39364	18109	30991	1025	0.0253781970338458	20743	4.31687156734835	0.46003963011889	0.78729295803272	0.0260390204247536	0.141887560885114	0.433786292131826	4.43675623713031	1	0.0128992449583253	0.082545909164208	1	30991	1	1.85714285714286	singlet	A619	A619_Re1	A619_Re1	-5.07317635089416	-2.80225732004993	1_2
CB:Z:CCATACCAGGGAAGCG-1_A619	CB:Z:CCATACCAGGGAAGCG-1_A619	39248	17655	30631	358	0.00903903448972378	20301	4.30751743120313	0.449831838565022	0.780447411333062	0.00912148389726865	0.11477476341095	0.414978554538163	4.42557058576572	1	0.00958768872597929	0.0780989659760962	1	30631	1	2.21428571428571	singlet	A619	A619_Re1	A619_Re1	-4.69806334048767	-3.43233945048206	1_2
CB:Z:CTCTCAGCAGGTAGCA-1_A619	CB:Z:CTCTCAGCAGGTAGCA-1_A619	39242	14572	19005	1754	0.0427846619182359	22096	4.34431366123456	0.371336832985067	0.484302533000357	0.0446970083074257	-0.0937149160453553	-0.398662109350134	4.46957142071973	1	0.002059858560111	0.042136175021816	1	19005	1	2.57142857142857	singlet	A619	A619_Re1	A619_Re1	5.60732773273926	4.05820868336804	1_1
CB:Z:GAAAGTAAGAGGCCTA-1_A619	CB:Z:GAAAGTAAGAGGCCTA-1_A619	39194	15856	19654	647	0.0162395522200748	21466	4.33175112502444	0.404551717099556	0.501454304230239	0.0165076287186814	-0.00549324523912352	-0.351538625030869	4.45454917300813	1	0.00233983493095878	0.0452978757609405	1	19654	1	1.71428571428571	singlet	A619	A619_Re1	A619_Re1	5.66523149937134	4.15127322995312	1_1
CB:Z:CCGAAGCAGATGTTCC-1_A619	CB:Z:CCGAAGCAGATGTTCC-1_A619	38863	18082	30582	453	0.0115220266558144	19788	4.29640190169214	0.465275454802769	0.786918148367342	0.0116563312147801	0.155794374471098	0.432756524584647	4.41227866485367	1	0.00464011045322467	0.0814972434902149	1	30582	1	2.21428571428571	singlet	A619	A619_Re1	A619_Re1	-4.60733887225646	-3.50225045359485	1_2
CB:Z:CCGAAGCAGGTACTCT-1_A619	CB:Z:CCGAAGCAGGTACTCT-1_A619	38705	16972	28914	976	0.024596154330788	20184	4.30500723750952	0.438496318305129	0.7470352667614	0.0252163803126211	0.0846666187207963	0.323180649255207	4.4225689027585	1	0.00614102686059619	0.0754906882188353	1	28914	1	2.21428571428571	singlet	A619	A619_Re1	A619_Re1	-5.09715553790588	-2.94008519327991	1_2
CB:Z:TTGCTATCAAGATTAG-1_A619	CB:Z:TTGCTATCAAGATTAG-1_A619	38655	15786	24616	1906	0.046990951899608	21145	4.32520768948292	0.408381839348079	0.636812831457767	0.0493079808562929	0.00467989831278876	0.0203509804095421	4.44672455002233	1	0.0133743850266625	0.0646162035326618	1	24616	1	1.78571428571429	singlet	A619	A619_Re1	A619_Re1	-4.36809488803405	-3.39385916865223	1_2
CB:Z:GCTGTTCTCTAGCAAC-1_A619	CB:Z:GCTGTTCTCTAGCAAC-1_A619	38452	16829	29934	548	0.0140512820512821	20320	4.30792370361188	0.437662540309997	0.778477062311453	0.0142515343805264	0.0824520305994458	0.409565136298217	4.42605640524202	1	0.0181602658408663	0.077866911089619	1	29934	1	1.85714285714286	singlet	A619	A619_Re1	A619_Re1	-5.22599455386657	-4.16460301554554	1_2
CB:Z:CCGAAGCGTTTGCGAT-1_A619	CB:Z:CCGAAGCGTTTGCGAT-1_A619	38405	15710	22949	876	0.0223008579211324	19940	4.29972515397564	0.409061320140607	0.597552402030986	0.0228095300091134	0.00648465941299004	-0.0875147441074256	4.41625260118116	1	0.00346595805050596	0.0502085784476111	1	22949	1	1.42857142857143	singlet	A619	A619_Re1	A619_Re1	5.26809195011597	2.81828270280011	1_1
CB:Z:TGCCTGTTCAGTCAAC-1_A619	CB:Z:TGCCTGTTCAGTCAAC-1_A619	38076	17549	30124	1623	0.0408826418801481	20133	4.30390849353595	0.460894001470743	0.791154533039185	0.042625275764261	0.144156846783857	0.444395742714268	4.42125502760889	1	0.022102551353748	0.0817060467668045	1	30124	1	1.85714285714286	singlet	A619	A619_Re1	A619_Re1	-5.27162596255798	-3.92546107447498	1_2
CB:Z:ACTGCAAGTCTGCACG-1_A619	CB:Z:ACTGCAAGTCTGCACG-1_A619	38043	17625	31461	309	0.00805694618272841	19723	4.29497297472041	0.463291538522199	0.826985253528902	0.00812238782430408	0.15052491730821	0.542838543315725	4.41056995774452	1	0.0127060217109095	0.0815824450767322	1	31461	1	1.35714285714286	singlet	A619	A619_Re1	A619_Re1	-5.04528805285949	-2.22330882227771	1_2
CB:Z:TTACGTTCACCTACCT-1_A619	CB:Z:TTACGTTCACCTACCT-1_A619	37770	17722	31262	957	0.0247114416298706	18946	4.27751753296917	0.469208366428382	0.827693936987027	0.0253375694996029	0.166240535702578	0.544785609503741	4.38969678647427	1	0.00775128509435346	0.0843188026246384	1	31262	1	1.57142857142857	singlet	A619	A619_Re1	A619_Re1	-4.81216188937683	-2.02535416758411	1_3
CB:Z:AACATCGGTGGTGGTA-1_A619	CB:Z:AACATCGGTGGTGGTA-1_A619	37663	17829	29324	1071	0.0276501265038467	19369	4.28710719915521	0.473382364654966	0.778589066192284	0.0284363964633725	0.177327044275729	0.409872860384044	4.40116408404131	1	0.00573288494555346	0.0780689133154196	1	29324	1	2.42857142857143	singlet	A619	A619_Re1	A619_Re1	-4.56022926837463	-3.20803811228626	1_2
CB:Z:CAAGGCCCAACTACTG-1_A619	CB:Z:CAAGGCCCAACTACTG-1_A619	37502	16221	23935	1596	0.0408205023274848	20276	4.30698228255136	0.432536931363661	0.638232627593195	0.0425577302543864	0.0688379597634165	0.0242517869226214	4.42493065641746	1	0.00735491510380571	0.062641276793896	1	23935	1	1.57142857142857	singlet	A619	A619_Re1	A619_Re1	6.56760028332215	3.82948992573864	1_1
CB:Z:TGTACGATCGAACCGC-1_A619	CB:Z:TGTACGATCGAACCGC-1_A619	37455	17501	29774	1399	0.0360065887682092	19800	4.29666519026153	0.467254038179148	0.794927246028568	0.03735148845281	0.161049666968641	0.454761050122667	4.41259350463147	1	0.00735365238158989	0.076879510069484	1	29774	1	2.35714285714286	singlet	A619	A619_Re1	A619_Re1	-4.88503643542785	-4.87835147059314	1_2
CB:Z:TGGTCCTCATGATTGC-1_A619	CB:Z:TGGTCCTCATGATTGC-1_A619	37433	15656	25837	1682	0.0430014061101879	19888	4.29859111129757	0.418240589853872	0.690219859482275	0.0449336147249753	0.0308656118827917	0.167083653899653	4.41489651593368	1	0.0146482440357989	0.0647186329780546	1	25837	1	2	singlet	A619	A619_Re1	A619_Re1	-3.49041601687927	0.0781987699235194	1_3
CB:Z:TTCATTGAGTCGCCTG-1_A619	CB:Z:TTCATTGAGTCGCCTG-1_A619	37289	14919	22095	1543	0.0397352698805109	20147	4.30421038643523	0.400091179704471	0.592533991257475	0.0413794952935182	-0.0173408271946019	-0.101302533031588	4.42161603034269	1	0.0110144221024952	0.0520129599161461	1	22095	1	1	singlet	A619	A619_Re1	A619_Re1	-4.24171682864684	-2.00728847658985	1_3
CB:Z:TGCTATTTCGCCGAAC-1_A619	CB:Z:TGCTATTTCGCCGAAC-1_A619	37212	15677	23886	1308	0.0339563862928349	20477	4.31126633028812	0.421288831559712	0.641889712995808	0.0351499516285069	0.0389620115385444	0.034299414325906	4.43005350941732	1	0.0104065542679458	0.0598125281290548	1	23886	1	1.07142857142857	singlet	A619	A619_Re1	A619_Re1	2.6868019434784	1.87700905450828	1_4
CB:Z:TCGCCTAAGAACGACC-1_A619	CB:Z:TCGCCTAAGAACGACC-1_A619	37138	14522	22544	1149	0.0300101862250895	20008	4.30120367872245	0.391028057515214	0.607033227422047	0.0309386612095428	-0.0414132815647948	-0.0614667330500595	4.41802061717911	1	0.013795484288363	0.0580371342311229	1	22544	1	1.5	singlet	A619	A619_Re1	A619_Re1	-4.86193558246154	-2.24458768046253	1_2
CB:Z:CGCTGGAGTAACGGCA-1_A619	CB:Z:CGCTGGAGTAACGGCA-1_A619	37098	13679	18717	1438	0.0373157566950384	21043	4.32310765518552	0.36872607687746	0.504528546013262	0.0387621974230417	-0.100649315246833	-0.343092326248414	4.44421333454078	1	0.00602706256347929	0.0454397588849368	1	18717	1	2.5	singlet	A619	A619_Re1	A619_Re1	5.99068025082093	3.68018577420361	1_1
CB:Z:TGCTTCGCACGCTCAG-1_A619	CB:Z:TGCTTCGCACGCTCAG-1_A619	36888	12940	17840	1543	0.0401498790039291	20264	4.30672517678249	0.350791585339406	0.483626111472566	0.0418293211884624	-0.148284911478137	-0.400520537778945	4.42462321001624	1	0.00995741982704453	0.0366877332522054	1	17840	1	1.78571428571429	singlet	A619	A619_Re1	A619_Re1	6.45862153500062	3.19753942811139	1_1
CB:Z:AACCAACTCGTGAGTT-1_A619	CB:Z:AACCAACTCGTGAGTT-1_A619	36765	15048	21712	722	0.0192600101368474	19738	4.29530314463715	0.409302325581395	0.590561675506596	0.0196382428940568	0.00712479118603728	-0.106721354744722	4.41096477406132	1	0.00996507083215216	0.0464928564133315	1	21712	1	1.5	singlet	A619	A619_Re1	A619_Re1	-5.14738079577941	-1.76491954005115	1_3
CB:Z:TCGCCTACAGGTAGCA-1_A619	CB:Z:TCGCCTACAGGTAGCA-1_A619	36726	17040	28907	459	0.0123436869705526	19699	4.29444418019687	0.463976474432282	0.787099057888145	0.0124979578500245	0.152344167683268	0.433253562870227	4.40993762664606	1	0.0102695165064635	0.0719890198486605	1	28907	1	2.14285714285714	singlet	A619	A619_Re1	A619_Re1	-4.87241789371032	-1.69234158671253	1_3
CB:Z:GGTGAAGTCGCCAGAC-1_A619	CB:Z:GGTGAAGTCGCCAGAC-1_A619	36705	16448	28888	1147	0.0303022297368699	19248	4.28438560999577	0.448113336057758	0.787031739545021	0.0312491486173546	0.110210268711736	0.433068609675361	4.39790961489285	1	0.0099139347522411	0.0764979014506723	1	28888	1	1.64285714285714	singlet	A619	A619_Re1	A619_Re1	-5.09194990664977	-2.50305392420642	1_2
CB:Z:CACGTTCAGTGCTCGC-1_A619	CB:Z:CACGTTCAGTGCTCGC-1_A619	36701	16058	21725	1711	0.0445433718629595	20838	4.31885603369441	0.437535761968339	0.591945723549767	0.0466199831067273	0.0821152961076265	-0.102918764016025	4.43912925676005	1	0.00472142288887885	0.0569072860376013	1	21725	1	2.35714285714286	singlet	A619	A619_Re1	A619_Re1	5.75956014126282	3.99946234547741	1_1
CB:Z:TTACTTGCAAGATTAG-1_A619	CB:Z:TTACTTGCAAGATTAG-1_A619	36530	16536	29269	1771	0.0462390015926477	19408	4.2879807835225	0.452669039145907	0.801231864221188	0.0484807007938681	0.122310619167524	0.472082618406023	4.40220871392678	1	0.00844220112225416	0.0783781245678121	1	29269	1	1.64285714285714	singlet	A619	A619_Re1	A619_Re1	-4.82201954394836	-1.67765142596119	1_3
CB:Z:TAAGTGCTCTCAGATG-1_A619	CB:Z:TAAGTGCTCTCAGATG-1_A619	36491	14813	23605	819	0.0219512195121951	19608	4.29243329824402	0.405935710175112	0.646871831410485	0.0224438902743142	-0.00181723718535742	0.047987492125225	4.40753301930331	1	0.0166770169374646	0.0609066416098682	1	23605	1	2.5	singlet	A619	A619_Re1	A619_Re1	-5.09082218677062	-4.11570050394886	1_2
CB:Z:GGAATCTCAAGGGTAC-1_A619	CB:Z:GGAATCTCAAGGGTAC-1_A619	36488	16315	26604	935	0.0249846351174411	19320	4.28600712207947	0.447133304099978	0.729116421837316	0.0256248629686472	0.107607217126164	0.273949675002923	4.39984861477164	1	0.0125536904375424	0.0675009469308342	1	26604	1	2.35714285714286	singlet	A619	A619_Re1	A619_Re1	-4.72704693347473	-1.12287714159839	1_3
CB:Z:GGCACGTGTGGCCTTG-1_A619	CB:Z:GGCACGTGTGGCCTTG-1_A619	36484	16477	28002	596	0.0160733549083064	19107	4.28119250360532	0.451622629097687	0.767514526915908	0.0163359280780616	0.119531261501115	0.379446214008062	4.39409130668147	1	0.00698713047407438	0.0707761416175835	1	28002	1	1.5	singlet	A619	A619_Re1	A619_Re1	-4.76352449924011	-1.71710040247791	1_3
CB:Z:CAAGGCCAGCCCATGC-1_A619	CB:Z:CAAGGCCAGCCCATGC-1_A619	36479	15747	25277	1361	0.0359672304439746	19824	4.29719128903199	0.431673017352449	0.692919213794238	0.0373091367636174	0.0665433277171549	0.174499971368387	4.41322261215549	1	0.0103659091553784	0.0579913792901607	1	25277	1	2.28571428571429	singlet	A619	A619_Re1	A619_Re1	-3.93889042407531	-0.160997172955204	1_3
CB:Z:AATGTCGTCTTTGCAT-1_A619	CB:Z:AATGTCGTCTTTGCAT-1_A619	36452	16365	28406	1201	0.0318965288290442	19426	4.28838338439977	0.448946559859541	0.779271370569516	0.032947437726325	0.112423384846524	0.411747451596259	4.40269014299542	1	0.0124785849807453	0.0774198488160055	1	28406	1	1.28571428571429	singlet	A619	A619_Re1	A619_Re1	-4.96793743640441	-1.83654954111927	1_3
CB:Z:CACTGAAGTTCGGGAA-1_A619	CB:Z:CACTGAAGTTCGGGAA-1_A619	36385	17038	29642	376	0.0102282310056854	18696	4.27174869938417	0.46826989143878	0.814676377628143	0.0103339288168201	0.163747863101126	0.509020629543264	4.38279843046785	1	0.0115323174572673	0.0828603602886237	1	29642	1	1.64285714285714	singlet	A619	A619_Re1	A619_Re1	-5.03421732455749	-2.45315768397205	1_2
CB:Z:GACCTTCAGCTGAATA-1_A619	CB:Z:GACCTTCAGCTGAATA-1_A619	36287	15966	20443	684	0.0185009872602851	19788	4.29640190169214	0.439992283737978	0.563369801857414	0.0188497257971174	0.0886400352619895	-0.181429430916247	4.41227866485367	1	0.00183715625061098	0.0483702917453883	1	20443	1	2.21428571428571	singlet	A619	A619_Re1	A619_Re1	5.39591744869691	3.91992495381482	1_1
CB:Z:TTATGTCGTGGTCGAA-1_A619	CB:Z:TTATGTCGTGGTCGAA-1_A619	36187	16196	28068	543	0.0147835556765587	19280	4.28510702956681	0.447564042335645	0.775637659933125	0.0150053886754912	0.108751295988511	0.401764044990626	4.39877228651575	1	0.00767784629953353	0.0737506278087148	1	28068	1	3	singlet	A619	A619_Re1	A619_Re1	-5.17477509051818	-4.25135018504016	1_2
CB:Z:TAACAGCCATCACAAC-1_A619	CB:Z:TAACAGCCATCACAAC-1_A619	36141	16107	23066	1633	0.0432307936676021	19563	4.29143545492712	0.445671121441023	0.638222517362552	0.0451841398965164	0.103723530621273	0.024224009657593	4.40633980089318	1	0.0014169734807335	0.056280265138881	1	23066	1	2.42857142857143	singlet	A619	A619_Re1	A619_Re1	6.96741822689515	2.96183667504437	1_1
CB:Z:CCATACCTCGATGCAT-1_A619	CB:Z:CCATACCTCGATGCAT-1_A619	36132	16261	27925	1458	0.0387869114126097	18618	4.26993302596781	0.450044282076829	0.772860622163179	0.0403520425107938	0.115339032173682	0.394134296782578	4.38062725297887	1	0.0114340778986567	0.080821874678074	1	27925	1	1.21428571428571	singlet	A619	A619_Re1	A619_Re1	-4.82159182101745	-1.37766625559681	1_3
CB:Z:GCGATCGGTACGCAAG-1_A619	CB:Z:GCGATCGGTACGCAAG-1_A619	36063	16201	26732	620	0.0169015620314587	19522	4.29052430843669	0.449241604969082	0.741258353437041	0.0171921359842498	0.113207050760791	0.307308919111097	4.40525025431979	1	0.0168228839262673	0.0759718901506072	1	26732	1	1.5	singlet	A619	A619_Re1	A619_Re1	-4.60609480411071	-1.91853978312366	1_3
CB:Z:GCTGAGCTCGCCTTAC-1_A619	CB:Z:GCTGAGCTCGCCTTAC-1_A619	35997	14422	21071	1446	0.0386187004246455	20024	4.30155083660017	0.400644498152624	0.585354335083479	0.0401700141678473	-0.015871164442935	-0.121028216787419	4.4184357476549	1	0.00816497342189135	0.0507120736304027	1	21071	1	2.21428571428571	singlet	A619	A619_Re1	A619_Re1	-3.294536080661	0.22279618107922	1_3
CB:Z:CCTCCCTCAGAGAGAA-1_A619	CB:Z:CCTCCCTCAGAGAGAA-1_A619	35955	15753	25812	1014	0.0274283859449809	19475	4.2894774663446	0.438130997079683	0.717897371714643	0.0282019190654985	0.0836962932251932	0.243125993562272	4.40399844330334	1	0.0174648997691688	0.0706839147467641	1	25812	1	1.92857142857143	singlet	A619	A619_Re1	A619_Re1	-4.68786093265075	-3.81228806650989	1_2
CB:Z:GCACGCAAGTCAGCCC-1_A619	CB:Z:GCACGCAAGTCAGCCC-1_A619	35734	14544	25564	383	0.0106044245092339	18765	4.2733485687491	0.407007331952762	0.715397100800358	0.010718083617843	0.00102908506495635	0.236256646038679	4.38471155004054	1	0.00845477332897624	0.0639927343116836	1	25564	1	2.21428571428571	singlet	A619	A619_Re1	A619_Re1	-4.89510675937194	-4.21501805460804	1_2
CB:Z:TGCTCGTAGAAATTCG-1_A619	CB:Z:TGCTCGTAGAAATTCG-1_A619	35631	12928	18782	1634	0.0438481148530793	19882	4.29846006946145	0.362830119839466	0.527125256097219	0.0458589430552047	-0.116309498768795	-0.28100919214894	4.4147398164512	1	0.00745885453850308	0.0555562362324117	1	18782	1	1.21428571428571	singlet	A619	A619_Re1	A619_Re1	6.44982198208314	4.09463904225476	1_1
CB:Z:GGAGGATAGTTCCAGT-1_A619	CB:Z:GGAGGATAGTTCCAGT-1_A619	35621	16280	28580	439	0.0121741541874653	18834	4.27494256608369	0.45703377221302	0.802335700850622	0.0123241907863339	0.133903736351875	0.47511534472921	4.38661764785481	1	0.00398966007222327	0.072900890348521	1	28580	1	2.21428571428571	singlet	A619	A619_Re1	A619_Re1	-5.27496620685119	-3.61892201578968	1_2
CB:Z:GGTGAAGCACGCGCAT-1_A619	CB:Z:GGTGAAGCACGCGCAT-1_A619	35618	14627	20363	1050	0.0286353223519145	19087	4.28073767350468	0.410663147846594	0.571705317536077	0.0294794766690999	0.0107392555175209	-0.158528091042258	4.3935474220451	1	0.00357097878803091	0.0400026934869007	1	20363	1	2.42857142857143	singlet	A619	A619_Re1	A619_Re1	6.77473262279969	2.87486026608593	1_1
CB:Z:TGACTCCAGAACGTCG-1_A619	CB:Z:TGACTCCAGAACGTCG-1_A619	35603	14782	22669	237	0.00661272321428571	19117	4.28141974015399	0.415189731202427	0.636716007078055	0.00665674240934753	0.0227622613879827	0.0200849611117134	4.39436303554785	1	0.00561878248693287	0.058438508344673	1	22669	1	1.14285714285714	singlet	A619	A619_Re1	A619_Re1	-5.04386612445373	-4.76413561976307	1_2
CB:Z:ATCCTCGAGCGATACG-1_A619	CB:Z:ATCCTCGAGCGATACG-1_A619	35570	15934	26573	1707	0.045792311613059	18675	4.27126061048744	0.447961765532752	0.747062131009277	0.0479898791116109	0.109807683987525	0.323254457198808	4.38221477505071	1	0.00961298562181525	0.06519215036599	1	26573	1	3	singlet	A619	A619_Re1	A619_Re1	-4.76169821292419	-4.24773862040393	1_2
CB:Z:CCAGAATTCTTCCACG-1_A619	CB:Z:CCAGAATTCTTCCACG-1_A619	35567	14626	24285	418	0.0116159510907322	19174	4.28271272303527	0.411223887311272	0.682795850085754	0.0117524671746282	0.01222862914563	0.14668662401311	4.39590918107169	1	0.010053840788248	0.0590210072152477	1	24285	1	2.85714285714286	singlet	A619	A619_Re1	A619_Re1	-4.49135633975524	-4.91595723307483	1_2
CB:Z:AGGCCTGTCTCTGCGT-1_A619	CB:Z:AGGCCTGTCTCTGCGT-1_A619	35529	15376	24257	1328	0.0360311474075481	19511	4.29027952892052	0.432773227504292	0.682738044977342	0.0373779166314841	0.069465583218604	0.146527807872009	4.40495754761907	1	0.0130192667075868	0.065995467796975	1	24257	1	1.85714285714286	singlet	A619	A619_Re1	A619_Re1	7.10885480373841	2.46193937384732	1_2
CB:Z:ACTGCAAGTTTGCCCT-1_A619	CB:Z:ACTGCAAGTTTGCCCT-1_A619	35528	14778	22937	540	0.0149717200842852	19065	4.28023680960969	0.415953614050889	0.645603467687458	0.0151992794415672	0.0247912018159941	0.0445027372732565	4.3929484903187	1	0.00794625855666219	0.0630294982361056	1	22937	1	2.28571428571429	singlet	A619	A619_Re1	A619_Re1	-5.24130674869079	-4.59281327402942	1_2
CB:Z:GAGCGCTCATCTCACC-1_A619	CB:Z:GAGCGCTCATCTCACC-1_A619	35386	14448	22760	1225	0.0334598891043675	19384	4.28744340112945	0.408297066636523	0.643192222913016	0.0346182105917595	0.00445473449085624	0.0378779838413584	4.40156611347659	1	0.00483279653388135	0.0581592834789917	1	22760	1	2.57142857142857	singlet	A619	A619_Re1	A619_Re1	-4.30467888385314	-4.39969660914295	1_2
CB:Z:GAACCGCAGATCTCAC-1_A619	CB:Z:GAACCGCAGATCTCAC-1_A619	35377	15522	22544	1270	0.0346549512920566	18840	4.27508089845686	0.438759646097747	0.637250190801933	0.0358990304435085	0.0853660406352144	0.0215525995263353	4.38678306534229	1	0.00201222024348703	0.0534213005450343	1	22544	1	2.42857142857143	singlet	A619	A619_Re1	A619_Re1	7.27677300899964	3.03006921136029	1_1
CB:Z:CTCGCTAAGTGAGTTA-1_A619	CB:Z:CTCGCTAAGTGAGTTA-1_A619	35369	16592	28820	368	0.0102974508212777	18540	4.26810972980848	0.469111368712715	0.814837852356583	0.0104045915915067	0.165982901188151	0.509464271878018	4.37844696023392	1	0.011510225896235	0.0829905505333546	1	28820	1	1.64285714285714	singlet	A619	A619_Re1	A619_Re1	-5.10411545306701	-2.93156745112293	1_2
CB:Z:TCTATTGGTCAACTGT-1_A619	CB:Z:TCTATTGGTCAACTGT-1_A619	35322	15479	27362	454	0.0126900715563506	18806	4.27429643177251	0.438225468546515	0.774644697355756	0.0128531793216692	0.0839472177992096	0.399035938615071	4.38584500214735	1	0.0150232387315519	0.0754571877382912	1	27362	1	3.28571428571429	singlet	A619	A619_Re1	A619_Re1	-5.18092104465026	-4.11384226954334	1_2
CB:Z:GGAACCCTCCCTACCA-1_A619	CB:Z:GGAACCCTCCCTACCA-1_A619	35043	14950	25030	1414	0.03878541843816	18797	4.27408854142271	0.426618725565734	0.714265331164569	0.0403504266187256	0.0531186815666728	0.233147175420729	4.38559640741463	1	0.0138964221172414	0.0680450242674123	1	25030	1	1.64285714285714	singlet	A619	A619_Re1	A619_Re1	-5.05634113818664	-2.75608517802112	1_2
CB:Z:ACGGATTGTTCTTTCA-1_A619	CB:Z:ACGGATTGTTCTTTCA-1_A619	34987	15046	24019	1297	0.0357457832653511	18864	4.27563378775101	0.430045445451168	0.686512133078	0.0370709120530483	0.0622203527522741	0.156896893317891	4.38744420890399	1	0.00733771306388327	0.062519897131945	1	24019	1	2.28571428571429	singlet	A619	A619_Re1	A619_Re1	-4.58162304431457	-4.63901116526477	1_2
CB:Z:ACTTCCGTCAGTGTGT-1_A619	CB:Z:ACTTCCGTCAGTGTGT-1_A619	34877	15873	27964	1687	0.0461382780877366	18326	4.26306768222899	0.455113685236689	0.801789144708547	0.0483699859506265	0.128803815468172	0.47361371382209	4.37241769301861	1	0.0124278109988364	0.074741919883547	1	27964	1	2.07142857142857	singlet	A619	A619_Re1	A619_Re1	-4.92553087741393	-2.63651492274158	1_2
CB:Z:TGAATCGAGTTTACGC-1_A619	CB:Z:TGAATCGAGTTTACGC-1_A619	34810	15792	27463	84	0.00240729065168797	18212	4.26035764163615	0.453662740591784	0.788939959781672	0.00241309968399885	0.124949978122853	0.438311332726777	4.36917703361567	1	0.00636737257639594	0.0731963739047782	1	27463	1	1.57142857142857	singlet	A619	A619_Re1	A619_Re1	-5.05979200870056	-2.42936160242908	1_2
CB:Z:AAGGTTCGTAGGTCTT-1_A619	CB:Z:AAGGTTCGTAGGTCTT-1_A619	34497	16686	26890	869	0.0245716224622519	18090	4.25743856685981	0.483694234281242	0.779488071426501	0.0251905962837348	0.204716282318237	0.412342824476367	4.36568641168667	1	0.00139217742374329	0.0719098817122984	1	26890	1	2.14285714285714	singlet	A619	A619_Re1	A619_Re1	-5.13219877749938	-3.53348376429432	1_2
CB:Z:GGAGGATTCTAGCAAC-1_A619	CB:Z:GGAGGATTCTAGCAAC-1_A619	34440	13045	17841	1573	0.0436786715908144	19156	4.28230482837057	0.378774680603949	0.518031358885017	0.0456736353077817	-0.0739593347259048	-0.305994140754922	4.395421421706	1	0.00855216722577673	0.0416388723424	1	17841	1	1.14285714285714	singlet	A619	A619_Re1	A619_Re1	5.26199844807129	3.03580675446637	1_1
CB:Z:CAACGGCAGCTTTCCC-1_A619	CB:Z:CAACGGCAGCTTTCCC-1_A619	34332	15182	25529	1547	0.0431171437331029	18199	4.26004752499532	0.442211348013515	0.743591984154724	0.0450600023301876	0.0945340663036009	0.313720432479473	4.36880619695338	1	0.00578094631194201	0.0638577256429261	1	25529	1	1.57142857142857	singlet	A619	A619_Re1	A619_Re1	-4.45008417636413	-1.67914845621936	1_3
CB:Z:CACATGAGTGCATCAT-1_A619	CB:Z:CACATGAGTGCATCAT-1_A619	34323	13719	19517	441	0.0126855367621678	18875	4.27588696030123	0.399702823179792	0.568627450980392	0.012848527226641	-0.0183723364829541	-0.16698434867476	4.3877469519727	1	0.00936400115833304	0.0493996735894666	1	19517	1	2.21428571428571	singlet	A619	A619_Re1	A619_Re1	-3.41649052173156	0.554548600550961	1_3
CB:Z:TGCGTAACATCCCAAA-1_A619	CB:Z:TGCGTAACATCCCAAA-1_A619	34273	13864	22456	1039	0.0294234254644314	18368	4.26406187071788	0.404516674933621	0.65520964024159	0.0303154086307006	-0.00558632033210854	0.0708951323008971	4.37360654099503	1	0.00517040940442427	0.0563881755394138	1	22456	1	1.5	singlet	A619	A619_Re1	A619_Re1	-4.54794451266784	-4.80554463541858	1_2
CB:Z:GCGTTGGCAACTCCCT-1_A619	CB:Z:GCGTTGGCAACTCCCT-1_A619	34255	14755	25623	1652	0.0460077422229649	18380	4.26434550705009	0.430740037950664	0.748007590132827	0.0482265362720771	0.0640652518831529	0.325852050624348	4.37394571257402	1	0.0138621718514105	0.0685324648415297	1	25623	1	1.85714285714286	singlet	A619	A619_Re1	A619_Re1	-5.1906714108612	-4.099569579724	1_2
CB:Z:TTTACGTCAAGAGCGT-1_A619	CB:Z:TTTACGTCAAGAGCGT-1_A619	34211	14196	19078	208	0.00604317382840873	18567	4.26874173741248	0.414954254479553	0.557656893981468	0.00607991581655023	0.0221368143788569	-0.197125309849179	4.37920271326213	1	0.000459295044204928	0.0502905834830364	1	19078	1	2.57142857142857	singlet	A619	A619_Re1	A619_Re1	6.47478011578065	3.28313920819409	1_1
CB:Z:AATACGCAGCACGTAG-1_A619	CB:Z:AATACGCAGCACGTAG-1_A619	34166	14705	26127	1723	0.0480091392905904	18131	4.25842175790164	0.43039864192472	0.764707604050811	0.0504302522976058	0.0631584738341452	0.371734358255907	4.36686210894486	1	0.0178007291763541	0.0748494237168783	1	26127	1	2.07142857142857	singlet	A619	A619_Re1	A619_Re1	-5.05871197253723	-2.5431673733031	1_2
CB:Z:GTGCACGTCATCGCAA-1_A619	CB:Z:GTGCACGTCATCGCAA-1_A619	34148	13784	18409	507	0.0146299235319579	18668	4.27109779221312	0.403654679629847	0.539094529694272	0.0148471359962516	-0.00787585612166603	-0.2481243157648	4.38202007738713	1	0.00716490410076951	0.0362377031392537	1	18409	1	2.21428571428571	singlet	A619	A619_Re1	A619_Re1	5.78276375263672	2.66511885249264	1_1
CB:Z:TGGCAATGTGAGTAAT-1_A619	CB:Z:TGGCAATGTGAGTAAT-1_A619	34108	14276	21326	1278	0.0361159780704233	18886	4.27613998535014	0.418552832180134	0.625249208396857	0.0374692154333294	0.0316949551261478	-0.0114193949459385	4.38804951865975	1	0.0117784643768638	0.0587930997858139	1	21326	1	1.35714285714286	singlet	A619	A619_Re1	A619_Re1	6.18041184872132	3.8303289207185	1_1
CB:Z:TAGGAGGTCGACTTAG-1_A619	CB:Z:TAGGAGGTCGACTTAG-1_A619	34066	15250	25274	1133	0.0321884144435921	18252	4.26131046010062	0.447660423883051	0.741912757588211	0.0332589678858686	0.109007293905519	0.309106856090481	4.37031641142586	1	0.0140227874334773	0.0688509385117216	1	25274	1	1.78571428571429	singlet	A619	A619_Re1	A619_Re1	-4.89436623126525	-2.60004117167347	1_2
CB:Z:ATTGTGGCACTCGGAC-1_A619	CB:Z:ATTGTGGCACTCGGAC-1_A619	34023	14723	24845	894	0.0256035741902225	18532	4.26792229153112	0.432736678129501	0.73024130735091	0.0262763424742086	0.0693685048455491	0.277040231899369	4.37822282203554	1	0.00591014274008363	0.0702249387655247	1	24845	1	1.5	singlet	A619	A619_Re1	A619_Re1	-4.71423241168517	-1.34955074465625	1_3
CB:Z:TCAATTCGTGTGACCC-1_A619	CB:Z:TCAATTCGTGTGACCC-1_A619	34013	13700	21099	686	0.0197700221908412	18791	4.27394989255001	0.402787169611619	0.620321641725223	0.0201687590039103	-0.0101800394807097	-0.0249575950344714	4.38543061145784	1	0.00234010890889013	0.0587285266954225	1	21099	1	2.21428571428571	singlet	A619	A619_Re1	A619_Re1	-4.6157669690277	-4.74644782221668	1_2
CB:Z:GTCACAAAGTTGCTTG-1_A619	CB:Z:GTCACAAAGTTGCTTG-1_A619	34008	16074	27515	51	0.00149740156786752	18002	4.25532075736511	0.472653493295695	0.809074335450482	0.00149964714184898	0.175391097460558	0.493629347606449	4.363153940671	1	0.0117773361969907	0.0762846535105769	1	27515	1	1.42857142857143	singlet	A619	A619_Re1	A619_Re1	-4.79535481006164	-1.59857394373767	1_3
CB:Z:GCTTGCTCACATCATG-1_A619	CB:Z:GCTTGCTCACATCATG-1_A619	33844	15010	25742	897	0.0258196367404508	17904	4.25295006918427	0.443505495804278	0.760607493204113	0.0265039593428673	0.0979714373321373	0.36046954445901	4.36031907798851	1	0.0123932928207404	0.0659669369131068	1	25742	1	2.35714285714286	singlet	A619	A619_Re1	A619_Re1	-5.02929779559631	-4.27654435313099	1_2
CB:Z:TGCATGACAGTAAGAT-1_A619	CB:Z:TGCATGACAGTAAGAT-1_A619	33662	13232	18959	602	0.017569460658417	18376	4.26425098218697	0.393084189887707	0.563216683500683	0.0178836670429564	-0.0359520120726322	-0.18185011461041	4.37383267999167	1	0.0099192060227596	0.0498357215474852	1	18959	1	1.5	singlet	A619	A619_Re1	A619_Re1	-3.73957010776061	-3.31040503657215	1_2
CB:Z:TGGCCTTTCGCCTTAC-1_A619	CB:Z:TGGCCTTTCGCCTTAC-1_A619	33492	13263	19096	1703	0.0483875550504333	18833	4.27491950640375	0.396005016123253	0.570166009793383	0.0508479636928222	-0.0281940391787226	-0.162757248678699	4.38659007315028	1	0.0062869866673269	0.0534755001091421	1	19096	1	2.5	singlet	A619	A619_Re1	A619_Re1	-3.96381517917175	-4.87204100764148	1_2
CB:Z:CAGCTAATCCTATCCG-1_A619	CB:Z:CAGCTAATCCTATCCG-1_A619	33481	15092	26386	572	0.0167973453146566	17837	4.25132181231559	0.450763119381142	0.788088766763239	0.0170843164780024	0.117248327651145	0.435972729889834	4.3583720127136	1	0.0134932849108346	0.0713795010832024	1	26386	1	2.07142857142857	singlet	A619	A619_Re1	A619_Re1	-5.00793549090881	-1.88170244372242	1_3
CB:Z:GCATTCCCAATTGGCT-1_A619	CB:Z:GCATTCCCAATTGGCT-1_A619	33434	13708	18593	1321	0.0380089195799166	18312	4.26273577966649	0.410001794580367	0.556110546150625	0.0395106777531854	0.00898264273095803	-0.201373809714423	4.37202080480857	1	0.00217574063078385	0.0502313298272544	1	18593	1	1.14285714285714	singlet	A619	A619_Re1	A619_Re1	6.43101075619202	3.4400872977937	1_1
CB:Z:AGCCGCAAGCGCATTT-1_A619	CB:Z:AGCCGCAAGCGCATTT-1_A619	33412	15753	26501	111	0.00331115950243117	17615	4.24588264751726	0.471477313540046	0.793158146773614	0.00332215970310068	0.172267059970191	0.449900553799421	4.35186787377398	1	0.00720821729026876	0.0819073968808285	1	26501	1	2.07142857142857	singlet	A619	A619_Re1	A619_Re1	-4.7664713528778	-1.14344360506885	1_3
CB:Z:TAGCATGCACATGATC-1_A619	CB:Z:TAGCATGCACATGATC-1_A619	33394	14172	19942	452	0.0133546061573007	17668	4.24718739058635	0.424387614541534	0.597173144876325	0.0135353656345451	0.0471926532948118	-0.0885567308702547	4.35342808209944	1	0.000800423548457419	0.0470628366717833	1	19942	1	1.64285714285714	singlet	A619	A619_Re1	A619_Re1	-3.2759232190277	0.15268800580151	1_3
CB:Z:TAGCCGGCATTATGGC-1_A619	CB:Z:TAGCCGGCATTATGGC-1_A619	33291	14252	23497	533	0.0157580416272469	18067	4.25688604455813	0.428103691688444	0.705806374095101	0.0160103331230663	0.0570628829670037	0.209906687573856	4.3650257069736	1	0.00794413867166677	0.0599375370885185	1	23497	1	2.5	singlet	A619	A619_Re1	A619_Re1	-4.15266891986389	-0.556469937924076	1_3
CB:Z:TTCGCGTCATCGACCG-1_A619	CB:Z:TTCGCGTCATCGACCG-1_A619	33172	14216	22640	1501	0.0432901681423586	17786	4.25007828797964	0.428554202339322	0.682503316049681	0.0452490051850959	0.0582594791134622	0.145882903926305	4.356885009588	1	0.00861597824562946	0.0619119973891346	1	22640	1	1.64285714285714	singlet	A619	A619_Re1	A619_Re1	-5.25164028674621	-4.13878752863758	1_2
CB:Z:CGCAATACACAGTTCA-1_A619	CB:Z:CGCAATACACAGTTCA-1_A619	33107	14584	25254	706	0.0208795433708929	17737	4.24888016602429	0.44051107016643	0.762799407980185	0.0213247953604978	0.0900179779142023	0.366491701599227	4.35545229850952	1	0.0110643459164255	0.0745227590584843	1	25254	1	2.21428571428571	singlet	A619	A619_Re1	A619_Re1	-4.76910254031677	-1.60498382723682	1_3
CB:Z:TTGTCTAAGGGCATTG-1_A619	CB:Z:TTGTCTAAGGGCATTG-1_A619	33078	14197	19202	615	0.0182530495948713	17980	4.25478968739721	0.429197654029869	0.580506681177822	0.018592417921277	0.0599685437312232	-0.134346861243827	4.36251888860217	1	0.00239396284777978	0.0555238546423408	1	19202	1	2.85714285714286	singlet	A619	A619_Re1	A619_Re1	6.465154204068	3.41371629559643	1_1
CB:Z:GACCAATTCGCAGATT-1_A619	CB:Z:GACCAATTCGCAGATT-1_A619	32942	13328	18851	326	0.00979920644463148	18199	4.26004752499532	0.404589885252869	0.572248193795155	0.0098961811668994	-0.00539186724709987	-0.157036570397592	4.36880619695338	1	0.00610107242133946	0.0418302290459503	1	18851	1	2.85714285714286	singlet	A619	A619_Re1	A619_Re1	-3.87501188785095	-2.34393622553699	1_2
CB:Z:ACCGCAGCAATGGTAA-1_A619	CB:Z:ACCGCAGCAATGGTAA-1_A619	32933	14978	25180	590	0.0175998568147242	17408	4.24074887801809	0.454802174111074	0.764582637476088	0.0179151610846264	0.127976414358424	0.371391019929768	4.3457289257287	1	0.0104470423926963	0.0688112637699132	1	25180	1	3.35714285714286	singlet	A619	A619_Re1	A619_Re1	-4.96001764804382	-4.61318804896228	1_2
CB:Z:CACTAAGCAGCGTGAA-1_A619	CB:Z:CACTAAGCAGCGTGAA-1_A619	32921	14393	25563	1154	0.0338664710198092	17539	4.24400482809145	0.437198141004222	0.776495246195438	0.0350536131952249	0.0812185449568201	0.404120212889722	4.34962238225059	1	0.012532042066433	0.078190969003948	1	25563	1	1.28571428571429	singlet	A619	A619_Re1	A619_Re1	-5.04576727420349	-1.87242366946094	1_3
CB:Z:CTGAATGCACGATATC-1_A619	CB:Z:CTGAATGCACGATATC-1_A619	32916	15065	25700	907	0.0268160719037341	17778	4.24988290186369	0.457680155547454	0.780775306841658	0.0275549884554624	0.135620587675169	0.415879428194335	4.35665136738517	1	0.00715734232441422	0.0677688781911701	1	25700	1	1.07142857142857	singlet	A619	A619_Re1	A619_Re1	-4.70569035083312	-1.66992356455677	1_3
CB:Z:CTGTATTCACCGAAAG-1_A619	CB:Z:CTGTATTCACCGAAAG-1_A619	32883	14362	20299	1064	0.0313429758152414	17522	4.24358367599819	0.436760636194994	0.617309856156677	0.0323571450293465	0.0800564934764416	-0.033232299035018	4.34911876968673	1	0.00596478544940656	0.0519940205950874	1	20299	1	1.78571428571429	singlet	A619	A619_Re1	A619_Re1	6.41499379604798	4.0877604278291	1_1
CB:Z:ACGTTAGCACAGGAAC-1_A619	CB:Z:ACGTTAGCACAGGAAC-1_A619	32845	14146	21630	1031	0.0304345259180541	17968	4.25449973891738	0.430689602679251	0.658547724158928	0.0313898614705435	0.0639312913401539	0.0800663218548391	4.36217216897369	1	0.0146980246602227	0.066762002073163	1	21630	1	2.28571428571429	singlet	A619	A619_Re1	A619_Re1	-4.17651936084289	-0.145164152744938	1_3
CB:Z:GAGATTCCAACGAGGT-1_A619	CB:Z:GAGATTCCAACGAGGT-1_A619	32830	12429	18680	703	0.0209644231055975	18330	4.26316246496222	0.378586658544015	0.568991775814804	0.0214133414559854	-0.0744587379518398	-0.165983387585004	4.37253103396135	1	0.0106601711651986	0.0494442780460323	1	18680	1	2.07142857142857	singlet	A619	A619_Re1	A619_Re1	-4.42838617831725	-4.71609761393421	1_2
CB:Z:TACAGCATCTCGACAA-1_A619	CB:Z:TACAGCATCTCGACAA-1_A619	32789	12282	16240	1175	0.0345954540101284	18394	4.26467618214882	0.374576839793833	0.495288053920522	0.0358351886303333	-0.0851091713103244	-0.368480035680771	4.37434113298612	1	0.0103438680269558	0.0400711124838545	1	16240	1	1.21428571428571	singlet	A619	A619_Re1	A619_Re1	5.84547904461365	4.02653692090161	1_1
CB:Z:TCCATCGCAGTTACAC-1_A619	CB:Z:TCCATCGCAGTTACAC-1_A619	32761	15163	24422	617	0.0184852297920786	17129	4.23373200936605	0.46283690974024	0.745459540307072	0.0188333689447819	0.149317383041261	0.318851433347021	4.33733817267631	1	0.00777276227434844	0.0688177992809032	1	24422	1	1.78571428571429	singlet	A619	A619_Re1	A619_Re1	-4.05443331271667	-0.888892671230961	1_3
CB:Z:TCACCTGAGGAGACTC-1_A619	CB:Z:TCACCTGAGGAGACTC-1_A619	32534	15588	26747	441	0.0133737680060652	16973	4.22975861122137	0.479129526034303	0.822124546628143	0.0135550501014323	0.192592013363998	0.529484036521734	4.33258679364044	1	0.00856281018877171	0.0789019331639947	1	26747	1	2.14285714285714	singlet	A619	A619_Re1	A619_Re1	-4.91535374194641	-2.11902334368579	1_2
CB:Z:TCAAGGTCATGATCGT-1_A619	CB:Z:TCAAGGTCATGATCGT-1_A619	32492	14786	26375	443	0.0134507362987703	17215	4.23590702704069	0.455065862366121	0.811738274036686	0.0136341253231565	0.128676793692942	0.500948362448236	4.33993905308288	1	0.00973177820309183	0.0720399917810144	1	26375	1	2	singlet	A619	A619_Re1	A619_Re1	-5.27105042010803	-3.63052775538318	1_2
CB:Z:ATTGTGGCATCATAGC-1_A619	CB:Z:ATTGTGGCATCATAGC-1_A619	32492	13114	20365	806	0.0242056579974773	17615	4.24588264751726	0.40360704173335	0.626769666379416	0.0248061061184292	-0.00800238658939706	-0.00724202591862728	4.35186787377398	1	0.00279422136961559	0.052337162271984	1	20365	1	3	singlet	A619	A619_Re1	A619_Re1	-4.9691891339447	-4.15153910792225	1_2
CB:Z:AGGCGTCGTAGATTAG-1_A619	CB:Z:AGGCGTCGTAGATTAG-1_A619	32490	14672	24761	263	0.00802979879705676	17148	4.23421347483859	0.451585103108649	0.762111418898123	0.00809479839950754	0.119431589154219	0.364601491994289	4.33791390782026	1	0.00503998371669558	0.0651813109727203	1	24761	1	1.64285714285714	singlet	A619	A619_Re1	A619_Re1	-4.85749193698425	-4.2774579731261	1_2
CB:Z:TTGAGCATCTTCAGAG-1_A619	CB:Z:TTGAGCATCTTCAGAG-1_A619	32382	14944	25963	1348	0.0399644233619923	16988	4.23014225231864	0.461490951763325	0.801772589710333	0.0416280649743685	0.145742399574539	0.473568229936589	4.33304555065409	1	0.00560903746047282	0.0776522030682461	1	25963	1	2.85714285714286	singlet	A619	A619_Re1	A619_Re1	-5.17028948337097	-4.09476020014637	1_2
CB:Z:GCACCTTGTGGAAAGA-1_A619	CB:Z:GCACCTTGTGGAAAGA-1_A619	32293	12332	15579	713	0.0216021329455251	17852	4.25168687816849	0.381878425665005	0.482426532065773	0.0220790883473199	-0.0657155132481868	-0.403816311761007	4.35880855749896	1	0.00639625716190591	0.0324139763479792	1	15579	1	2.64285714285714	singlet	A619	A619_Re1	A619_Re1	3.02354804008942	2.10472343289502	1_4
CB:Z:ACTATTCGTTTGCATG-1_A619	CB:Z:ACTATTCGTTTGCATG-1_A619	32275	12587	17521	1426	0.0423132844722709	18008	4.25546548199246	0.389992254066615	0.54286599535244	0.0441828040278854	-0.0441644671642157	-0.237762435325672	4.3633270019992	1	0.0155793017500799	0.0430753005720033	1	17521	1	2.78571428571429	singlet	A619	A619_Re1	A619_Re1	6.29745248287659	3.88708732449658	1_1
CB:Z:TCGGGACTCTTACGGA-1_A619	CB:Z:TCGGGACTCTTACGGA-1_A619	32205	14583	24993	552	0.0168513600146534	17146	4.23416281939072	0.452817885421518	0.776059618071728	0.0171401956217979	0.122705968044323	0.402923350199477	4.3378533341691	1	0.0117148309607849	0.0692728790077223	1	24993	1	2.92857142857143	singlet	A619	A619_Re1	A619_Re1	-5.17881390124816	-3.13752009547107	1_2
CB:Z:TTTGTGTTCGGTCGAC-1_A619	CB:Z:TTTGTGTTCGGTCGAC-1_A619	32133	11926	16156	1433	0.0426920097717929	18116	4.25806231201092	0.371144928889304	0.502785298602683	0.0445958982977002	-0.0942246303019046	-0.347881796147238	4.36643228449548	1	0.00915306229404256	0.0431109563963095	1	16156	1	3.35714285714286	singlet	A619	A619_Re1	A619_Re1	2.88688472240906	1.91817637705452	1_4
CB:Z:GGCGTTGAGCGGACTA-1_A619	CB:Z:GGCGTTGAGCGGACTA-1_A619	32102	14138	23419	706	0.0215191416727627	17576	4.24492004391245	0.440408697277428	0.729518410067909	0.0219923992274625	0.0897460664638455	0.275054114062129	4.35071679491875	1	0.00819560767474086	0.0654912166645964	1	23419	1	1.35714285714286	singlet	A619	A619_Re1	A619_Re1	-5.05626675158996	-3.6135814396178	1_2
CB:Z:ACATGCAGTTCTTATC-1_A619	CB:Z:ACATGCAGTTCTTATC-1_A619	32088	13509	19746	769	0.0234044495845634	17535	4.24390577021752	0.420998504113687	0.615370231862378	0.0239653453004238	0.0381908761559578	-0.0385613028908053	4.34950392910585	1	0.0106386871287429	0.0481558900271916	1	19746	1	2.07142857142857	singlet	A619	A619_Re1	A619_Re1	-3.16935678988952	0.329332807895016	1_3
CB:Z:TGGGTGCTCGTGCTGG-1_A619	CB:Z:TGGGTGCTCGTGCTGG-1_A619	32070	14630	24936	948	0.0287116118480829	17120	4.23350376034113	0.456189585282195	0.77754911131899	0.0295603367633302	0.131661501176419	0.407015645434777	4.33706523309351	1	0.00513683156662306	0.0732769064251699	1	24936	1	1.21428571428571	singlet	A619	A619_Re1	A619_Re1	-5.15260645419616	-3.92872168696277	1_2
CB:Z:AGCTGGCTCTTGCGCT-1_A619	CB:Z:AGCTGGCTCTTGCGCT-1_A619	32053	13453	21124	1587	0.0471759809750297	17163	4.23459320248533	0.419711103484853	0.659033475805697	0.0495117461704053	0.0347714261864426	0.0814008959814852	4.33836798514006	1	0.00715409790776835	0.0544533743143611	1	21124	1	3.14285714285714	singlet	A619	A619_Re1	A619_Re1	-4.96568295032043	-3.9661901203429	1_2
CB:Z:CAGCTAAAGACTTCCA-1_A619	CB:Z:CAGCTAAAGACTTCCA-1_A619	32023	13194	18752	1305	0.0391562650024004	17410	4.24079877111733	0.412016363238922	0.585579115011086	0.0407519595290885	0.0143335153216603	-0.120410647135172	4.34578858776536	1	0.00833944644958922	0.0505120908563767	1	18752	1	1.14285714285714	singlet	A619	A619_Re1	A619_Re1	-4.81041714221496	-2.35652281916492	1_2
CB:Z:TGAATCGAGTGTCGCC-1_A619	CB:Z:TGAATCGAGTGTCGCC-1_A619	32008	12502	19169	1049	0.0317330671264785	17854	4.25173553043784	0.390589852536866	0.598881529617596	0.032773056735816	-0.0425771927563013	-0.0838630441082561	4.3588667357545	1	0.0134831859607381	0.0492100901377178	1	19169	1	3.07142857142857	singlet	A619	A619_Re1	A619_Re1	-4.52063223392028	-4.05966117060535	1_2
CB:Z:TGATCAGCAGGGCTTC-1_A619	CB:Z:TGATCAGCAGGGCTTC-1_A619	32002	13862	22661	1444	0.043174071637864	17528	4.24373236455265	0.433160427473283	0.708111993000437	0.0451221798637585	0.0704940205927262	0.216241240132634	4.34929657106852	1	0.0129915183394072	0.0638342730985623	1	22661	1	1.92857142857143	singlet	A619	A619_Re1	A619_Re1	-3.74353024035949	-0.311285039547611	1_3
CB:Z:ATCCCTGAGCGAGCTA-1_A619	CB:Z:ATCCCTGAGCGAGCTA-1_A619	31958	14358	23831	511	0.0157380886383935	17252	4.23683944947391	0.449277176293886	0.745697477939796	0.0159897365291946	0.113301531346548	0.31950515302147	4.34105404137262	1	0.00596589133550036	0.0677485308701117	1	23831	1	1.35714285714286	singlet	A619	A619_Re1	A619_Re1	-4.82401987582702	-2.06995751536243	1_3
CB:Z:AAACTCGAGGTTCTCA-1_A619	CB:Z:AAACTCGAGGTTCTCA-1_A619	31849	13894	22545	417	0.0129238207400979	17163	4.23459320248533	0.436246035982291	0.707871518729002	0.013093032748281	0.0786896697836234	0.215580551192275	4.33836798514006	1	0.00782325360221658	0.0575485092155405	1	22545	1	1.5	singlet	A619	A619_Re1	A619_Re1	-4.63511034518737	-4.36284091151111	1_2
CB:Z:CAGTGTAGTAAACCCT-1_A619	CB:Z:CAGTGTAGTAAACCCT-1_A619	31768	14207	24211	327	0.0101885028820689	16920	4.228400358703	0.447211029967263	0.762119113573407	0.0102933769831277	0.10781366390626	0.364622632662811	4.33096259885648	1	0.00674089241560147	0.0668073286669374	1	24211	1	1.14285714285714	singlet	A619	A619_Re1	A619_Re1	-5.01635786563415	-2.23224808848255	1_2
CB:Z:CTCTCAGCAAGGGAGG-1_A619	CB:Z:CTCTCAGCAAGGGAGG-1_A619	31755	13460	21192	612	0.0189081471869497	17065	4.23210629261466	0.423870256652496	0.667359470949457	0.0192725555030704	0.0458185049696676	0.104276078744865	4.33539414486698	1	0.00323063519866122	0.0595543557131823	1	21192	1	2.57142857142857	singlet	A619	A619_Re1	A619_Re1	-4.4372591641571	-4.10463788187854	1_2
CB:Z:CCGAAGCAGTGCTAGG-1_A619	CB:Z:CCGAAGCAGTGCTAGG-1_A619	31361	12853	18579	175	0.0055492135971588	16970	4.22968184231768	0.409840247441089	0.592423710978604	0.00558017920346928	0.00855355923658399	-0.101605521622239	4.3324949935876	1	0.0040766340685182	0.0481318696108506	1	18579	1	1.85714285714286	singlet	A619	A619_Re1	A619_Re1	-4.36297794848937	-5.23616196787708	1_2
CB:Z:TGTGACAAGAGTCCGA-1_A619	CB:Z:TGTGACAAGAGTCCGA-1_A619	31306	12815	19255	1293	0.0396637933678947	17094	4.23284369962312	0.409346451159522	0.615057816393024	0.0413019868395835	0.00724199262543465	-0.0394196460481339	4.33627593422544	1	0.00573251201619238	0.0482256509638809	1	19255	1	0.928571428571429	singlet	A619	A619_Re1	A619_Re1	-4.29520556003112	-4.42317082560413	1_2
CB:Z:CACTGAAAGTACAGTA-1_A619	CB:Z:CACTGAAAGTACAGTA-1_A619	31263	14160	24066	952	0.0295514511873351	16341	4.21327862999279	0.452931580462528	0.769791766625084	0.0304513322457858	0.123007952132108	0.385702796391786	4.31288007549392	1	0.0115026878030031	0.0649735219987182	1	24066	1	1.5	singlet	A619	A619_Re1	A619_Re1	-4.65485092669982	-4.27473380244129	1_2
CB:Z:GCACGCAGTGCACCCA-1_A619	CB:Z:GCACGCAGTGCACCCA-1_A619	31097	13398	19387	193	0.00616810482582295	16914	4.22824632625525	0.430845419172267	0.623436344341898	0.00620638646814805	0.0643451537310534	-0.0164001324873759	4.33077840726116	1	0.00618113186508549	0.0562393039778277	1	19387	1	2.78571428571429	singlet	A619	A619_Re1	A619_Re1	-4.10824152499694	-3.16735579645984	1_2
CB:Z:AACTGTGGTCAATCCA-1_A619	CB:Z:AACTGTGGTCAATCCA-1_A619	31081	14645	24400	494	0.0156452889944576	16024	4.20477093628552	0.471188185708311	0.785045526205721	0.0158939545059683	0.17149911086929	0.427611605154091	4.30270659776718	1	0.00856613205768448	0.0731914187876871	1	24400	1	2.42857142857143	singlet	A619	A619_Re1	A619_Re1	-3.98665567904968	-0.193642875317264	1_3
CB:Z:TGTTAGGAGAGAGGTA-1_A619	CB:Z:TGTTAGGAGAGAGGTA-1_A619	31051	13926	20912	1446	0.0444964150536973	16496	4.21737864793944	0.448487971401887	0.673472673987955	0.046568548516956	0.111205333330606	0.121071745131977	4.31778286615549	1	0.0062764372720905	0.06045785633928	1	20912	1	1.28571428571429	singlet	A619	A619_Re1	A619_Re1	-5.24171587497253	-4.44763686335437	1_2
CB:Z:CATGTTTCAACTACTG-1_A619	CB:Z:CATGTTTCAACTACTG-1_A619	30966	14415	22765	401	0.0127841361940893	16240	4.21058602490516	0.465510559968998	0.735161144481044	0.0129496867532132	0.156418834592905	0.290557195526502	4.30966026542218	1	0.0143814103477023	0.0728468742800709	1	22765	1	1.71428571428571	singlet	A619	A619_Re1	A619_Re1	-4.62983223468322	-1.47878482020252	1_3
CB:Z:GTGATCAAGCAGGACT-1_A619	CB:Z:GTGATCAAGCAGGACT-1_A619	30934	10982	15281	1126	0.0351216469120399	17535	4.24390577021752	0.355013900562488	0.493987198551755	0.0364000775845348	-0.13707006868757	-0.372054059421533	4.34950392910585	1	0.0054754944896468	0.0326897952283212	1	15281	1	2.35714285714286	singlet	A619	A619_Re1	A619_Re1	5.81665900677186	3.73452685200817	1_1
CB:Z:TGCACCTAGCGATACG-1_A619	CB:Z:TGCACCTAGCGATACG-1_A619	30833	12345	18791	495	0.0158005617977528	16906	4.22804086463963	0.400382706840074	0.609444426426232	0.0160542276132715	-0.0165665053303546	-0.0548421053692554	4.33053271680237	1	0.0121951186884259	0.0439836189608379	1	18791	1	1.5	singlet	A619	A619_Re1	A619_Re1	-4.80308910876769	-4.48116805231922	1_2
CB:Z:TTCTAACGTTCTGAGT-1_A619	CB:Z:TTCTAACGTTCTGAGT-1_A619	30800	12193	16398	650	0.0206677265500795	16565	4.21919144021798	0.395876623376623	0.532402597402597	0.0211038961038961	-0.0285350616729771	-0.26651000679261	4.31995059838745	1	-0.000649438293355241	0.0382242318214823	1	16398	1	1.07142857142857	singlet	A619	A619_Re1	A619_Re1	6.73358634441834	2.9883643182481	1_1
CB:Z:TCTAGTTTCTTGGCCT-1_A619	CB:Z:TCTAGTTTCTTGGCCT-1_A619	30795	13533	22848	1068	0.0335185010827606	16463	4.2165089781866	0.439454456892353	0.74193862640039	0.0346809547004384	0.0872115195772156	0.309177929132951	4.31674291735566	1	0.0116892529848072	0.0683072489507008	1	22848	1	2.28571428571429	singlet	A619	A619_Re1	A619_Re1	-4.98124071628112	-2.38634278452747	1_2
CB:Z:GTTACGATCAATTGGC-1_A619	CB:Z:GTTACGATCAATTGGC-1_A619	30786	14091	24712	461	0.0147534163279675	16320	4.21272015441784	0.457708049113233	0.802702527122718	0.014974338985253	0.135694675453688	0.476123178372123	4.31221225187236	1	0.0129504557020565	0.0754780268426969	1	24712	1	2.07142857142857	singlet	A619	A619_Re1	A619_Re1	-4.83620592624206	-2.02580358660572	1_3
CB:Z:AGCCTTCTCACTCGGG-1_A619	CB:Z:AGCCTTCTCACTCGGG-1_A619	30777	13459	21018	1573	0.0486244204018547	16636	4.2210489116929	0.437307079962309	0.682912564577444	0.0511095948273061	0.0815078964675832	0.147007290225672	4.32217175788476	1	0.00369094639194762	0.0624982698061964	1	21018	1	2.5	singlet	A619	A619_Re1	A619_Re1	-5.00689217120666	-4.36933209574573	1_2
CB:Z:CTTAATCAGTGCAACG-1_A619	CB:Z:CTTAATCAGTGCAACG-1_A619	30733	14184	24409	583	0.0186166815685273	16379	4.2142873829104	0.461523443855139	0.794227703120424	0.0189698369830475	0.145828701445049	0.452839097059003	4.31408633957584	1	0.014007422640239	0.0706135598403578	1	24409	1	1.28571428571429	singlet	A619	A619_Re1	A619_Re1	-4.82755276233215	-3.21186282313221	1_2
CB:Z:AGCGATTTCCTTCGAC-1_A619	CB:Z:AGCGATTTCCTTCGAC-1_A619	30706	13341	21918	811	0.0257321445569058	17326	4.23869831006299	0.434475346837752	0.713801862828112	0.0264117762000912	0.0739865627587333	0.231873823380708	4.34327686196898	1	0.00840962789584017	0.0572771292362287	1	21918	1	1.71428571428571	singlet	A619	A619_Re1	A619_Re1	-4.66965290576476	-2.66695382273548	1_3
CB:Z:CCAGAATCAATAGCGG-1_A619	CB:Z:CCAGAATCAATAGCGG-1_A619	30663	12128	17245	1317	0.0411819887429644	16747	4.22393702031998	0.39552555196817	0.562404200502234	0.0429507875941689	-0.029467538393934	-0.184082363940461	4.32562535057405	1	4.44259314481831e-05	0.0432659616228227	1	17245	1	3.28571428571429	singlet	A619	A619_Re1	A619_Re1	-4.29588266879577	-4.83585240519397	1_2
CB:Z:TATCGAGTCGCTACCT-1_A619	CB:Z:TATCGAGTCGCTACCT-1_A619	30611	12997	20354	729	0.0232610082961072	16361	4.2138098446415	0.424585933161282	0.664924373591193	0.0238149684753847	0.0477194050945713	0.0975857917395141	4.31351530057168	1	0.00914787719999314	0.0618287144239378	1	20354	1	1.92857142857143	singlet	A619	A619_Re1	A619_Re1	-4.79761311084289	-3.81885220682972	1_2
CB:Z:TAAGTGCTCAGTCAAC-1_A619	CB:Z:TAAGTGCTCAGTCAAC-1_A619	30569	12885	19114	295	0.0095580611715915	16706	4.22287247706984	0.421505446694364	0.625273970362132	0.0096502993228434	0.0395373605006246	-0.0113513629003444	4.32435237255943	1	0.00485523700733518	0.0536166069159162	1	19114	1	2.21428571428571	singlet	A619	A619_Re1	A619_Re1	7.02442601650696	3.45763383233197	1_1
CB:Z:GAAGTCTAGTCTTAGC-1_A619	CB:Z:GAAGTCTAGTCTTAGC-1_A619	30513	10738	15459	1474	0.0460812204958264	17238	4.23648687637559	0.351915576967194	0.506636515583522	0.0483072788647462	-0.145299490272574	-0.337300803631989	4.34063243539028	1	0.00527311450501846	0.0426150060830536	1	15459	1	2.35714285714286	singlet	A619	A619_Re1	A619_Re1	2.79477528065186	1.6334609183038	1_3
CB:Z:GGAGAACCACCGTTGG-1_A619	CB:Z:GGAGAACCACCGTTGG-1_A619	30482	12851	20714	802	0.0256361079145889	16681	4.22222208236071	0.421593071320779	0.679548586050784	0.0263106095400564	0.03977009926074	0.137764956753125	4.32357463227933	1	0.00993631931375931	0.0642785252626055	1	20714	1	2.85714285714286	singlet	A619	A619_Re1	A619_Re1	-4.87805553943176	-3.62297894633167	1_2
CB:Z:TAGACTGTCAAGGCCC-1_A619	CB:Z:TAGACTGTCAAGGCCC-1_A619	30456	14344	23607	655	0.0210536466201665	16079	4.20625903520928	0.470974520619911	0.775118203309693	0.0215064355135277	0.170931597491052	0.400336868419718	4.30448606254071	1	0.00469056250862602	0.0681723842513385	1	23607	1	2.35714285714286	singlet	A619	A619_Re1	A619_Re1	-4.89402100116271	-4.39521863139026	1_2
CB:Z:TCACTCGCATCGAGTT-1_A619	CB:Z:TCACTCGCATCGAGTT-1_A619	30437	14037	24472	803	0.0257042253521127	16036	4.20509604757848	0.461182113874561	0.804021421296448	0.0263823635706541	0.144922098818373	0.479746762670302	4.30309536499499	1	0.012392335898472	0.0744136176145199	1	24472	1	3.64285714285714	singlet	A619	A619_Re1	A619_Re1	-4.64658590823669	-3.74988486445301	1_2
CB:Z:GTTATGGGTTGCTTGA-1_A619	CB:Z:GTTATGGGTTGCTTGA-1_A619	30433	13182	17839	741	0.0237698081734779	16608	4.22031733616836	0.433148227253311	0.586172904412973	0.0243485689876121	0.0704616157290976	-0.118779245620207	4.32129694179943	1	0.00382280336950715	0.0446786903337736	1	17839	1	1.28571428571429	singlet	A619	A619_Re1	A619_Re1	6.86634305447083	3.43655572259076	1_1
CB:Z:CTTTGCGAGCAGGACT-1_A619	CB:Z:CTTTGCGAGCAGGACT-1_A619	30425	12288	16375	334	0.0108586104879873	16973	4.22975861122137	0.403878389482334	0.538208709942481	0.0109778142974528	-0.00728166296132867	-0.250558053518395	4.33258679364044	1	0.00215052870330062	0.0376384387923135	1	16375	1	3.07142857142857	singlet	A619	A619_Re1	A619_Re1	6.70909312695008	3.26580248200543	1_1
CB:Z:TCGCCTAAGGCCAGTA-1_A619	CB:Z:TCGCCTAAGGCCAGTA-1_A619	30420	13821	23792	243	0.00792486058115644	16228	4.21026499903229	0.454339250493097	0.782117028270874	0.00798816568047337	0.126746848273146	0.419565729036569	4.30927638352895	1	0.00839292602277028	0.0748392384180904	1	23792	1	1.21428571428571	singlet	A619	A619_Re1	A619_Re1	-4.99668833285827	-3.4360912052428	1_2
CB:Z:ACAATCGAGGGACGTT-1_A619	CB:Z:ACAATCGAGGGACGTT-1_A619	30333	14059	24110	248	0.00810961054249371	15829	4.19945347909483	0.463488609764942	0.79484389938351	0.0081759140210332	0.15104835596429	0.454532060109403	4.2963479964642	1	0.0100205517585832	0.0689540631477585	1	24110	1	1.28571428571429	singlet	A619	A619_Re1	A619_Re1	-5.1107849743988	-2.542431613568	1_2
CB:Z:TGCATTTTCCAGGGAA-1_A619	CB:Z:TGCATTTTCCAGGGAA-1_A619	30252	13234	20967	412	0.0134359509522567	16200	4.20951501454263	0.437458680417824	0.693078143593812	0.0136189342853365	0.081910560689874	0.174936621660518	4.3083795540516	1	0.0117542010575825	0.0602449305625685	1	20967	1	1.78571428571429	singlet	A619	A619_Re1	A619_Re1	-4.06947990924377	-0.595720311764408	1_3
CB:Z:AGTCCGGAGGCTGGAT-1_A619	CB:Z:AGTCCGGAGGCTGGAT-1_A619	30196	12463	17891	909	0.0292235974923646	16543	4.21861426974509	0.412736786329315	0.592495694794012	0.0301033249437012	0.0162470227872529	-0.101407750316222	4.31926041945619	1	0.00488888995873729	0.0503056639632992	1	17891	1	0.928571428571429	singlet	A619	A619_Re1	A619_Re1	-4.22519537478942	-1.10714652216785	1_3
CB:Z:GCTTGCTCATTACACG-1_A619	CB:Z:GCTTGCTCATTACACG-1_A619	30151	11894	17515	707	0.0229114006092423	16649	4.22138815330634	0.394481111737587	0.580909422573049	0.0234486418360917	-0.032241664050421	-0.133240352909012	4.3225774221126	1	0.00326643272277079	0.0416337893470473	1	17515	1	2.14285714285714	singlet	A619	A619_Re1	A619_Re1	-4.87764307528991	-2.28853966868274	1_2
CB:Z:CAGCCTTCATGGCCTG-1_A619	CB:Z:CAGCCTTCATGGCCTG-1_A619	30124	13285	17660	328	0.0107710495205569	16287	4.21184109637534	0.441010489974771	0.586243526756075	0.0108883282432612	0.0913444811099892	-0.118585214879407	4.31116107658049	1	0.0039004044248302	0.0520307182358751	1	17660	1	2.42857142857143	singlet	A619	A619_Re1	A619_Re1	6.78545669048768	3.74505565487988	1_1
CB:Z:ACATGGTCAGCTTACA-1_A619	CB:Z:ACATGGTCAGCTTACA-1_A619	30105	13334	22600	255	0.00839920948616601	15993	4.20392993724463	0.442916459059957	0.750705862813486	0.00847035376183358	0.0964069036257664	0.333265396374587	4.30170093332918	1	0.000285895967952536	0.0689707517427763	1	22600	1	1.71428571428571	singlet	A619	A619_Re1	A619_Re1	-4.87926289111633	-4.58289553797596	1_2
CB:Z:TACCCTGTCTGTTGCC-1_A619	CB:Z:TACCCTGTCTGTTGCC-1_A619	30013	13743	23379	1541	0.048836914495785	16063	4.20582665935934	0.45790157598374	0.778962449605171	0.0513444174191184	0.136208699943527	0.410898709386251	4.30396902863818	1	0.00640089309679609	0.0689829789072801	1	23379	1	2.78571428571429	singlet	A619	A619_Re1	A619_Re1	-5.00791975528259	-4.61112334406726	1_2
CB:Z:GCACCTTTCCCGGGTA-1_A619	CB:Z:GCACCTTTCCCGGGTA-1_A619	29987	12991	21373	339	0.011178526676779	16219	4.21002407380423	0.433221062460399	0.712742188281589	0.0113048987894754	0.0706550724830263	0.228962429787165	4.30898828577582	1	0.00902660829116949	0.0640132895043657	1	21373	1	1.78571428571429	singlet	A619	A619_Re1	A619_Re1	-4.69318529635925	-3.66634967005603	1_2
CB:Z:GGTTGCGCACCACGAC-1_A619	CB:Z:GGTTGCGCACCACGAC-1_A619	29946	13077	22382	1075	0.0346539441023823	16160	4.20844135643857	0.436686034862753	0.747412008281574	0.0358979496426902	0.0798583457378549	0.324215724459998	4.30709567651867	1	0.0116714379095985	0.0653097827871387	1	22382	1	1.57142857142857	singlet	A619	A619_Re1	A619_Re1	-5.04924675494689	-4.30200221217029	1_2
CB:Z:AGTTTGGTCCCTATTA-1_A619	CB:Z:AGTTTGGTCCCTATTA-1_A619	29920	12278	17414	919	0.0297999286617595	16117	4.2072842059122	0.410360962566845	0.58201871657754	0.0307152406417112	0.00993662467947078	-0.130192632768307	4.30571195896706	1	0.010361213172399	0.0440254259878311	1	17414	1	2.14285714285714	singlet	A619	A619_Re1	A619_Re1	6.63771775692444	2.99514684998639	1_1
CB:Z:TTACTCACAGATTTGC-1_A619	CB:Z:TTACTCACAGATTTGC-1_A619	29888	13782	23695	319	0.0105604661171252	16032	4.20498770418715	0.461121520342612	0.792793094218415	0.0106731798715203	0.144761157036668	0.448897593339532	4.302965808253	1	0.0111400211355811	0.0622533103389504	1	23695	1	2.5	singlet	A619	A619_Re1	A619_Re1	-5.05691572696227	-4.04064776575916	1_2
CB:Z:AACCTTTGTGCTTGAT-1_A619	CB:Z:AACCTTTGTGCTTGAT-1_A619	29866	13456	22502	1450	0.0463022097330438	16099	4.20679890038155	0.450545771110962	0.753431996249916	0.0485501908524744	0.116671031416241	0.340755287915352	4.30513163189175	1	0.00931220183436857	0.0730055277846462	1	22502	1	1.92857142857143	singlet	A619	A619_Re1	A619_Re1	-4.90636822253723	-3.86816908991687	1_2
CB:Z:CCTTAATAGTGAATAC-1_A619	CB:Z:CCTTAATAGTGAATAC-1_A619	29839	11947	18145	477	0.0157342657342657	16608	4.22031733616836	0.400382050336808	0.608096786085325	0.0159857904085258	-0.0165682490611125	-0.0585446680738057	4.32129694179943	1	0.012114619683981	0.0475826718604736	1	18145	1	2.35714285714286	singlet	A619	A619_Re1	A619_Re1	-4.84418484241027	-4.5963285175597	1_2
CB:Z:TCAGTTTTCATTCTCA-1_A619	CB:Z:TCAGTTTTCATTCTCA-1_A619	29789	11607	16866	847	0.0276472124298211	16413	4.21518796949713	0.389640471314915	0.566182147772668	0.0284333143106516	-0.0450988332757705	-0.173702675652226	4.3151632586442	1	0.00525328289296339	0.0397893737386503	1	16866	1	1.92857142857143	singlet	A619	A619_Re1	A619_Re1	-4.06641098529357	-4.80828215754383	1_2
CB:Z:TGACTCCGTCTAAAGA-1_A619	CB:Z:TGACTCCGTCTAAAGA-1_A619	29727	12266	15336	677	0.0222668069990791	16351	4.21354431853767	0.412621522521613	0.515894641235241	0.0227739092407576	0.0159408719163393	-0.311864647031762	4.31319778515609	1	0.000162866181477669	0.0379711313247379	1	15336	1	1.71428571428571	singlet	A619	A619_Re1	A619_Re1	6.04527047604066	3.95036337697155	1_1
CB:Z:CAAGAAACAACGGACA-1_A619	CB:Z:CAAGAAACAACGGACA-1_A619	29669	12938	21369	602	0.0198870205807539	16156	4.20833384449795	0.436078061276079	0.720246722167919	0.020290538946375	0.0782435141028108	0.249580695981141	4.30696711402326	1	0.00452147310881269	0.0580501443869577	1	21369	1	1.71428571428571	singlet	A619	A619_Re1	A619_Re1	-4.73716589480895	-4.86157443201892	1_2
CB:Z:AACTTGGTCCTATCAT-1_A619	CB:Z:AACTTGGTCCTATCAT-1_A619	29584	12709	18659	113	0.0038050981580631	16087	4.20647506181669	0.429590319091401	0.630712547322877	0.00381963223363981	0.0610114968746445	0.00359080795150899	4.30474438658885	1	0.00583384111294894	0.0548273936095812	1	18659	1	2.14285714285714	singlet	A619	A619_Re1	A619_Re1	-4.57635113269348	-5.05730178034656	1_2
CB:Z:GCCCAGAAGAGAGTTT-1_A619	CB:Z:GCCCAGAAGAGAGTTT-1_A619	29495	12538	17848	679	0.0225028169947637	15613	4.19348635970974	0.425088998135277	0.605119511781658	0.0230208509916935	0.0490555901728325	-0.0667245544005631	4.2892125308203	1	0.00906702638403591	0.0518562664306482	1	17848	1	2.57142857142857	singlet	A619	A619_Re1	A619_Re1	6.66213897198182	3.71132431351788	1_1
CB:Z:TCTCTGGGTGGGTAGT-1_A619	CB:Z:TCTCTGGGTGGGTAGT-1_A619	29470	13251	21593	421	0.0140845070422535	15795	4.19851963024117	0.449643705463183	0.732711231761113	0.0142857142857143	0.114275065247891	0.283826204184914	4.29523130246465	1	0.00889164168850608	0.0621281908174917	1	21593	1	2.35714285714286	singlet	A619	A619_Re1	A619_Re1	-4.97480961352844	-1.87815549052112	1_3
CB:Z:CCGTACTTCGCATAAC-1_A619	CB:Z:CCGTACTTCGCATAAC-1_A619	29448	13263	22263	1260	0.041031652989449	15463	4.18929375588569	0.450387123064385	0.756010594947025	0.0427872860635697	0.116249648168569	0.347839836422925	4.2841990262104	1	0.0112240170445534	0.0596157151459699	1	22263	1	1.57142857142857	singlet	A619	A619_Re1	A619_Re1	-4.82821747333068	-2.64566924250476	1_2
CB:Z:ACTATTCGTGTGACCC-1_A619	CB:Z:ACTATTCGTGTGACCC-1_A619	29419	12587	19278	177	0.00598053791052845	15923	4.20202489510404	0.427852748223937	0.655290798463578	0.00601651993609572	0.0563963549237194	0.0711181097502807	4.29942288895515	1	0.0109079282510372	0.0465202929292945	1	19278	1	0.785714285714286	singlet	A619	A619_Re1	A619_Re1	-5.12341734439392	-3.50411965525501	1_2
CB:Z:GAGACTTAGGAGTAGA-1_A619	CB:Z:GAGACTTAGGAGTAGA-1_A619	29331	14525	21843	489	0.0163983903420523	15622	4.19373663346965	0.495209846237769	0.744706965326787	0.0166717807098292	0.235302766487781	0.316783777779138	4.2895118075232	1	0.0049924101926809	0.0633103371120028	1	21843	1	2.42857142857143	singlet	A619	A619_Re1	A619_Re1	-4.10673901111144	-0.0232963768278844	1_3
CB:Z:CTGGCAGCACTCCACT-1_A619	CB:Z:CTGGCAGCACTCCACT-1_A619	29234	12131	15581	859	0.0285448443159539	16175	4.20884428934074	0.414962030512417	0.532975302729698	0.0293835944448245	0.0221574682101065	-0.264936532535084	4.3075775026218	1	0.000964273008875106	0.0449730345069757	1	15581	1	2.92857142857143	singlet	A619	A619_Re1	A619_Re1	6.60297397106629	3.04385314309246	1_1
CB:Z:TACTAGGAGGATGTCG-1_A619	CB:Z:TACTAGGAGGATGTCG-1_A619	29233	13148	22891	160	0.005443472935733	15613	4.19348635970974	0.449765675777375	0.783053398556426	0.00547326651387131	0.114599029193382	0.422138351413396	4.2892125308203	1	0.00986869650162491	0.0775744977887831	1	22891	1	1.78571428571429	singlet	A619	A619_Re1	A619_Re1	-4.26046177417297	-0.439210912350345	1_3
CB:Z:CCAATGATCTCCTTGG-1_A619	CB:Z:CCAATGATCTCCTTGG-1_A619	29233	12370	17135	939	0.0311215696672411	15859	4.20027579911185	0.423151917353676	0.586152635719906	0.0321212328532822	0.043910532238851	-0.118834932664251	4.29733132457464	1	0.00608897391475399	0.0465003699572925	1	17135	1	2.71428571428571	singlet	A619	A619_Re1	A619_Re1	6.56842187374573	3.67125568711407	1_1
CB:Z:GTAGTACAGACGTCAG-1_A619	CB:Z:GTAGTACAGACGTCAG-1_A619	29230	13160	22945	710	0.0237140948563794	15400	4.18752072083646	0.450222374273007	0.784981183715361	0.0242901128977078	0.115812060802961	0.427434827939955	4.28207883556852	1	0.00555743671297552	0.0707430447327407	1	22945	1	2.92857142857143	singlet	A619	A619_Re1	A619_Re1	-5.11163565188903	-3.98399474299305	1_2
CB:Z:TGGGTTACATGACTGT-1_A619	CB:Z:TGGGTTACATGACTGT-1_A619	29228	13073	22466	1234	0.0405094872299915	15591	4.19287397154252	0.447276584097441	0.768646503352949	0.0422197892431915	0.10798778147574	0.382556252800308	4.28848023866291	1	0.0114410759619146	0.0666026710973345	1	22466	1	1.5	singlet	A619	A619_Re1	A619_Re1	-4.64528795749206	-3.17896964228504	1_2
CB:Z:GCTCACTCACAAACGG-1_A619	CB:Z:GCTCACTCACAAACGG-1_A619	29192	13886	23470	339	0.011479462259998	15255	4.18341221197843	0.475678268018635	0.803987393806522	0.0116127706220882	0.183425166733551	0.47965327413979	4.27716589149748	1	0.00635993736077925	0.0775679932227271	1	23470	1	1.14285714285714	singlet	A619	A619_Re1	A619_Re1	-4.88512274295349	-1.58629085696094	1_3
CB:Z:CGCTAGGCAGAGCCAA-1_A619	CB:Z:CGCTAGGCAGAGCCAA-1_A619	29146	12410	20153	909	0.0302445516552986	15943	4.20257004609748	0.425787415082687	0.691449941672957	0.0311878130789817	0.0509106473757272	0.170463232489356	4.30007477907724	1	0.00910109022251607	0.061350789392253	1	20153	1	1.92857142857143	singlet	A619	A619_Re1	A619_Re1	-3.71497341662902	-0.0437507835661657	1_3
CB:Z:TCACCTGCATGCTATG-1_A619	CB:Z:TCACCTGCATGCTATG-1_A619	29126	11645	19339	845	0.0281939207900971	16212	4.20983659506966	0.39981459864039	0.663977202499485	0.0290118794204491	-0.0180754509705704	0.0949834947819855	4.30876409919881	1	0.00779116242863074	0.05796500438944	1	19339	1	1.78571428571429	singlet	A619	A619_Re1	A619_Re1	-4.95924040347595	-2.88840367472522	1_2
CB:Z:TTCAACTGTTTGAAGA-1_A619	CB:Z:TTCAACTGTTTGAAGA-1_A619	29057	11831	17885	203	0.0069377990430622	15842	4.19981000895381	0.407165226967684	0.615514333895447	0.00698626836906769	0.00144846819392923	-0.0381653910164771	4.2967743339305	1	0.00953813240494575	0.0475511459487361	1	17885	1	1.92857142857143	singlet	A619	A619_Re1	A619_Re1	-3.43574997455139	0.0640244277680628	1_3
CB:Z:AGTGCGCAGCTGGAGT-1_A619	CB:Z:AGTGCGCAGCTGGAGT-1_A619	29051	10964	16187	571	0.0192762136250084	16159	4.20841448094848	0.377405252831228	0.557192523493167	0.0196550893256687	-0.0775966560467162	-0.198401140498415	4.30706353887841	1	0.00763561120784828	0.0455168583772604	1	16187	1	2.5	singlet	A619	A619_Re1	A619_Re1	-4.64463850528259	-4.83507277644031	1_2
CB:Z:GTAGGAGCAGATTTGC-1_A619	CB:Z:GTAGGAGCAGATTTGC-1_A619	29037	11871	16535	1504	0.0492452768409679	15941	4.20251556178153	0.408823225539828	0.569445879395254	0.0517959844336536	0.00585225908853926	-0.164735764662223	4.30000962687573	1	0.00754365241388064	0.0399361232420743	1	16535	1	1.64285714285714	singlet	A619	A619_Re1	A619_Re1	6.30086949795228	3.56662462079174	1_1
CB:Z:CCTTAATTCCTGTAGA-1_A619	CB:Z:CCTTAATTCCTGTAGA-1_A619	29015	13280	23101	369	0.0125578546147563	15542	4.19150690462415	0.457694296053765	0.796174392555575	0.0127175598828192	0.135658146110975	0.458187511974424	4.28684550364264	1	0.0117194555576062	0.0695064533309796	1	23101	1	1.07142857142857	singlet	A619	A619_Re1	A619_Re1	-4.58056685000915	-4.61505248225086	1_2
CB:Z:GTTATGGTCTGTCGGG-1_A619	CB:Z:GTTATGGTCTGTCGGG-1_A619	29014	13507	21476	268	0.00915238030189195	15731	4.19675633105799	0.465533880195768	0.740194388915696	0.00923692010753429	0.1564807751784	0.304385739063633	4.29312275394576	1	0.010341141732392	0.0622845936923327	1	21476	1	1.57142857142857	singlet	A619	A619_Re1	A619_Re1	-4.66595407992858	-1.35138561404102	1_3
CB:Z:TAGGTGTCACATTGCA-1_A619	CB:Z:TAGGTGTCACATTGCA-1_A619	28856	13787	23667	1008	0.0337530136619341	15067	4.17802678827043	0.477786248960355	0.820176046576102	0.0349320765178819	0.189024150612741	0.524130647042725	4.27072601601213	1	0.00618494802147251	0.0730874310158515	1	23667	1	1.57142857142857	singlet	A619	A619_Re1	A619_Re1	-5.12656780749816	-3.5871765819823	1_2
CB:Z:GGACACCCATTGCACA-1_A619	CB:Z:GGACACCCATTGCACA-1_A619	28799	13460	23731	268	0.00922007775140193	15292	4.18446428934699	0.467377339490955	0.824021667419008	0.00930587867634293	0.161377166161553	0.534696264497601	4.27842396284375	1	0.00999655359325111	0.0777039244301167	1	23731	1	1.28571428571429	singlet	A619	A619_Re1	A619_Re1	-5.30641981631774	-3.44001891291492	1_2
CB:Z:TTGCAGATCATCGCTC-1_A619	CB:Z:TTGCAGATCATCGCTC-1_A619	28710	12082	16487	751	0.0254913275177353	15774	4.19794183649001	0.420828979449669	0.574259839777081	0.0261581330546848	0.0377406036500836	-0.151509691184089	4.29454037821886	1	0.0111925536816026	0.0465158506322801	1	16487	1	1.64285714285714	singlet	A619	A619_Re1	A619_Re1	5.98341659039002	3.4477560313905	1_1
CB:Z:CCAGAATTCTACCCGT-1_A619	CB:Z:CCAGAATTCTACCCGT-1_A619	28708	10967	14011	1496	0.0495298635942259	15919	4.2019157827407	0.382018949421764	0.488052110909851	0.0521109098509126	-0.0653422697177704	-0.38836036421526	4.29929241267846	1	0.00310362201834353	0.0350641719046031	1	14011	1	1.71428571428571	singlet	A619	A619_Re1	A619_Re1	5.89757111996155	3.61990425908215	1_1
CB:Z:CTGCGTTCACTTTGGA-1_A619	CB:Z:CTGCGTTCACTTTGGA-1_A619	28680	11705	16374	1432	0.0475557917109458	16015	4.20452694299984	0.408124128312413	0.57092050209205	0.0499302649930265	0.00399539500176359	-0.160684325391145	4.30241483123881	1	0.00725293407495365	0.0423822154582069	1	16374	1	1.78571428571429	singlet	A619	A619_Re1	A619_Re1	-3.58616682559509	0.263064959880184	1_3
CB:Z:TTATGTCGTTTCTACT-1_A619	CB:Z:TTATGTCGTTTCTACT-1_A619	28634	11349	15612	728	0.0247939513657108	15828	4.19942604159399	0.396347000069847	0.545225955158203	0.0254243207375847	-0.0272856995604536	-0.231278584333814	4.29631518677296	1	0.00286295454786856	0.0435582889571831	1	15612	1	1.85714285714286	singlet	A619	A619_Re1	A619_Re1	2.69555637567978	1.76150471144564	1_4
CB:Z:TGGGTGCTCCAGTTAG-1_A619	CB:Z:TGGGTGCTCCAGTTAG-1_A619	28538	13277	22689	501	0.0172526602155722	15419	4.18805620843837	0.465239330016119	0.795045202887378	0.0175555399817787	0.155698423841712	0.455085129665941	4.28271917023246	1	0.0154224627551323	0.0755481274216629	1	22689	1	1.42857142857143	singlet	A619	A619_Re1	A619_Re1	-4.09005161792297	-0.268297216061283	1_3
CB:Z:GTAGACTGTACTATGC-1_A619	CB:Z:GTAGACTGTACTATGC-1_A619	28523	12148	15379	603	0.0207031518231134	15965	4.20316892287546	0.425901903726817	0.539178908249483	0.0211408337131438	0.051214739343613	-0.247892490638982	4.30079091435097	1	0.0048456640237411	0.0341496392573639	1	15379	1	2.42857142857143	singlet	A619	A619_Re1	A619_Re1	6.70526603191834	3.71604297482617	1_1
CB:Z:AAAGGGCTCAAACCCA-1_A619	CB:Z:AAAGGGCTCAAACCCA-1_A619	28522	12794	22406	868	0.029533855052739	14818	4.17078959044639	0.448566019213239	0.785569034429563	0.0304326484818736	0.111412635222627	0.42904991325922	4.26207179391619	1	0.0130551774552336	0.0749785266506331	1	22406	1	3.07142857142857	singlet	A619	A619_Re1	A619_Re1	-4.91236635715026	-4.05352475321643	1_2
CB:Z:CAGCTGGTCTATCTCA-1_A619	CB:Z:CAGCTGGTCTATCTCA-1_A619	28482	12119	18318	1062	0.0359463850528026	15784	4.19821707224413	0.425496804999649	0.643143037708026	0.0372867073941437	0.0501387612842269	0.0377428503787536	4.29486950440871	1	0.00560206431288863	0.0569710732346003	1	18318	1	2	singlet	A619	A619_Re1	A619_Re1	-4.39672514468688	-3.10208537257068	1_2
CB:Z:GCTTGCTCAACGGGTA-1_A619	CB:Z:GCTTGCTCAACGGGTA-1_A619	28473	10883	17103	907	0.0308713410483322	15795	4.19851963024117	0.382221753942331	0.600674323042883	0.0318547395778457	-0.0648036029685553	-0.0789374494433149	4.29523130246465	1	0.0090177108723866	0.0499999326927447	1	17103	1	3	singlet	A619	A619_Re1	A619_Re1	-3.58728548556823	0.0747436078751795	1_3
CB:Z:GTCGTAACATTTAGGC-1_A619	CB:Z:GTCGTAACATTTAGGC-1_A619	28418	12456	19356	1291	0.0434548453330641	15368	4.18661735185364	0.438313744809628	0.681117601520163	0.0454289534801886	0.0841816873640438	0.142075734624227	4.28099858931824	1	0.0134094460416372	0.0591338303123981	1	19356	1	1.64285714285714	singlet	A619	A619_Re1	A619_Re1	-3.99188324481506	-0.337194463375736	1_3
CB:Z:GGAATCTGTCACTCTC-1_A619	CB:Z:GGAATCTGTCACTCTC-1_A619	28363	11917	17968	1254	0.0423405476584394	15567	4.19220492541459	0.420160067693826	0.633501392659451	0.0442125304093361	0.0359639148463847	0.0112529967555383	4.28768019506532	1	0.00862680540665564	0.053350137267729	1	17968	1	2.28571428571429	singlet	A619	A619_Re1	A619_Re1	-4.01960131198425	-0.0163810459410436	1_3
CB:Z:TACCTCGAGAATATCG-1_A619	CB:Z:TACCTCGAGAATATCG-1_A619	28278	13607	23053	854	0.0293148427845668	14854	4.17184341957958	0.481186788316005	0.815227385246481	0.0302001555979914	0.198056283994985	0.510534490620032	4.26333196001798	1	0.00399895389409918	0.0688893267005608	1	23053	1	3.14285714285714	singlet	A619	A619_Re1	A619_Re1	-4.63117739230651	-1.24588205492847	1_3
CB:Z:CACATGAAGGCGTAGT-1_A619	CB:Z:CACATGAAGGCGTAGT-1_A619	28274	12558	21522	517	0.01795700045153	15528	4.19111552238031	0.444153639386008	0.761194029850746	0.0182853504986914	0.0996929640279839	0.36208101945479	4.28637748978631	1	0.0144660397460419	0.0656249841186648	1	21522	1	1.35714285714286	singlet	A619	A619_Re1	A619_Re1	-5.20250031024475	-3.76910187876575	1_2
CB:Z:TAGGAGGAGGGATCCA-1_A619	CB:Z:TAGGAGGAGGGATCCA-1_A619	28271	10256	15463	1131	0.0384667709679614	15771	4.19785923173809	0.362774574652471	0.546956244915284	0.040005659509745	-0.116457031699666	-0.226524714827117	4.29444159967409	1	0.0114064794272019	0.0511698090024339	1	15463	1	1.78571428571429	singlet	A619	A619_Re1	A619_Re1	5.3579879137848	4.09283111416943	1_1
CB:Z:AGTTACGCAGAGTCGA-1_A619	CB:Z:AGTTACGCAGAGTCGA-1_A619	28270	13686	22944	815	0.0280213168299811	14759	4.16905693274485	0.484117438981252	0.811602405376724	0.0288291475061903	0.20584035144337	0.500575071283064	4.25999988640034	1	0.00319908547610788	0.0694263332372601	1	22944	1	1.78571428571429	singlet	A619	A619_Re1	A619_Re1	-4.51746555835266	-0.804304381970096	1_3
CB:Z:CTTGCCATCGGTCGAC-1_A619	CB:Z:CTTGCCATCGGTCGAC-1_A619	28202	12599	20734	476	0.0165980891275542	15461	4.18923758016683	0.446741365860577	0.735196085384015	0.0168782355861286	0.106566194486627	0.290653193605721	4.28413185143374	1	0.00885593207229187	0.0657187378537681	1	20734	1	1.07142857142857	singlet	A619	A619_Re1	A619_Re1	-4.32040735751647	-0.448035737637211	1_3
CB:Z:CTTGCCACACCTATTT-1_A619	CB:Z:CTTGCCACACCTATTT-1_A619	28140	12827	22451	178	0.00628575464368953	15124	4.1796666686905	0.455828002842928	0.797832267235252	0.00632551528073916	0.130701106227686	0.462742425308097	4.27268698069916	1	0.0132804900875888	0.0661929347046357	1	22451	1	1.5	singlet	A619	A619_Re1	A619_Re1	-4.92789789706725	-2.49362446940296	1_2
CB:Z:ACTGCAAGTACAACGG-1_A619	CB:Z:ACTGCAAGTACAACGG-1_A619	27909	12467	17160	714	0.02494497432135	15331	4.18557048364222	0.44670178078756	0.614855422981834	0.0255831452219714	0.106461053030508	-0.0399757100610396	4.27974674706838	1	0.00498054924282152	0.0491155770254125	1	17160	1	0.928571428571429	singlet	A619	A619_Re1	A619_Re1	-2.97025438815612	0.468774298068356	1_3
CB:Z:ATCCTGCTCGGAGTTT-1_A619	CB:Z:ATCCTGCTCGGAGTTT-1_A619	27853	12562	22361	906	0.0315031816127125	15045	4.1773921920761	0.45101066312426	0.802821958137364	0.0325279144077837	0.117905825733638	0.476451308071993	4.26996716755441	1	0.00880688175747696	0.0740474830019855	1	22361	1	2.92857142857143	singlet	A619	A619_Re1	A619_Re1	-5.04030033618469	-2.50777794993274	1_2
CB:Z:AGGCGTCCATTTGTTC-1_A619	CB:Z:AGGCGTCCATTTGTTC-1_A619	27823	11090	15396	1056	0.0365663631012154	15677	4.19526295834206	0.398591093699457	0.553355137835604	0.0379542105452324	-0.0213251883400193	-0.208944132265126	4.29133698278544	1	0.00807471566125319	0.0465571794929109	1	15396	1	1.85714285714286	singlet	A619	A619_Re1	A619_Re1	-4.16048714190978	-4.09971882975452	1_2
CB:Z:GCGATCGTCCAAACCA-1_A619	CB:Z:GCGATCGTCCAAACCA-1_A619	27723	12480	20763	789	0.0276725589225589	14957	4.17484449365546	0.450167730765069	0.748944919381019	0.0284601233632724	0.115666922811438	0.32842730769472	4.26692063649338	1	0.00614840506774986	0.0689687343417867	1	20763	1	3.35714285714286	singlet	A619	A619_Re1	A619_Re1	-4.91650387317199	-2.80557610667102	1_2
CB:Z:TGTGGCGTCCAATAGC-1_A619	CB:Z:TGTGGCGTCCAATAGC-1_A619	27557	12076	20909	603	0.0214133522727273	14766	4.16926286408645	0.438218964328483	0.758754581413071	0.0218819174801321	0.083929942020673	0.355378778114247	4.26024613855621	1	0.00941220210884661	0.0587211077727861	1	20909	1	3	singlet	A619	A619_Re1	A619_Re1	-4.89598604709167	-3.6831090656554	1_2
CB:Z:GCTCAGGTCTCTCAAT-1_A619	CB:Z:GCTCAGGTCTCTCAAT-1_A619	27496	12248	16861	89	0.00322639115461301	14774	4.16949809468497	0.445446610416061	0.613216467849869	0.00323683444864708	0.103127209475961	-0.0444786430483081	4.26052742668635	1	3.58545769984316e-05	0.0473483797044839	1	16861	1	2.28571428571429	singlet	A619	A619_Re1	A619_Re1	6.61144021481019	3.70858071171887	1_1
CB:Z:TTGCAGACAACTAGAA-1_A619	CB:Z:TTGCAGACAACTAGAA-1_A619	27406	12814	22146	118	0.00428716756285424	14658	4.16607471735708	0.467561847770561	0.808071225279136	0.00430562650514486	0.161867236476065	0.4908733613123	4.2564337610945	1	0.0157229345218914	0.0723303447206393	1	22146	1	1.28571428571429	singlet	A619	A619_Re1	A619_Re1	-4.53238150149841	-0.511433860424686	1_3
CB:Z:GTTCAAGAGACGCCAA-1_A619	CB:Z:GTTCAAGAGACGCCAA-1_A619	27323	11759	17873	1129	0.0396808660199634	14852	4.17178494055412	0.430370017933609	0.654137539801632	0.0413204992131172	0.0630824459813221	0.0679495992947794	4.26326203095336	1	0.00885900453565849	0.0538865430921389	1	17873	1	1.92857142857143	singlet	A619	A619_Re1	A619_Re1	-4.78711554080505	-4.20113827860706	1_2
CB:Z:TGTAGCAAGCTTCAAC-1_A619	CB:Z:TGTAGCAAGCTTCAAC-1_A619	27298	11429	16954	1133	0.0398508670113608	15110	4.17926446433903	0.418675360832295	0.621071140742912	0.041504872151806	0.0320204020666845	-0.0228983904932033	4.27220602579504	1	0.0134370272908194	0.0575469330443068	1	16954	1	1.5	singlet	A619	A619_Re1	A619_Re1	5.61621097057801	4.15263579213269	1_1
CB:Z:GAACGTTCATTCTCGC-1_A619	CB:Z:GAACGTTCATTCTCGC-1_A619	27255	12085	19281	1009	0.035699122558732	15137	4.18003981092718	0.443404879838562	0.707429829389103	0.0370207301412585	0.0977041924254649	0.214367035666457	4.27313318320296	1	0.0128451904430478	0.0599044096892209	1	19281	1	1.78571428571429	singlet	A619	A619_Re1	A619_Re1	-3.8991150525238	0.0953882726395838	1_3
CB:Z:TACGCAACATGCCCTT-1_A619	CB:Z:TACGCAACATGCCCTT-1_A619	27213	11153	16203	1412	0.0493275109170306	14516	4.16184695952852	0.409840884871201	0.595413956564877	0.0518869657884099	0.00855525230735632	-0.0933899974581816	4.25137821941859	1	0.0070528709695576	0.0483142316406902	1	16203	1	1.85714285714286	singlet	A619	A619_Re1	A619_Re1	6.31807807415467	3.50966141545422	1_1
CB:Z:CTCTCGATCGGATGTT-1_A619	CB:Z:CTCTCGATCGGATGTT-1_A619	27154	10761	15767	945	0.0336310900743799	14929	4.17403071803803	0.396295205126317	0.580651101126906	0.0348015025410621	-0.0274232715128898	-0.133950075913914	4.26594752575346	1	0.00535440840596166	0.0472825133072009	1	15767	1	2.14285714285714	singlet	A619	A619_Re1	A619_Re1	6.63015416592103	2.76206604563839	1_1
CB:Z:GCGTAGCTCTGATCCC-1_A619	CB:Z:GCGTAGCTCTGATCCC-1_A619	27123	11829	14513	449	0.0162846365878427	15206	4.18201498615073	0.436124322530693	0.535080927626	0.0165542159790584	0.0783663880879067	-0.259151451772681	4.27549509253288	1	0.00589579911812428	0.046111446210022	1	14513	1	2.42857142857143	singlet	A619	A619_Re1	A619_Re1	6.42570880382996	3.51735220276959	1_1
CB:Z:TGAGTCAGTAAGCCTT-1_A619	CB:Z:TGAGTCAGTAAGCCTT-1_A619	27096	11917	18454	1173	0.0414942162793166	14653	4.1659265496091	0.439806613522291	0.681059935045763	0.0432905225863596	0.0881468787424494	0.14191729937193	4.25625658249172	1	0.0093859415601909	0.0569636988582248	1	18454	1	1.92857142857143	singlet	A619	A619_Re1	A619_Re1	-4.14620348483581	-1.37439014590137	1_3
CB:Z:ACTTCCGCAGCGCGTT-1_A619	CB:Z:ACTTCCGCAGCGCGTT-1_A619	26918	10032	14248	385	0.0141010145405267	14990	4.17580163284828	0.372687421056542	0.529311241548406	0.0143026970800208	-0.0901276346378456	-0.275003325480679	4.26806518101915	1	0.00219749845820857	0.0466096714348421	1	14248	1	1.42857142857143	singlet	A619	A619_Re1	A619_Re1	6.54624322384339	3.46151719414837	1_1
CB:Z:GCTCCTAAGCGATACG-1_A619	CB:Z:GCTCCTAAGCGATACG-1_A619	26875	11606	17673	376	0.0137976588015119	14824	4.17096540631084	0.431851162790698	0.6576	0.0139906976744186	0.0670164977620843	0.0774625053775975	4.26228203406382	1	0.00945779558080276	0.0429451053448069	1	17673	1	2.5	singlet	A619	A619_Re1	A619_Re1	-4.53248735934753	-4.12430312312	1_2
CB:Z:TCTCTGGTCCTCTCTT-1_A619	CB:Z:TCTCTGGTCCTCTCTT-1_A619	26850	12800	21977	1109	0.0396652240781144	14155	4.15090987370112	0.476722532588454	0.818510242085661	0.0413035381750466	0.186198825819509	0.51955394701961	4.23829968099337	1	0.00677492619330529	0.063999465679985	1	21977	1	1.78571428571429	singlet	A619	A619_Re1	A619_Re1	-4.52119299441833	-3.45613028681629	1_2
CB:Z:CGCACAGGTGGACTGA-1_A619	CB:Z:CGCACAGGTGGACTGA-1_A619	26827	10124	13722	583	0.0212696096315213	14723	4.16799631208688	0.377380996756999	0.511499608603273	0.021731837328065	-0.0776610823258606	-0.323939741116177	4.2587315990111	1	-0.000307792807824663	0.0280420269228502	1	13722	1	1.78571428571429	singlet	A619	A619_Re1	A619_Re1	6.5783396097992	2.82239572131283	1_1
CB:Z:GCCAGCATCCGCCTAT-1_A619	CB:Z:GCCAGCATCCGCCTAT-1_A619	26798	11695	16172	662	0.0241077931536781	14648	4.16577833129364	0.436413165161579	0.603477871482947	0.024703336069856	0.0791335796701195	-0.0712348647257976	4.25607934342048	1	0.00571938487755766	0.0419326009021338	1	16172	1	1.35714285714286	singlet	A619	A619_Re1	A619_Re1	6.1855435702179	3.4982132705415	1_1
CB:Z:TGAGCCGGTGCATCAT-1_A619	CB:Z:TGAGCCGGTGCATCAT-1_A619	26796	11046	14934	921	0.0332287044052387	14718	4.16784879859003	0.412225705329154	0.557321988356471	0.0343708016121809	0.0148895464342975	-0.198045443388535	4.2585552027601	1	0.00195358683157796	0.0343773893290956	1	14934	1	2.28571428571429	singlet	A619	A619_Re1	A619_Re1	7.03775647610169	3.36923692547924	1_1
CB:Z:CGCAATAGTGGCCTCA-1_A619	CB:Z:CGCAATAGTGGCCTCA-1_A619	26784	11692	20725	1321	0.0470023127557374	14400	4.15836249209525	0.436529271206691	0.773782855436081	0.0493204898446834	0.0794419675981073	0.396668078547261	4.24721150243962	1	0.00775719225986548	0.0656552955266544	1	20725	1	1.35714285714286	singlet	A619	A619_Re1	A619_Re1	-4.46263023883361	-0.81818487322681	1_3
CB:Z:TACTGCCAGAGCAGCT-1_A619	CB:Z:TACTGCCAGAGCAGCT-1_A619	26706	11567	18639	487	0.0179090207038576	14713	4.16770123497137	0.433123642627125	0.697933048753089	0.0182356024863327	0.0703963167868897	0.188275188510461	4.25837874657358	1	0.0108621378448264	0.0534799353343791	1	18639	1	1.57142857142857	singlet	A619	A619_Re1	A619_Re1	-3.79842659503478	-0.17379429018848	1_3
CB:Z:CATTCCGTCGCTATAG-1_A619	CB:Z:CATTCCGTCGCTATAG-1_A619	26704	11163	16713	1379	0.0491044404087882	14739	4.16846801885448	0.418027261833433	0.625861294188137	0.0516402037147993	0.0302989937868788	-0.0097377251754628	4.25929566472138	1	0.0023725317557696	0.052899979796091	1	16713	1	1.71428571428571	singlet	A619	A619_Re1	A619_Re1	-4.37491079837341	-0.492710610989261	1_3
CB:Z:CTGTTCGGTATATGGA-1_A619	CB:Z:CTGTTCGGTATATGGA-1_A619	26690	12714	20494	443	0.0163269819039546	14288	4.15497144154447	0.476358186586737	0.767853128512551	0.016597976770326	0.185231090604408	0.380376502012492	4.24315649312269	1	0.00325366388517731	0.0670381391881183	1	20494	1	1.85714285714286	singlet	A619	A619_Re1	A619_Re1	-4.20071693927307	-0.774742862347294	1_3
CB:Z:TGGTCAATCGTTGTAG-1_A619	CB:Z:TGGTCAATCGTTGTAG-1_A619	26675	11228	15274	1106	0.039811381879702	14547	4.16277343883519	0.420918462980319	0.572596063730084	0.0414620431115276	0.0379782798243051	-0.156080818177949	4.25248610093325	1	0.00814988992558292	0.0376534786833757	1	15274	1	1.71428571428571	singlet	A619	A619_Re1	A619_Re1	6.74539950817567	3.52669272744305	1_1
CB:Z:AGGCGAATCGGCATAT-1_A619	CB:Z:AGGCGAATCGGCATAT-1_A619	26626	10007	14018	1021	0.0369298658082251	14945	4.1744959193753	0.375835649365282	0.526477878765117	0.0383459776158642	-0.0817656617187421	-0.282787823355541	4.26650381228728	1	0.000114502825159038	0.0363731255824699	1	14018	1	3.07142857142857	singlet	A619	A619_Re1	A619_Re1	6.18941119640809	2.64134226166851	1_1
CB:Z:CAGCCTTGTCGAGGTA-1_A619	CB:Z:CAGCCTTGTCGAGGTA-1_A619	26553	10579	14236	1181	0.0425831109829091	14462	4.16022835719786	0.398410725718375	0.536135276616578	0.0444770835687116	-0.0218042616553503	-0.256254689831385	4.24944269901482	1	0.00845002166310221	0.0346910681784165	1	14236	1	1.71428571428571	singlet	A619	A619_Re1	A619_Re1	5.12361792057496	3.7150203975404	1_1
CB:Z:CTTGTCGGTATCTGCA-1_A619	CB:Z:CTTGTCGGTATCTGCA-1_A619	26526	11126	15188	1200	0.0432806751785328	14853	4.17181418105115	0.419437532986504	0.572570308376687	0.0452386337932594	0.0340447987394076	-0.156151579499079	4.26329699666269	1	0.00913597350440084	0.037610972523438	1	15188	1	1.42857142857143	singlet	A619	A619_Re1	A619_Re1	6.839430842099	3.58000657879956	1_1
CB:Z:CTCTCGATCTGTTTAC-1_A619	CB:Z:CTCTCGATCTGTTTAC-1_A619	26393	11647	15355	901	0.0330109181505093	14261	4.15414997988155	0.441291251468192	0.581783048535597	0.0341378395786762	0.0920902084761395	-0.130840116875355	4.24217419142981	1	0.00341195213873636	0.0402508619729744	1	15355	1	3.07142857142857	singlet	A619	A619_Re1	A619_Re1	6.57644751995545	3.32254669987805	1_1
CB:Z:ATGTCGAAGGCGTCCT-1_A619	CB:Z:ATGTCGAAGGCGTCCT-1_A619	26364	11521	15659	657	0.0243144221161319	14272	4.15448483703205	0.436997420725231	0.593953876498255	0.0249203459262631	0.08068541413763	-0.0974014817067854	4.2425746127284	1	0.00455893212071076	0.04759002235392	1	15659	1	2.5	singlet	A619	A619_Re1	A619_Re1	-3.85328766376037	-4.3915994373595	1_2
CB:Z:GCCAGCAGTGTACGCC-1_A619	CB:Z:GCCAGCAGTGTACGCC-1_A619	26312	10157	15428	692	0.0256258332098948	15002	4.17614916112655	0.386021587108544	0.586348434174521	0.0262997871693524	-0.0547109098990061	-0.118296987907285	4.26848075441895	1	0.00730303966294335	0.0420234527412297	1	15428	1	1.21428571428571	singlet	A619	A619_Re1	A619_Re1	-4.37949081927795	-5.04215409434192	1_2
CB:Z:TGGAAGGAGTCTTAGC-1_A619	CB:Z:TGGAAGGAGTCTTAGC-1_A619	26235	11119	16324	597	0.0222495527728086	14380	4.15775888604686	0.423823137030684	0.622222222222222	0.0227558604917095	0.0456933510853537	-0.0197358617191495	4.2464897119168	1	0.0012829574414727	0.0437014777902544	1	16324	1	2.78571428571429	singlet	A619	A619_Re1	A619_Re1	-3.82199331790466	-4.79104306376331	1_2
CB:Z:TCCATCGGTCACTCTC-1_A619	CB:Z:TCCATCGGTCACTCTC-1_A619	26180	11331	19936	782	0.0290037831021438	14581	4.163787309962	0.432811306340718	0.761497326203209	0.0298701298701299	0.0695667239770744	0.362914308373922	4.25369848535626	1	0.00847412912175511	0.0588793208414454	1	19936	1	2.92857142857143	singlet	A619	A619_Re1	A619_Re1	-5.16826387912292	-4.32034661448352	1_2
CB:Z:ACGGATTGTTCCGCGA-1_A619	CB:Z:ACGGATTGTTCCGCGA-1_A619	26133	11192	17059	399	0.0150384441429218	14259	4.15408906901442	0.428270768759806	0.652776183369686	0.0152680518884169	0.057506654450237	0.0642093524354931	4.24210135437534	1	0.00287619995034711	0.0435157299563806	1	17059	1	3.21428571428571	singlet	A619	A619_Re1	A619_Re1	-4.81866833240051	-4.62141825831287	1_2
CB:Z:GGTTGCGAGTCAGGAC-1_A619	CB:Z:GGTTGCGAGTCAGGAC-1_A619	25871	11990	19900	971	0.0361746516653007	13878	4.14232688315426	0.463453287464729	0.769201035908933	0.0375323721541494	0.150954536809876	0.384079798436276	4.22803616350417	1	0.0091726733390691	0.0655045471802986	1	19900	1	1.78571428571429	singlet	A619	A619_Re1	A619_Re1	-4.69973989993591	-2.8000581470763	1_2
CB:Z:CTTAATCCAACTTGGT-1_A619	CB:Z:CTTAATCCAACTTGGT-1_A619	25853	10990	15734	891	0.0333158839365839	14431	4.15929642668839	0.425095733570572	0.608594747224693	0.034464085405949	0.0490734800848754	-0.0571765490831695	4.24832829896621	1	0.00868333656172223	0.0475569445015869	1	15734	1	1.78571428571429	singlet	A619	A619_Re1	A619_Re1	6.59497455090027	2.81667903983242	1_1
CB:Z:TAGCTTTAGCATTGGG-1_A619	CB:Z:TAGCTTTAGCATTGGG-1_A619	25821	10773	16489	269	0.0103104637792258	14342	4.1566097181657	0.417218543046358	0.638588745594671	0.0104178769218853	0.0281509651391717	0.0252302002207843	4.2451155399913	1	0.00610804673178654	0.049779622708452	1	16489	1	1.5	singlet	A619	A619_Re1	A619_Re1	-4.52371307879943	-4.74088408625476	1_2
CB:Z:AGCCCGAGTGATGCTT-1_A619	CB:Z:AGCCCGAGTGATGCTT-1_A619	25780	10512	14648	1222	0.0452559069698541	14235	4.15335747148297	0.407757951900698	0.568192397207137	0.0474010861132661	0.00302279805576955	-0.168179633370855	4.24122651197419	1	0.0040169441111232	0.040867491712024	1	14648	1	2.57142857142857	singlet	A619	A619_Re1	A619_Re1	6.85271361797791	3.07052049958355	1_1
CB:Z:ACTAACGGTTCCTATT-1_A619	CB:Z:ACTAACGGTTCCTATT-1_A619	25765	11199	16952	273	0.0104846762424149	14060	4.14798532068381	0.434659421696099	0.657946827091015	0.0105957694546866	0.0744754818680363	0.0784153924448215	4.23480250819824	1	0.00549600180769811	0.0476226055634246	1	16952	1	2.07142857142857	singlet	A619	A619_Re1	A619_Re1	7.08945468395692	2.49950591647274	1_1
CB:Z:TAGGTGTGTGTCCAGC-1_A619	CB:Z:TAGGTGTGTGTCCAGC-1_A619	25600	12219	20752	595	0.0227142584462684	13854	4.14157518330082	0.4773046875	0.810625	0.0232421875	0.187745080769175	0.497889707402779	4.22713728279933	1	0.00936167386325445	0.0721589267426217	1	20752	1	3.21428571428571	singlet	A619	A619_Re1	A619_Re1	-5.19029757052917	-4.16952111399524	1_2
CB:Z:CCTAAAGTCTGAAAGA-1_A619	CB:Z:CCTAAAGTCTGAAAGA-1_A619	25569	10874	16968	897	0.0338925413738381	13865	4.14191987391388	0.425280613242598	0.663616097618209	0.0350815440572568	0.0495645368505126	0.0939913803243983	4.22754946292655	1	0.00444184790546015	0.050550831357292	1	16968	1	3.07142857142857	singlet	A619	A619_Re1	A619_Re1	-4.771409001651	-4.96454312479847	1_2
CB:Z:GTCACCTTCCGTTTCG-1_A619	CB:Z:GTCACCTTCCGTTTCG-1_A619	25206	10746	16055	694	0.0267953667953668	13886	4.14257716092053	0.426327064984527	0.636951519479489	0.0275331270332461	0.0523440052590987	0.0207320176056003	4.22833544499787	1	0.00447924926948275	0.0469045359895515	1	16055	1	1.78571428571429	singlet	A619	A619_Re1	A619_Re1	-4.46980806857604	-4.26766707575672	1_2
CB:Z:CAGCCTTGTTCATTTC-1_A619	CB:Z:CAGCCTTGTTCATTTC-1_A619	25201	11743	19764	952	0.0364011776851604	13566	4.132451812729	0.465973572477283	0.784254593071704	0.0377762787190985	0.157648636778704	0.425438562811182	4.21622758029959	1	0.00745611333982499	0.0614194739061389	1	19764	1	1.92857142857143	singlet	A619	A619_Re1	A619_Re1	-4.58248993426818	-1.93655159151905	1_3
CB:Z:GTACTTTAGCGGACAT-1_A619	CB:Z:GTACTTTAGCGGACAT-1_A619	25133	10249	15761	1202	0.0456426808429846	14048	4.14761449856203	0.407790554251383	0.627103807742808	0.0478255679783552	0.00310939278359341	-0.00632399214315461	4.23435908008173	1	0.00604486059513029	0.0449220769788328	1	15761	1	2.14285714285714	singlet	A619	A619_Re1	A619_Re1	-4.08245703250427	-2.50220181620472	1_3
CB:Z:GCAGCCAAGCTGAAAT-1_A619	CB:Z:GCAGCCAAGCTGAAAT-1_A619	25123	11540	19842	585	0.0227555624708262	13708	4.13697409575783	0.459340046968913	0.789794212474625	0.0232854356565697	0.140029406145024	0.440658341839802	4.22163531443422	1	0.00893780272017761	0.0569146579280614	1	19842	1	1.64285714285714	singlet	A619	A619_Re1	A619_Re1	-4.86443230182189	-2.04500391161792	1_3
CB:Z:TTAGCGAGTTTCTCTA-1_A619	CB:Z:TTAGCGAGTTTCTCTA-1_A619	25017	10718	15077	865	0.0334209102851402	13442	4.12846389106476	0.428428668505416	0.602670184274693	0.034576487988168	0.0579260501443372	-0.0734539379038892	4.21145883407727	1	0.00835551498984132	0.0418935342280337	1	15077	1	1.71428571428571	singlet	A619	A619_Re1	A619_Re1	6.37163785427552	3.60205457532055	1_1
CB:Z:GCGTAGCGTGCTGTCG-1_A619	CB:Z:GCGTAGCGTGCTGTCG-1_A619	24985	10926	17738	1302	0.0495301860235097	14014	4.14656211315756	0.437302381428857	0.709945967580548	0.052111266760056	0.081495416747044	0.221279977602337	4.23310064038694	1	0.00985674277255512	0.0643534340764738	1	17738	1	1.57142857142857	singlet	A619	A619_Re1	A619_Re1	-4.78544756442565	-1.68968918002002	1_3
CB:Z:GGTAGGAGTGAGTTGG-1_A619	CB:Z:GGTAGGAGTGAGTTGG-1_A619	24974	11208	18358	665	0.0259370490268731	13506	4.13052674538416	0.448786738207736	0.735084487867382	0.0266276928005125	0.111998884399535	0.290346585981666	4.21392558983907	1	0.00841129695728794	0.0575031590808363	1	18358	1	1.71428571428571	singlet	A619	A619_Re1	A619_Re1	-4.94671532184142	-3.59242655909412	1_2
CB:Z:CATGCCTTCCGCGATG-1_A619	CB:Z:CATGCCTTCCGCGATG-1_A619	24956	12004	19636	698	0.0272082326342871	13239	4.12185518216685	0.481006571565956	0.786824811668537	0.027969225837474	0.197577612362659	0.432500087485317	4.20355615738383	1	0.00445165553541293	0.0677569310343411	1	19636	1	3.42857142857143	singlet	A619	A619_Re1	A619_Re1	-4.79461571246642	-3.73563983118885	1_2
CB:Z:ATGTCTTCATTGCCTC-1_A619	CB:Z:ATGTCTTCATTGCCTC-1_A619	24721	9384	14346	507	0.020096717932456	13858	4.14170055699739	0.379596294648275	0.58031633024554	0.0205088790906517	-0.0717770551340675	-0.134869839253055	4.22728720433547	1	0.00924135646652348	0.0431694200777361	1	14346	1	1.5	singlet	A619	A619_Re1	A619_Re1	-3.74407335788268	-3.73160721934192	1_2
CB:Z:CCTTGCAAGCACACCC-1_A619	CB:Z:CCTTGCAAGCACACCC-1_A619	24672	10642	15915	891	0.0348550639596292	13643	4.13490987913188	0.431339169909209	0.645063229571984	0.036113813229572	0.0656565993716473	0.0430184647732349	4.21916692962985	1	9.07072196247169e-05	0.0467252363521279	1	15915	1	1.5	singlet	A619	A619_Re1	A619_Re1	-4.18934961825866	-0.190177699688602	1_3
CB:Z:TAGTCCCGTACTATGC-1_A619	CB:Z:TAGTCCCGTACTATGC-1_A619	24657	11061	18245	408	0.0162776780371035	13193	4.12034356243803	0.448594719552257	0.739952143407552	0.0165470251855457	0.111488865862245	0.303720183754421	4.20174856649355	1	0.00577187713486253	0.0600876747587665	1	18245	1	1.71428571428571	singlet	A619	A619_Re1	A619_Re1	-4.4106158879425	-1.10100438273304	1_3
CB:Z:GAAAGTATCCGTGCGA-1_A619	CB:Z:GAAAGTATCCGTGCGA-1_A619	24629	10957	19357	528	0.0209881941407958	13431	4.12810834910311	0.444882049616306	0.785943400056844	0.0214381420276909	0.101627686043804	0.430078460837798	4.21103367793599	1	0.014182075328649	0.0582893817075367	1	19357	1	2.28571428571429	singlet	A619	A619_Re1	A619_Re1	-4.17184683352966	-0.174413224819828	1_3
CB:Z:AGACAAAGTAGGTCTT-1_A619	CB:Z:AGACAAAGTAGGTCTT-1_A619	24620	10494	15211	249	0.0100124653182677	13749	4.13827111196445	0.426238830219334	0.61783103168156	0.0101137286758733	0.0521096459164094	-0.0318003998833069	4.22318628299789	1	0.00588699882368936	0.0519453329959298	1	15211	1	1.64285714285714	singlet	A619	A619_Re1	A619_Re1	6.91396668880921	3.27340326630719	1_1
CB:Z:CAGTGCGCACCTCGTT-1_A619	CB:Z:CAGTGCGCACCTCGTT-1_A619	24232	9382	12920	236	0.00964525094000327	13325	4.12466721769861	0.38717398481347	0.533179267084847	0.00973918785077583	-0.0516500396394134	-0.264376152445897	4.20691878206609	1	0.00590414667417553	0.0357061272597086	1	12920	1	1.78571428571429	singlet	A619	A619_Re1	A619_Re1	5.6291163298462	3.76118967854626	1_1
CB:Z:CCAGAATGTATGCTAC-1_A619	CB:Z:CCAGAATGTATGCTAC-1_A619	24134	10556	16469	1061	0.0421115300654892	13243	4.12198637905084	0.437391232286401	0.68239827629071	0.0439628739537582	0.0817314124855221	0.145594313356363	4.20371304227214	1	0.00523810932885404	0.0557845864390433	1	16469	1	1.21428571428571	singlet	A619	A619_Re1	A619_Re1	-3.74673077136535	0.062741855021786	1_3
CB:Z:CTTTGCGAGGTGTTGG-1_A619	CB:Z:CTTTGCGAGGTGTTGG-1_A619	24095	9857	14460	1260	0.0496943403667916	13558	4.13219562957342	0.409089022618801	0.600124507159162	0.0522930068478938	0.00655823964597578	-0.0804480362992002	4.21592123715691	1	0.0074368954835423	0.0508335820761378	1	14460	1	1.64285714285714	singlet	A619	A619_Re1	A619_Re1	-3.94153543979186	-4.64243104136341	1_2
CB:Z:TTCGTTAAGTCCCGCA-1_A619	CB:Z:TTCGTTAAGTCCCGCA-1_A619	24090	10453	14297	638	0.0258007117437722	13218	4.12116574753441	0.433914487339145	0.593482772934828	0.0264840182648402	0.072496870309888	-0.0986958110845724	4.20273173326626	1	0.00246619063493481	0.0402101738205125	1	14297	1	1.35714285714286	singlet	A619	A619_Re1	A619_Re1	2.99137607544404	2.03791090273507	1_4
CB:Z:GGAACCCCAAGTGGCA-1_A619	CB:Z:GGAACCCCAAGTGGCA-1_A619	24074	9768	14397	1088	0.0432398060567522	13245	4.12205196263325	0.405748940765972	0.598031070864833	0.0451939852122622	-0.00231331325995806	-0.0861996295933834	4.20379146694725	1	0.0135408512129081	0.0469611573394565	1	14397	1	1.85714285714286	singlet	A619	A619_Re1	A619_Re1	-4.86626144916076	-4.46680810129993	1_2
CB:Z:GGCGAAAAGCGAGAAA-1_A619	CB:Z:GGCGAAAAGCGAGAAA-1_A619	23913	10592	16542	604	0.024635966880124	13153	4.11902482011478	0.442938987161795	0.691757621377493	0.0252582277422323	0.096466740257362	0.171308564410926	4.20017161789685	1	0.0121123482087678	0.0490672057852252	1	16542	1	2.42857142857143	singlet	A619	A619_Re1	A619_Re1	-3.76011177569885	0.289554694529843	1_3
CB:Z:CCAGATACAATGCATC-1_A619	CB:Z:CCAGATACAATGCATC-1_A619	23820	8594	11617	940	0.0379644588045234	13609	4.13382621407639	0.360789252728799	0.487699412258606	0.0394626364399664	-0.121730222374991	-0.389329383049443	4.21787108581077	1	0.00371077150815934	0.0347385305492803	1	11617	1	1.14285714285714	singlet	A619	A619_Re1	A619_Re1	5.92404941051942	3.0398996862138	1_1
CB:Z:AGTGTACTCACAACAC-1_A619	CB:Z:AGTGTACTCACAACAC-1_A619	23773	9567	13355	673	0.0275300662685102	12979	4.1132412324326	0.402431329659698	0.561771757876583	0.0283094266604972	-0.0111251818750014	-0.18581996291804	4.19325561897989	1	0.00561855703259792	0.03115720527091	1	13355	1	2	singlet	A619	A619_Re1	A619_Re1	6.34298089474183	3.04924772107251	1_1
CB:Z:CAGTGCGAGACACTTC-1_A619	CB:Z:CAGTGCGAGACACTTC-1_A619	23737	9776	14465	1245	0.0498358818349211	13148	4.11885969540959	0.411846484391456	0.609386190335763	0.0524497619749758	0.0138823020732142	-0.0550021056082539	4.1999741622093	1	0.000458190301787186	0.0370691338298538	1	14465	1	3.42857142857143	singlet	A619	A619_Re1	A619_Re1	-4.1455955174591	-5.35390307581775	1_2
CB:Z:GGCGTTGTCGGTCGAC-1_A619	CB:Z:GGCGTTGTCGGTCGAC-1_A619	23716	8715	12032	84	0.00352941176470588	13213	4.12100143498964	0.367473435655254	0.507336819025131	0.00354191263282172	-0.103976441157098	-0.335376761047285	4.202535248758	1	0.000962278700252489	0.0359017440119673	1	12032	1	2.5	singlet	A619	A619_Re1	A619_Re1	-3.6164903309967	-2.1348126140868	1_3
CB:Z:CAGCTGGGTCAACTAC-1_A619	CB:Z:CAGCTGGGTCAACTAC-1_A619	23701	9195	13423	644	0.0264530704456767	13284	4.12332886692635	0.38795831399519	0.566347411501624	0.0271718492890595	-0.0495667919413351	-0.173248623261038	4.2053183857377	1	0.00549423447070226	0.0371174623224729	1	13423	1	2.85714285714286	singlet	A619	A619_Re1	A619_Re1	-4.09356638461608	-5.0703947750365	1_2
CB:Z:CTCAACCTCTACTTTG-1_A619	CB:Z:CTCAACCTCTACTTTG-1_A619	23564	10290	18473	785	0.0322395170232864	12527	4.09784707742334	0.436683075878459	0.783950093362757	0.0333135291122051	0.079850486413781	0.424601967740768	4.17484732896647	1	0.00851674149070608	0.0602008928920104	1	18473	1	2.14285714285714	singlet	A619	A619_Re1	A619_Re1	-4.81494995624084	-4.5751989094054	1_2
CB:Z:TCGATTTCACAACGGA-1_A619	CB:Z:TCGATTTCACAACGGA-1_A619	23501	9444	13804	1178	0.047732890311601	13431	4.12810834910311	0.401855240202545	0.587379260457002	0.0501255265733373	-0.0126553264411767	-0.115464853225256	4.21103367793599	1	0.00564404144544735	0.0436341366532789	1	13804	1	3.5	singlet	A619	A619_Re1	A619_Re1	5.74407485455018	2.09574509584553	1_1
CB:Z:CATAACGAGTTGCGCC-1_A619	CB:Z:CATAACGAGTTGCGCC-1_A619	23496	10581	18565	489	0.0203877423389619	12981	4.11330814991839	0.450331971399387	0.790134490977188	0.0208120531154239	0.116103160466939	0.44159323704478	4.19333563873314	1	0.00651789748457628	0.0636039018854372	1	18565	1	1.57142857142857	singlet	A619	A619_Re1	A619_Re1	-4.97687574893493	-4.17443968928211	1_2
CB:Z:TTCTAACTCGAAGCCC-1_A619	CB:Z:TTCTAACTCGAAGCCC-1_A619	23468	10995	14354	689	0.0285217535289978	12774	4.10632691182197	0.468510311914096	0.611641384012272	0.0293591273223112	0.164386441154125	-0.0488060934047595	4.18498749260532	1	-0.000811302159289891	0.0390869756874792	1	14354	1	2.5	singlet	A619	A619_Re1	A619_Re1	6.59509185284119	3.43395529114849	1_1
CB:Z:TACGCCTTCCACGCTT-1_A619	CB:Z:TACGCCTTCCACGCTT-1_A619	23466	8943	13873	1207	0.0489198719247761	13031	4.11497774478531	0.381104576834569	0.591195772607176	0.051436120344328	-0.067770924206032	-0.104979210194425	4.19533213587746	1	0.00947231707457807	0.0509888993910004	1	13873	1	1.92857142857143	singlet	A619	A619_Re1	A619_Re1	-4.72752949267883	-3.17026497996204	1_2
CB:Z:TCGCCTAAGGAGTACC-1_A619	CB:Z:TCGCCTAAGGAGTACC-1_A619	23444	10705	18416	491	0.0205138917902653	12929	4.1115649354545	0.456620030711483	0.785531479269749	0.0209435249957345	0.132804802319116	0.428946732662833	4.19125110746867	1	0.00569640894577594	0.0622259706267051	1	18416	1	2.14285714285714	singlet	A619	A619_Re1	A619_Re1	-5.2325939801361	-4.66152980006092	1_2
CB:Z:GGGACCTGTCCCGTGA-1_A619	CB:Z:GGGACCTGTCCCGTGA-1_A619	23289	11161	18292	692	0.0288561778074309	12669	4.10274233614457	0.47923912576753	0.785435183992443	0.0297135986946627	0.192883119951993	0.428682167042796	4.1807010664517	1	0.00558799184464325	0.0584817138425114	1	18292	1	1.07142857142857	singlet	A619	A619_Re1	A619_Re1	-3.94267221957702	-0.0516697374617345	1_3
CB:Z:GCGATTAAGCTGCCAC-1_A619	CB:Z:GCGATTAAGCTGCCAC-1_A619	23173	10230	14164	558	0.0235135476802495	12685	4.10329047155775	0.441462046347042	0.611228584991154	0.0240797479825659	0.0925438547849845	-0.0499402344761375	4.18135652533504	1	0.00599989575622276	0.036250181499757	1	14164	1	1.57142857142857	singlet	A619	A619_Re1	A619_Re1	6.67316392391663	3.77556119286663	1_1
CB:Z:CTAGGGCTCTCGTAGA-1_A619	CB:Z:CTAGGGCTCTCGTAGA-1_A619	23063	10109	16943	1048	0.0434656380904981	12672	4.10284516424542	0.438321120409314	0.734639899405975	0.0454407492520487	0.084201277609346	0.289125105289739	4.18082402802385	1	0.00852245045519812	0.0520795631286909	1	16943	1	1	singlet	A619	A619_Re1	A619_Re1	-4.98465677768249	-3.12865950739734	1_2
CB:Z:GAGGCTCGTGCTTGAT-1_A619	CB:Z:GAGGCTCGTGCTTGAT-1_A619	23036	9273	13810	482	0.0204949400459223	12947	4.11216914800166	0.402543844417434	0.599496440354228	0.0209237714881056	-0.010826332724013	-0.082173612966301	4.19197362324113	1	0.00959387153786175	0.038980820120702	1	13810	1	1.78571428571429	singlet	A619	A619_Re1	A619_Re1	-3.80461689502258	0.383800962802243	1_3
CB:Z:CTTCTAACATCGGCCA-1_A619	CB:Z:CTTCTAACATCGGCCA-1_A619	22909	10165	16460	896	0.0376391514387734	12716	4.10435051924274	0.443712078222533	0.71849491466236	0.0391112663145489	0.098520138511848	0.244767707723999	4.18262412756469	1	0.00863751506983047	0.0515014870931541	1	16460	1	2.42857142857143	singlet	A619	A619_Re1	A619_Re1	-4.4120692876007	-4.40332867777698	1_2
CB:Z:CTAACTTAGAGGCCTA-1_A619	CB:Z:CTAACTTAGAGGCCTA-1_A619	22840	9170	13316	796	0.0336774411914029	12343	4.09142072899205	0.401488616462347	0.583012259194396	0.0348511383537653	-0.0136291115311983	-0.127462932768324	4.16716271843869	1	0.00328997755721112	0.0440424021093816	1	13316	1	1.71428571428571	singlet	A619	A619_Re1	A619_Re1	-3.10882374316711	-3.86563708460682	1_2
CB:Z:TGTGTCCCACATATCG-1_A619	CB:Z:TGTGTCCCACATATCG-1_A619	22824	10566	18166	816	0.0345177664974619	12169	4.08525489110388	0.462933753943218	0.795916579039607	0.035751840168244	0.149574609812402	0.457479184477855	4.15978962573221	1	0.0101839355752575	0.0635065309751158	1	18166	1	3.42857142857143	singlet	A619	A619_Re1	A619_Re1	-4.87660452395934	-3.00066258585804	1_2
CB:Z:TAGCCCTAGGTGTTGG-1_A619	CB:Z:TAGCCCTAGGTGTTGG-1_A619	22824	8995	13507	925	0.0389490083793002	12746	4.10537391414385	0.394102698913424	0.591789344549597	0.0405275148966001	-0.0332467619904618	-0.103348406136575	4.18384790049192	1	-0.000702626179966046	0.0358699587345918	1	13507	1	1.57142857142857	singlet	A619	A619_Re1	A619_Re1	-4.19015356570739	-3.54625632441394	1_2
CB:Z:GGAACCCGTTTAGAAG-1_A619	CB:Z:GGAACCCGTTTAGAAG-1_A619	22818	9068	14193	448	0.0192555660620648	12691	4.10349584410977	0.397405557016391	0.622008940310281	0.019633622578666	-0.0244740786574357	-0.0203218412485069	4.18160210929182	1	0.0126611619538242	0.0393108994160654	1	14193	1	3.71428571428571	singlet	A619	A619_Re1	A619_Re1	-5.02691360980529	-3.5687177387511	1_2
CB:Z:TCACCACTCGTATAGC-1_A619	CB:Z:TCACCACTCGTATAGC-1_A619	22763	10620	16535	628	0.0268479329656706	12422	4.09419152490953	0.466546588762465	0.726398102183368	0.0275886306725827	0.159170618728234	0.266481251370708	4.17047602889882	1	0.00591607638113333	0.0571901911207209	1	16535	1	2.35714285714286	singlet	A619	A619_Re1	A619_Re1	-4.29117342502136	-3.05822398341053	1_2
CB:Z:CACCACTGTCGGCTGT-1_A619	CB:Z:CACCACTGTCGGCTGT-1_A619	22717	9983	15154	719	0.0306792968083291	12480	4.0962145853464	0.439450631685522	0.667077519038605	0.0316503059382841	0.0872013594894481	0.103501432425735	4.17289519924069	1	0.00683803068080171	0.0523377722774141	1	15154	1	1.85714285714286	singlet	A619	A619_Re1	A619_Re1	-4.51688381701965	-1.06207682764881	1_3
CB:Z:ACCGCAGGTATCAGCT-1_A619	CB:Z:ACCGCAGGTATCAGCT-1_A619	22616	10637	18093	1136	0.0478275513640957	11942	4.07707706684576	0.470330739299611	0.800008843296781	0.050229925716307	0.169221657347503	0.468722440230779	4.15001060502392	1	0.00737928525568914	0.0586088893657153	1	18093	1	2.14285714285714	singlet	A619	A619_Re1	A619_Re1	-4.92305847674865	-2.18166234171741	1_3
CB:Z:ACAAGCTCAATTGCCA-1_A619	CB:Z:ACAAGCTCAATTGCCA-1_A619	22600	10675	18431	483	0.0209244898843305	12293	4.08965788162153	0.472345132743363	0.815530973451327	0.0213716814159292	0.174572064552188	0.51136858138645	4.16505471019618	1	0.00901413351632976	0.065012695134085	1	18431	1	2	singlet	A619	A619_Re1	A619_Re1	-5.06991669208068	-3.08532979166858	1_2
CB:Z:AACAGTCTCTGGCTAA-1_A619	CB:Z:AACAGTCTCTGGCTAA-1_A619	22576	8341	12625	1006	0.0426596556695785	12668	4.10270805469987	0.369463146704465	0.559222182849043	0.0445605953224663	-0.0986915925760233	-0.192824770597711	4.18066007279043	1	0.00860865669120262	0.0359067446853033	1	12625	1	0.785714285714286	singlet	A619	A619_Re1	A619_Re1	6.72804406612855	3.02746937596447	1_1
CB:Z:TTTACGTCACGCGACT-1_A619	CB:Z:TTTACGTCACGCGACT-1_A619	22539	9056	13915	497	0.0215749262024657	12300	4.0899051114394	0.401792448644572	0.617374328940947	0.0220506677314876	-0.0128221063744682	-0.0330551638460132	4.16535034696121	1	0.00969424466743156	0.0428576958365304	1	13915	1	2.42857142857143	singlet	A619	A619_Re1	A619_Re1	4.95652464359742	3.73015127503521	1_1
CB:Z:TCGTTCGTCCATAGGT-1_A619	CB:Z:TCGTTCGTCCATAGGT-1_A619	22539	8983	12599	1004	0.0426453722974982	12617	4.10095610305949	0.398553618172945	0.558986645370247	0.0445450108700475	-0.0214247266539839	-0.193471895990178	4.17856509363332	1	0.00546962752170554	0.0335219949148771	1	12599	1	2.35714285714286	singlet	A619	A619_Re1	A619_Re1	6.50213340252381	3.01312086903698	1_1
CB:Z:CACTAAGGTGCAACAG-1_A619	CB:Z:CACTAAGGTGCAACAG-1_A619	22498	9699	13327	410	0.0178976776671905	12459	4.09548318582954	0.431104987109965	0.592363765668059	0.0182238421192995	0.0650345891381589	-0.101770217843032	4.17202059362486	1	0.00256710040026355	0.0311152096192923	1	13327	1	2.71428571428571	singlet	A619	A619_Re1	A619_Re1	6.52592233150941	3.73022387349255	1_1
CB:Z:CGCACAGCATAGGCGA-1_A619	CB:Z:CGCACAGCATAGGCGA-1_A619	22481	9020	14154	1052	0.0447031827646284	12464	4.09565744032849	0.401227703393977	0.629598327476536	0.0467950713936213	-0.0143221197243747	0.000529554349559979	4.17222896669573	1	0.00624174492942541	0.0500701528902648	1	14154	1	2.35714285714286	singlet	A619	A619_Re1	A619_Re1	-3.9707440999176	-3.57546975291126	1_2
CB:Z:TAGTCCCTCGTGTGCG-1_A619	CB:Z:TAGTCCCTCGTGTGCG-1_A619	22458	9538	13608	1011	0.0430781030295283	12410	4.09377178149873	0.424703891708968	0.605931071333155	0.0450173657493989	0.0480327134332925	-0.0644948421867886	4.16997410083374	1	0.00185539882636191	0.0425819196710246	1	13608	1	2.92857142857143	singlet	A619	A619_Re1	A619_Re1	6.26642802685242	3.43859074437268	1_1
CB:Z:ACAAACCCACTAGGAG-1_A619	CB:Z:ACAAACCCACTAGGAG-1_A619	22433	10031	17128	884	0.0379122528627182	12288	4.08948120268744	0.447153746712433	0.763518031471493	0.0394062318905184	0.107661514513449	0.368466077444742	4.16484343799215	1	0.0113753837054447	0.0588201014288476	1	17128	1	1.42857142857143	singlet	A619	A619_Re1	A619_Re1	-4.49410912066955	-4.21129967844837	1_2
CB:Z:CAGTATGCAAGCCAGA-1_A619	CB:Z:CAGTATGCAAGCCAGA-1_A619	22426	10239	17378	589	0.0255920052139909	12436	4.09468071337115	0.456568268973513	0.774904129135825	0.0262641576741282	0.132667318563587	0.399748712197236	4.17106099917275	1	0.00588232926249093	0.0626775569245265	1	17378	1	1.71428571428571	singlet	A619	A619_Re1	A619_Re1	-4.82230898410339	-3.90080668604725	1_2
CB:Z:ATCCCTGTCAGTGTAC-1_A619	CB:Z:ATCCCTGTCAGTGTAC-1_A619	22303	10138	16665	594	0.0259422631785823	12195	4.08618180464975	0.454557682822939	0.74720889566426	0.0266331883603103	0.127327023866423	0.3236576844705	4.16089802650897	1	0.0106448117701568	0.0581923964896896	1	16665	1	2.28571428571429	singlet	A619	A619_Re1	A619_Re1	-4.87629124194641	-3.02167155421131	1_2
CB:Z:AGCGTGCGTCAGGCTC-1_A619	CB:Z:AGCGTGCGTCAGGCTC-1_A619	22204	8726	11711	685	0.0299270391891302	12802	4.10727782285977	0.392992253647991	0.527427490542245	0.0308502972437399	-0.0361962028591308	-0.280178820758135	4.18612458951972	1	0.00643020514970911	0.0317809459757049	1	11711	1	1.85714285714286	singlet	A619	A619_Re1	A619_Re1	6.40575650661927	2.70470116459973	1_1
CB:Z:CCCAGAGTCCTATCCG-1_A619	CB:Z:CCCAGAGTCCTATCCG-1_A619	22196	10129	18044	798	0.0347047055753675	11997	4.07907265885318	0.456343485312669	0.812939268336637	0.035952423860155	0.132070273273252	0.504248023766169	4.15239692869021	1	0.00933199437689662	0.0624437867937691	1	18044	1	1.21428571428571	singlet	A619	A619_Re1	A619_Re1	-4.5616283085968	-1.42003347552173	1_3
CB:Z:GTCGTAATCCTATCAT-1_A619	CB:Z:GTCGTAATCCTATCAT-1_A619	22073	10110	17836	319	0.0142461593426224	12076	4.08192310435106	0.458025642187288	0.808046029085308	0.0144520454854347	0.136538230756575	0.490804136249252	4.15580548390878	1	0.00800065020177672	0.064839328908576	1	17836	1	1.57142857142857	singlet	A619	A619_Re1	A619_Re1	-4.84435125857849	-2.14734294093006	1_2
CB:Z:GCCATAAGTATGCTAC-1_A619	CB:Z:GCCATAAGTATGCTAC-1_A619	22031	9586	13493	888	0.0387451459487761	12448	4.09509957964561	0.435114157323771	0.612455176796332	0.0403068403613091	0.0756832999266524	-0.0465702455156514	4.1715618783605	1	0.000194340339841654	0.043390702112675	1	13493	1	1.42857142857143	singlet	A619	A619_Re1	A619_Re1	5.65380862682801	4.02940676533825	1_1
CB:Z:CGCTGGAGTTTCGTTT-1_A619	CB:Z:CGCTGGAGTTTCGTTT-1_A619	21723	9392	13775	973	0.0428709904829045	11995	4.07900025230385	0.43235280578189	0.634120517423929	0.0447912350964416	0.0683489059282152	0.0129540056915549	4.15231034512923	1	-0.000131620867365364	0.0461071171115251	1	13775	1	2.42857142857143	singlet	A619	A619_Re1	A619_Re1	6.1384563776825	2.77519730651028	1_1
CB:Z:TAGCCCTCACCACCAG-1_A619	CB:Z:TAGCCCTCACCACCAG-1_A619	21667	7964	11150	1015	0.0447491402874526	12292	4.08962255158434	0.367563575944985	0.514607467577422	0.0468454331471823	-0.10373702057265	-0.31540108107507	4.16501246263077	1	0.00639223501474118	0.0350220997236281	1	11150	1	1.78571428571429	singlet	A619	A619_Re1	A619_Re1	5.19208720653992	4.00745938145764	1_1
CB:Z:TGTGTCCGTAGCCATT-1_A619	CB:Z:TGTGTCCGTAGCCATT-1_A619	21653	7337	11278	1133	0.0497235144386904	11904	4.0756929182018	0.338844501916594	0.520851614095045	0.0523253128896689	-0.180017422035419	-0.298245655167935	4.14835544372118	1	0.00927344420669823	0.0361385413691895	1	11278	1	2.28571428571429	singlet	A619	A619_Re1	A619_Re1	5.22424319714051	4.11460969769604	1_1
CB:Z:CCGTGAGGTCCGTGCA-1_A619	CB:Z:CCGTGAGGTCCGTGCA-1_A619	21638	9287	15535	368	0.0167227119876397	11937	4.07689519386605	0.429198632036233	0.717949902948516	0.0170071171087901	0.0599711414026517	0.243270320042757	4.14979312179382	1	0.0103430827521265	0.0597733601913134	1	15535	1	1.57142857142857	singlet	A619	A619_Re1	A619_Re1	-5.04941603213806	-3.59718920863025	1_2
CB:Z:GCATGATTCAGTTGAC-1_A619	CB:Z:GCATGATTCAGTTGAC-1_A619	21505	9127	14604	482	0.0219220448446809	11841	4.07338838111518	0.424412927226226	0.679097884212974	0.0224133922343641	0.0472598860248261	0.136526679918502	4.14559968434292	1	0.00906312646671206	0.0495725555924643	1	14604	1	1.28571428571429	singlet	A619	A619_Re1	A619_Re1	-3.9671983388092	-0.604525586727787	1_3
CB:Z:TACGCAAAGCTAACAA-1_A619	CB:Z:TACGCAAAGCTAACAA-1_A619	21322	9939	17173	480	0.0220163287771764	11621	4.06524350118646	0.46613826095113	0.805412250257949	0.0225119594784729	0.158086063935616	0.483567983573942	4.13586005837695	1	0.00902833205302429	0.0574603747583301	1	17173	1	1.92857142857143	singlet	A619	A619_Re1	A619_Re1	-4.56985899478454	-4.16346003687732	1_2
CB:Z:CCCTCTCAGCGGACTA-1_A619	CB:Z:CCCTCTCAGCGGACTA-1_A619	21213	9558	16599	560	0.0257199283516282	11590	4.0640834359636	0.450572761985575	0.782491868194032	0.0263989063310234	0.116742721567158	0.420595579715219	4.13447285543895	1	0.0101571865610789	0.0546792537193943	1	16599	1	2.35714285714286	singlet	A619	A619_Re1	A619_Re1	-5.07871099978942	-3.79837014353626	1_2
CB:Z:GGAGGATTCTACCCGT-1_A619	CB:Z:GGAGGATTCTACCCGT-1_A619	21153	9678	16133	206	0.00964464628493843	11516	4.06130165620604	0.457523755495674	0.762681416347563	0.00973857136103626	0.135205175300566	0.366167526516948	4.13114641053179	1	0.0112643442808192	0.0596103863109265	1	16133	1	2.07142857142857	singlet	A619	A619_Re1	A619_Re1	-4.11360641986389	-0.125811716679264	1_3
CB:Z:GAGGTCCTCAGTGTAC-1_A619	CB:Z:GAGGTCCTCAGTGTAC-1_A619	21132	9971	17234	740	0.0338332114118508	11447	4.05869168281923	0.471843649441605	0.815540412644331	0.0350179822070793	0.173240080535324	0.511394515014967	4.12802541123025	1	0.00601172238836103	0.052134907222759	1	17234	1	1.42857142857143	singlet	A619	A619_Re1	A619_Re1	-4.81679770022888	-4.55267598307483	1_2
CB:Z:GTGGCGTCAGCGTGAA-1_A619	CB:Z:GTGGCGTCAGCGTGAA-1_A619	21087	7481	11138	1053	0.0475609756097561	11519	4.06141477827707	0.354768340683834	0.528192725375824	0.0499359795134443	-0.13772229745053	-0.278076382986699	4.13128168160638	1	0.0115454358307822	0.0454592590681939	1	11138	1	3.21428571428571	singlet	A619	A619_Re1	A619_Re1	4.89287403553467	3.73216102444775	1_1
CB:Z:GAATCTGCACGCTGTG-1_A619	CB:Z:GAATCTGCACGCTGTG-1_A619	21055	9277	13415	776	0.0355457835188493	11640	4.06595298031387	0.440607931607694	0.637140821657563	0.0368558537164569	0.0902752504717569	0.0212521142242255	4.13670845164881	1	0.0108104453246545	0.0421495478971807	1	13415	1	1.92857142857143	singlet	A619	A619_Re1	A619_Re1	6.77028420895081	3.61950383507855	1_1
CB:Z:TGGTCAATCTCTTCTC-1_A619	CB:Z:TGGTCAATCTCTTCTC-1_A619	20952	9588	17238	343	0.0161070673867105	11647	4.06621407547124	0.457617411225659	0.822737686139748	0.0163707521954945	0.135453933205344	0.531168601326931	4.1370206685503	1	0.00892791837176117	0.0611550980310492	1	17238	1	2.71428571428571	singlet	A619	A619_Re1	A619_Re1	-5.08976694613952	-3.71335818446033	1_2
CB:Z:GCCAGCAGTATCTGCA-1_A619	CB:Z:GCCAGCAGTATCTGCA-1_A619	20816	9271	14751	762	0.0353137454815089	11408	4.05720951250779	0.445378554957725	0.708637586471945	0.0366064565718678	0.102946448157596	0.217685277333277	4.12625303587572	1	0.00882405545394169	0.0519387088920897	1	14751	1	1.5	singlet	A619	A619_Re1	A619_Re1	-4.54848286181945	-3.43697001612537	1_2
CB:Z:AGCTGTAGTATTTGCG-1_A619	CB:Z:AGCTGTAGTATTTGCG-1_A619	20694	9254	16184	385	0.0182646235589924	11623	4.06531823780374	0.447182758287426	0.78206243355562	0.0186044264037885	0.107738571823354	0.419415733262154	4.13594942822704	1	0.0127029389920854	0.0632315806698029	1	16184	1	3.35714285714286	singlet	A619	A619_Re1	A619_Re1	-4.7895483639862	-3.39454724467151	1_2
CB:Z:GTGATCAAGTGCCCTG-1_A619	CB:Z:GTGATCAAGTGCCCTG-1_A619	20459	8314	11713	737	0.0347707114549915	11112	4.04579223272956	0.406373723055868	0.572510875409355	0.0360232660442837	-0.000653836222049397	-0.156314868086979	4.11260028278887	1	0.00608307580581642	0.0304411703635822	1	11713	1	1.64285714285714	singlet	A619	A619_Re1	A619_Re1	5.82699445217591	3.21765051209576	1_1
CB:Z:TACCTATGTTGTCGGC-1_A619	CB:Z:TACCTATGTTGTCGGC-1_A619	20176	8347	10877	418	0.0202971739341556	11269	4.05188537888987	0.413709357652657	0.539105868358446	0.0207176843774782	0.0188302582676977	-0.248093163450778	4.11988645091864	1	0.00433571647642766	0.0312672951890051	1	10877	1	1.71428571428571	singlet	A619	A619_Re1	A619_Re1	6.36296227901917	3.10317740761883	1_1
CB:Z:TGTACGAGTCCCGAGT-1_A619	CB:Z:TGTACGAGTCCCGAGT-1_A619	19789	8043	12248	327	0.0162557168423146	11087	4.04481404752864	0.406437920056597	0.618929708423872	0.016524331699429	-0.000483323308454236	-0.0287818500470029	4.11143057150205	1	0.0066873339164706	0.0431325293417426	1	12248	1	1.42857142857143	singlet	A619	A619_Re1	A619_Re1	-3.85540195971984	0.0417424234116786	1_3
CB:Z:CTCACCACACTGTCAA-1_A619	CB:Z:CTCACCACACTGTCAA-1_A619	19776	7980	11872	804	0.039067055393586	11060	4.04375512696868	0.403519417475728	0.600323624595469	0.0406553398058252	-0.00823512436996216	-0.0799009728349215	4.11016431708554	1	0.00730158187192399	0.0413915370631757	1	11872	1	1.28571428571429	singlet	A619	A619_Re1	A619_Re1	-3.997172799411	-3.81564166224353	1_2
CB:Z:TTACCCGGTGTGTGCC-1_A619	CB:Z:TTACCCGGTGTGTGCC-1_A619	19671	9549	15514	521	0.0258022979397781	11015	4.04198450148679	0.485435412536221	0.788673682070052	0.0264856895938183	0.209341005809557	0.437579750349663	4.10804700779795	1	0.00573139234551808	0.0590327182040487	1	15514	1	2.5	singlet	A619	A619_Re1	A619_Re1	-4.69180389911193	-1.72809888995044	1_3
CB:Z:CTGTTCGGTATGGTTC-1_A619	CB:Z:CTGTTCGGTATGGTTC-1_A619	19601	8064	11049	459	0.0228813559322034	11284	4.05246307748333	0.411407581245855	0.563695729809704	0.023417172593235	0.012716536487713	-0.180533963005496	4.1205772613751	1	0.00321366276021748	0.0306122959334611	1	11049	1	1.85714285714286	singlet	A619	A619_Re1	A619_Re1	6.16986754864197	3.5624314340318	1_1
CB:Z:GTCACGGAGGTTCGTT-1_A619	CB:Z:GTCACGGAGGTTCGTT-1_A619	19563	7661	11118	179	0.00906696383345152	11145	4.04708007281626	0.391606604304043	0.568317742677503	0.00914992588048868	-0.039876610108281	-0.167835254051185	4.1141402785725	1	0.00506030911654396	0.0339082344893131	1	11118	1	3.35714285714286	singlet	A619	A619_Re1	A619_Re1	6.8671317431305	2.81772307479031	1_1
CB:Z:CATGCCTCACTGATAC-1_A619	CB:Z:CATGCCTCACTGATAC-1_A619	18833	7724	12877	367	0.0191145833333333	10292	4.01249977753831	0.410131152763766	0.683746614984336	0.0194870705676207	0.009326229510684	0.149298794744002	4.07278925256016	1	0.00770433350217691	0.0413866127891296	1	12877	1	2.71428571428571	singlet	A619	A619_Re1	A619_Re1	-5.19827934772033	-4.0289719311034	1_2
CB:Z:CACGTTCGTCTCTGCT-1_A619	CB:Z:CACGTTCGTCTCTGCT-1_A619	18811	8510	15172	738	0.0377512916261701	10390	4.01661554755718	0.452394875338897	0.806549359417362	0.0392323640423157	0.121582415840194	0.486692124219516	4.07771087950819	1	0.0081450610169839	0.0588932399828943	1	15172	1	1.78571428571429	singlet	A619	A619_Re1	A619_Re1	-4.80399843722839	-1.65492179072254	1_3
CB:Z:TCAGGGCGTGCACATT-1_A619	CB:Z:TCAGGGCGTGCACATT-1_A619	18605	8128	14565	265	0.0140434552199258	10458	4.01944863749364	0.436871808653588	0.78285407148616	0.014243482934695	0.080351777362152	0.421590711992125	4.08109868099214	1	0.0102430280946577	0.0467057524674543	1	14565	1	1.28571428571429	singlet	A619	A619_Re1	A619_Re1	-5.04475018054504	-3.28821112788074	1_2
CB:Z:ACCGAATGTATCACAC-1_A619	CB:Z:ACCGAATGTATCACAC-1_A619	18545	7615	10445	307	0.0162847443242096	10457	4.01940710801888	0.410622809382583	0.563224588837962	0.0165543273119439	0.0106321129882685	-0.181828395160431	4.08104902015561	1	0.00216290174116987	0.0321931478640953	1	10445	1	3.64285714285714	singlet	A619	A619_Re1	A619_Re1	4.45539644688111	3.33607158982403	1_1
CB:Z:CACCTTGGTGTCGTCG-1_A619	CB:Z:CACCTTGGTGTCGTCG-1_A619	18332	7448	11232	411	0.0219281865229686	10690	4.02897770520878	0.40628409338861	0.612699105389483	0.0224198123499891	-0.000891900548031318	-0.0459000660292132	4.0924935150673	1	0.00482791104404101	0.0450773503262934	1	11232	1	1.42857142857143	singlet	A619	A619_Re1	A619_Re1	-3.88100954562683	-2.99056842005603	1_2
CB:Z:TGAGTCACAGCTGATT-1_A619	CB:Z:TGAGTCACAGCTGATT-1_A619	18324	8041	13252	598	0.031603424585139	10383	4.01632285401379	0.438823401004148	0.723204540493342	0.0326347958960926	0.085535379307159	0.257707128150108	4.07736087733994	1	0.00356347913137902	0.0474894282731946	1	13252	1	1.42857142857143	singlet	A619	A619_Re1	A619_Re1	-4.64406391650695	-1.8382981029784	1_3
CB:Z:CGAGTTACACGATTAC-1_A619	CB:Z:CGAGTTACACGATTAC-1_A619	18262	8029	11447	380	0.0203840789614848	10208	4.00894066137709	0.43965611652612	0.626820720622057	0.0208082356806483	0.0877471454057987	-0.0071017573848271	4.06853327082892	1	0.00300948938147505	0.0348036032120836	1	11447	1	1.85714285714286	singlet	A619	A619_Re1	A619_Re1	6.21688083141785	3.16876075589306	1_1
CB:Z:GAGCGCTGTTTAAGGA-1_A619	CB:Z:GAGCGCTGTTTAAGGA-1_A619	18057	7024	10427	338	0.0183745583038869	10520	4.02201573981772	0.388990419228	0.57744918868029	0.0187185025197984	-0.0468254291302379	-0.142747142347897	4.08416841518979	1	0.00775090440704155	0.0399422147714977	1	10427	1	2.64285714285714	singlet	A619	A619_Re1	A619_Re1	-3.47207924396057	-4.12240531123035	1_2
CB:Z:ACGTTAGGTACGTAAA-1_A619	CB:Z:ACGTTAGGTACGTAAA-1_A619	17823	7489	10203	926	0.0493893007627073	9938	3.99729899240951	0.42018739830556	0.572462548392527	0.0519553386074174	0.0360365073691525	-0.156447643728002	4.05461219374048	1	0.00308813470915005	0.0312032687646914	1	10203	1	1.21428571428571	singlet	A619	A619_Re1	A619_Re1	5.56235555141907	4.05193350636609	1_1
CB:Z:GCGAGAATCCGGCTGA-1_A619	CB:Z:GCGAGAATCCGGCTGA-1_A619	17510	7142	10381	207	0.0116836936275893	9458	3.97579930967941	0.407881210736722	0.592861222158766	0.0118218161050828	0.0033501844292448	-0.100403485344961	4.02890292975982	1	0.00666985397231698	0.0302958006091205	1	10381	1	2.28571428571429	singlet	A619	A619_Re1	A619_Re1	6.7680163714264	2.62110004746563	1_1
CB:Z:ATCCTGCCACTAGCCG-1_A619	CB:Z:ATCCTGCCACTAGCCG-1_A619	17160	7940	13515	697	0.0390323122584981	9587	3.98168272737129	0.462703962703963	0.787587412587413	0.0406177156177156	0.148964263950775	0.434595288730766	4.03593830513944	1	0.00676729751723765	0.051145219553466	1	13515	1	2.07142857142857	singlet	A619	A619_Re1	A619_Re1	-5.01167055636901	-2.76576497233265	1_2
CB:Z:GACCAATTCCCAGTAA-1_A619	CB:Z:GACCAATTCCCAGTAA-1_A619	17127	5923	8254	710	0.0398048999271178	9705	3.98699553972438	0.345828224440941	0.481929117767268	0.0414550125532785	-0.161468037144556	-0.405182928338479	4.04229135215786	1	0.00715194753658936	0.0289975869265989	1	8254	1	1.92857142857143	singlet	A619	A619_Re1	A619_Re1	2.97627774208527	1.85983555936463	1_4
CB:Z:CATGCCTAGGCTTTAC-1_A619	CB:Z:CATGCCTAGGCTTTAC-1_A619	17117	6785	10079	760	0.0425127258488561	9769	3.98985010960318	0.396389554244318	0.588829818309283	0.0444003037915523	-0.0271726719081905	-0.111479530701418	4.04570483930028	1	0.00425611416351031	0.0331793978458946	1	10079	1	1.21428571428571	singlet	A619	A619_Re1	A619_Re1	-3.89086767703552	-4.51704575693958	1_2
CB:Z:TTGCTATTCGGTCCGA-1_A619	CB:Z:TTGCTATTCGGTCCGA-1_A619	16846	7796	13000	833	0.0471180496634425	9238	3.96557795791053	0.462780482013534	0.771696545173928	0.0494479401638371	0.149167506006839	0.390936063608046	4.01668026423661	1	0.00556024615100518	0.053861265469397	1	13000	1	1.42857142857143	singlet	A619	A619_Re1	A619_Re1	-4.33656355411071	-2.63388564265125	1_2
CB:Z:CTGCTCACAATAGTGA-1_A619	CB:Z:CTGCTCACAATAGTGA-1_A619	16584	7116	11385	841	0.0482639885222382	9340	3.97034687623009	0.429088277858177	0.68650506512301	0.0507115291847564	0.0596780309424439	0.156877474526578	4.02238292420229	1	0.0110333262685795	0.0475680377515924	1	11385	1	1.35714285714286	singlet	A619	A619_Re1	A619_Re1	-5.02592989474792	-2.36431529200428	1_2
CB:Z:CTCTACGCATTGTGAC-1_A619	CB:Z:CTCTACGCATTGTGAC-1_A619	16521	7007	9688	608	0.0354953587483216	9309	3.96890303030383	0.424126868833606	0.586405181284426	0.0368016463894437	0.0465000896257732	-0.118141078554955	4.02065637704661	1	0.00661097655498989	0.0343655534917314	1	9688	1	1.07142857142857	singlet	A619	A619_Re1	A619_Re1	5.86083272427064	4.04160712086804	1_1
CB:Z:GCTGCGAAGTGAACCG-1_A619	CB:Z:GCTGCGAAGTGAACCG-1_A619	16480	6401	9185	691	0.0402422689418205	9437	3.97483395504854	0.388410194174757	0.557342233009709	0.0419296116504854	-0.0483665582055128	-0.19798982239251	4.02774856123488	1	0.00256705037719527	0.0328837914944149	1	9185	1	0.642857142857143	singlet	A619	A619_Re1	A619_Re1	-3.4732060101654	-0.0649923292433507	1_3
CB:Z:CGGTGCACACTCGGAC-1_A619	CB:Z:CGGTGCACACTCGGAC-1_A619	16365	7378	12481	221	0.0133244905341855	9007	3.95458016274376	0.450840207760464	0.762664222425909	0.0135044301863734	0.117453081206815	0.366120287226813	4.00352912974327	1	0.00154015360746822	0.0511122066480153	1	12481	1	1.64285714285714	singlet	A619	A619_Re1	A619_Re1	-4.73859497577209	-1.57523729479663	1_3
CB:Z:TTACTCACAAACGACG-1_A619	CB:Z:TTACTCACAAACGACG-1_A619	16226	7313	12118	317	0.0191621834008342	9216	3.96454246607914	0.450696413164058	0.746826081597436	0.0195365462837421	0.117071150036916	0.322605925300359	4.01544202583201	1	0.0102960582208196	0.0521111297953247	1	12118	1	2.07142857142857	singlet	A619	A619_Re1	A619_Re1	-4.03277250796813	-0.785949727657963	1_3
CB:Z:AAACGAAGTAGAAGCC-1_A619	CB:Z:AAACGAAGTAGAAGCC-1_A619	15941	7118	12511	607	0.0366811699299009	9034	3.95588008622538	0.446521548209021	0.784831566401104	0.0380779123016122	0.105982339356313	0.427023763154413	4.00508357481872	1	0.00965010571676996	0.0549733465485734	1	12511	1	2.71428571428571	singlet	A619	A619_Re1	A619_Re1	-4.6889419224884	-2.9846022335326	1_2
CB:Z:CAAAGCTGTTCGGGAA-1_A619	CB:Z:CAAAGCTGTTCGGGAA-1_A619	15241	5874	8162	624	0.0393318625906083	8594	3.93419534934788	0.385407781641625	0.535529164752969	0.040942195394003	-0.0563412315239421	-0.25791994658637	3.97915302357603	1	-0.00130944046058166	0.0282094568957854	1	8162	1	1.78571428571429	singlet	A619	A619_Re1	A619_Re1	4.61589435070496	3.44526694142468	1_4
CB:Z:TCACCTGCAGGCTACC-1_A619	CB:Z:TCACCTGCAGGCTACC-1_A619	15183	6529	10498	747	0.0468926553672316	8728	3.94091473758029	0.430020417572285	0.691431205954028	0.0491997628927089	0.0621538764916868	0.17041175720174	3.98718805032615	1	0.010611121577751	0.0415781448173627	1	10498	1	1.71428571428571	singlet	A619	A619_Re1	A619_Re1	-4.16910358935851	-4.8188193050658	1_2
CB:Z:AAAGGATTCGGTACTA-1_A619	CB:Z:AAAGGATTCGGTACTA-1_A619	15147	6367	8657	430	0.0276048019515953	8641	3.93656400513527	0.420347263484518	0.571532316630356	0.0283884597610088	0.03646112342811	-0.159003400872288	3.98198545592778	1	-0.00263489466423971	0.0309074550252382	1	8657	1	1	singlet	A619	A619_Re1	A619_Re1	7.00685456722718	3.51263819062359	1_1
CB:Z:CCAATGATCGTCTAGA-1_A619	CB:Z:CCAATGATCGTCTAGA-1_A619	14970	6628	9170	555	0.0357487922705314	8422	3.92541523708425	0.442752171008684	0.612558450233801	0.0370741482965932	0.0959705400266395	-0.0462865078103195	3.96865378845711	1	-0.00506721628829615	0.028406030655706	1	9170	1	1.92857142857143	singlet	A619	A619_Re1	A619_Re1	4.85647920101624	2.49084369265683	1_1
CB:Z:GCAGATTAGGCAGTAC-1_A619	CB:Z:GCAGATTAGGCAGTAC-1_A619	14835	6051	9170	321	0.0211797307996833	8398	3.92417587030192	0.40788675429727	0.618132794068082	0.0216380182002022	0.00336490861651213	-0.0309713254455217	3.96717175692317	1	0.00287166398620784	0.033911996629606	1	9170	1	2.14285714285714	singlet	A619	A619_Re1	A619_Re1	-4.5155210164215	-4.66303660548084	1_2
CB:Z:TAGACTGTCACATCCC-1_A619	CB:Z:TAGACTGTCACATCCC-1_A619	14697	5540	7489	588	0.0384690873405299	8686	3.93881982502621	0.376947676396544	0.509559774103559	0.0400081649316187	-0.0788120195400905	-0.329269322499002	3.98468295941177	1	0.00501033481253821	0.030337555270372	1	7489	1	3.07142857142857	singlet	A619	A619_Re1	A619_Re1	5.26233914822083	3.89663145863659	1_1
CB:Z:GTCACTCTCTGAGTAC-1_A619	CB:Z:GTCACTCTCTGAGTAC-1_A619	14543	5660	8256	332	0.0223193277310924	8354	3.9218944709291	0.389190675926563	0.567695798666025	0.0228288523688372	-0.0462935296216798	-0.169544008702792	3.96444366556213	1	0.00115072620874704	0.0300375841025074	1	8256	1	1.57142857142857	singlet	A619	A619_Re1	A619_Re1	-3.09026762515563	-2.36912276423328	1_3
CB:Z:GCAGCTGAGGTAAGCC-1_A619	CB:Z:GCAGCTGAGGTAAGCC-1_A619	14371	6386	11087	745	0.0492855252712358	7963	3.90107671572625	0.444367128244381	0.771484239092617	0.0518405121425092	0.100260009323678	0.390352765116044	3.93954984872244	1	0.00515719096126011	0.0484293818809169	1	11087	1	1.42857142857143	singlet	A619	A619_Re1	A619_Re1	-5.19604345828552	-4.55127074396961	1_2
CB:Z:GTGCACGGTGTGAGGT-1_A619	CB:Z:GTGCACGGTGTGAGGT-1_A619	14260	5433	7059	654	0.0438514147780609	8365	3.92246594529841	0.380995792426367	0.495021037868163	0.0458625525946704	-0.0680598652186257	-0.369213646605714	3.96512703310775	1	0.00763539799042317	0.0270305033322324	1	7059	1	2.21428571428571	singlet	A619	A619_Re1	A619_Re1	5.44041422337037	3.87901399457104	1_1
CB:Z:CTCAGAAAGCGGACTA-1_A619	CB:Z:CTCAGAAAGCGGACTA-1_A619	14187	6276	9545	492	0.0335172695687717	7916	3.89850578553436	0.442376823852823	0.672799041375908	0.0346796362867414	0.0949735847728356	0.119220979085408	3.93647553717054	1	0.0059136136500976	0.0379286106464331	1	9545	1	1.07142857142857	singlet	A619	A619_Re1	A619_Re1	-4.39716240436096	-4.70036294138782	1_2
CB:Z:CATTCCGAGGAGAACA-1_A619	CB:Z:CATTCCGAGGAGAACA-1_A619	14158	5766	8881	123	0.00861284223793852	8202	3.91391976495147	0.407260912558271	0.6272778641051	0.00868766774968216	0.00170261758805469	-0.00584578250817466	3.95490753315865	1	0.0112335796706871	0.0383029931710888	1	8881	1	1.57142857142857	singlet	A619	A619_Re1	A619_Re1	-3.60499044925231	-4.42302252924793	1_2
CB:Z:TTGCACCTCATCGCTC-1_A619	CB:Z:TTGCACCTCATCGCTC-1_A619	14005	6431	10680	212	0.01491172539917	7956	3.9006947744524	0.459193145305248	0.762584791146019	0.0151374509103891	0.139639222329598	0.365902054449441	3.93909312435316	1	0.00846235674292139	0.0507838984791119	1	10680	1	1.78571428571429	singlet	A619	A619_Re1	A619_Re1	-4.02740284472961	0.10968468510754	1_3
CB:Z:CGCTGGAAGGGTCTGA-1_A619	CB:Z:CGCTGGAAGGGTCTGA-1_A619	13821	5602	7678	288	0.0204125026578779	8051	3.90584982664232	0.405325229722885	0.555531437667318	0.0208378554373779	-0.00343872727709743	-0.202964876267639	3.94525752218397	1	0.00266376264369521	0.028422612575401	1	7678	1	1.92857142857143	singlet	A619	A619_Re1	A619_Re1	-3.16404482394714	0.445181945201229	1_3
CB:Z:GCTTAAGCAGGGCTTC-1_A619	CB:Z:GCTTAAGCAGGGCTTC-1_A619	13107	5260	7996	602	0.0439127580421621	7493	3.8746557325981	0.401312275883116	0.610055695429923	0.0459296559090562	-0.014097487710897	-0.0531626796747174	3.90795570668801	1	0.00148301155085679	0.0331251481502476	1	7996	1	1.07142857142857	singlet	A619	A619_Re1	A619_Re1	-3.80917355090637	-4.72682597315662	1_2
CB:Z:TTGCGAACACCTGTGG-1_A619	CB:Z:TTGCGAACACCTGTGG-1_A619	12929	6383	10547	204	0.015533389172314	7276	3.86189269039145	0.493696341557738	0.815763013380772	0.0157784824812437	0.231282764154336	0.512006097467447	3.89269369443386	1	0.00187461218796177	0.0459102688519418	1	10547	1	1.35714285714286	singlet	A619	A619_Re1	A619_Re1	-4.96822973758239	-4.350781222943	1_2
CB:Z:TTTGTGTCATCCGTAA-1_A619	CB:Z:TTTGTGTCATCCGTAA-1_A619	12560	5451	8945	406	0.0313126638901743	7107	3.85168631544243	0.433996815286624	0.71218152866242	0.0323248407643312	0.0727155406221382	0.227422050404872	3.88048893815239	1	0.00324204626771073	0.0437853325883089	1	8945	1	1.85714285714286	singlet	A619	A619_Re1	A619_Re1	-4.60474583179016	-4.03746297037952	1_2
CB:Z:GTGCTGGGTGCAGACA-1_A619	CB:Z:GTGCTGGGTGCAGACA-1_A619	12181	5686	9516	311	0.0248959333973743	7014	3.84596576154548	0.466792545767999	0.781216648879402	0.0255315655529103	0.159823902295321	0.417091989527876	3.87364831486978	1	0.00402373608053536	0.0431294718307786	1	9516	1	1.42857142857143	singlet	A619	A619_Re1	A619_Re1	-3.85108229190368	-0.329009076718021	1_3
CB:Z:TCAATTCGTGCTGTCG-1_A619	CB:Z:TCAATTCGTGCTGTCG-1_A619	12105	5675	9542	607	0.0477501573316551	6819	3.83372069044463	0.46881453944651	0.788269310202396	0.0501445683601817	0.165194496395935	0.436468762387587	3.85900569109967	1	0.00626551161871835	0.04101225899716	1	9542	1	2.85714285714286	singlet	A619	A619_Re1	A619_Re1	-3.9625277188446	-1.13524343645923	1_3
CB:Z:TTCAACTGTCCAAGAG-1_A619	CB:Z:TTCAACTGTCCAAGAG-1_A619	11804	5397	8967	520	0.0421940928270042	6823	3.83397537127991	0.457217892239919	0.759657743137919	0.0440528634361234	0.134392775432844	0.357860161920516	3.85931023777169	1	0.00757961900165945	0.0443811072857602	1	8967	1	1.35714285714286	singlet	A619	A619_Re1	A619_Re1	-4.78925463229675	-2.37344958460682	1_2
CB:Z:CGGACTGGTTCATTTC-1_A619	CB:Z:CGGACTGGTTCATTTC-1_A619	11474	3861	6110	562	0.0466932535726155	6868	3.83683028648888	0.336499912846435	0.532508279588635	0.0489803032944047	-0.186244858037014	-0.266219651192024	3.86272413785902	1	0.00974748435843919	0.0296294848112031	1	6110	1	1.5	singlet	A619	A619_Re1	A619_Re1	5.46583965748292	4.1991512569154	1_1
CB:Z:TGGGTTAGTTTCAGCA-1_A619	CB:Z:TGGGTTAGTTTCAGCA-1_A619	11411	4482	6622	174	0.0150194216659473	6591	3.81895131164017	0.392778897554991	0.580317237753045	0.0152484444833932	-0.0367628955182507	-0.134867345929473	3.84134450682636	1	0.00249156845028376	0.0265732707328327	1	6622	1	1.71428571428571	singlet	A619	A619_Re1	A619_Re1	6.15035155743104	3.14365396821148	1_1
CB:Z:GCTGCGATCCATTGTT-1_A619	CB:Z:GCTGCGATCCATTGTT-1_A619	10903	4478	7240	181	0.0163298448213641	6160	3.78958071216443	0.410712647895075	0.664037420893332	0.0166009355223333	0.0108707320256692	0.0951489412831166	3.80622322133246	1	0.00513350431005422	0.0323456347718717	1	7240	1	1.64285714285714	singlet	A619	A619_Re1	A619_Re1	6.15720036953431	1.75936621600039	1_2
CB:Z:CCCGTTACAAGCCTTA-1_A619	CB:Z:CCCGTTACAAGCCTTA-1_A619	10792	4174	6274	204	0.018552200800291	6417	3.80733203929119	0.386767976278725	0.581356560415122	0.0189028910303929	-0.0527284342282163	-0.132011867943403	3.82745021155544	1	0.00840306393881865	0.0326471308595002	1	6274	1	2.64285714285714	singlet	A619	A619_Re1	A619_Re1	-3.51695724994201	-4.0884611812865	1_2
CB:Z:TAGGAGGCATTTCTTG-1_A619	CB:Z:TAGGAGGCATTTCTTG-1_A619	10541	4700	8247	252	0.0233484665987214	5596	3.74787770581979	0.445878000189735	0.782373588843563	0.023906650222939	0.104273018880899	0.420270614145051	3.75635487618707	1	0.000598615413680252	0.0414082263075913	1	8247	1	2.5	singlet	A619	A619_Re1	A619_Re1	-4.69161840945739	-4.38315512812488	1_2
CB:Z:CAAGCTATCTATATCC-1_A619	CB:Z:CAAGCTATCTATATCC-1_A619	10294	4733	8317	280	0.0264800453943635	5664	3.75312324468171	0.459782397513114	0.807946376530017	0.0272003108606956	0.141204328326206	0.49053034670509	3.76262747774194	1	0.00557842217099231	0.0401555272688402	1	8317	1	2.28571428571429	singlet	A619	A619_Re1	A619_Re1	-4.61961981326599	-1.31198241389148	1_3
CB:Z:AATGGAACACAAACGG-1_A619	CB:Z:AATGGAACACAAACGG-1_A619	10016	4101	5964	499	0.0474560152163576	5770	3.76117581315573	0.409444888178914	0.595447284345048	0.0498202875399361	0.00750345005789111	-0.0932984313391361	3.77225671791352	1	0.00486124713611683	0.0276974675352352	1	5964	1	0.857142857142857	singlet	A619	A619_Re1	A619_Re1	-2.97059771091003	-3.81464793360584	1_2
CB:Z:AGCTGGCGTGCGTCCA-1_A619	CB:Z:AGCTGGCGTGCGTCCA-1_A619	9986	4290	6225	162	0.0159637366968861	5792	3.76282855318909	0.429601442018826	0.623372721810535	0.0162227117965151	0.0610410403539581	-0.0165749316564452	3.77423306009225	1	0.000903049584262102	0.0256526107154175	1	6225	1	2.28571428571429	singlet	A619	A619_Re1	A619_Re1	-4.17251249820251	-4.59020926630848	1_2
CB:Z:CATGCCTCATCGAGTT-1_A619	CB:Z:CATGCCTCATCGAGTT-1_A619	9897	3922	6004	440	0.0425655412595531	5738	3.75876054390998	0.396281701525715	0.606648479337173	0.0444579165403658	-0.0274591382707829	-0.0625238058212299	3.76936854531102	1	0.014549686411347	0.0283113368826546	1	6004	1	1.35714285714286	singlet	A619	A619_Re1	A619_Re1	-3.97325321704406	-4.02970912134998	1_2
CB:Z:CTTCCAGTCAACTTGG-1_A619	CB:Z:CTTCCAGTCAACTTGG-1_A619	9813	3593	5318	448	0.0436604619432804	5504	3.74067842522745	0.36614694792622	0.541934168959543	0.0456537246509732	-0.10749970992287	-0.240322573624242	3.74774599541694	1	0.00520994191280494	0.0260267971942948	1	5318	1	0.714285714285714	singlet	A619	A619_Re1	A619_Re1	5.27995327442628	4.06191656911023	1_1
CB:Z:CAGTATGGTGGAAAGA-1_A619	CB:Z:CAGTATGGTGGAAAGA-1_A619	9605	4644	7888	126	0.0129483095262563	5558	3.74491854244135	0.483498178032275	0.821238938053097	0.0131181676210307	0.204195539575428	0.527050878963846	3.75281631641328	1	0.00646567939639559	0.0455071002130552	1	7888	1	2	singlet	A619	A619_Re1	A619_Re1	-4.86844631701965	-4.43374945795887	1_2
CB:Z:GCTTAAGCATACAACC-1_A619	CB:Z:GCTTAAGCATACAACC-1_A619	9356	3935	6399	455	0.0463765161553358	5436	3.73527944806046	0.42058572039333	0.683946130825139	0.0486318939717828	0.0370944860747529	0.149846952801238	3.74128991274101	1	0.00628919591264372	0.0380755856455209	1	6399	1	0.142857142857143	singlet	A619	A619_Re1	A619_Re1	6.65952065914612	2.80483094775326	1_1
CB:Z:GCATTCCAGATACCAA-1_A619	CB:Z:GCATTCCAGATACCAA-1_A619	9132	4108	6649	456	0.0475594493116396	5344	3.72786644946749	0.449846692947876	0.728098992553658	0.049934296977661	0.11481421796601	0.2711543477885	3.73242546854863	1	0.00530496720564885	0.0404390674965112	1	6649	1	0.857142857142857	singlet	A619	A619_Re1	A619_Re1	6.81890395611268	3.13720498406536	1_1
CB:Z:CTCTAGCAGCTTCAAC-1_A619	CB:Z:CTCTAGCAGCTTCAAC-1_A619	8552	3979	6710	281	0.0318125212272161	4951	3.69469292633148	0.465271281571562	0.784611786716558	0.0328578110383536	0.155783289999798	0.426419931376365	3.69275665695832	1	0.00502844593584524	0.0416674743315305	1	6710	1	2.28571428571429	singlet	A619	A619_Re1	A619_Re1	-4.50886341601867	-0.832672616604496	1_3
CB:Z:TCTAGTTCATAGATAG-1_A619	CB:Z:TCTAGTTCATAGATAG-1_A619	7963	3564	6365	261	0.0317363813229572	4629	3.66548718078281	0.447570011302273	0.799321863619239	0.0327765917367826	0.108767150091962	0.466835003905491	3.65783250335621	1	0.00523511571225458	0.0399886222205911	1	6365	1	1.28571428571429	singlet	A619	A619_Re1	A619_Re1	-4.85011288196105	-1.85371353304737	1_3
CB:Z:AGTGCGCAGGTTAGTA-1_A619	CB:Z:AGTGCGCAGGTTAGTA-1_A619	7706	3246	4235	318	0.0396311066799601	4237	3.62705846400099	0.421230210225798	0.549571762263172	0.0412665455489229	0.0388063080893033	-0.219338734494357	3.61187954504588	1	0.00337822443812607	0.0271917969100769	1	4235	1	1.14285714285714	singlet	A619	A619_Re1	A619_Re1	5.61017206638795	3.99702713811047	1_1
CB:Z:CCTTGCATCCCAATGA-1_A619	CB:Z:CCTTGCATCCCAATGA-1_A619	7682	3095	4529	134	0.0171443193449335	4510	3.65417654187796	0.402889872429055	0.589560010413955	0.0174433741213226	-0.00990725171124263	-0.109473370769983	3.64430727114488	1	0.00110958614257855	0.0256377976062458	1	4529	1	1.07142857142857	singlet	A619	A619_Re1	A619_Re1	-3.61281773120422	-2.24854352152698	1_2
CB:Z:AAACGAATCACACGTA-1_A619	CB:Z:AAACGAATCACACGTA-1_A619	7493	3271	5480	216	0.0280191983396031	4371	3.64058080648965	0.436540771386628	0.731349259308688	0.0288269051114373	0.0794725130934676	0.280084264845536	3.62804952657734	1	0.00225844636792241	0.0373618375175761	1	5480	1	2.64285714285714	singlet	A619	A619_Re1	A619_Re1	-5.23662182361144	-4.33353211558216	1_2
CB:Z:CTCGCTATCTGTTGCC-1_A619	CB:Z:CTCGCTATCTGTTGCC-1_A619	6951	2524	3926	350	0.0479386385426654	3914	3.59262082132198	0.363113221119263	0.564810818587254	0.0503524672708963	-0.115557556723023	-0.177470322066074	3.57069910263561	1	0.00472542954533166	0.0248007224689764	1	3926	1	1.28571428571429	singlet	A619	A619_Re1	A619_Re1	-3.94642826587219	-4.35282399332874	1_2
CB:Z:AGGCCCAAGTGCTAGG-1_A619	CB:Z:AGGCCCAAGTGCTAGG-1_A619	6746	2798	4328	330	0.0466365178066704	3965	3.59824319165362	0.414764304773199	0.641565372072339	0.0489178772605989	0.0216322911534866	0.0334083066836505	3.57742231826943	1	0.00246625845822792	0.0191987666082353	1	4328	1	0.357142857142857	singlet	A619	A619_Re1	A619_Re1	-3.06833454638976	-3.42938210642688	1_2
CB:Z:GCCAGCACACCACCAG-1_A619	CB:Z:GCCAGCACACCACCAG-1_A619	6307	2750	4200	317	0.0478562801932367	3708	3.56913972547246	0.43602346599017	0.665926748057714	0.0502616140795941	0.0780985041932624	0.100339756727855	3.5426204700656	1	0.00385652180515985	0.0277686704721847	1	4200	1	0.0714285714285714	singlet	A619	A619_Re1	A619_Re1	6.48816255062562	2.2324673923219	1_1
CB:Z:AGCTGGCGTAACATAG-1_A619	CB:Z:AGCTGGCGTAACATAG-1_A619	6223	2536	3882	185	0.0288701622971286	3730	3.57170883180869	0.407520488510365	0.623814880282822	0.0297284268037924	0.00239207428210482	-0.0153601272169392	3.54569260065569	1	0.00618705563042119	0.023855261107596	1	3882	1	0.285714285714286	singlet	A619	A619_Re1	A619_Re1	5.68210652798157	2.82138691270001	1_1
CB:Z:GGGACCTTCGCGATGC-1_A619	CB:Z:GGGACCTTCGCGATGC-1_A619	6148	2855	5027	103	0.0164773636218205	3538	3.5487578285737	0.46437865972674	0.817664281067014	0.0167534157449577	0.153412407407618	0.517229718794861	3.51824785143794	1	0.00475596094737286	0.0306274864509085	1	5027	1	1.71428571428571	singlet	A619	A619_Re1	A619_Re1	-3.86190792590637	-1.18019487536304	1_3
CB:Z:CGCAATACATCGACGC-1_A619	CB:Z:CGCAATACATCGACGC-1_A619	5952	2856	4980	286	0.0458480282141712	3384	3.52943035436699	0.479838709677419	0.836693548387097	0.0480510752688172	0.194475667863244	0.569511513377261	3.49513610868817	1	-0.000161655894670532	0.0338670498074323	1	4980	1	3	singlet	A619	A619_Re1	A619_Re1	-5.05577322513122	-4.21872307932727	1_2
CB:Z:AAACTGCAGGATGCCA-1_A619	CB:Z:AAACTGCAGGATGCCA-1_A619	5203	2229	3505	267	0.0488117001828154	3053	3.48472680429866	0.428406688448972	0.673649817413031	0.0513165481453008	0.0578676691697936	0.121558436290688	3.44167972126112	1	0.00351799478253838	0.0301322017605811	1	3505	1	0	singlet	A619	A619_Re1	A619_Re1	7.02243379085999	3.26924894177563	1_1
CB:Z:AGCTGTATCCTCCTGA-1_A619	CB:Z:AGCTGTATCCTCCTGA-1_A619	5127	2076	3268	32	0.00620275247140919	2799	3.44700289846616	0.404915155061439	0.637409791300956	0.006241466744685	-0.00452792185815841	0.0219910925258176	3.39656957402759	1	0.0023662997813979	0.0228342126914967	1	3268	1	0.642857142857143	singlet	A619	A619_Re1	A619_Re1	6.67001536816102	2.67208603942044	1_1
CB:Z:AAAGGGCCAAGGAGTC-1_A619	CB:Z:AAAGGGCCAAGGAGTC-1_A619	5059	1935	2851	57	0.0111415168100078	3330	3.52244423350632	0.382486657442182	0.563550108717138	0.0112670488238782	-0.0640999958363217	-0.180934048406596	3.48678212376372	1	0.00323386045124006	0.0160485933358523	1	2851	1	1.57142857142857	singlet	A619	A619_Re1	A619_Re1	3.88447526424866	1.99632986807473	1_4
CB:Z:CCCTAGTCAAAGCTGG-1_A619	CB:Z:CCCTAGTCAAAGCTGG-1_A619	4933	2197	3291	255	0.0491518889745567	2897	3.46194849520376	0.445367930265558	0.667139671599432	0.0516926819379688	0.102918228035211	0.103672192937071	3.41444147924121	1	-0.00139364098779202	0.0214333864406185	1	3291	1	0	singlet	A619	A619_Re1	A619_Re1	6.13595488995057	3.8824918063844	1_1
CB:Z:TTACGTTGTGAGAGTC-1_A619	CB:Z:TTACGTTGTGAGAGTC-1_A619	4931	1896	2481	255	0.0491708445815658	3300	3.51851393987789	0.38450618535794	0.503143378625025	0.0517136483471912	-0.0587359510197324	-0.346897992311952	3.48208228899484	1	0.0104383537724263	0.0118754765054751	1	2481	1	1.42857142857143	singlet	A619	A619_Re1	A619_Re1	4.81187299221497	2.37918720566876	1_1
CB:Z:GCAGCTGGTTCTTTCA-1_A619	CB:Z:GCAGCTGGTTCTTTCA-1_A619	4927	2188	3435	82	0.0163705330405271	2936	3.46775605124403	0.444083620864623	0.697178810635275	0.0166429876192409	0.0995069886404841	0.186202963569874	3.42138613945765	1	-0.00182893623506996	0.0230102303485191	1	3435	1	2.57142857142857	singlet	A619	A619_Re1	A619_Re1	-4.17860600024719	-3.85434939539783	1_2
CB:Z:GCGGAAATCAGCGGTC-1_A619	CB:Z:GCGGAAATCAGCGGTC-1_A619	4868	1892	2502	214	0.0421094057457694	3182	3.50270017531056	0.388660640920296	0.513968775677896	0.0439605587510271	-0.0477013494917558	-0.317155849565667	3.4631722309771	1	0.00611123029933192	0.015344302497059	1	2502	1	2.78571428571429	singlet	A619	A619_Re1	A619_Re1	5.05774143665772	2.71745405518658	1_1
CB:Z:CCTCCCTAGGAGAACA-1_A619	CB:Z:CCTCCCTAGGAGAACA-1_A619	4815	1921	3177	251	0.0495459928938018	2854	3.45545396877863	0.398961578400831	0.65981308411215	0.052128764278297	-0.020341148195527	0.0835428240256448	3.40667534164797	1	0.00398894773566248	0.0185767363372556	1	3177	1	0.0714285714285714	singlet	A619	A619_Re1	A619_Re1	5.73529032200318	2.29458997571118	1_2
CB:Z:TAAGTGCAGCTGCTCG-1_A619	CB:Z:TAAGTGCAGCTGCTCG-1_A619	4798	1980	3158	219	0.0436515846123181	2859	3.45621415535799	0.412671946644435	0.658190912880367	0.0456440183409754	0.0160748028476938	0.0790860038185925	3.40758437075731	1	-0.000322976437799863	0.024674123534857	1	3158	1	0.928571428571429	singlet	A619	A619_Re1	A619_Re1	-4.21565529376525	-5.07301070368641	1_2
CB:Z:CACATGATCACGGGTC-1_A619	CB:Z:CACATGATCACGGGTC-1_A619	4768	1874	2566	124	0.0253475061324612	3163	3.50009919191572	0.393036912751678	0.538171140939597	0.026006711409396	-0.0360775843286446	-0.250661272147805	3.46006198188428	1	0.00656798290530109	0.0149865762775846	1	2566	1	2.42857142857143	singlet	A619	A619_Re1	A619_Re1	5.41034081905823	2.228939333793	1_1
CB:Z:GTTACGACAAGGAGTC-1_A619	CB:Z:GTTACGACAAGGAGTC-1_A619	4616	1819	2568	221	0.0456894769485218	3094	3.49052030936335	0.394064124783362	0.55632582322357	0.0478769497400347	-0.0333492182926502	-0.20078234859736	3.44860757935796	1	-0.000403724184692475	0.0202984465100138	1	2568	1	0.785714285714286	singlet	A619	A619_Re1	A619_Re1	5.04184845417481	2.81636832081921	1_1
CB:Z:TTCGGTCCATCCGTAA-1_A619	CB:Z:TTCGGTCCATCCGTAA-1_A619	4476	1963	3103	234	0.0496815286624204	2620	3.41830129131975	0.438561215370867	0.69325290437891	0.0522788203753351	0.0848389910689918	0.175416766655796	3.36224826779905	1	0.00373847383167539	0.024930117262625	1	3103	1	0.0714285714285714	singlet	A619	A619_Re1	A619_Re1	6.21357062786561	2.56707457625515	1_1
CB:Z:TCAGCTCGTTACCACA-1_A619	CB:Z:TCAGCTCGTTACCACA-1_A619	4306	1991	3269	112	0.025350837483024	2547	3.40602894496361	0.462378077101719	0.759173246632606	0.0260102183000464	0.148098682959356	0.356529036221316	3.34757302835052	1	0.00281868768005803	0.0300837431999804	1	3269	1	1	singlet	A619	A619_Re1	A619_Re1	-3.11081072360534	-1.34443165934436	1_4
CB:Z:TTCGCGTCACTTATGG-1_A619	CB:Z:TTCGCGTCACTTATGG-1_A619	4091	1755	2971	200	0.0466091820088557	2410	3.38201704257487	0.428990466878514	0.726228306037644	0.0488878024932779	0.0594182363268946	0.266014746430591	3.31885965871899	1	0.008074639917654	0.0282238178475359	1	2971	1	0.0714285714285714	singlet	A619	A619_Re1	A619_Re1	6.01468423336487	2.22827274524815	1_1
CB:Z:GCTCACTCACAAACAA-1_A619	CB:Z:GCTCACTCACAAACAA-1_A619	4087	1698	2693	215	0.0499767549976755	2415	3.38291713508753	0.415463665280157	0.658918522143381	0.0526058233423049	0.023489854534019	0.0810850675442377	3.31993598697488	1	0.00499808783575005	0.0212352173665928	1	2693	1	0.214285714285714	singlet	A619	A619_Re1	A619_Re1	-3.9264907506134	-4.64989926493518	1_2
CB:Z:TACGCAACATGTGGGA-1_A619	CB:Z:TACGCAACATGTGGGA-1_A619	4081	1748	2779	211	0.049161230195713	2390	3.37839790094814	0.428326390590542	0.680960548885077	0.0517030139671649	0.0576543909536645	0.141644241731301	3.3145318986942	1	0.00556073663888131	0.0197341524373732	1	2779	1	0.214285714285714	singlet	A619	A619_Re1	A619_Re1	5.5578945013855	2.03529674732335	1_1
CB:Z:TTTGGTTAGCATGATA-1_A619	CB:Z:TTTGGTTAGCATGATA-1_A619	4004	1515	2280	54	0.0133070478068014	2417	3.38327665040765	0.378371628371628	0.569430569430569	0.0134865134865135	-0.0750298771139178	-0.164777827891209	3.32036589444775	1	0.00591664669987091	0.01995135286749	1	2280	1	1.14285714285714	singlet	A619	A619_Re1	A619_Re1	-2.86717459231872	-3.74843051112049	1_2
CB:Z:GAGACTTGTACTTGAC-1_A619	CB:Z:GAGACTTGTACTTGAC-1_A619	3984	1668	2245	70	0.0172668968919586	2359	3.3727279408856	0.418674698795181	0.563504016064257	0.017570281124498	0.032018643637536	-0.181060685263871	3.30775177538552	1	0.00509367703762811	0.0194472708392898	1	2245	1	2.21428571428571	singlet	A619	A619_Re1	A619_Re1	4.79265526264649	2.55564151131756	1_1
CB:Z:CGCAATAAGCAAGGTC-1_A619	CB:Z:CGCAATAAGCAAGGTC-1_A619	3701	1441	2228	40	0.0106923282544774	2415	3.38291713508753	0.389354228586868	0.601999459605512	0.0108078897595245	-0.0458591192860228	-0.0752967145481833	3.31993598697488	1	0.00721473652677552	0.0133307943642782	1	2228	1	1.42857142857143	singlet	A619	A619_Re1	A619_Re1	3.63288608520966	2.03975489163048	1_4
CB:Z:AGGACGATCCACGCTT-1_A619	CB:Z:AGGACGATCCACGCTT-1_A619	3692	1568	2419	178	0.0459948320413437	2200	3.34242268082221	0.424702058504875	0.655200433369447	0.0482123510292524	0.0480278442810352	0.070869836960305	3.27151282522272	1	0.00123182801361331	0.0168068156755123	1	2419	1	0.285714285714286	singlet	A619	A619_Re1	A619_Re1	5.11325076549988	2.28842923962719	1_1
CB:Z:ACAATCGTCAATTCCT-1_A619	CB:Z:ACAATCGTCAATTCCT-1_A619	3677	1762	2470	116	0.0305826522541524	2131	3.3285834497142	0.479194995920587	0.671743268969268	0.0315474571661681	0.192765907174243	0.116320306392066	3.25496390911491	1	0.0050957430782711	0.0121300689271773	1	2470	1	1.21428571428571	singlet	A619	A619_Re1	A619_Re1	5.33110741108399	2.70652613961346	1_1
CB:Z:CGCTATCCAATGACTC-1_A619	CB:Z:CGCTATCCAATGACTC-1_A619	3676	1823	2768	30	0.00809498111171074	2172	3.33685982091681	0.495919477693145	0.752992383025027	0.00816104461371056	0.237187610416006	0.339547476393618	3.26486077199986	1	2.12777486527166e-06	0.0284757612407908	1	2768	1	1.5	singlet	A619	A619_Re1	A619_Re1	6.29348710506898	3.09458360993512	1_1
CB:Z:TTCGCGTGTAATGCAA-1_A619	CB:Z:TTCGCGTGTAATGCAA-1_A619	3647	1512	2423	189	0.0492700729927007	2151	3.33264041038746	0.414587332053743	0.664381683575542	0.0518234165067179	0.0211622359534226	0.0960947827877269	3.25981521200237	1	-0.00166860111385697	0.0236331031845946	1	2423	1	0.0714285714285714	singlet	A619	A619_Re1	A619_Re1	6.15872291058045	2.14028779589779	1_1
CB:Z:TACCTATAGAAGAGTG-1_A619	CB:Z:TACCTATAGAAGAGTG-1_A619	3325	1407	2240	165	0.0472779369627507	1952	3.29047981333067	0.423157894736842	0.673684210526316	0.0496240601503759	0.0439264086973742	0.121652929349909	3.20939968108864	1	0.0028267764072125	0.0166989590318015	1	2240	1	0	singlet	A619	A619_Re1	A619_Re1	-3.33062263995666	-4.29377629435413	1_2
CB:Z:ATATTCCGTATCCCTC-1_A619	CB:Z:ATATTCCGTATCCCTC-1_A619	3161	1391	2119	158	0.0476047002109069	1871	3.27207378750001	0.440050616893388	0.670357481809554	0.0499841822208162	0.0887949732836296	0.112512937542786	3.18738980387995	1	0.00259827528002091	0.0222892752124261	1	2119	1	0.285714285714286	singlet	A619	A619_Re1	A619_Re1	-3.52335688144225	-4.35597827113025	1_2
CB:Z:TACCTCGGTGGTGGTA-1_A619	CB:Z:TACCTCGGTGGTGGTA-1_A619	3012	1335	2267	98	0.0315112540192926	1758	3.24501887073775	0.443227091633466	0.75265604249668	0.0325365205843293	0.0972319712233944	0.338623400541563	3.15503760567557	1	0.00151701055514309	0.0240031223040884	1	2267	1	2.5	singlet	A619	A619_Re1	A619_Re1	-4.14147659808654	-4.55865218317859	1_2
CB:Z:TAATTCCAGTATGGGC-1_A619	CB:Z:TAATTCCAGTATGGGC-1_A619	3011	1240	1928	150	0.0474533375514078	1798	3.25478968739721	0.411823314513451	0.640318830953172	0.0498173364330787	0.013820760827338	0.0299835081543844	3.1667215225016	1	-8.48079434079682e-05	0.0206348972323636	1	1928	1	0.0714285714285714	singlet	A619	A619_Re1	A619_Re1	-3.76499125033874	-4.08024336970203	1_2
CB:Z:TGCTTTAAGCAGAAAG-1_A619	CB:Z:TGCTTTAAGCAGAAAG-1_A619	3009	1153	1771	45	0.0147347740667976	1851	3.2674064187529	0.383183781987371	0.588567630442007	0.0149551345962114	-0.0622483713680677	-0.11219987647135	3.18180857662554	1	0.00561711267745326	0.0136505861249531	1	1771	1	2.21428571428571	singlet	A619	A619_Re1	A619_Re1	-3.41750046283264	-4.09021212733142	1_2
CB:Z:ACTGCGGCAATGTGTC-1_A619	CB:Z:ACTGCGGCAATGTGTC-1_A619	2937	1183	1909	120	0.0392541707556428	1930	3.28555730900777	0.402791964589717	0.649982975825672	0.0408580183861083	-0.0101673035946577	0.0565351787226673	3.20351336338469	1	0.000634643883960909	0.0178724670463155	1	1909	1	0.642857142857143	singlet	A619	A619_Re1	A619_Re1	5.44130328625184	2.62902913415081	1_1
CB:Z:GCAGCTGCAGAACTTC-1_A619	CB:Z:GCAGCTGCAGAACTTC-1_A619	2864	1209	1932	141	0.0469217970049917	1702	3.23095955574857	0.42213687150838	0.674581005586592	0.049231843575419	0.0412144806702756	0.12411682111911	3.13822551384233	1	0.00284302769222944	0.0174731684872053	1	1932	1	0.142857142857143	singlet	A619	A619_Re1	A619_Re1	5.20863154858094	2.23932958566792	1_2
CB:Z:ACAGGCCCATTTGTTC-1_A619	CB:Z:ACAGGCCCATTTGTTC-1_A619	2818	1214	1902	148	0.0498988536749831	1666	3.22167499707077	0.430801987224982	0.674946770759404	0.0525195173882186	0.0642297946365384	0.125121739454045	3.12712306303001	1	0.00226666173423894	0.0187805983019275	1	1902	1	0.214285714285714	singlet	A619	A619_Re1	A619_Re1	5.18381741970521	2.12509123408444	1_1
CB:Z:CGTGGCAGTGCGACCT-1_A619	CB:Z:CGTGGCAGTGCGACCT-1_A619	2775	1187	1795	139	0.047700754975978	1634	3.2132520521964	0.427747747747748	0.646846846846847	0.0500900900900901	0.0561174643693243	0.0479188485036985	3.11705092773442	1	0.00173334202694725	0.0266243669927571	1	1795	1	0.357142857142857	singlet	A619	A619_Re1	A619_Re1	5.01192549198609	2.29613588177807	1_2
CB:Z:ACTAACGTCCCAATAG-1_A619	CB:Z:ACTAACGTCCCAATAG-1_A619	2768	1134	1842	135	0.0465036169479848	1660	3.22010808804005	0.409682080924855	0.665462427745665	0.048771676300578	0.00813345497610701	0.0990640639349248	3.12524935733816	1	-0.000582144813126682	0.00754313116128691	1	1842	1	0.142857142857143	singlet	A619	A619_Re1	A619_Re1	4.89256671398621	1.57911008023865	1_2
CB:Z:ATGTTTCAGCTCGGCT-1_A619	CB:Z:ATGTTTCAGCTCGGCT-1_A619	2756	1176	1883	143	0.0493273542600897	1643	3.21563756343506	0.426705370101597	0.683236574746009	0.0518867924528302	0.0533488171195688	0.14789748913825	3.11990351579042	1	0.000612361723413278	0.0167987398567238	1	1883	1	0.0714285714285714	singlet	A619	A619_Re1	A619_Re1	-3.63560339480895	-3.92180039561145	1_2
CB:Z:AAATGAGTCAGCGGTC-1_A619	CB:Z:AAATGAGTCAGCGGTC-1_A619	2718	1066	1556	95	0.033771773906861	1779	3.25017594808393	0.392200147167035	0.572479764532745	0.0349521707137601	-0.038300107752057	-0.156400343393667	3.1612044251829	1	0.00611006141513733	0.00983019768004343	1	1556	1	1.57142857142857	singlet	A619	A619_Re1	A619_Re1	4.83617738216858	2.3498853238786	1_2
CB:Z:GTCACGGAGCAAGGTC-1_A619	CB:Z:GTCACGGAGCAAGGTC-1_A619	2613	1077	1561	90	0.0332963374028857	1725	3.23678909940929	0.412169919632606	0.597397627248374	0.034443168771527	0.0147413746887771	-0.0879399787344319	3.14519646679739	1	0.00568637909591843	0.01028998031775	1	1561	1	0.714285714285714	singlet	A619	A619_Re1	A619_Re1	5.75110510319214	1.81579593369014	1_2
CB:Z:GAAGTGGCAAGCAGGT-1_A619	CB:Z:GAAGTGGCAAGCAGGT-1_A619	2586	1085	1689	134	0.0492647058823529	1570	3.19589965240923	0.419566898685228	0.653132250580046	0.0518174787316319	0.0343884054805041	0.0651876261880488	3.09630097377341	1	0.00113250612713673	0.0207918789239651	1	1689	1	0	singlet	A619	A619_Re1	A619_Re1	4.91061976879578	1.71252543651707	1_2
CB:Z:TGCCTCACAGCAACGA-1_A619	CB:Z:TGCCTCACAGCAACGA-1_A619	2553	1199	1803	121	0.0452505609573672	1502	3.17666993266815	0.469643556600078	0.706227967097532	0.0473952213082648	0.167396439300891	0.211064989592517	3.07330612555617	1	-0.00276916585886046	0.0178975742369271	1	1803	1	0.142857142857143	singlet	A619	A619_Re1	A619_Re1	5.48064259022217	2.41419211947567	1_2
CB:Z:CTTGTCGAGTCGACCC-1_A619	CB:Z:CTTGTCGAGTCGACCC-1_A619	2543	1066	1692	133	0.0497010463378176	1499	3.17580163284828	0.419189933149823	0.665355878883209	0.0523004325599685	0.0333871516674493	0.0987713271917695	3.07226781491858	1	0.00550586287355156	0.0202844701503827	1	1692	1	0.571428571428571	singlet	A619	A619_Re1	A619_Re1	5.44855550259095	1.99708234691269	1_2
CB:Z:ATTTGTCAGATGGGTC-1_A619	CB:Z:ATTTGTCAGATGGGTC-1_A619	2539	1067	1610	89	0.0338660578386606	1630	3.21218760440396	0.420244190626231	0.63410791650256	0.0350531705395825	0.0361873527974024	0.0129193854000082	3.11577806386787	1	0.00726869923436981	0.0160591385960558	1	1610	1	1.57142857142857	singlet	A619	A619_Re1	A619_Re1	-3.49203440219421	-3.6113522259032	1_2
CB:Z:GTGTCCTGTGTCCTTC-1_A619	CB:Z:GTGTCCTGTGTCCTTC-1_A619	2536	1017	1681	132	0.0494752623688156	1477	3.16938049531195	0.40102523659306	0.662854889589905	0.0520504731861199	-0.0148598894603201	0.0919000059640061	3.06458943556527	1	0.0054590532537198	0.0212287816653744	1	1681	1	0.285714285714286	singlet	A619	A619_Re1	A619_Re1	5.13460854023438	1.62373417043335	1_1
CB:Z:CACAGATCAGTGCGAA-1_A619	CB:Z:CACAGATCAGTGCGAA-1_A619	2516	1013	1619	119	0.0451612903225806	1495	3.17464119266045	0.402623211446741	0.643481717011129	0.0472972972972973	-0.010615526872387	0.0386733518771183	3.07088016359846	1	0.000990487227935847	0.0146784037935272	1	1619	1	0	singlet	A619	A619_Re1	A619_Re1	6.03221229046326	2.40236995541699	1_2
CB:Z:GCTTTCGGTTGCAGCC-1_A619	CB:Z:GCTTTCGGTTGCAGCC-1_A619	2512	1092	1725	127	0.0481242895035998	1498	3.17551181336345	0.434713375796178	0.686703821656051	0.0505573248407643	0.0746187887312911	0.157423546430323	3.07192124954198	1	-0.00252515994968941	0.0173937446235119	1	1725	1	0.0714285714285714	singlet	A619	A619_Re1	A619_Re1	5.23655322521668	1.78581153401382	1_2
CB:Z:TTAGCTTAGTGCACAG-1_A619	CB:Z:TTAGCTTAGTGCACAG-1_A619	2430	1045	1581	126	0.0492957746478873	1423	3.15320490008428	0.430041152263374	0.650617283950617	0.0518518518518519	0.0622089496656673	0.058277903050015	3.04524670139692	1	0.00398901154666007	0.0172993398099025	1	1581	1	0.0714285714285714	singlet	A619	A619_Re1	A619_Re1	6.10754970043641	1.72172956341155	1_2
CB:Z:TGAGTCAGTCGTAATC-1_A619	CB:Z:TGAGTCAGTCGTAATC-1_A619	2423	1049	1668	102	0.0403960396039604	1462	3.16494737262184	0.43293437886917	0.6884028064383	0.0420965744944284	0.0698936155011571	0.162091407356866	3.05928831912884	1	-0.00320384648586966	0.0160695550851342	1	1668	1	0.0714285714285714	singlet	A619	A619_Re1	A619_Re1	-3.79993149310607	-4.13711239970081	1_2
CB:Z:AGCCGCACACTCGCAG-1_A619	CB:Z:AGCCGCACACTCGCAG-1_A619	2408	935	1292	91	0.0364145658263305	1403	3.14705767102836	0.38828903654485	0.536544850498339	0.0377906976744186	-0.048688363589643	-0.255129409641016	3.03789586108303	1	0.00193540209424786	0.00712881695071949	1	1292	1	1.21428571428571	singlet	A619	A619_Re1	A619_Re1	4.69180873363953	2.48937890851147	1_1
CB:Z:CCACGTTGTACCCATA-1_A619	CB:Z:CCACGTTGTACCCATA-1_A619	2368	1001	1605	115	0.0463149416028997	1420	3.15228834438306	0.422719594594595	0.677787162162162	0.0485641891891892	0.0427622447421304	0.132925548048184	3.04415068650351	1	0.00172841185341963	0.0124443980166597	1	1605	1	0.142857142857143	singlet	A619	A619_Re1	A619_Re1	-3.64000937015075	-3.07705952799671	1_1
CB:Z:CAACGGCGTTAACCGT-1_A619	CB:Z:CAACGGCGTTAACCGT-1_A619	2345	999	1589	118	0.047909053999188	1376	3.13861843389949	0.426012793176972	0.677611940298507	0.050319829424307	0.0515092715338734	0.132444136266645	3.02780424355243	1	0.0022841749867883	0.0148518022763133	1	1589	1	0.357142857142857	singlet	A619	A619_Re1	A619_Re1	5.250155243573	2.05051855170376	1_2
CB:Z:TCAGCTCTCGCTATTT-1_A619	CB:Z:TCAGCTCTCGCTATTT-1_A619	2339	1006	1518	116	0.0472505091649695	1388	3.14238946611884	0.430098332620778	0.648995297135528	0.049593843522873	0.0623608257538108	0.0538215895169994	3.0323136339478	1	0.00090802435932447	0.0183006085366403	1	1518	1	0	singlet	A619	A619_Re1	A619_Re1	6.43734410732728	2.24905420267231	1_2
CB:Z:CCTAAAGTCCATGTTT-1_A619	CB:Z:CCTAAAGTCCATGTTT-1_A619	2323	950	1425	119	0.0487305487305487	1398	3.14550717140966	0.408953938872148	0.613430908308222	0.0512268618166164	0.00619944526369309	-0.0438894804807121	3.03604177772285	1	0.00113698447377156	0.0119358067945204	1	1425	1	0.142857142857143	singlet	A619	A619_Re1	A619_Re1	3.05251232117158	1.19139377200253	1_2
CB:Z:TTGCACCGTGTCTACA-1_A619	CB:Z:TTGCACCGTGTCTACA-1_A619	2294	1001	1536	120	0.0497100248550124	1348	3.1296898921993	0.436355710549259	0.669572798605057	0.05231037489102	0.0789809751366534	0.110357066514242	3.01712751690422	1	-0.000173566684799831	0.0141063567676244	1	1536	1	0.285714285714286	singlet	A619	A619_Re1	A619_Re1	5.59803727596741	1.96250399374611	1_4
CB:Z:AGGACGAAGGGTAGTC-1_A619	CB:Z:AGGACGAAGGGTAGTC-1_A619	2268	857	1354	70	0.029940119760479	1496	3.17493159352844	0.377865961199295	0.59700176366843	0.0308641975308642	-0.0763729738611888	-0.0890275906756125	3.07122742419152	1	0.00201683377404732	0.00949354950309815	1	1354	1	2.42857142857143	singlet	A619	A619_Re1	A619_Re1	-3.9779815343048	-4.09759642756336	1_2
CB:Z:AGGCCCAGTTCCTGTC-1_A619	CB:Z:AGGCCCAGTTCCTGTC-1_A619	2189	894	1290	47	0.0210196779964222	1445	3.15986784709257	0.408405664687072	0.589310187300137	0.0214709913202376	0.0047431805210363	-0.110159745105833	3.05321423587989	1	0.00644330500471744	0.00794674095278148	1	1290	1	1.57142857142857	singlet	A619	A619_Re1	A619_Re1	-3.96531626254577	-2.85800530588977	1_4
CB:Z:GGAGTAGTCATCGCCT-1_A619	CB:Z:GGAGTAGTCATCGCCT-1_A619	2104	882	1364	85	0.0388305162174509	1247	3.09586645347854	0.419201520912548	0.64828897338403	0.0403992395437262	0.0334179297904418	0.0518810064843837	2.97668153796948	1	-0.00104853452461696	0.0141332953258636	1	1364	1	0.357142857142857	singlet	A619	A619_Re1	A619_Re1	-3.43784805804748	-4.41117026484363	1_2
CB:Z:GGAACTTAGCCTGGTC-1_A619	CB:Z:GGAACTTAGCCTGGTC-1_A619	2043	798	1224	47	0.022488038277512	1339	3.12678057701201	0.390602055800294	0.599118942731278	0.0230053842388644	-0.0425447798089858	-0.0832107655190752	3.0136485654661	1	0.000109559499732672	0.0116226079212609	1	1224	1	0.642857142857143	singlet	A619	A619_Re1	A619_Re1	-3.28356310397643	-2.56937100565784	1_2
CB:Z:GTGACATAGACAGTGC-1_A619	CB:Z:GTGACATAGACAGTGC-1_A619	1943	753	1111	40	0.0201714573877963	1190	3.07554696139253	0.387545033453423	0.571796191456511	0.0205867215645908	-0.0506645016241617	-0.158278420281893	2.95238354285252	1	0.00340161976639702	0.00813038091886248	1	1111	1	0.642857142857143	singlet	A619	A619_Re1	A619_Re1	-3.38469645053405	-4.0411470142638	1_2
CB:Z:ACAGAAACAATGTGTC-1_A619	CB:Z:ACAGAAACAATGTGTC-1_A619	1918	704	1066	96	0.0476663356504469	1267	3.10277661488344	0.367049009384776	0.555787278415016	0.0500521376433785	-0.105103754881468	-0.202261968836052	2.98494469077678	1	0.00384251495026164	0.00985781064136173	1	1066	1	2	singlet	A619	A619_Re1	A619_Re1	-3.16299768954772	-2.12787916338794	1_4
CB:Z:AGCGATTAGTATACGA-1_A619	CB:Z:AGCGATTAGTATACGA-1_A619	1897	795	1165	43	0.0221649484536082	1129	3.05269394192497	0.419082762256194	0.614127569847127	0.0226673695308382	0.033102496292312	-0.0419754438098391	2.92505596236576	1	-2.47944613000534e-05	0.0117852755257289	1	1165	1	0.928571428571429	singlet	A619	A619_Re1	A619_Re1	6.41533282726746	2.38883558833249	1_1
CB:Z:TCAGTTTCATGGCCTG-1_A619	CB:Z:TCAGTTTCATGGCCTG-1_A619	1878	819	1232	91	0.0462163534789233	1119	3.04883008652835	0.436102236421725	0.656017039403621	0.0484558040468584	0.0783077254284776	0.0731134140889076	2.9204355742595	1	0.002718669722817	0.0182257539393879	1	1232	1	0.142857142857143	singlet	A619	A619_Re1	A619_Re1	-2.99041649371642	-3.88396241343372	1_1
CB:Z:CCCGTTATCGGACGAA-1_A619	CB:Z:CCCGTTATCGGACGAA-1_A619	1877	798	1328	93	0.0472081218274112	1121	3.04960561259497	0.425146510388918	0.707511987213639	0.0495471497069792	0.0492083478067468	0.214592759465144	2.92136294628731	1	-0.00270974988514035	0.0167310076938277	1	1328	1	0.0714285714285714	singlet	A619	A619_Re1	A619_Re1	5.40441945522767	2.53816268765576	1_1
CB:Z:CTGTTCGGTTGGAGGT-1_A619	CB:Z:CTGTTCGGTTGGAGGT-1_A619	1867	869	1484	26	0.0137348124669836	1104	3.04296907339318	0.465452597750402	0.794858061060525	0.013926084627745	0.156264881812261	0.454570968485442	2.91342699018978	1	-0.000777407957038178	0.0211145402962333	1	1484	1	2	singlet	A619	A619_Re1	A619_Re1	-3.53049608737487	-2.40578915751331	1_2
CB:Z:GCGATTAAGGTACTCT-1_A619	CB:Z:GCGATTAAGGTACTCT-1_A619	1838	784	1218	90	0.0466804979253112	1101	3.04178731897175	0.426550598476605	0.662676822633297	0.0489662676822633	0.0529377299905851	0.0914107774566383	2.91201385136526	1	0.000195484050237236	0.00789068532157696	1	1218	1	0.142857142857143	singlet	A619	A619_Re1	A619_Re1	-3.34490820437927	-4.20710398829334	1_2
CB:Z:CCCACATGTCCGTAGC-1_A619	CB:Z:CCCACATGTCCGTAGC-1_A619	1829	771	1185	85	0.0444096133751306	1098	3.04060234011407	0.4215418261345	0.647895024603608	0.046473482777474	0.0396339875122001	0.0507986553424523	2.91059685676836	1	0.00274750086876267	0.0126178501933134	1	1185	1	1.21428571428571	singlet	A619	A619_Re1	A619_Re1	-3.69954201251525	-3.66977765238636	1_2
CB:Z:ACCGCAGAGCAAGGTC-1_A619	CB:Z:ACCGCAGAGCAAGGTC-1_A619	1746	659	870	25	0.0141163184641446	1134	3.05461305455689	0.377434135166094	0.498281786941581	0.0143184421534937	-0.0775199420100244	-0.360254929994419	2.92735083219626	1	0.00223284912520938	0.0100526040106951	1	870	1	0.428571428571429	singlet	A619	A619_Re1	A619_Re1	-3.21169039279479	-2.14819409525745	1_2
CB:Z:CTTGCTGCAATCCATG-1_A619	CB:Z:CTTGCTGCAATCCATG-1_A619	1716	707	1159	90	0.0498338870431894	1035	3.01494034979294	0.412004662004662	0.675407925407925	0.0524475524475524	0.0143024358082302	0.126388734772319	2.87991031633345	1	0.00258722385599205	0.0174097451451446	1	1159	1	0.785714285714286	singlet	A619	A619_Re1	A619_Re1	-4.05999418765563	-3.70787074244373	1_2
CB:Z:AACGTACAGAGGAACA-1_A619	CB:Z:AACGTACAGAGGAACA-1_A619	1703	743	1231	69	0.0389390519187359	1010	3.00432137378264	0.436288901937757	0.722842043452731	0.0405167351732237	0.0788035255537905	0.256711188816492	2.86721217278965	1	-0.000891548542694265	0.0125218311503443	1	1231	1	0.571428571428571	singlet	A619	A619_Re1	A619_Re1	-3.56714531451721	-4.67885949290149	1_1
CB:Z:ATCCTGCGTGTGTGCC-1_A619	CB:Z:ATCCTGCGTGTGTGCC-1_A619	1621	669	1033	79	0.0464705882352941	986	2.99387691494121	0.412708204811845	0.637260950030845	0.0487353485502776	0.0161711077481776	0.0215821598759991	2.85472271641672	1	0.00155141213397744	0.00673954657248583	1	1033	1	0.285714285714286	singlet	A619	A619_Re1	A619_Re1	6.48817780941468	2.25540734254963	1_2
CB:Z:ACCAAACAGTGAATAC-1_A619	CB:Z:ACCAAACAGTGAATAC-1_A619	1605	683	1039	74	0.0440738534842168	959	2.98181860717066	0.425545171339564	0.647352024922118	0.0461059190031153	0.0502672265621237	0.0493067956019561	2.84030342374507	1	0.00131745445422396	0.015230269423996	1	1039	1	0.285714285714286	singlet	A619	A619_Re1	A619_Re1	-3.07899328738708	-3.60391261256092	1_2
CB:Z:TGACAACTCCCGTATC-1_A619	CB:Z:TGACAACTCCCGTATC-1_A619	1589	686	1066	83	0.0496411483253589	959	2.98181860717066	0.431718061674009	0.670862177470107	0.052234109502832	0.0666629694203929	0.113899559234931	2.84030342374507	1	0.00987780795437091	0.0117308082288206	1	1066	1	1.21428571428571	singlet	A619	A619_Re1	A619_Re1	6.15976336925965	1.94510621004946	1_1
CB:Z:CCTTGCACAAGGTTCT-1_A619	CB:Z:CCTTGCACAAGGTTCT-1_A619	1586	675	1086	66	0.0399515738498789	926	2.96661098668193	0.425598991172762	0.684741488020177	0.0416141235813367	0.050410176800663	0.152032149992025	2.82211819121999	1	0.00701502799351393	0.0117498110607766	1	1086	1	0.142857142857143	singlet	A619	A619_Re1	A619_Re1	-3.77186008960266	-3.76560952341907	1_2
CB:Z:TTACTCAGTGCATTCA-1_A619	CB:Z:TTACTCAGTGCATTCA-1_A619	1575	549	828	82	0.0494870247435124	936	2.97127584873811	0.348571428571429	0.525714285714286	0.0520634920634921	-0.154181844276324	-0.28488575042528	2.82769642097998	1	0.00613337050652726	0.0149866973123409	1	828	1	0	singlet	A619	A619_Re1	A619_Re1	-3.0385341313507	-4.2370526996886	1_1
CB:Z:AGGCCTGTCGCTATAG-1_A619	CB:Z:AGGCCTGTCGCTATAG-1_A619	1565	660	1048	76	0.0463132236441194	922	2.96473092105363	0.421725239616613	0.669648562300319	0.0485623003194888	0.0401211499477118	0.110565222818208	2.81987001369357	1	0.00792291648971587	0.00813817128270984	1	1048	1	0	singlet	A619	A619_Re1	A619_Re1	-3.15303370028991	-3.050009032849	1_2
CB:Z:ATTACTCGTATGGTTC-1_A619	CB:Z:ATTACTCGTATGGTTC-1_A619	1563	660	1056	82	0.0498480243161094	945	2.97543180850926	0.422264875239923	0.675623800383877	0.0524632117722329	0.041554469906043	0.126981838592784	2.83266610672795	1	0.00407917677331949	0.0139747998006852	1	1056	1	0.785714285714286	singlet	A619	A619_Re1	A619_Re1	-2.62521883517761	-0.176659843090702	1_2
CB:Z:GACTAGTGTCTTAGCA-1_A619	CB:Z:GACTAGTGTCTTAGCA-1_A619	1562	639	997	78	0.0475609756097561	931	2.96894968098134	0.409090909090909	0.638284250960307	0.0499359795134443	0.0065632502827966	0.02439361909249	2.82491479570334	1	0.00627257481464379	0.00990889776817171	1	997	1	0.285714285714286	singlet	A619	A619_Re1	A619_Re1	4.95492461651307	2.9288419278825	1_1
CB:Z:CTGGGACGTTGCCTGG-1_A619	CB:Z:CTGGGACGTTGCCTGG-1_A619	1514	600	887	54	0.0344387755102041	918	2.96284268120124	0.396301188903567	0.585865257595773	0.035667107001321	-0.0274073780711147	-0.119624487185751	2.81761206145152	1	0.00181367755237691	0.0150708260580692	1	887	1	0.357142857142857	singlet	A619	A619_Re1	A619_Re1	6.57797530621033	3.15880904519207	1_1
CB:Z:CAGTGCGAGCAACGGT-1_A619	CB:Z:CAGTGCGAGCAACGGT-1_A619	1485	635	971	63	0.0406976744186047	868	2.93851972517649	0.427609427609428	0.653872053872054	0.0424242424242424	0.0557500738444412	0.0672201922923304	2.78852673470134	1	-0.00243740552634061	0.0146336880518848	1	971	1	0.0714285714285714	singlet	A619	A619_Re1	A619_Re1	6.33235743969422	2.71542237126477	1_1
CB:Z:ACCTGCTAGAGGAATG-1_A619	CB:Z:ACCTGCTAGAGGAATG-1_A619	1483	670	1049	44	0.0288146692861821	897	2.95279244304409	0.451786918408631	0.707349966284558	0.0296695886716116	0.119967628446042	0.214147616476202	2.80559401313451	1	-0.00283890254171636	0.021504203032007	1	1049	1	0.785714285714286	singlet	A619	A619_Re1	A619_Re1	6.51366475552064	2.5249272378648	1_1
CB:Z:GACCGACTCGTGGTAT-1_A619	CB:Z:GACCGACTCGTGGTAT-1_A619	1469	651	1025	74	0.0479585223590408	867	2.93801909747621	0.443158611300204	0.697753573859769	0.0503744043567052	0.0970500813996362	0.187782091779649	2.78792808541595	1	0.00201381210315454	0.0121025468422864	1	1025	1	2.07142857142857	singlet	A619	A619_Re1	A619_Re1	-3.04603144198913	-2.39286210215442	1_2
CB:Z:TAGCCGGCATCCCTTG-1_A619	CB:Z:TAGCCGGCATCCCTTG-1_A619	1440	614	960	75	0.0495049504950495	844	2.92634244662566	0.426388888888889	0.666666666666667	0.0520833333333333	0.0525082150187873	0.102372639658673	2.77396517708398	1	0.00724427897525379	0.0150120058207152	1	960	1	0.857142857142857	singlet	A619	A619_Re1	A619_Re1	5.81797221630555	2.27076436006672	1_2
CB:Z:TAGGAGGGTTCTACCC-1_A619	CB:Z:TAGGAGGGTTCTACCC-1_A619	1427	658	939	65	0.0435656836461126	841	2.92479599579791	0.461107217939734	0.65802382620883	0.0455501051156272	0.144723168589255	0.0786269429997065	2.77211593525736	1	0.00862289114599962	0.0109493283126062	1	939	1	1.35714285714286	singlet	A619	A619_Re1	A619_Re1	6.17080453365784	4.25437734448559	1_1
CB:Z:CCACGTTTCACTCGTC-1_A619	CB:Z:CCACGTTTCACTCGTC-1_A619	1315	520	729	43	0.0316642120765832	881	2.94497590841205	0.395437262357414	0.554372623574145	0.0326996197718631	-0.0297020434112886	-0.206148649944229	2.79624702160948	1	0.00671971698379713	0.00925991511994339	1	729	1	3.5	singlet	A619	A619_Re1	A619_Re1	4.12857750385743	2.12315834486134	1_1
CB:Z:CAAGAAAGTTACACTG-1_A619	CB:Z:CAAGAAAGTTACACTG-1_A619	1292	584	923	46	0.0343796711509716	759	2.88024177589548	0.452012383900929	0.714396284829721	0.0356037151702786	0.120566484741041	0.233506962926266	2.71883811644937	1	-0.000253321760260058	0.0101878923770242	1	923	1	1.78571428571429	singlet	A619	A619_Re1	A619_Re1	4.77867797344666	3.76770267808087	1_2
CB:Z:GCGCATGAGTGTAATG-1_A619	CB:Z:GCGCATGAGTGTAATG-1_A619	1289	542	860	60	0.044477390659748	763	2.88252453795488	0.420480993017843	0.667183863460047	0.0465477114041893	0.0368163208999842	0.103793607479207	2.72156783730743	1	0.000485958672299873	0.0146118490591219	1	860	1	1.35714285714286	singlet	A619	A619_Re1	A619_Re1	-4.24705788165588	-3.04441239512317	1_1
CB:Z:TTACGTTGTGTCGGTC-1_A619	CB:Z:TTACGTTGTGTCGGTC-1_A619	1279	551	822	63	0.0469448584202683	814	2.9106244048892	0.430805316653636	0.642689601250977	0.0492572322126661	0.0642386378936042	0.0364970603383466	2.75516958417527	1	0.000957061421694829	0.0140566379985317	1	822	1	2.42857142857143	singlet	A619	A619_Re1	A619_Re1	4.29338124721985	2.81753275715954	1_1
CB:Z:GCACGGTGTTTGATCG-1_A619	CB:Z:GCACGGTGTTTGATCG-1_A619	1270	549	817	53	0.0400604686318972	761	2.88138465677057	0.432283464566929	0.643307086614173	0.0417322834645669	0.0681647295264999	0.0381935651156051	2.72020477038957	1	0.000314618002711524	0.00921721326070727	1	817	1	0.142857142857143	singlet	A619	A619_Re1	A619_Re1	-5.08026691943664	-3.17137267268055	1_2
CB:Z:TTGTTGTTCCTGGGAC-1_A619	CB:Z:TTGTTGTTCCTGGGAC-1_A619	1204	530	774	55	0.0436854646544877	716	2.85491302230786	0.440199335548173	0.642857142857143	0.0456810631229236	0.0891899831882233	0.0369573710634113	2.68855005962267	1	0.00281265310143865	0.00871325527592638	1	774	1	1.78571428571429	singlet	A619	A619_Re1	A619_Re1	-3.37061020404357	-2.18244197047107	1_2
CB:Z:TCAATTCAGACAGCTG-1_A619	CB:Z:TCAATTCAGACAGCTG-1_A619	1190	549	808	61	0.0487609912070344	715	2.85430604180108	0.461344537815126	0.678991596638655	0.0512605042016807	0.145353511174539	0.136234661049162	2.6878242339314	1	-0.000383445940886601	0.0149993158340553	1	808	1	1.07142857142857	singlet	A619	A619_Re1	A619_Re1	7.05751708477479	2.63318769061215	1_2
CB:Z:CAGCCTTCATGGTTTG-1_A619	CB:Z:CAGCCTTCATGGTTTG-1_A619	1174	542	927	37	0.0305532617671346	691	2.8394780473742	0.461669505962521	0.789608177172061	0.0315161839863714	0.14621665532471	0.440147220769815	2.67009295725118	1	0.00451015902653191	0.0124140889125708	1	927	1	2.92857142857143	singlet	A619	A619_Re1	A619_Re1	-4.29276606112975	-2.63606717265003	1_2
CB:Z:CAACCAATCCGAGAGA-1_A619	CB:Z:CAACCAATCCGAGAGA-1_A619	1166	541	888	56	0.0458265139116203	697	2.84323277809801	0.463979416809605	0.761578044596912	0.0480274442538593	0.152351982897757	0.36313607742092	2.67458285436113	1	-0.000526419732684136	0.0108303811541978	1	888	1	2.14285714285714	singlet	A619	A619_Re1	A619_Re1	7.04165509670716	3.62009141766674	1_2
CB:Z:CTTGAAGGTTCTTAGG-1_A619	CB:Z:CTTGAAGGTTCTTAGG-1_A619	1137	570	921	21	0.0181347150259067	660	2.81954393554187	0.50131926121372	0.810026385224274	0.0184696569920844	0.251529913178078	0.496245048456533	2.64625579882652	1	0.000215008806589494	0.00953430896753405	1	921	1	1.92857142857143	singlet	A619	A619_Re1	A619_Re1	-4.12183567554016	-3.14233519709461	1_2
CB:Z:CGAGTTAGTTCCGGCA-1_A619	CB:Z:CGAGTTAGTTCCGGCA-1_A619	1086	376	605	56	0.0490367775831874	660	2.81954393554187	0.34622467771639	0.557090239410681	0.0515653775322284	-0.160415022169819	-0.198682160009026	2.64625579882652	1	0.00153267986914751	0.00792118783121835	1	605	1	1	singlet	A619	A619_Re1	A619_Re1	-3.87969681293029	-3.91644408381336	1_2
CB:Z:CAACCAATCGAGGTAG-1_A619_2	CB:Z:CAACCAATCGAGGTAG-1_A619_2	133242	59282	87138	5311	0.038331901871486	65888	4.81880632493794	0.444919770042479	0.653982978340163	0.0398598039657165	0.13171967198896	0.19216784592936	5.07265034850516	1	0.00136809138224442	0.0599038645707056	1	87138	1	1.82608695652174	singlet	A619	A619_Re2	A619_Re2	6.54336646526795	3.54482481801159	1_1
CB:Z:GGTGTCGCAATGATGA-1_A619_2	CB:Z:GGTGTCGCAATGATGA-1_A619_2	126530	52949	80533	6014	0.0453736117817479	63411	4.80216460212337	0.418469928080297	0.636473563581759	0.0475302299849838	0.0590282585958347	0.143424026792592	5.05252819909902	1	0.00469698294433408	0.0660967495683336	1	80533	1	1.1304347826087	singlet	A619	A619_Re2	A619_Re2	6.70963433712464	3.60949061238415	1_1
CB:Z:ACAGACTTCCATGACA-1_A619_2	CB:Z:ACAGACTTCCATGACA-1_A619_2	122105	52728	80752	3768	0.0299349344180245	60673	4.78299546933393	0.43182506858851	0.661332459768232	0.0308586871954465	0.0957318442351675	0.212627798384761	5.0293500607372	1	0.00583878401761336	0.0664620326926684	1	80752	1	1.65217391304348	singlet	A619	A619_Re2	A619_Re2	6.76559499233704	3.31294379555828	1_1
CB:Z:TAACGGTTCGAGGCTC-1_A619_2	CB:Z:TAACGGTTCGAGGCTC-1_A619_2	120003	50398	79331	5392	0.0430001196219945	61085	4.78593457821307	0.419972834012483	0.661075139788172	0.0449322100280826	0.063158655917819	0.211911454706723	5.03290385072913	1	0.00921266542559184	0.071698789761833	1	79331	1	1.1304347826087	singlet	A619	A619_Re2	A619_Re2	6.03249410122376	3.25683889710553	1_1
CB:Z:GATGATCAGGCGTCCT-1_A619_2	CB:Z:GATGATCAGGCGTCCT-1_A619_2	113059	43493	63641	4293	0.0365822482786829	59928	4.77762978406295	0.384692947929842	0.56290078631511	0.0379713247065691	-0.0338001382920828	-0.0613925360656297	5.02286220356687	1	0.0079766569356134	0.0613147606665013	1	63641	1	1.52173913043478	singlet	A619	A619_Re2	A619_Re2	6.25481799572449	3.36981461369641	1_1
CB:Z:GATTGACCAAGTGGCA-1_A619_2	CB:Z:GATTGACCAAGTGGCA-1_A619_2	112641	44877	68285	5203	0.0441515902379417	58601	4.76790502712349	0.398407329480385	0.60621798457045	0.0461909961736845	0.00389074016938171	0.0591966273303884	5.01110362458712	1	0.00636231723899411	0.0580123119622771	1	68285	1	1.08695652173913	singlet	A619	A619_Re2	A619_Re2	6.17437842815858	3.77555988156445	1_1
CB:Z:CCACGTTCAATGGTCT-1_A619_2	CB:Z:CCACGTTCAATGGTCT-1_A619_2	103218	42202	62408	4289	0.0398950765996633	54491	4.73632477799948	0.408862795248891	0.604623224631363	0.0415528299327637	0.0326252250666006	0.0547570334827358	4.97291872641058	1	0.00659170775359575	0.0592136465634183	1	62408	1	1.91304347826087	singlet	A619	A619_Re2	A619_Re2	6.61160520046692	3.16040513836987	1_1
CB:Z:TTTGTGTTCCTGTGGG-1_A619_2	CB:Z:TTTGTGTTCCTGTGGG-1_A619_2	100416	43944	60109	3116	0.0300969748483561	52739	4.72213189074753	0.437619502868069	0.598599824729127	0.0310309114085405	0.111656537403352	0.0379887108703484	4.95575755860539	1	0.00317888947875914	0.0545831274031218	1	60109	1	1.30434782608696	singlet	A619	A619_Re2	A619_Re2	6.27641585796815	3.65644023739941	1_1
CB:Z:GTTATGGTCGTTCTAT-1_A619_2	CB:Z:GTTATGGTCGTTCTAT-1_A619_2	100252	40986	64458	5168	0.0490229557958642	51861	4.71484088671592	0.408829749032438	0.642959741451542	0.0515500937637154	0.0325344050085958	0.161480660057382	4.94694172420653	1	0.00328931829698215	0.0629798759379373	1	64458	1	0.869565217391304	singlet	A619	A619_Re2	A619_Re2	6.71814015835267	3.73055479848034	1_1
CB:Z:AAAGATGGTGGTAAGC-1_A619_2	CB:Z:AAAGATGGTGGTAAGC-1_A619_2	99597	42231	63179	4331	0.0416730813640212	51298	4.71010043322301	0.42401879574686	0.634346416056708	0.0434852455395243	0.0742780674223136	0.137502338622601	4.94120985891229	1	0.00666825812235993	0.0629683108402247	1	63179	1	1.95652173913043	singlet	A619	A619_Re2	A619_Re2	5.75520900219422	3.98849199139721	1_1
CB:Z:GGAACCCGTGAGTCGA-1_A619_2	CB:Z:GGAACCCGTGAGTCGA-1_A619_2	99537	40134	59853	4455	0.0428398338333718	52726	4.72202482530794	0.403206847704874	0.601314084209892	0.0447572259561771	0.0170811313952726	0.0455448385334483	4.95562810164978	1	0.00671673811043486	0.0591728438848141	1	59853	1	1.04347826086957	singlet	A619	A619_Re2	A619_Re2	6.59146359890442	3.78979668938763	1_1
CB:Z:CTCGCTATCCAGGCCA-1_A619_2	CB:Z:CTCGCTATCCAGGCCA-1_A619_2	94749	40987	65265	4727	0.0475189995576823	47898	4.68031737965469	0.432585040475361	0.688819934775037	0.0498897085985076	0.0978204552247247	0.289149174384211	4.90519801925179	1	0.00181317139973396	0.0575372958536335	1	65265	1	1	singlet	A619	A619_Re2	A619_Re2	6.90064195126038	3.63623545491345	1_1
CB:Z:GGAGAACCACTCGCAG-1_A619_2	CB:Z:GGAGAACCACTCGCAG-1_A619_2	94170	39986	60465	3577	0.0365944734876774	48129	4.68240683822019	0.424615057874058	0.642083466071997	0.037984496124031	0.075916759133242	0.159041229088164	4.90772446425399	1	0.00126845001204822	0.0541017213854262	1	60465	1	0.478260869565217	singlet	A619	A619_Re2	A619_Re2	6.49814275234681	3.41966030919201	1_1
CB:Z:GAGATTCGTATGTCCA-1_A619_2	CB:Z:GAGATTCGTATGTCCA-1_A619_2	90642	37543	56633	4108	0.0433562005277045	47678	4.67831802929969	0.414189889896516	0.624798658458551	0.0453211535491273	0.0472655408676742	0.110922685564642	4.90278052756496	1	0.00819547827884588	0.0542326434918981	1	56633	1	0.826086956521739	singlet	A619	A619_Re2	A619_Re2	6.12496665447693	3.59145698868878	1_1
CB:Z:CGCGCAATCATTCTTG-1_A619_2	CB:Z:CGCGCAATCATTCTTG-1_A619_2	89643	37318	57125	4715	0.0499692659869857	47222	4.67414437686744	0.416295750923106	0.637249980478119	0.0525975257409948	0.053053024008451	0.145585465383948	4.89773400331103	1	0.00724908737222147	0.0576474625874903	1	57125	1	0.782608695652174	singlet	A619	A619_Re2	A619_Re2	5.9261293742035	3.99715707623608	1_1
CB:Z:CTCTCGAGTCCAACCG-1_A619_2	CB:Z:CTCTCGAGTCCAACCG-1_A619_2	89618	38779	61538	3475	0.0373282631347147	46100	4.66370092538965	0.432714410051552	0.686670088598273	0.0387756923832266	0.0981759982694367	0.28316429626818	4.88510642302421	1	0.00658217396061865	0.0674844884499709	1	61538	1	1.60869565217391	singlet	A619	A619_Re2	A619_Re2	6.80303004711609	2.64891503178723	1_1
CB:Z:TCAAAGCGTACTATGC-1_A619_2	CB:Z:TCAAAGCGTACTATGC-1_A619_2	87411	36125	51778	3200	0.0353158005098719	46554	4.66795700225173	0.413277505119493	0.59235107709556	0.036608664813353	0.0447580574923482	0.0205930509534056	4.89025260983775	1	0.0070415262948219	0.0480204157142291	1	51778	1	1.60869565217391	singlet	A619	A619_Re2	A619_Re2	6.37392571896058	3.60075257146008	1_1
CB:Z:GATCGTAAGAGGCGGA-1_A619_2	CB:Z:GATCGTAAGAGGCGGA-1_A619_2	86513	33605	50791	4425	0.0486595262706459	46182	4.66447273694312	0.388438731751298	0.587090957428363	0.0511483823240438	-0.0235056979458599	0.00594959626155022	4.88603965016454	1	0.00953955805049739	0.0465288385723939	1	50791	1	0.869565217391304	singlet	A619	A619_Re2	A619_Re2	5.80335000484925	3.43835101449139	1_1
CB:Z:CTTGTCGGTTTCTTAC-1_A619_2	CB:Z:CTTGTCGGTTTCTTAC-1_A619_2	80961	33273	48165	3365	0.0399046557408154	43955	4.64300828439044	0.410975654944974	0.594916070700708	0.0415632217981497	0.0384319424688909	0.0277336428064988	4.86008615208031	1	0.00909712494896919	0.0472281355493924	1	48165	1	1.69565217391304	singlet	A619	A619_Re2	A619_Re2	6.50063279598694	3.83222077214367	1_1
CB:Z:TATCTGTGTTAACTCG-1_A619_2	CB:Z:TATCTGTGTTAACTCG-1_A619_2	80060	32009	45829	3218	0.0386416580609525	43590	4.63938686901768	0.39981264051961	0.572433175118661	0.0401948538596053	0.00775291998294497	-0.0348556676326832	4.85570735897072	1	0.00527729437964259	0.0436077159728946	1	45829	1	0.956521739130435	singlet	A619	A619_Re2	A619_Re2	6.28058150738221	3.7347011359895	1_1
CB:Z:GCGCCAAAGCCAGAAC-1_A619_2	CB:Z:GCGCCAAAGCCAGAAC-1_A619_2	79899	35632	53497	4151	0.0493872694824509	42309	4.62643276062758	0.445963028323258	0.669557816743639	0.0519530907771061	0.134586831614047	0.235526068731127	4.8400440465028	1	0.00301769153438425	0.0576951340546053	1	53497	1	1	singlet	A619	A619_Re2	A619_Re2	6.79101470440369	3.31733880364544	1_1
CB:Z:TAACTTCTCTGGTACA-1_A619_2	CB:Z:TAACTTCTCTGGTACA-1_A619_2	78925	33592	51564	2851	0.0348635296419487	41716	4.62030265878587	0.425619258789991	0.653329109914476	0.0361229014887551	0.0786765784173877	0.190347565541882	4.83263190375123	1	0.00464414178118185	0.0635816330688212	1	51564	1	1.78260869565217	singlet	A619	A619_Re2	A619_Re2	2.8967274758194	1.17372963750012	1_4
CB:Z:TTTACGTAGGCAAGCT-1_A619_2	CB:Z:TTTACGTAGGCAAGCT-1_A619_2	78631	28696	41185	3977	0.0481430369939957	43347	4.63695904579077	0.364945123424604	0.523775610128321	0.0505780163040022	-0.0880725712532193	-0.170311682596652	4.85277178419592	1	0.00432177749784636	0.0447144809918361	1	41185	1	0.782608695652174	singlet	A619	A619_Re2	A619_Re2	5.79098084896546	3.92154786908276	1_1
CB:Z:CCCTAACGTGCCCGAT-1_A619_2	CB:Z:CCCTAACGTGCCCGAT-1_A619_2	77769	30224	42812	3025	0.0374408990766641	42728	4.63071256496108	0.388638146305083	0.550502128097314	0.0388972469750158	-0.0229576521092703	-0.0959087070539709	4.84521892311788	1	0.00298308739554126	0.0436887858581995	1	42812	1	0.608695652173913	singlet	A619	A619_Re2	A619_Re2	6.23509887188416	3.62798748337872	1_1
CB:Z:ATAGGCTCATGGTAAA-1_A619_2	CB:Z:ATAGGCTCATGGTAAA-1_A619_2	77678	28041	38675	3765	0.0462286507127684	43085	4.63432609728159	0.360990241767296	0.497888720100929	0.0484693220731739	-0.0989416697485257	-0.242377248631801	4.84958818452474	1	0.0049922291705603	0.0411305372891723	1	38675	1	1	singlet	A619	A619_Re2	A619_Re2	5.03329399555665	3.70109305703289	1_1
CB:Z:GAACCGCGTGCTTACA-1_A619_2	CB:Z:GAACCGCGTGCTTACA-1_A619_2	77500	30836	45995	3223	0.0399266627850798	42383	4.62719169417123	0.397883870967742	0.593483870967742	0.0415870967741935	0.00245213274060898	0.0237465943691484	4.84096170234437	1	0.000484054828110999	0.0428035680448998	1	45995	1	1.39130434782609	singlet	A619	A619_Re2	A619_Re2	3.41271332233887	2.04583376073487	1_4
CB:Z:GTGGATTAGTTATGAG-1_A619_2	CB:Z:GTGGATTAGTTATGAG-1_A619_2	77443	32128	48690	2208	0.0277209325683293	40996	4.61274148445941	0.414859961520086	0.628720478287256	0.0285112921761812	0.0491070812996193	0.121840496299901	4.82348939602061	1	0.0102079482445385	0.0491033446190706	1	48690	1	1.47826086956522	singlet	A619	A619_Re2	A619_Re2	2.96069529980164	2.21705801212437	1_4
CB:Z:CGGTGCAAGTCTAGAA-1_A619_2	CB:Z:CGGTGCAAGTCTAGAA-1_A619_2	77201	29330	43411	2977	0.0371298860036419	41477	4.61780733666197	0.379917358583438	0.562311369023717	0.0385616766622194	-0.0469247664040994	-0.0630333932983897	4.8296147134547	1	0.0069607920088256	0.0432235809006589	1	43411	1	1.69565217391304	singlet	A619	A619_Re2	A619_Re2	5.75935438602906	3.44703898751385	1_1
CB:Z:ACGTGGCAGCCTGTAT-1_A619_2	CB:Z:ACGTGGCAGCCTGTAT-1_A619_2	76727	32866	54464	3584	0.0446265144251721	40355	4.60589735164498	0.428349863802833	0.709841385692129	0.0467110665085302	0.0861810292222623	0.34767002248985	4.81521389085915	1	0.0104235206479909	0.0625697360433012	1	54464	1	1.73913043478261	singlet	A619	A619_Re2	A619_Re2	-4.5294222500946	-0.590058585766483	1_3
CB:Z:AGTGTACTCAAGGCCC-1_A619_2	CB:Z:AGTGTACTCAAGGCCC-1_A619_2	76262	29641	42965	2659	0.0336919197678691	41976	4.62300105119028	0.388673257979072	0.563386745692481	0.0348666439380032	-0.0228611556079861	-0.0600396915345446	4.83589463416219	1	0.00143561326785816	0.0389490121503865	1	42965	1	1.17391304347826	singlet	A619	A619_Re2	A619_Re2	6.07255128353577	3.83311555707104	1_1
CB:Z:TTAGGTGTCAGTGGTT-1_A619_2	CB:Z:TTAGGTGTCAGTGGTT-1_A619_2	76191	33199	50619	1897	0.0242931052146296	40220	4.60444206626072	0.43573387932958	0.664369807457574	0.0248979538265674	0.106474327228482	0.221083359491033	4.81345424912874	1	-0.00312134470138703	0.0578047763904025	1	50619	1	1.04347826086957	singlet	A619	A619_Re2	A619_Re2	-3.83569427997131	0.336380699511837	1_3
CB:Z:GGACACCTCCCGGGTA-1_A619_2	CB:Z:GGACACCTCCCGGGTA-1_A619_2	75912	28395	41113	3064	0.0387965964343598	41770	4.62086447526512	0.37405153335441	0.541587627779534	0.0403625250289809	-0.0630456614636893	-0.120725458337788	4.83331121774175	1	0.00594036224161881	0.0492830775376963	1	41113	1	1.95652173913043	singlet	A619	A619_Re2	A619_Re2	5.60404542416077	3.83969614827282	1_1
CB:Z:CTCTCGAAGAGTAAGG-1_A619_2	CB:Z:CTCTCGAAGAGTAAGG-1_A619_2	74915	23243	28749	2574	0.0332176179844881	43333	4.63681875684754	0.310258292731763	0.383754922245211	0.0343589401321498	-0.238366967066131	-0.560110152719953	4.85260215541967	1	0.00660801377040897	0.0271278213829032	1	28749	1	1.30434782608696	singlet	A619	A619_Re2	A619_Re2	4.66505268543702	3.40666148984082	1_1
CB:Z:ATTGTGGCAAGTTGCT-1_A619_2	CB:Z:ATTGTGGCAAGTTGCT-1_A619_2	74729	30920	48302	3889	0.0494670431707751	39603	4.59772808577644	0.413761725702204	0.646362188708533	0.0520413761725702	0.0460888283378464	0.170952608492299	4.80533611617339	1	0.000909559896307026	0.0585970820410157	1	48302	1	1.47826086956522	singlet	A619	A619_Re2	A619_Re2	6.91215995281678	3.36576757752545	1_1
CB:Z:TGTGACAAGACACGGT-1_A619_2	CB:Z:TGTGACAAGACACGGT-1_A619_2	74263	28461	43445	2531	0.0329583040341693	40128	4.6034475148146	0.38324603099794	0.585015418175942	0.0340815749431076	-0.0377766624994032	0.000171578473564491	4.81225169858671	1	0.00616217261682768	0.0529631961104736	1	43445	1	1.26086956521739	singlet	A619	A619_Re2	A619_Re2	6.76268580883484	3.55073068463452	1_1
CB:Z:ATTACCTAGGTCCTCG-1_A619_2	CB:Z:ATTACCTAGGTCCTCG-1_A619_2	73685	26112	33464	3062	0.0398973249768721	41052	4.61333432023269	0.354373345999864	0.454149419827645	0.0415552690506887	-0.117126712453027	-0.364141486392318	4.82420621663685	1	0.00263691196676168	0.0331731028188316	1	33464	1	1.60869565217391	singlet	A619	A619_Re2	A619_Re2	5.44308999508362	3.7811608108247	1_1
CB:Z:CAACGTATCCATTGAG-1_A619_2	CB:Z:CAACGTATCCATTGAG-1_A619_2	73618	31081	48348	3625	0.0469298188832645	39077	4.59192121488664	0.422192941943546	0.656741557771197	0.0492406748349588	0.0692601208575728	0.1998473542805	4.79831480444211	1	0.000674751783969783	0.0571458062354757	1	48348	1	0.91304347826087	singlet	A619	A619_Re2	A619_Re2	6.43974593609315	3.80858800732739	1_1
CB:Z:TCACAGATCTTAAGCG-1_A619_2	CB:Z:TCACAGATCTTAAGCG-1_A619_2	73197	29069	41217	3568	0.0464795154041555	40043	4.60252660713492	0.397133762312663	0.563096848231485	0.0487451671516592	0.000390628614646338	-0.060846726469863	4.81113819356525	1	0.0019353658176166	0.0424896546415057	1	41217	1	1.04347826086957	singlet	A619	A619_Re2	A619_Re2	6.13201383083802	4.01259873234875	1_1
CB:Z:CGTGGCACATTACTCT-1_A619_2	CB:Z:CGTGGCACATTACTCT-1_A619_2	72618	22982	27198	3255	0.0429006365900913	42106	4.62434398612605	0.316478008207332	0.374535239196893	0.0448235974551764	-0.221273484637441	-0.585776491041732	4.83751842862874	1	0.00628897959464335	0.0269572476935567	1	27198	1	1.69565217391304	singlet	A619	A619_Re2	A619_Re2	5.36195949047547	3.49370799386151	1_1
CB:Z:ACCGCAGCATGCGTTA-1_A619_2	CB:Z:ACCGCAGCATGCGTTA-1_A619_2	71714	29472	44759	2710	0.0364129850585833	38903	4.58998309318197	0.410965780740162	0.624131968653262	0.0377889951752796	0.0384048054483792	0.109066712207579	4.79597134667976	1	0.00455742191966391	0.0517745596522343	1	44759	1	1.95652173913043	singlet	A619	A619_Re2	A619_Re2	6.65859845608216	3.11453781449444	1_1
CB:Z:TTGCAGAAGTGCTGAG-1_A619_2	CB:Z:TTGCAGAAGTGCTGAG-1_A619_2	70468	31360	49434	3323	0.0450325920505211	37018	4.56841295108822	0.445024692058807	0.7015099052052	0.0471561559856956	0.132008026440144	0.324476318782449	4.76989005529193	1	-0.00183429613849819	0.0547349630996873	1	49434	1	0.869565217391304	singlet	A619	A619_Re2	A619_Re2	7.21914819210511	3.0422714742387	1_1
CB:Z:ACAAACCTCGATAGGG-1_A619_2	CB:Z:ACAAACCTCGATAGGG-1_A619_2	69935	26863	38445	2807	0.038588435841742	38131	4.58127819496124	0.384113819975692	0.549724744405519	0.0401372703224423	-0.0353917406004384	-0.0980728370717666	4.78544591824218	1	0.00540090303716728	0.0430991532850721	1	38445	1	1.65217391304348	singlet	A619	A619_Re2	A619_Re2	6.08256152599793	3.64637182080395	1_1
CB:Z:TAGCTTTAGTAGGAAG-1_A619_2	CB:Z:TAGCTTTAGTAGGAAG-1_A619_2	69720	32312	52658	970	0.0137218842834913	34924	4.54312397954786	0.463453815261044	0.755278255880666	0.013912794033276	0.18265630687532	0.474160063029202	4.73931218367775	1	0.00799833430061394	0.0566870133893993	1	52658	1	1.04347826086957	singlet	A619	A619_Re2	A619_Re2	-5.29882236987609	-4.31973912394397	1_2
CB:Z:AGTGCCGTCCATTGAG-1_A619_2	CB:Z:AGTGCCGTCCATTGAG-1_A619_2	69587	28816	42693	1946	0.0272042274195127	37741	4.5768134032144	0.414100334832656	0.613519766623076	0.0279649934614224	0.0470194190126615	0.0795237912396509	4.78004736620533	1	0.00599325631965689	0.0469577728865752	1	42693	1	1	singlet	A619	A619_Re2	A619_Re2	5.85084441631775	3.31400642716534	1_1
CB:Z:GCCAGCACAAGGCTTT-1_A619_2	CB:Z:GCCAGCACAAGGCTTT-1_A619_2	69370	30013	45633	3070	0.0423799006073992	36251	4.5593199912792	0.432651001874009	0.65782038345106	0.0442554418336457	0.0980017352226901	0.202850657620155	4.75889540660923	1	0.00640378482734919	0.0626703066965972	1	45633	1	1.43478260869565	singlet	A619	A619_Re2	A619_Re2	-3.39867254764099	0.374428966876339	1_3
CB:Z:CCGTACTGTCAGAGTG-1_A619_2	CB:Z:CCGTACTGTCAGAGTG-1_A619_2	67396	30915	45913	1987	0.0286381390254097	34839	4.54206568075828	0.458706748174966	0.681242210220191	0.0294824618671731	0.169610065750235	0.268053824238805	4.73803255376217	1	0.00067814454321587	0.0577588134599973	1	45913	1	1.73913043478261	singlet	A619	A619_Re2	A619_Re2	-3.6185278561737	0.423907616969418	1_3
CB:Z:GCCCGAATCAGTTGAC-1_A619_2	CB:Z:GCCCGAATCAGTTGAC-1_A619_2	66151	22753	31408	3358	0.0483102907537153	37869	4.5782838369345	0.343955495759701	0.474792520143308	0.0507626490907167	-0.145757819571101	-0.306673914683451	4.78182532437333	1	0.00772193899959655	0.0367662783302107	1	31408	1	1.56521739130435	singlet	A619	A619_Re2	A619_Re2	5.96608546703797	3.75538621270306	1_1
CB:Z:AACCTTTTCCGTCAAA-1_A619_2	CB:Z:AACCTTTTCCGTCAAA-1_A619_2	65123	26278	38552	1784	0.0266638767244085	35761	4.55340965465435	0.403513351657632	0.591987469864718	0.0273943153724491	0.0179234882444546	0.0195808180865988	4.75174899046404	1	0.00586007979320451	0.0456148986015498	1	38552	1	1.39130434782609	singlet	A619	A619_Re2	A619_Re2	5.88443234890442	3.84834716641552	1_1
CB:Z:TAACTTCGTGTTGTTG-1_A619_2	CB:Z:TAACTTCGTGTTGTTG-1_A619_2	64515	27289	42007	2407	0.0359672454499268	34419	4.53679824830442	0.42298690227079	0.651119894598155	0.0373091529101759	0.0714421413947051	0.184197411850354	4.73166349786547	1	0.00616977663048767	0.0501335517309999	1	42007	1	1.52173913043478	singlet	A619	A619_Re2	A619_Re2	7.05282453030091	3.37250683629162	1_1
CB:Z:GCTCACTCACATTGCA-1_A619_2	CB:Z:GCTCACTCACATTGCA-1_A619_2	64491	28681	46571	1753	0.0264627739870781	34489	4.53768060228917	0.444728721837156	0.722131770324541	0.0271820874230513	0.131194619170457	0.381884774605199	4.73273038612626	1	0.0050505438823469	0.0586224939209582	1	46571	1	1.56521739130435	singlet	A619	A619_Re2	A619_Re2	-4.16008278399963	-4.77025487101429	1_2
CB:Z:ATGTCTTAGGATGTAT-1_A619_2	CB:Z:ATGTCTTAGGATGTAT-1_A619_2	64123	29050	47875	2697	0.0403621670158635	33440	4.52426626876698	0.453035572259564	0.746611980100744	0.0420597913385213	0.154024120341523	0.450034334954647	4.71651059768699	1	0.00946374286095715	0.0527261839489652	1	47875	1	1.08695652173913	singlet	A619	A619_Re2	A619_Re2	-4.94414278537292	-1.61182787096851	1_3
CB:Z:TACAGCAGTCCAAGTT-1_A619_2	CB:Z:TACAGCAGTCCAAGTT-1_A619_2	64030	27181	44374	2314	0.0348788134571325	33525	4.52536878652364	0.424504138684991	0.693018897391848	0.0361393096985788	0.0756119228080509	0.300838512787576	4.71784369446246	1	0.00844714998162468	0.0514108631769258	1	44374	1	1	singlet	A619	A619_Re2	A619_Re2	-4.66180321246642	-4.31900431788318	1_2
CB:Z:TCAGTTTTCGACTCGG-1_A619_2	CB:Z:TCAGTTTTCGACTCGG-1_A619_2	63404	27966	49097	2703	0.0408882569168167	32447	4.51117454878893	0.44107627279036	0.774351775913192	0.0426313797236767	0.121156688360226	0.527258137613377	4.70068089373644	1	0.0026532678466993	0.0614889044825321	1	49097	1	0.869565217391304	singlet	A619	A619_Re2	A619_Re2	-5.02731892138976	-2.21984316981189	1_2
CB:Z:AACATCGGTCATCAAC-1_A619_2	CB:Z:AACATCGGTCATCAAC-1_A619_2	63326	21934	28829	2003	0.0306601968497911	35661	4.55219351742578	0.346366421375107	0.455247449704703	0.031629978208003	-0.139131935347668	-0.361084721190706	4.7502785119995	1	0.00592071140775922	0.0347293010903553	1	28829	1	1.73913043478261	singlet	A619	A619_Re2	A619_Re2	5.77840069263917	3.52726981961377	1_1
CB:Z:TTAGCGACACTCGGAC-1_A619_2	CB:Z:TTAGCGACACTCGGAC-1_A619_2	63216	17278	24431	2463	0.0375005709587539	36397	4.56106558867271	0.273316881802075	0.38646861554037	0.038961655277145	-0.339892086840181	-0.552555601240249	4.76100607579575	1	0.00346475489514461	0.0378201432994839	1	24431	1	0.652173913043478	singlet	A619	A619_Re2	A619_Re2	4.98566440075379	3.77268860661633	1_1
CB:Z:TTGACGAGTCAACAGG-1_A619_2	CB:Z:TTGACGAGTCAACAGG-1_A619_2	63193	28510	45309	1892	0.0290696781132365	33493	4.52495404945368	0.451157564920165	0.716993970851202	0.0299400250027693	0.148862841568715	0.367581842625748	4.71734221986282	1	0.00443000856087564	0.0533667587684172	1	45309	1	1.30434782608696	singlet	A619	A619_Re2	A619_Re2	-4.55226894885558	-1.03145577586048	1_3
CB:Z:TGGGTGCGTGCAACAG-1_A619_2	CB:Z:TGGGTGCGTGCAACAG-1_A619_2	63156	25887	38253	2583	0.0392917446264774	34465	4.53737828283021	0.409889796693901	0.605690670720122	0.0408987269618089	0.0354477064523612	0.0577286575950574	4.73236483999925	1	0.00539406099653665	0.0407071490989512	1	38253	1	1.08695652173913	singlet	A619	A619_Re2	A619_Re2	5.8090000483368	4.16184995495922	1_1
CB:Z:TCTCTGGTCGGGCTCA-1_A619_2	CB:Z:TCTCTGGTCGGGCTCA-1_A619_2	62625	22966	33339	1747	0.02713912881377	35246	4.54710983688775	0.36672255489022	0.532359281437126	0.0278962075848303	-0.0831877025409684	-0.146415914087026	4.74413163763684	1	0.00464142644542013	0.0367364454515281	1	33339	1	0.956521739130435	singlet	A619	A619_Re2	A619_Re2	5.04277661770325	3.98971293294079	1_1
CB:Z:ATTACTCGTTTCGTTT-1_A619_2	CB:Z:ATTACTCGTTTCGTTT-1_A619_2	62595	24964	36967	2214	0.034161921955284	34193	4.53393720627446	0.398817796948638	0.590574327022925	0.0353702372393961	0.00501881724681391	0.0156468214313602	4.72820410151417	1	0.00241939482305517	0.0421389137276815	1	36967	1	1.17391304347826	singlet	A619	A619_Re2	A619_Re2	6.25259211987	3.9840006622041	1_1
CB:Z:GTTGGGCGTACTTCAG-1_A619_2	CB:Z:GTTGGGCGTACTTCAG-1_A619_2	62570	27475	42730	1215	0.0190483656031982	32659	4.51400288275427	0.439108198817325	0.682915135048745	0.0194182515582548	0.115747881798481	0.272711018462463	4.70410074150432	1	0.00781434880088416	0.0485572887775542	1	42730	1	0.956521739130435	singlet	A619	A619_Re2	A619_Re2	-3.87313934833068	-0.461031934384037	1_3
CB:Z:GCAGATTTCAATGCAC-1_A619_2	CB:Z:GCAGATTTCAATGCAC-1_A619_2	62264	25524	38817	2806	0.0431227908406332	33978	4.53119781201017	0.409931902865219	0.623426056790441	0.0450661698573815	0.0355634257489103	0.107101549999555	4.7248917941718	1	0.00454258417953029	0.0543603525055354	1	38817	1	1.65217391304348	singlet	A619	A619_Re2	A619_Re2	5.57920697658997	3.89625737988598	1_1
CB:Z:TACGGATCAAGGTTCT-1_A619_2	CB:Z:TACGGATCAAGGTTCT-1_A619_2	61588	26820	44852	788	0.012633063998974	32152	4.50720799318398	0.435474443073326	0.728258751704878	0.0127947002662856	0.1057613253066	0.39894145390478	4.69588477825009	1	0.00379769072895369	0.0508077375164045	1	44852	1	1.21739130434783	singlet	A619	A619_Re2	A619_Re2	-5.01071497470397	-4.82300450480335	1_2
CB:Z:TATGTGGCAAGGCGTA-1_A619_2	CB:Z:TATGTGGCAAGGCGTA-1_A619_2	61414	23107	33269	2966	0.0460702081391737	34153	4.53342885812652	0.376249715048686	0.541716872374377	0.0482951769954733	-0.0570044558307689	-0.120365659038819	4.72758943814686	1	0.0061824973698731	0.0389786079121039	1	33269	1	0.956521739130435	singlet	A619	A619_Re2	A619_Re2	5.39426711529236	3.52879116856701	1_1
CB:Z:ATCCTGCCAGGTGGTA-1_A619_2	CB:Z:ATCCTGCCAGGTGGTA-1_A619_2	61063	24061	37351	1585	0.0253000893883284	33440	4.52426626876698	0.394035668080507	0.611679740595778	0.0259567987160801	-0.00812378326284282	0.0744014101024679	4.71651059768699	1	0.00298699175558828	0.0448681284805964	1	37351	1	1.30434782608696	singlet	A619	A619_Re2	A619_Re2	-3.93497463733215	0.154978612300228	1_3
CB:Z:CACATGATCGGATAAA-1_A619_2	CB:Z:CACATGATCGGATAAA-1_A619_2	60983	26765	42574	1314	0.0210925084675024	32801	4.51588708419527	0.43889280619189	0.698128986766804	0.0215469885049932	0.11515592384275	0.315064303637955	4.7063790021946	1	0.0029911833625044	0.0496262181136325	1	42574	1	1.82608695652174	singlet	A619	A619_Re2	A619_Re2	-3.12327572375793	-3.43990924036853	1_2
CB:Z:TTGTCTAGTTTGTAGC-1_A619_2	CB:Z:TTGTCTAGTTTGTAGC-1_A619_2	60981	21498	32228	2825	0.0442748330877974	33981	4.53123615523025	0.352536035814434	0.528492481264656	0.0463259047900166	-0.122176144295057	-0.157180557614269	4.7249381564392	1	0.000752221899054651	0.0391005159034547	1	32228	1	1.78260869565217	singlet	A619	A619_Re2	A619_Re2	6.25929168194275	4.00738213383801	1_1
CB:Z:ACTGTCCAGTGAGCAC-1_A619_2	CB:Z:ACTGTCCAGTGAGCAC-1_A619_2	60880	20507	28287	3076	0.0480955657014197	34989	4.5439315303455	0.33684296977661	0.464635348226018	0.0505256241787122	-0.165304989918866	-0.334950093968074	4.74028862451769	1	0.00535763606834237	0.0358829070466903	1	28287	1	1.17391304347826	singlet	A619	A619_Re2	A619_Re2	5.38022187679749	4.06265399777539	1_1
CB:Z:TTCATCATCTGTAGAC-1_A619_2	CB:Z:TTCATCATCTGTAGAC-1_A619_2	60660	27321	42746	2449	0.0388058755486539	31977	4.50483771692865	0.450395647873393	0.70468183316848	0.0403725684141114	0.146768884746689	0.333306532989511	4.69301878573988	1	0.000889533565928167	0.0550157244611528	1	42746	1	1.30434782608696	singlet	A619	A619_Re2	A619_Re2	-3.54526945621032	0.572885254260372	1_3
CB:Z:GTAATCGCACATATCG-1_A619_2	CB:Z:GTAATCGCACATATCG-1_A619_2	60247	26353	43050	1593	0.0257600258732212	31978	4.50485129818053	0.437415970919714	0.714558401248195	0.0264411505967102	0.111097175838253	0.360801549517036	4.69303520735575	1	0.00622234413050669	0.0509232985972744	1	43050	1	1.21739130434783	singlet	A619	A619_Re2	A619_Re2	-4.7195815709259	-4.48307730830066	1_2
CB:Z:TTATGTCCAAGTAATG-1_A619_2	CB:Z:TTATGTCCAAGTAATG-1_A619_2	60153	26754	45034	2056	0.0330498802424087	31207	4.49425202095408	0.444765847089921	0.748657589812644	0.0341795089189234	0.131296649537971	0.455729032989796	4.68021921214153	1	0.00547939692740455	0.055676549472437	1	45034	1	1.47826086956522	singlet	A619	A619_Re2	A619_Re2	-4.1451563504364	-0.176037332180668	1_3
CB:Z:TTACCGCAGTGCTCGC-1_A619_2	CB:Z:TTACCGCAGTGCTCGC-1_A619_2	60038	24773	36893	2032	0.0327372321572418	33500	4.52504480703685	0.412622006062827	0.614494153702655	0.0338452313534761	0.0429565664673717	0.0822363517810248	4.71745195835975	1	0.00563314564295697	0.0476702712278137	1	36893	1	1.26086956521739	singlet	A619	A619_Re2	A619_Re2	6.37576583355408	3.86620757901318	1_1
CB:Z:ACTGTCCGTCAGACGA-1_A619_2	CB:Z:ACTGTCCGTCAGACGA-1_A619_2	59895	21177	28670	2656	0.0424613515371457	34157	4.53347971972598	0.353568745304283	0.478671007596627	0.0443442691376576	-0.119337975637985	-0.295876735362648	4.72765093686996	1	0.00443085650235345	0.0331697203008043	1	28670	1	1.52173913043478	singlet	A619	A619_Re2	A619_Re2	5.79817965954285	3.31908223950512	1_1
CB:Z:GTCACCTAGGGTAATT-1_A619_2	CB:Z:GTCACCTAGGGTAATT-1_A619_2	58901	25528	40645	2018	0.0331259541358197	32307	4.50929663168103	0.433405205344561	0.690056195989881	0.0342608784231168	0.100074493023619	0.292590756749678	4.69841023167587	1	0.0166940302461579	0.0564323255973822	1	40645	1	1.69565217391304	singlet	A619	A619_Re2	A619_Re2	4.79017618626099	1.67395607554562	1_4
CB:Z:CTAGCGGCAGCAACGA-1_A619_2	CB:Z:CTAGCGGCAGCAACGA-1_A619_2	58775	19380	25223	1689	0.0279339772426568	34173	4.53368310657912	0.329732028923862	0.429145044661846	0.0287367077839217	-0.184847803894096	-0.433750251592458	4.72789685976459	1	0.00508884317191997	0.0270014293772498	1	25223	1	1.34782608695652	singlet	A619	A619_Re2	A619_Re2	4.45389965504151	3.30740247094281	1_1
CB:Z:GTCCATCTCGCAACTA-1_A619_2	CB:Z:GTCCATCTCGCAACTA-1_A619_2	58184	25708	39302	2766	0.0453814602132896	31187	4.49397360027467	0.441839681011962	0.675477794582703	0.047538842293414	0.123254743339289	0.252006478445708	4.67988256295135	1	0.00711422538534084	0.0501084033209209	1	39302	1	1.21739130434783	singlet	A619	A619_Re2	A619_Re2	6.96339467495423	3.27457521283276	1_1
CB:Z:TGCCTCAGTATGAAGT-1_A619_2	CB:Z:TGCCTCAGTATGAAGT-1_A619_2	57997	25766	40413	2430	0.0402138117066874	31152	4.49348593417596	0.444264358501302	0.696811904064003	0.0418987188992534	0.129918421480527	0.311397725289146	4.67929290704805	1	0.00420004277073516	0.0502273934120338	1	40413	1	0.782608695652174	singlet	A619	A619_Re2	A619_Re2	6.06428006618958	4.08761976086743	1_1
CB:Z:TTCTGTATCCCACGGA-1_A619_2	CB:Z:TTCTGTATCCCACGGA-1_A619_2	57615	24491	38556	1995	0.0334675390035229	30596	4.48566465225025	0.42508027423414	0.669200728976829	0.0346263993751627	0.0771953011674961	0.234531985161716	4.66983589317935	1	0.00408373497253846	0.0485722273466601	1	38556	1	1.60869565217391	singlet	A619	A619_Re2	A619_Re2	-3.83467194110412	0.0722684653962367	1_3
CB:Z:CACCACTTCGGGAAAC-1_A619_2	CB:Z:CACCACTTCGGGAAAC-1_A619_2	57563	18817	26073	2732	0.0453105564308815	33343	4.52300467242154	0.326894011778399	0.452947205670309	0.0474610426836683	-0.192647452672057	-0.367488286400052	4.71498515284957	1	0.00227235753642968	0.0356128044758213	1	26073	1	0.869565217391304	singlet	A619	A619_Re2	A619_Re2	4.75724032848817	3.66019151532299	1_1
CB:Z:ATCCTCGTCCATTGAG-1_A619_2	CB:Z:ATCCTCGTCCATTGAG-1_A619_2	57494	24998	40074	819	0.0140448956493406	30647	4.48638796834179	0.434793195811737	0.69701186210735	0.0142449646919679	0.103889071159074	0.311954381170244	4.67071048258478	1	0.00434645348284166	0.04819139055331	1	40074	1	1.08695652173913	singlet	A619	A619_Re2	A619_Re2	-3.94229885608215	-3.3001048771178	1_2
CB:Z:GGTGAAGGTCGTAGTT-1_A619_2	CB:Z:GGTGAAGGTCGTAGTT-1_A619_2	57233	24889	35360	2387	0.0400369003690037	31129	4.49316516946319	0.434871490224171	0.617825380462321	0.0417067076686527	0.104104245658369	0.0915100320791497	4.6789050580527	1	0.00672880474292705	0.0432549875036235	1	35360	1	1.8695652173913	singlet	A619	A619_Re2	A619_Re2	5.93284848659974	3.4439387115205	1_1
CB:Z:GCCAGACGTCGATTAC-1_A619_2	CB:Z:GCCAGACGTCGATTAC-1_A619_2	57185	25311	40858	2388	0.0400852735299548	30630	4.48614699680657	0.442616070647897	0.714488065052024	0.0417592025880913	0.125388474802055	0.360605743153875	4.67041911460033	1	0.000701301940052434	0.0536891325918488	1	40858	1	0.869565217391304	singlet	A619	A619_Re2	A619_Re2	-5.11874863177795	-4.54459359324329	1_2
CB:Z:ACTTCCGGTTACCCAA-1_A619_2	CB:Z:ACTTCCGGTTACCCAA-1_A619_2	57030	25565	42182	2660	0.0445635784888591	29245	4.46605162569934	0.448272838856742	0.7396458004559	0.0466421181834122	0.140934823885205	0.430641442309876	4.64612102573674	1	0.00233932970331453	0.0612477517011179	1	42182	1	1.30434782608696	singlet	A619	A619_Re2	A619_Re2	-3.89868876010436	0.18307028138287	1_3
CB:Z:GTGCACGAGTTTGGAA-1_A619_2	CB:Z:GTGCACGAGTTTGGAA-1_A619_2	56924	20619	29219	2579	0.0433423524864293	32206	4.50793678859485	0.362219801841051	0.513298432998384	0.0453060220645071	-0.0955625017466588	-0.199478712684874	4.69676599291202	1	0.0034588396112049	0.0372651862371426	1	29219	1	1.52173913043478	singlet	A619	A619_Re2	A619_Re2	5.44147804707032	3.51929340684063	1_1
CB:Z:CTCTCGATCGTTCCGT-1_A619_2	CB:Z:CTCTCGATCGTTCCGT-1_A619_2	56653	21096	28781	2731	0.0459888185369797	32023	4.50546201535389	0.372372160344554	0.508022523079096	0.0482057437381957	-0.0676610386699235	-0.214166125281817	4.69377364906303	1	0.00100145428119942	0.0351492034253024	1	28781	1	1.91304347826087	singlet	A619	A619_Re2	A619_Re2	5.82449534862977	3.59923205697186	1_1
CB:Z:AACCTTTCATGTCCCT-1_A619_2	CB:Z:AACCTTTCATGTCCCT-1_A619_2	56597	25196	42124	2278	0.038692144373673	29590	4.47114496516063	0.445182606851953	0.74427973214128	0.0402494831881548	0.132442019562897	0.443541675189211	4.65227957907634	1	0.00322360774412809	0.0549956840528976	1	42124	1	1.30434782608696	singlet	A619	A619_Re2	A619_Re2	-5.15976282626647	-3.80640389597766	1_2
CB:Z:AGGCCTGGTATCCCTC-1_A619_2	CB:Z:AGGCCTGGTATCCCTC-1_A619_2	56461	24539	39403	961	0.0167357458813695	30414	4.48307354160705	0.434618586280796	0.697879952533607	0.0170205982890845	0.103409196322234	0.314371026347463	4.6667028812868	1	0.00347183051406407	0.0488068721131131	1	39403	1	1.95652173913043	singlet	A619	A619_Re2	A619_Re2	6.71930793255311	3.47651515328534	1_1
CB:Z:TATGTGGTCCGCTATC-1_A619_2	CB:Z:TATGTGGTCCGCTATC-1_A619_2	56246	22004	31081	2734	0.0463546965072906	31976	4.50482413525205	0.391210041602958	0.552590406428902	0.0486079010062938	-0.0158893790901345	-0.0900952254095721	4.69300236361046	1	0.0148089578357376	0.0385995380769174	1	31081	1	1	singlet	A619	A619_Re2	A619_Re2	5.54128697842103	3.44500730359204	1_1
CB:Z:AGTTACGAGTCAGGAC-1_A619_2	CB:Z:AGTTACGAGTCAGGAC-1_A619_2	56228	21852	31145	1173	0.0204351840560269	31336	4.49604355853981	0.388631998292666	0.553905527495198	0.0208614924948424	-0.0229745485320473	-0.0864341079888572	4.6823854293877	1	0.00478619791161216	0.0438521062234343	1	31145	1	1.04347826086957	singlet	A619	A619_Re2	A619_Re2	2.81014803379517	1.93144153231032	1_4
CB:Z:GGAGTAGCAATGCACT-1_A619_2	CB:Z:GGAGTAGCAATGCACT-1_A619_2	56110	20427	28478	1945	0.0335027129446215	31658	4.50048347475881	0.364052753519872	0.507538763143825	0.0346640527535199	-0.090525048275093	-0.215512846866509	4.68775390346367	1	0.000820898231515801	0.0404184360082375	1	28478	1	1.78260869565217	singlet	A619	A619_Re2	A619_Re2	5.89735749691468	3.83655760609753	1_1
CB:Z:TGCCTGTCATCATGTG-1_A619_2	CB:Z:TGCCTGTCATCATGTG-1_A619_2	55823	25594	43111	2123	0.0366375591067546	29346	4.46754891320493	0.458484853913262	0.772280242910628	0.0380309191551869	0.169000239516484	0.521491272677795	4.64793145385329	1	0.00564496518305853	0.0569978675420064	1	43111	1	1.91304347826087	singlet	A619	A619_Re2	A619_Re2	-4.39125868350524	-0.821776410702396	1_3
CB:Z:GGTGCTGGTATCCTTT-1_A619_2	CB:Z:GGTGCTGGTATCCTTT-1_A619_2	55662	24699	41805	1415	0.0247910717101459	28553	4.45565174533135	0.443731809852323	0.75105098631023	0.0254212928029895	0.128454831866259	0.462391921933293	4.63354612896058	1	0.000869277456857716	0.050688939479234	1	41805	1	1.65217391304348	singlet	A619	A619_Re2	A619_Re2	-5.09199377566833	-3.97997977412098	1_2
CB:Z:AAAGGATCATATACGC-1_A619_2	CB:Z:AAAGGATCATATACGC-1_A619_2	55486	23874	38347	2584	0.0444980196314793	30120	4.47885496752866	0.430270698915042	0.691111271311682	0.046570306023141	0.0914600104502484	0.295527942336469	4.6616020405366	1	0.0020819875982157	0.053605674281382	1	38347	1	0.826086956521739	singlet	A619	A619_Re2	A619_Re2	-5.0824269917633	-4.74945618784778	1_2
CB:Z:GTGTCCTTCTCTATTG-1_A619_2	CB:Z:GTGTCCTTCTCTATTG-1_A619_2	55265	22621	31416	2638	0.0455589520404815	29663	4.47221507176179	0.409318736994481	0.56846105129829	0.0477336469736723	0.0338782779188364	-0.0459135178098903	4.65357348627266	1	0.0027194992435037	0.0471073686769932	1	31416	1	1.21739130434783	singlet	A619	A619_Re2	A619_Re2	2.97488203972321	1.98143408620007	1_4
CB:Z:TACTGCCTCGAGGTAG-1_A619_2	CB:Z:TACTGCCTCGAGGTAG-1_A619_2	54569	19306	24804	1623	0.0288831150341686	31210	4.49429376866533	0.353790613718412	0.454543788597922	0.029742161300372	-0.118728220440453	-0.363043617601338	4.68026969091062	1	0.00481513841894071	0.0377721914645697	1	24804	1	1.60869565217391	singlet	A619	A619_Re2	A619_Re2	5.54168942898255	3.66733215176709	1_1
CB:Z:GACTAACAGCAACGGT-1_A619_2	CB:Z:GACTAACAGCAACGGT-1_A619_2	54477	20411	27172	2830	0.0493831469104996	30958	4.49077289590555	0.374671879875911	0.498779301356536	0.0519485287368981	-0.0613407792377063	-0.239897992057618	4.6760124677552	1	0.001475129242886	0.0393031067171591	1	27172	1	1.91304347826087	singlet	A619	A619_Re2	A619_Re2	6.05750993221741	3.75963757359631	1_1
CB:Z:TGGTCAAAGTGTCACT-1_A619_2	CB:Z:TGGTCAAAGTGTCACT-1_A619_2	54358	20616	29981	1181	0.0212643367723582	30427	4.4832591344918	0.379263401891166	0.55154715037345	0.0217263328304941	-0.0487220185890886	-0.0929995077731994	4.66692728880742	1	0.0121528566584054	0.0402506358472487	1	29981	1	1.60869565217391	singlet	A619	A619_Re2	A619_Re2	5.99664452999573	3.64255247437603	1_1
CB:Z:TCCCACACAAGAAACT-1_A619_2	CB:Z:TCCCACACAAGAAACT-1_A619_2	54153	23594	37889	2623	0.0461990982105115	28923	4.46124333758077	0.435691466770077	0.699665761822983	0.0484368363710228	0.106357765893248	0.319342475491548	4.64030713897828	1	0.0059926735628217	0.0506879647209656	1	37889	1	1.52173913043478	singlet	A619	A619_Re2	A619_Re2	-4.34050938159484	-2.57839419520252	1_2
CB:Z:TTCAACTCAAGGAGGG-1_A619_2	CB:Z:TTCAACTCAAGGAGGG-1_A619_2	54025	23423	40453	960	0.0174593070837501	28902	4.46092789669808	0.433558537714021	0.74878297084683	0.0177695511337344	0.100495892390424	0.456078076663606	4.63992572723136	1	0.00172843282920257	0.0583956800469661	1	40453	1	1.52173913043478	singlet	A619	A619_Re2	A619_Re2	-5.03182980090637	-3.10490014231556	1_2
CB:Z:AGCTGATCAAAGAGAG-1_A619_2	CB:Z:AGCTGATCAAAGAGAG-1_A619_2	53588	17571	23907	1692	0.0306078147612156	30496	4.48424287895823	0.327890572516235	0.446125998357841	0.0315742330372471	-0.189908630690854	-0.38647759587276	4.66811677221317	1	0.01082404912878	0.0329288273198609	1	23907	1	1	singlet	A619	A619_Re2	A619_Re2	5.23536613911133	3.79866848313458	1_1
CB:Z:ATATTCCAGTTCGTTG-1_A619_2	CB:Z:ATATTCCAGTTCGTTG-1_A619_2	53120	23385	39083	1255	0.0230804597701149	28476	4.45447898426496	0.440229668674699	0.735749246987952	0.0236257530120482	0.118829988267279	0.419793969671919	4.632128098288	1	0.00682225622036166	0.0554136920872619	1	39083	1	1.04347826086957	singlet	A619	A619_Re2	A619_Re2	-5.17945858508605	-3.99261262095325	1_2
CB:Z:CACCTGTGTCTAAAGA-1_A619_2	CB:Z:CACCTGTGTCTAAAGA-1_A619_2	53069	21932	35164	2217	0.0401005679557212	29224	4.46573965920386	0.413273285722361	0.662609056134466	0.0417758013152688	0.0447464614328483	0.216181668302458	4.64574381500551	1	0.00279195519228377	0.0477003662848131	1	35164	1	1.26086956521739	singlet	A619	A619_Re2	A619_Re2	-5.01853701144714	-4.13217141306751	1_2
CB:Z:GGGACCTAGAGGTGGG-1_A619_2	CB:Z:GGGACCTAGAGGTGGG-1_A619_2	52934	16595	24233	2221	0.0402683346931375	30514	4.48449914189549	0.313503608266898	0.45779650130351	0.0419579098500019	-0.229447950707055	-0.353988509705801	4.66842662962206	1	0.00479993449591421	0.034985597266628	1	24233	1	1.17391304347826	singlet	A619	A619_Re2	A619_Re2	5.32068160503846	3.39017436825879	1_1
CB:Z:GTCACTCAGTGATAAC-1_A619_2	CB:Z:GTCACTCAGTGATAAC-1_A619_2	52521	23311	39523	2387	0.0434727180010199	28032	4.44765408448799	0.443841511014642	0.752518040402887	0.045448487271758	0.12875632072019	0.466476000147386	4.6238758485345	1	0.00144119757166113	0.0533829800285847	1	39523	1	1.34782608695652	singlet	A619	A619_Re2	A619_Re2	-4.55804630786437	-4.9699800220763	1_2
CB:Z:CACCACTGTTTGTCTT-1_A619_2	CB:Z:CACCACTGTTTGTCTT-1_A619_2	52368	21053	32673	1322	0.0246228347923263	28714	4.4580936960466	0.402020317751298	0.62391154903758	0.0252444240757715	0.0138202219546047	0.108453094103878	4.63649878582683	1	0.0012522104309474	0.0455232586772873	1	32673	1	1.30434782608696	singlet	A619	A619_Re2	A619_Re2	-4.3664378789093	-4.69112660563343	1_2
CB:Z:GCGAGAAAGAGAATTC-1_A619_2	CB:Z:GCGAGAAAGAGAATTC-1_A619_2	52281	22120	35230	945	0.0177544808927968	28555	4.45568216450079	0.423098257493162	0.673858571947744	0.0180754002410053	0.0717481760589014	0.247498783794021	4.63358290995249	1	0.0113215485554651	0.0446889069045051	1	35230	1	1.60869565217391	singlet	A619	A619_Re2	A619_Re2	4.72865513294678	2.40102521502621	1_1
CB:Z:GGAATCTTCAGTCACA-1_A619_2	CB:Z:GGAATCTTCAGTCACA-1_A619_2	52016	23682	37989	2323	0.042750142623162	27643	4.4415851737508	0.455282989849277	0.730332974469394	0.0446593355890495	0.160200639706531	0.404715806770254	4.61653769430931	1	0.00134076527613209	0.048601593420949	1	37989	1	1.43478260869565	singlet	A619	A619_Re2	A619_Re2	-5.27155968219299	-4.13369633829944	1_2
CB:Z:CGCTGGATCCTAGAGT-1_A619_2	CB:Z:CGCTGGATCCTAGAGT-1_A619_2	51883	21415	35620	1617	0.0302242990654206	27316	4.43641710404637	0.412755623229189	0.686544725632674	0.0311662779715899	0.0433237830537814	0.282815302894848	4.61028878174823	1	0.00136638528475481	0.0493162990505639	1	35620	1	0.956521739130435	singlet	A619	A619_Re2	A619_Re2	-4.835617986026	-3.06200720942371	1_2
CB:Z:CAGTGTACACGCGCAT-1_A619_2	CB:Z:CAGTGTACACGCGCAT-1_A619_2	51422	16256	22477	1163	0.022116573167253	28993	4.46229315554253	0.316129283186185	0.437108630547237	0.0226167788106258	-0.222231876551802	-0.411580716206286	4.64157651439758	1	0.00906984472153878	0.0310374476173985	1	22477	1	0.869565217391304	singlet	A619	A619_Re2	A619_Re2	3.10887351959687	2.07901043617375	1_4
CB:Z:CATTCATGTTAGGAAT-1_A619_2	CB:Z:CATTCATGTTAGGAAT-1_A619_2	51344	18963	24000	2611	0.048392178667408	29071	4.46345997112414	0.369332346525397	0.467435338111561	0.0508530694920536	-0.0760152800027213	-0.327155304567693	4.64298735615502	1	0.00789726945335067	0.0234707200660468	1	24000	1	1.04347826086957	singlet	A619	A619_Re2	A619_Re2	5.55906465977173	3.65347657525189	1_1
CB:Z:CCGTGAGCACCTGGTG-1_A619_2	CB:Z:CCGTGAGCACCTGGTG-1_A619_2	51335	21186	32882	627	0.0120665101420269	27533	4.43985353476645	0.412700886334859	0.64053764488166	0.0122138891594429	0.0431733510693767	0.154737874032654	4.61444390277409	1	0.00590661740669524	0.0395222033671437	1	32882	1	1.04347826086957	singlet	A619	A619_Re2	A619_Re2	-3.87152620822448	0.157691696521115	1_3
CB:Z:CTCATGCAGACCCTAT-1_A619_2	CB:Z:CTCATGCAGACCCTAT-1_A619_2	51235	22303	34609	1150	0.0219528490980242	28181	4.44995639994354	0.435307894993657	0.675495266907387	0.0224455938323412	0.105303605546823	0.252055119011144	4.6266596670185	1	0.00999713557805582	0.0492761119177016	1	34609	1	1.04347826086957	singlet	A619	A619_Re2	A619_Re2	6.90763190716248	3.17045734250195	1_1
CB:Z:CCTTGGTTCCAGGTAT-1_A619_2	CB:Z:CCTTGGTTCCAGGTAT-1_A619_2	50622	18936	26909	2167	0.0410502187955824	28620	4.45666962942376	0.374066611354747	0.531567302753743	0.0428074750108648	-0.0630042229871505	-0.148620674567923	4.63477689190584	1	-0.000315376910350018	0.0359644648416099	1	26909	1	1.56521739130435	singlet	A619	A619_Re2	A619_Re2	6.24247268169861	3.35183868729718	1_1
CB:Z:GCGATCGTCACCACAA-1_A619_2	CB:Z:GCGATCGTCACCACAA-1_A619_2	50450	22588	36075	1147	0.022229974610927	27616	4.44116077403512	0.447730426164519	0.715064420218038	0.0227353815659068	0.139444125177197	0.362210237213691	4.61602453623175	1	0.00567199663008263	0.0502910314172023	1	36075	1	0.956521739130435	singlet	A619	A619_Re2	A619_Re2	-4.41027161151428	-1.97817876017444	1_3
CB:Z:TTGCGAATCGTGGCGT-1_A619_2	CB:Z:TTGCGAATCGTGGCGT-1_A619_2	50321	22560	36186	1981	0.0378761806431876	26762	4.42751856636436	0.448321774209575	0.719103356451581	0.0393672621768248	0.14106931164386	0.373454084023492	4.59952921636376	1	0.00313333243535248	0.0496970587015658	1	36186	1	1.21739130434783	singlet	A619	A619_Re2	A619_Re2	-5.07501312762756	-3.25437237894886	1_2
CB:Z:TTACTCATCGATATGC-1_A619_2	CB:Z:TTACTCATCGATATGC-1_A619_2	50320	21081	32301	1727	0.0331815474474994	27611	4.4410821359626	0.418938791732909	0.641911764705882	0.0343203497615262	0.0603168243893762	0.158563235936998	4.61592945190293	1	0.00156242047318957	0.0426389504015304	1	32301	1	1	singlet	A619	A619_Re2	A619_Re2	3.26626864403229	2.08004675233014	1_4
CB:Z:AGCGTGCCACCTATTT-1_A619_2	CB:Z:AGCGTGCCACCTATTT-1_A619_2	50270	21558	34395	1542	0.0297614452250444	27616	4.44116077403512	0.42884424109807	0.684205291426298	0.0306743584642928	0.0875397134968841	0.276302637599555	4.61602453623175	1	0.00275404212416083	0.0480673632183307	1	34395	1	1	singlet	A619	A619_Re2	A619_Re2	-4.47459455997009	-1.60650159991138	1_3
CB:Z:TAGCTTTTCCGCCTAT-1_A619_2	CB:Z:TAGCTTTTCCGCCTAT-1_A619_2	50262	17864	25765	2480	0.0470213492093588	28463	4.4542806727961	0.355417611714615	0.512613903147507	0.0493414507978194	-0.114256784123331	-0.201384350292142	4.63188831223641	1	0.00992457971784572	0.036953203837542	1	25765	1	0.956521739130435	singlet	A619	A619_Re2	A619_Re2	5.11947658985596	3.93618986928112	1_1
CB:Z:ACGGATTTCAGGAAGC-1_A619_2	CB:Z:ACGGATTTCAGGAAGC-1_A619_2	50248	18625	26225	2454	0.0465636977723806	28509	4.45498198398436	0.370661518866423	0.521911319853526	0.0488377646871517	-0.0723623501950377	-0.175501612084695	4.63273629466392	1	0.00259291978726558	0.0393231185547998	1	26225	1	0.739130434782609	singlet	A619	A619_Re2	A619_Re2	5.44340136974793	3.33785126530774	1_1
CB:Z:TACTCGCCAAGGTTCT-1_A619_2	CB:Z:TACTCGCCAAGGTTCT-1_A619_2	50206	21475	33450	1355	0.026279552374857	27542	4.43999547395381	0.427737720591164	0.666255029279369	0.0269888061187906	0.0844986919395349	0.226331559546959	4.61461552692422	1	0.00203871808573675	0.0462351919936708	1	33450	1	1.60869565217391	singlet	A619	A619_Re2	A619_Re2	-3.88058229953308	-0.552197715405155	1_3
CB:Z:ATTGTCTGTGCATCAT-1_A619_2	CB:Z:ATTGTCTGTGCATCAT-1_A619_2	49877	16986	20947	1952	0.0376623126049123	28471	4.45440272133926	0.340557772119414	0.419973133909417	0.0391362752370832	-0.1550956951654	-0.459283598367535	4.63203588584087	1	0.00554989078143573	0.0301335030370765	1	20947	1	0.652173913043478	singlet	A619	A619_Re2	A619_Re2	4.47759488552552	3.27946410500653	1_1
CB:Z:GAGGATGTCCGATGCG-1_A619_2	CB:Z:GAGGATGTCCGATGCG-1_A619_2	49711	22433	39227	1180	0.0231868110274901	25501	4.40655721125617	0.451268330952908	0.789101003801975	0.0237372010219066	0.149167256978361	0.568317973509537	4.57418403281865	1	0.00427755058207812	0.0619101599292282	1	39227	1	1.39130434782609	singlet	A619	A619_Re2	A619_Re2	-5.19810577899475	-4.31281973994129	1_2
CB:Z:CCACAGGAGCCCATTA-1_A619_2	CB:Z:CCACAGGAGCCCATTA-1_A619_2	49471	17189	21853	2591	0.0497675848027352	27973	4.44673904533393	0.347456085383356	0.441733540862323	0.0523741181702412	-0.136137240067579	-0.398705597589648	4.6227694393739	1	0.0095290320584639	0.0329236251373566	1	21853	1	1.8695652173913	singlet	A619	A619_Re2	A619_Re2	5.59173038929444	3.555987933513	1_1
CB:Z:CAAGCTAAGAGCGAAA-1_A619_2	CB:Z:CAAGCTAAGAGCGAAA-1_A619_2	49237	20870	30481	1640	0.0322346050278122	27250	4.43536650661266	0.423868229177245	0.619066961837642	0.0333082844202531	0.0738642692313556	0.0949664250447235	4.60901846383931	1	0.00741628937542318	0.0506568876341894	1	30481	1	0.869565217391304	singlet	A619	A619_Re2	A619_Re2	6.64125207394105	3.49575004899151	1_1
CB:Z:AACTGTGTCGATAGCT-1_A619_2	CB:Z:AACTGTGTCGATAGCT-1_A619_2	49038	20334	34261	979	0.0195733450626787	26467	4.42270471737679	0.414658020310779	0.698662261919328	0.0199641094661283	0.0485520915213143	0.316548868824366	4.59370860574395	1	0.011025438181647	0.055262904578733	1	34261	1	1.69565217391304	singlet	A619	A619_Re2	A619_Re2	-5.04586597949523	-3.74275948679798	1_2
CB:Z:AGTCAACTCGGCAATT-1_A619_2	CB:Z:AGTCAACTCGGCAATT-1_A619_2	48845	15028	20101	2548	0.0495787364037904	28576	4.45600143720845	0.307667110246699	0.411526256525745	0.0521650117719316	-0.24548824656066	-0.482798551273803	4.63396895490688	1	0.0058072694286032	0.0360348424329123	1	20101	1	1.08695652173913	singlet	A619	A619_Re2	A619_Re2	4.89124372929078	3.49425552212841	1_1
CB:Z:CCCGTTATCAGGCGCT-1_A619_2	CB:Z:CCCGTTATCAGGCGCT-1_A619_2	48818	20676	33577	1687	0.0334026334026334	26537	4.42385182444069	0.423532303658487	0.687799582121349	0.0345569257241182	0.0729410538568266	0.286308651962795	4.59509561717191	1	0.00498825780946047	0.0479846934958631	1	33577	1	1.8695652173913	singlet	A619	A619_Re2	A619_Re2	-5.10631557971496	-4.41494443095081	1_2
CB:Z:ACTGTCCGTACTTGAC-1_A619_2	CB:Z:ACTGTCCGTACTTGAC-1_A619_2	48751	17118	23293	2450	0.0478506279174235	27707	4.44258950470758	0.351131258845972	0.477795327275338	0.0502553793768333	-0.126036856335817	-0.29831450977096	4.61775206963516	1	0.00546750918816777	0.0265274014933582	1	23293	1	1.30434782608696	singlet	A619	A619_Re2	A619_Re2	3.37440267532807	1.99616011404641	1_4
CB:Z:CATGTTTAGCAGAATT-1_A619_2	CB:Z:CATGTTTAGCAGAATT-1_A619_2	48265	19876	31271	1634	0.0327461472173791	26713	4.42672266414578	0.411809800062157	0.647902206567906	0.0338547601781829	0.0407244018200555	0.175239807867061	4.59856686027038	1	0.00130430192826731	0.0499495809181275	1	31271	1	1.17391304347826	singlet	A619	A619_Re2	A619_Re2	6.6047215792511	3.31079445206768	1_1
CB:Z:CTCTAGCTCAGTGGTT-1_A619_2	CB:Z:CTCTAGCTCAGTGGTT-1_A619_2	48097	21041	35595	1625	0.0326817103093198	25817	4.41190577475682	0.437470112481028	0.740066948042498	0.0337858910119134	0.111245971684401	0.431813859667865	4.58065118739558	1	0.00443249806051511	0.0552539363399379	1	35595	1	0.434782608695652	singlet	A619	A619_Re2	A619_Re2	-4.6912965443756	-2.01909234202259	1_2
CB:Z:TGCTTCGTCCCGAAGC-1_A619_2	CB:Z:TGCTTCGTCCCGAAGC-1_A619_2	47978	18499	27064	1574	0.0317646109137875	27011	4.43154066291543	0.38557255408729	0.564091875442911	0.0328067030722414	-0.0313827395452163	-0.05807670662059	4.60439248855188	1	0.00968047698142082	0.0337682386653366	1	27064	1	1	singlet	A619	A619_Re2	A619_Re2	3.49280384510499	2.35537997805722	1_4
CB:Z:AGTGCGCGTGAGTAAT-1_A619_2	CB:Z:AGTGCGCGTGAGTAAT-1_A619_2	47954	18408	23988	342	0.00708133178731158	27411	4.43792487963143	0.383867873378655	0.500229386495391	0.00713183467489678	-0.0360676692424101	-0.235861153093177	4.61211189140651	1	0.00437789916005735	0.0299940009916736	1	23988	1	1.43478260869565	singlet	A619	A619_Re2	A619_Re2	5.98094848125916	3.88802907788403	1_1
CB:Z:TAGACTGTCACTGGTA-1_A619_2	CB:Z:TAGACTGTCACTGGTA-1_A619_2	47930	15353	19969	1548	0.0312866324427018	27966	4.44663035331623	0.320321301898602	0.416628416440643	0.0322970999374087	-0.210711060449697	-0.468594834957169	4.62263801565991	1	0.00292650474119098	0.0295722330388107	1	19969	1	0.869565217391304	singlet	A619	A619_Re2	A619_Re2	3.36185959309083	2.2014038952554	1_4
CB:Z:TCAAGGTCAGGCAGAT-1_A619_2	CB:Z:TCAAGGTCAGGCAGAT-1_A619_2	47891	20503	31204	1741	0.0350781753707286	24658	4.39195784824559	0.428118017999207	0.651562924140235	0.0363533858136184	0.0855438534244258	0.185430745583625	4.55653137948421	1	0.00526277158470792	0.035975871656376	1	31204	1	0.869565217391304	singlet	A619	A619_Re2	A619_Re2	7.27261212795716	3.20952627980359	1_1
CB:Z:CACATGACAAACAGTA-1_A619_2	CB:Z:CACATGACAAACAGTA-1_A619_2	47870	16644	23716	1621	0.0327534299165505	27297	4.43611491974999	0.347691664925841	0.495425109672028	0.0338625443910591	-0.135489802932256	-0.249235603569803	4.60992339905152	1	0.0026498232637335	0.0378625673129832	1	23716	1	1.47826086956522	singlet	A619	A619_Re2	A619_Re2	5.73135045498353	3.93320892178662	1_1
CB:Z:TGGTCCTGTCAAACAA-1_A619_2	CB:Z:TGGTCCTGTCAAACAA-1_A619_2	47772	18741	26316	1975	0.0397008864856172	26748	4.42729131452786	0.39230092941472	0.550866616428033	0.0413422088252533	-0.0128913204626516	-0.0948940213254534	4.5992544373966	1	0.00325754359723502	0.0357306365235499	1	26316	1	1.08695652173913	singlet	A619	A619_Re2	A619_Re2	6.18137792080384	3.29140482270367	1_1
CB:Z:AAAGGGCTCGATCTTT-1_A619_2	CB:Z:AAAGGGCTCGATCTTT-1_A619_2	47657	21558	33976	1714	0.0347167365457455	25771	4.41113127093956	0.452357471095537	0.712927796546153	0.0359653356275049	0.152160512532179	0.356262168745228	4.5797147049352	1	0.00398823318860422	0.0459302278102325	1	33976	1	1.65217391304348	singlet	A619	A619_Re2	A619_Re2	-3.2763909962799	0.338541010257077	1_3
CB:Z:CTTGTCGAGCTCGTTA-1_A619_2	CB:Z:CTTGTCGAGCTCGTTA-1_A619_2	47489	20099	31692	2178	0.0438520546841967	25849	4.41244374654476	0.423234854387332	0.667354545263114	0.0458632525426941	0.0721235817538208	0.229392461866604	4.58130166984947	1	0.00566069945608608	0.0463422270919377	1	31692	1	1.1304347826087	singlet	A619	A619_Re2	A619_Re2	-4.13229414493102	-4.48528363383167	1_2
CB:Z:CTTGTCGCAGTAACCT-1_A619_2	CB:Z:CTTGTCGCAGTAACCT-1_A619_2	47425	16300	23594	1989	0.0402517505160481	26864	4.42917067879397	0.343700579862942	0.497501317870322	0.0419399051133368	-0.146458398306442	-0.243455723527878	4.60152684927202	1	0.00249631799007365	0.0399529628500397	1	23594	1	1.17391304347826	singlet	A619	A619_Re2	A619_Re2	5.58586100071412	3.6715668233598	1_1
CB:Z:ACAGACTAGCGCATTT-1_A619_2	CB:Z:ACAGACTAGCGCATTT-1_A619_2	47416	21653	36827	2008	0.0406280349627711	24664	4.39206351171845	0.456660199088915	0.776678758225072	0.0423485743209043	0.163985588074484	0.533736138535155	4.55665914126773	1	0.0027233600494967	0.0556015351595845	1	36827	1	0.782608695652174	singlet	A619	A619_Re2	A619_Re2	-4.99864098102111	-2.24356534159534	1_3
CB:Z:TCGTTCGAGGGAAGCG-1_A619_2	CB:Z:TCGTTCGAGGGAAGCG-1_A619_2	47397	21490	36753	1926	0.039048719664254	25018	4.39825258818388	0.453404223896027	0.775428824609153	0.0406354832584341	0.155037276054987	0.530256494072562	4.5641425925132	1	0.00235898388094396	0.0545546846171536	1	36753	1	1.43478260869565	singlet	A619	A619_Re2	A619_Re2	-4.95390125781555	-4.22971322214954	1_2
CB:Z:TGTGTCCTCCTCCAGT-1_A619_2	CB:Z:TGTGTCCTCCTCCAGT-1_A619_2	47358	21227	34839	1846	0.0375172750182912	24749	4.39355765566329	0.448224164871827	0.735651843405549	0.0389796866421724	0.140801054437207	0.41952281140253	4.55846576838365	1	0.00514091679576034	0.0520919912751466	1	34839	1	1.04347826086957	singlet	A619	A619_Re2	A619_Re2	-4.78630777865905	-1.90853693163745	1_3
CB:Z:GCAAAGGAGCAGGAGG-1_A619_2	CB:Z:GCAAAGGAGCAGGAGG-1_A619_2	47323	21616	35870	1668	0.0340470698699761	25239	4.40207214363527	0.456775774993132	0.757982376434292	0.0352471314160134	0.164303222328925	0.48168796530399	4.56876096443986	1	-0.000299179581980189	0.0527842239086246	1	35870	1	1.08695652173913	singlet	A619	A619_Re2	A619_Re2	-5.16716667682189	-4.26874329722278	1_2
CB:Z:AACCTGAGTGTTTCTT-1_A619_2	CB:Z:AACCTGAGTGTTTCTT-1_A619_2	47320	18628	27405	654	0.0136323842081127	26695	4.42642992519393	0.393660185967878	0.57914201183432	0.0138207945900254	-0.00915571099646951	-0.0161791825531794	4.59821289830432	1	0.00976175407062264	0.0413730129849763	1	27405	1	1.60869565217391	singlet	A619	A619_Re2	A619_Re2	2.83783725231629	2.00155300819523	1_4
CB:Z:GTTATTCTCCTTTGAT-1_A619_2	CB:Z:GTTATTCTCCTTTGAT-1_A619_2	47215	22111	35217	1616	0.0330937314410927	25144	4.40043436800952	0.46830456422747	0.745885841363973	0.034226411098168	0.195987494218099	0.448012863892265	4.56678066671454	1	0.000971456602810263	0.0479340765760825	1	35217	1	1.26086956521739	singlet	A619	A619_Re2	A619_Re2	6.11506083935242	3.21092996918805	1_1
CB:Z:GCTTTCGTCCTATCCG-1_A619_2	CB:Z:GCTTTCGTCCTATCCG-1_A619_2	46891	19596	28976	1620	0.0333944878481169	26016	4.41524052391397	0.41790535497217	0.617943741869442	0.0345482075451579	0.0574766569926105	0.0918395340699983	4.58468336131892	1	0.00411886320369705	0.0455568452874357	1	28976	1	1.91304347826087	singlet	A619	A619_Re2	A619_Re2	6.97677949398499	3.36786196553357	1_1
CB:Z:GAGGTCCCAGCAGGTA-1_A619_2	CB:Z:GAGGTCCCAGCAGGTA-1_A619_2	46797	19436	28604	1615	0.0333594976452119	25854	4.41252774447201	0.41532576874586	0.611235762976259	0.0345107592367032	0.0503872471946995	0.0731654370511002	4.58140323498553	1	0.00867934146053103	0.0391504501245662	1	28604	1	1.30434782608696	singlet	A619	A619_Re2	A619_Re2	2.81168094604951	1.92985836588986	1_3
CB:Z:TGCTTTATCGTAGCGC-1_A619_2	CB:Z:TGCTTTATCGTAGCGC-1_A619_2	46787	21410	34842	815	0.0171211293643124	24877	4.39579800616339	0.457605745185628	0.744694038942441	0.0174193686280377	0.166584207843053	0.444695048734906	4.56117466264823	1	0.00373796236106123	0.0563042386116729	1	34842	1	0.91304347826087	singlet	A619	A619_Re2	A619_Re2	-3.61474653750915	0.171748259898495	1_3
CB:Z:CTAGGATTCGTGGCGT-1_A619_2	CB:Z:CTAGGATTCGTGGCGT-1_A619_2	46672	21935	35976	752	0.0158569500674764	24974	4.39748810738143	0.469982002056908	0.770826191292424	0.0161124442920809	0.200597553018271	0.517443391576614	4.5632182292669	1	0.00395191147109544	0.0532947880086585	1	35976	1	1.1304347826087	singlet	A619	A619_Re2	A619_Re2	-4.93435761004943	-2.80557992136829	1_2
CB:Z:ATGTCTTCACTGTCAA-1_A619_2	CB:Z:ATGTCTTCACTGTCAA-1_A619_2	46620	17937	24789	2031	0.0417463155947463	26325	4.42036837985752	0.384749034749035	0.531724581724582	0.0435649935649936	-0.0336459963442526	-0.148182831395302	4.59088364986951	1	0.0068070961122563	0.0317023100568438	1	24789	1	0.826086956521739	singlet	A619	A619_Re2	A619_Re2	5.98393300503235	3.86493561589367	1_1
CB:Z:TGTAGCATCCGTACGG-1_A619_2	CB:Z:TGTAGCATCCGTACGG-1_A619_2	46335	18267	28231	1687	0.0351297322060722	25551	4.40740790196518	0.394237617351894	0.609280241717924	0.0364087622747383	-0.00756877132773144	0.0677215329658051	4.57521263579058	1	0.005971332456142	0.0428633134413765	1	28231	1	1.78260869565217	singlet	A619	A619_Re2	A619_Re2	-3.76031300097961	0.372982958194088	1_3
CB:Z:ACTACGATCTGGGCGT-1_A619_2	CB:Z:ACTACGATCTGGGCGT-1_A619_2	46183	16803	22972	1680	0.0351001817687984	26154	4.41753811940133	0.363835177446246	0.497412467791179	0.0363770218478661	-0.0911230069447501	-0.243703070012486	4.58746147270718	1	0.00382340003812101	0.027157007549774	1	22972	1	1.65217391304348	singlet	A619	A619_Re2	A619_Re2	5.53178909748536	3.65869412743695	1_1
CB:Z:GGGTGTCCAATGTAAG-1_A619_2	CB:Z:GGGTGTCCAATGTAAG-1_A619_2	45919	15826	22107	1501	0.0316533108393083	26422	4.42196568822511	0.344650362595004	0.481434700233019	0.0326879940765261	-0.143848135103027	-0.288182992546188	4.592815017071	1	0.00981355890257006	0.0316838396394724	1	22107	1	0.869565217391304	singlet	A619	A619_Re2	A619_Re2	3.52961734264832	2.41100410544522	1_1
CB:Z:CAACCAAGTAGTACAA-1_A619_2	CB:Z:CAACCAAGTAGTACAA-1_A619_2	45804	20805	35458	873	0.0187030014782441	24162	4.38313287999108	0.4542179722295	0.77412453060868	0.0190594707885774	0.157273679455468	0.526625517724271	4.54586076973422	1	0.00554262717289041	0.0516102520966864	1	35458	1	0.608695652173913	singlet	A619	A619_Re2	A619_Re2	-4.66196247607726	-1.69075514948719	1_3
CB:Z:GTGCTGGGTTTCCGGG-1_A619_2	CB:Z:GTGCTGGGTTTCCGGG-1_A619_2	45561	19445	29092	774	0.0167044350922629	25189	4.40121092640631	0.426790456750291	0.638528566098198	0.01698821360374	0.0818953513393243	0.149144873112645	4.56771963344634	1	0.0062173522807855	0.0392010537540973	1	29092	1	1.17391304347826	singlet	A619	A619_Re2	A619_Re2	-3.30009027987975	0.338826397296261	1_3
CB:Z:GCAAAGGCAGCGTAGA-1_A619_2	CB:Z:GCAAAGGCAGCGTAGA-1_A619_2	45559	16088	22613	1741	0.0368076109936575	25956	4.41423776548672	0.353124519853377	0.496345398274765	0.0382141838056147	-0.120558828901974	-0.246673645798834	4.58347088739922	1	0.00541413367019691	0.0346070535709023	1	22613	1	1.04347826086957	singlet	A619	A619_Re2	A619_Re2	4.87676814526063	3.21415767991192	1_1
CB:Z:AGCCTCTCACCTCGTT-1_A619_2	CB:Z:AGCCTCTCACCTCGTT-1_A619_2	45517	15768	21705	2013	0.0423521986114033	25618	4.40854522131545	0.34642001889404	0.476854801502735	0.0442252345277589	-0.13898463467906	-0.300932805058711	4.57658781251618	1	0.00106735615997664	0.0399711692124559	1	21705	1	1.43478260869565	singlet	A619	A619_Re2	A619_Re2	6.24845078915101	3.28149984204419	1_1
CB:Z:AGCTGTATCAGTGTGT-1_A619_2	CB:Z:AGCTGTATCAGTGTGT-1_A619_2	45471	15525	21376	1677	0.0355688470348689	25930	4.41380251676935	0.341426403641882	0.470101823140023	0.0368806492049878	-0.152708457722685	-0.319732174454456	4.58294461137496	1	0.00275571557343849	0.0371234438313781	1	21376	1	1.52173913043478	singlet	A619	A619_Re2	A619_Re2	5.32072118252259	4.02057478749401	1_1
CB:Z:GGGTCTGTCTTCCGTG-1_A619_2	CB:Z:GGGTCTGTCTTCCGTG-1_A619_2	45374	18953	29764	1157	0.0248651436676624	25111	4.39986400804683	0.417706175342707	0.655970379512496	0.0254991845550315	0.0569292567924342	0.197700499340857	4.56609102246841	1	0.00339636064240457	0.0405958656845794	1	29764	1	0.782608695652174	singlet	A619	A619_Re2	A619_Re2	-3.79403969317932	-4.2796781269347	1_2
CB:Z:ACTAACGGTACCAAGG-1_A619_2	CB:Z:ACTAACGGTACCAAGG-1_A619_2	45265	15624	22550	1459	0.0312259224381474	25621	4.40859607646278	0.345167347840495	0.498177399756987	0.0322324091461394	-0.142427317986167	-0.241573603899098	4.57664930343778	1	0.00659310045842413	0.0298302966489678	1	22550	1	1.43478260869565	singlet	A619	A619_Re2	A619_Re2	3.58906820744019	2.2295482250417	1_4
CB:Z:CATGCCTAGGGTAATT-1_A619_2	CB:Z:CATGCCTAGGGTAATT-1_A619_2	45232	16482	23401	2036	0.0430735381230431	25683	4.4096457517702	0.364388043862752	0.517354969932791	0.0450123806154935	-0.0896035785379246	-0.188185867927887	4.57791850636822	1	0.00262824214440667	0.0305042802227267	1	23401	1	1.39130434782609	singlet	A619	A619_Re2	A619_Re2	5.86336902111512	4.09200857007153	1_1
CB:Z:ACCTGCTCACTAAACC-1_A619_2	CB:Z:ACCTGCTCACTAAACC-1_A619_2	45199	19985	31056	1128	0.0243486519740108	24818	4.39476678022632	0.442155799907078	0.687094847231133	0.0249563043430164	0.124123524684715	0.284346766285746	4.5599277675636	1	-0.000123321520358768	0.0452512939988831	1	31056	1	1.39130434782609	singlet	A619	A619_Re2	A619_Re2	7.0116458269928	3.02473709904797	1_1
CB:Z:TGTTAGGAGGCAAGCT-1_A619_2	CB:Z:TGTTAGGAGGCAAGCT-1_A619_2	45130	19497	30527	1892	0.0402364850495513	24962	4.39727937885359	0.432018612896078	0.676423664967871	0.0419233325947263	0.0962637570266101	0.254639652404837	4.56296584754721	1	0.00813603427805456	0.0498921579613494	1	30527	1	1.60869565217391	singlet	A619	A619_Re2	A619_Re2	-3.42048546344299	-0.170188686016727	1_3
CB:Z:CTTGAAGTCTCTTAAC-1_A619_2	CB:Z:CTTGAAGTCTCTTAAC-1_A619_2	44853	19931	32714	1110	0.0241498596697344	24597	4.39088214113199	0.444362695917776	0.729360354937239	0.0247475085278577	0.130188679647028	0.402008166839486	4.55523070049211	1	0.00371457290786614	0.055634250726519	1	32714	1	1.08695652173913	singlet	A619	A619_Re2	A619_Re2	-4.16472717792053	-0.282181283596683	1_3
CB:Z:TCGAGCGGTAGGGTTG-1_A619_2	CB:Z:TCGAGCGGTAGGGTTG-1_A619_2	44748	20551	33212	1250	0.0271750945693291	23456	4.37025395296103	0.459260749083758	0.742200768749441	0.0279342093501386	0.171132612052733	0.437754125064779	4.53028836195067	1	0.0123203832759513	0.0510728895061927	1	33212	1	0.956521739130435	singlet	A619	A619_Re2	A619_Re2	-4.45675798923034	-1.00641109621875	1_3
CB:Z:CTCCCAAGTTCTGAAC-1_A619_2	CB:Z:CTCCCAAGTTCTGAAC-1_A619_2	44494	13831	17927	1496	0.0325288106110024	26268	4.41942700761556	0.310850901245112	0.402908257293118	0.0336225109003461	-0.236738316487208	-0.506789884034616	4.58974540035588	1	0.0025093003403562	0.0301229822329608	1	17927	1	1.1304347826087	singlet	A619	A619_Re2	A619_Re2	5.29130843609315	3.92031834447033	1_1
CB:Z:TTGCGGGTCGCTCGGA-1_A619_2	CB:Z:TTGCGGGTCGCTCGGA-1_A619_2	44372	15402	19424	473	0.0105474411863084	25327	4.40358375036669	0.34711079058866	0.437753538267376	0.0106598755972235	-0.137086204779718	-0.409785381199141	4.57058870648506	1	0.00349356307359987	0.0280551287788569	1	19424	1	1	singlet	A619	A619_Re2	A619_Re2	5.44735148876649	3.51050672852642	1_1
CB:Z:GCCTAGGCAACCTCCT-1_A619_2	CB:Z:GCCTAGGCAACCTCCT-1_A619_2	44289	17998	26821	1510	0.032970152186729	24763	4.39380325765508	0.406376301113143	0.605590552958974	0.0340942446205604	0.025791657842281	0.0574499434227625	4.55876273523187	1	0.0105207650348834	0.0417157453190801	1	26821	1	0.91304347826087	singlet	A619	A619_Re2	A619_Re2	5.80283025234681	2.60590277039654	1_1
CB:Z:CCTGCTATCGTTCCGT-1_A619_2	CB:Z:CCTGCTATCGTTCCGT-1_A619_2	44071	18176	27166	1557	0.0341237836416236	24447	4.3882255725237	0.412425404460983	0.616414422182388	0.0353293549045858	0.0424162513935127	0.0875821169457452	4.55201854084739	1	0.00324057862653149	0.0451772202224514	1	27166	1	1.1304347826087	singlet	A619	A619_Re2	A619_Re2	6.29662946194153	3.09149978482373	1_1
CB:Z:CTGGGACTCCAATCCC-1_A619_2	CB:Z:CTGGGACTCCAATCCC-1_A619_2	44042	17482	26688	2114	0.0458011959441893	24951	4.39708795620305	0.396939285227737	0.60596703146996	0.0479996367104128	-0.000143847704571494	0.0584980081754461	4.56273439103175	1	0.00444671672119832	0.0382999967864827	1	26688	1	0.391304347826087	singlet	A619	A619_Re2	A619_Re2	5.12142566174012	3.93320033871777	1_1
CB:Z:TTACCGCTCTGTAGAC-1_A619_2	CB:Z:TTACCGCTCTGTAGAC-1_A619_2	44003	17694	27707	1905	0.0414960355493596	24726	4.39315386490823	0.402108947117242	0.629661613980865	0.0432925027839011	0.0140637997380857	0.124460489524426	4.55797752939586	1	0.00141486434635038	0.0427058299382197	1	27707	1	1.43478260869565	singlet	A619	A619_Re2	A619_Re2	4.37019804447632	2.37518558823712	1_4
CB:Z:TAGCCCTCACTCGGAC-1_A619_2	CB:Z:TAGCCCTCACTCGGAC-1_A619_2	43963	17717	28775	1321	0.0291714512852222	24327	4.38608855513805	0.402997975570366	0.654527670996065	0.0300479949048063	0.0165070935353298	0.193684195885698	4.54943459064003	1	0.00516008569599316	0.0433052896281277	1	28775	1	1.1304347826087	singlet	A619	A619_Re2	A619_Re2	7.18447020977479	2.80081609809048	1_2
CB:Z:TAGCGGCGTATGGGTG-1_A619_2	CB:Z:TAGCGGCGTATGGGTG-1_A619_2	43870	18612	29230	733	0.0164338721610654	24391	4.38722960620053	0.424253476179622	0.666286756325507	0.0167084568041942	0.0749230335577466	0.226419883309919	4.55081427952291	1	0.000990628149367664	0.0412309861892687	1	29230	1	1.60869565217391	singlet	A619	A619_Re2	A619_Re2	-4.92775579959411	-2.2707441059386	1_3
CB:Z:TGGTCAAGTAGCTGTT-1_A619_2	CB:Z:TGGTCAAGTAGCTGTT-1_A619_2	43701	19946	31655	526	0.0118931874194497	23267	4.36674038984291	0.45641976156152	0.724354133772683	0.0120363378412393	0.163324799865463	0.388071530899858	4.52603997716511	1	0.00681317490265075	0.048026470829654	1	31655	1	1.26086956521739	singlet	A619	A619_Re2	A619_Re2	-3.61662193805236	0.0227936300004237	1_3
CB:Z:GGGTTATCATCCGTAA-1_A619_2	CB:Z:GGGTTATCATCCGTAA-1_A619_2	43631	19912	31925	1521	0.0336862154500354	23437	4.36990202002402	0.456372762485389	0.731704522014164	0.0348605349407531	0.163195633525753	0.408534007799941	4.52986282625232	1	-0.000289288121568501	0.0504971482548935	1	31925	1	0.826086956521739	singlet	A619	A619_Re2	A619_Re2	-4.63879820376892	-4.10170104182117	1_2
CB:Z:GCGAGAAAGTGATATG-1_A619_2	CB:Z:GCGAGAAAGTGATATG-1_A619_2	43461	15951	21977	995	0.0223816807630016	24701	4.3927145356763	0.367018706426451	0.505671751685419	0.0228940889533145	-0.0823737969691312	-0.220710351758048	4.55744631946393	1	0.00933840942881219	0.0400357670988767	1	21977	1	1	singlet	A619	A619_Re2	A619_Re2	3.28284409969788	2.14452079856045	1_4
CB:Z:GCAACCGTCAGCCGGT-1_A619_2	CB:Z:GCAACCGTCAGCCGGT-1_A619_2	43407	18670	29302	1006	0.0226510256006124	24112	4.38223323497056	0.430114958416845	0.675052410901468	0.0231759854401364	0.0910319928858095	0.250822268378839	4.54477297421466	1	0.00511893730805695	0.0437113668257627	1	29302	1	1.56521739130435	singlet	A619	A619_Re2	A619_Re2	6.71092418163758	2.659543493625	1_1
CB:Z:TCCAGAATCAGCACTA-1_A619_2	CB:Z:TCCAGAATCAGCACTA-1_A619_2	43109	18374	28077	923	0.0209620276162791	23924	4.37883379374007	0.426221902618943	0.651302512236424	0.0214108422835139	0.080332808793426	0.184705794412179	4.54066257860842	1	0.00202476831306578	0.0434216194477747	1	28077	1	1.82608695652174	singlet	A619	A619_Re2	A619_Re2	5.8838062617157	3.36722574555523	1_1
CB:Z:AGTCCGGGTTCTTTGT-1_A619_2	CB:Z:AGTCCGGGTTCTTTGT-1_A619_2	42638	18730	30463	1514	0.034290632360935	23245	4.36632955051911	0.439279515924762	0.714456588020076	0.0355082320934378	0.116218708153355	0.360518115396271	4.52554321548079	1	0.00496634711856318	0.0446759629849312	1	30463	1	1.47826086956522	singlet	A619	A619_Re2	A619_Re2	-4.54898449450988	-0.868427774075199	1_3
CB:Z:GAATCTGAGAACAGGA-1_A619_2	CB:Z:GAATCTGAGAACAGGA-1_A619_2	42538	18791	30781	779	0.0179837015490454	23331	4.36793335367479	0.441746203394612	0.723611829423104	0.0183130377544783	0.122997841232444	0.386005056979425	4.52748243578125	1	0.000886663048299067	0.03971805204823	1	30781	1	1.47826086956522	singlet	A619	A619_Re2	A619_Re2	-3.94756790668029	0.034623483058285	1_3
CB:Z:TAACAGCAGCCCATTA-1_A619_2	CB:Z:TAACAGCAGCCCATTA-1_A619_2	42508	16100	21881	1480	0.0336455396926435	23397	4.36916017506095	0.378752234873436	0.514750164674885	0.0348169756281171	-0.0501268456217756	-0.195437289984523	4.52896583287313	1	0.00220196091731041	0.0308296188734387	1	21881	1	1.17391304347826	singlet	A619	A619_Re2	A619_Re2	5.9594374033783	3.48840270363934	1_1
CB:Z:TGTTAGGGTGTTTCTT-1_A619_2	CB:Z:TGTTAGGGTGTTTCTT-1_A619_2	42337	18883	31593	849	0.0196591487982216	22779	4.35753465459758	0.446016486760989	0.746226704773602	0.0200533812032029	0.134733750049402	0.448961781067314	4.51490896734936	1	0.00530716885681666	0.0518487903594882	1	31593	1	0.826086956521739	singlet	A619	A619_Re2	A619_Re2	-5.22523399859924	-4.21217562830799	1_2
CB:Z:GAGAACGAGCAGAAAG-1_A619_2	CB:Z:GAGAACGAGCAGAAAG-1_A619_2	42309	14351	19911	1146	0.0263721090783569	23477	4.37064259995691	0.33919497033728	0.470609090264483	0.0270864355101751	-0.158841047892255	-0.31832001206583	4.53075829003469	1	0.00593675473824162	0.0249758239713157	1	19911	1	0.826086956521739	singlet	A619	A619_Re2	A619_Re2	5.0328119131897	3.73681102120526	1_1
CB:Z:TCGTTCGTCGCTATAG-1_A619_2	CB:Z:TCGTTCGTCGCTATAG-1_A619_2	42286	13290	18597	2055	0.046345368845989	24679	4.39232755798354	0.314288416970156	0.439790947358464	0.0485976446105094	-0.227291081340328	-0.40411351257224	4.55697840979873	1	0.00268297504001779	0.0399655911283505	1	18597	1	1	singlet	A619	A619_Re2	A619_Re2	4.41604784458619	3.21896920525677	1_1
CB:Z:CCTTGGTCACTTACAG-1_A619_2	CB:Z:CCTTGGTCACTTACAG-1_A619_2	42208	18670	32014	650	0.0151663633393999	22406	4.35036433163627	0.442333206974981	0.758481804397271	0.0153999241849886	0.124611087919697	0.483078304537778	4.50623905309076	1	0.00178091542568727	0.046375314320688	1	32014	1	1.08695652173913	singlet	A619	A619_Re2	A619_Re2	-5.02302881747741	-4.48298861658924	1_2
CB:Z:TCACCACTCGTGATAC-1_A619_2	CB:Z:TCACCACTCGTGATAC-1_A619_2	42177	14960	20398	1441	0.0330368196616076	24030	4.3807537708039	0.354695687222894	0.483628517912606	0.0341655404604405	-0.116240830445474	-0.282075703772214	4.54298409698517	1	0.00530785883962279	0.0330274107772376	1	20398	1	1.47826086956522	singlet	A619	A619_Re2	A619_Re2	2.87716189354401	1.99079702221997	1_4
CB:Z:GCTTGCTAGACTTCCA-1_A619_2	CB:Z:GCTTGCTAGACTTCCA-1_A619_2	42132	17005	26567	1751	0.0399015564113666	23384	4.36891880234938	0.403612456090383	0.630565840691161	0.0415598594892243	0.0181958543818565	0.126977733180679	4.52867397981086	1	0.0038043056931998	0.0425453300564467	1	26567	1	1.91304347826087	singlet	A619	A619_Re2	A619_Re2	5.64210775822144	2.74438248002179	1_1
CB:Z:CCGCATTTCAGAATGA-1_A619_2	CB:Z:CCGCATTTCAGAATGA-1_A619_2	42079	19149	32504	1821	0.0414806378132118	22588	4.35387777906484	0.455072601535208	0.772451816820742	0.043275743244849	0.159622434969695	0.521968911008862	4.51048729799161	1	0.00509822387663557	0.0471658272672685	1	32504	1	0.956521739130435	singlet	A619	A619_Re2	A619_Re2	-5.15534302264709	-2.79124142802112	1_2
CB:Z:TTGTTCATCAGGGTTT-1_A619_2	CB:Z:TTGTTCATCAGGGTTT-1_A619_2	42033	13857	19067	2012	0.0456805539788852	24354	4.38657030170093	0.329669545357219	0.453619774938739	0.0478671519996193	-0.18501952585673	-0.365615945420663	4.55001708900406	1	0.000917665967305762	0.0293371692834745	1	19067	1	1.08695652173913	singlet	A619	A619_Re2	A619_Re2	5.34584620922547	3.89883611523755	1_1
CB:Z:CGTAAACCATGCCCTT-1_A619_2	CB:Z:CGTAAACCATGCCCTT-1_A619_2	41926	16059	22026	1159	0.026900313334107	23960	4.37948681371727	0.38303200877737	0.525354195487287	0.0276439440919716	-0.038364854207052	-0.165917116570824	4.54145217026867	1	0.00288300757855838	0.0333221689425597	1	22026	1	1.73913043478261	singlet	A619	A619_Re2	A619_Re2	6.287908110318	3.21492526852734	1_1
CB:Z:AACCGATCAGATAAGT-1_A619_2	CB:Z:AACCGATCAGATAAGT-1_A619_2	41917	18434	30391	1259	0.029159718362053	22440	4.35102285258412	0.43977383877663	0.72502803158623	0.0300355464370065	0.11757724280268	0.389947570367394	4.50703529618695	1	0.0101036034560058	0.0458033796880484	1	30391	1	0.739130434782609	singlet	A619	A619_Re2	A619_Re2	-3.86486288577575	0.0108151229584925	1_3
CB:Z:ACCATCCGTTTCGACA-1_A619_2	CB:Z:ACCATCCGTTTCGACA-1_A619_2	41868	14899	19569	1354	0.0313266392115127	24124	4.38244931979892	0.355856501385306	0.467397535110347	0.0323397344033629	-0.113050595045461	-0.327260542959692	4.54503425072125	1	0.0053579923856324	0.0264590680979328	1	19569	1	1.17391304347826	singlet	A619	A619_Re2	A619_Re2	5.41186908215027	3.41191599690564	1_1
CB:Z:TTGCACCTCCGTGCAG-1_A619_2	CB:Z:TTGCACCTCCGTGCAG-1_A619_2	41866	14693	20207	1952	0.0445479026883929	23658	4.37397802745687	0.350953040653514	0.482658959537572	0.046624946257106	-0.126526648763337	-0.284774821859671	4.5347912841685	1	0.00372604609530261	0.0268511887766904	1	20207	1	1.17391304347826	singlet	A619	A619_Re2	A619_Re2	6.20963338345032	2.95114980065472	1_1
CB:Z:TGCTTCGAGTCCGGAA-1_A619_2	CB:Z:TGCTTCGAGTCCGGAA-1_A619_2	41765	13538	17414	1730	0.0397746867456029	24219	4.38415620720308	0.324147013049204	0.416951993295822	0.0414222435053274	-0.20019695790161	-0.467694041188598	4.54709811416549	1	0.00703386853215031	0.0241796131991764	1	17414	1	0.782608695652174	singlet	A619	A619_Re2	A619_Re2	5.51604202717286	3.15174339139111	1_1
CB:Z:CCCTGATAGCTATCGT-1_A619_2	CB:Z:CCCTGATAGCTATCGT-1_A619_2	41729	15624	22777	1762	0.0405141293600975	23482	4.37073508371583	0.374415873852716	0.545831436171487	0.0422248316518488	-0.0620443539392026	-0.108911275421756	4.53087011571738	1	0.00341601326119697	0.0446720439827265	1	22777	1	0.826086956521739	singlet	A619	A619_Re2	A619_Re2	5.71728018253785	4.07995531880505	1_1
CB:Z:CATGCCTTCTACATCT-1_A619_2	CB:Z:CATGCCTTCTACATCT-1_A619_2	41531	18070	29840	1041	0.0244526919101757	22368	4.34962715406559	0.435096674773061	0.718499434157617	0.0250656136380053	0.104723114502897	0.371772846844763	4.50534770323586	1	0.00414420694580984	0.0465885303364674	1	29840	1	1.26086956521739	singlet	A619	A619_Re2	A619_Re2	-4.23838755160827	-1.13532378352039	1_3
CB:Z:GCGATCGTCTTGGCCT-1_A619_2	CB:Z:GCGATCGTCTTGGCCT-1_A619_2	41499	15041	20722	1347	0.0314381739252206	23480	4.37069809257558	0.362442468493217	0.499337333429721	0.0324586134605653	-0.0949505527722731	-0.238344506985548	4.53082538830188	1	0.00167665119972061	0.0325600089403215	1	20722	1	0.956521739130435	singlet	A619	A619_Re2	A619_Re2	5.23202327221375	3.82118020379193	1_1
CB:Z:GCATGATCACGTGAAG-1_A619_2	CB:Z:GCATGATCACGTGAAG-1_A619_2	41477	18370	30274	1242	0.0290737142723378	22707	4.3561597599569	0.442896062878222	0.729898497962726	0.0299443064831111	0.12615797017335	0.40350628351934	4.51324652916999	1	0.00925560365170011	0.0493430219179182	1	30274	1	0.652173913043478	singlet	A619	A619_Re2	A619_Re2	-4.70139023334045	-3.31812503016346	1_2
CB:Z:ACTAACGGTGAGCTAG-1_A619_2	CB:Z:ACTAACGGTGAGCTAG-1_A619_2	41462	17887	29520	1117	0.0262335893280725	22591	4.35393545557152	0.431407071535382	0.711977232164391	0.0269403309054074	0.0945830737952727	0.353615927340718	4.51055703688208	1	0.00930069557466479	0.04423469351998	1	29520	1	0.608695652173913	singlet	A619	A619_Re2	A619_Re2	-4.25139137774963	-1.30881931460254	1_3
CB:Z:GGGTCTGCATTTAGGC-1_A619_2	CB:Z:GGGTCTGCATTTAGGC-1_A619_2	41402	17709	26992	1339	0.0313282328443415	23048	4.36263324527236	0.427732959760398	0.651949181198976	0.0323414327810251	0.084485607872045	0.186506032477639	4.52107387013388	1	0.00544008329930996	0.0385790465590563	1	26992	1	1.30434782608696	singlet	A619	A619_Re2	A619_Re2	5.09968999355775	3.46786091649182	1_1
CB:Z:AGTCCGGGTATTTGCG-1_A619_2	CB:Z:AGTCCGGGTATTTGCG-1_A619_2	41203	18170	31061	1709	0.0398256897837435	22388	4.35001529823469	0.440987306749509	0.753852874790671	0.0414775623134238	0.120912185301843	0.470191996762548	4.50581702333263	1	0.00588550430679771	0.0499959745247461	1	31061	1	1.17391304347826	singlet	A619	A619_Re2	A619_Re2	-5.00830885440368	-3.36241461909168	1_2
CB:Z:AGGCCTGTCGTATAGC-1_A619_2	CB:Z:AGGCCTGTCGTATAGC-1_A619_2	41063	16387	22329	289	0.00698877926097891	22501	4.35220181965942	0.399069722134281	0.543774200618562	0.00703796605216375	0.00571117668850472	-0.114638338210385	4.50846083078444	1	0.00303632353056679	0.0307073772786423	1	22329	1	1.47826086956522	singlet	A619	A619_Re2	A619_Re2	3.31977585285645	2.21056733452923	1_4
CB:Z:TTGTTGTTCCGCTATC-1_A619_2	CB:Z:TTGTTGTTCCGCTATC-1_A619_2	40991	16419	24280	1580	0.0371144675953114	23236	4.36616136780419	0.400551340538167	0.592325144543924	0.0385450464736162	0.00978307004959512	0.0205208582716895	4.52533985926853	1	0.00581730186114149	0.0325547293737219	1	24280	1	1	singlet	A619	A619_Re2	A619_Re2	6.26900962322693	3.57230267846234	1_1
CB:Z:GACCCAGCAATCCATG-1_A619_2	CB:Z:GACCCAGCAATCCATG-1_A619_2	40876	18021	30077	1368	0.0323832970362655	22464	4.35148709044971	0.440869948135825	0.735810744691261	0.0334670711419904	0.120589651673299	0.419965170878173	4.50759662410927	1	0.00584813007872183	0.0535638368860157	1	30077	1	0.869565217391304	singlet	A619	A619_Re2	A619_Re2	-4.84857412845153	-1.37392451441639	1_3
CB:Z:TGCATGAAGAGCTCCC-1_A619_2	CB:Z:TGCATGAAGAGCTCCC-1_A619_2	40690	15249	22675	1171	0.0279735314493204	23425	4.36967959955982	0.374760383386581	0.5572622265913	0.0287785696731384	-0.0610975473390019	-0.0770895161852725	4.52959388908388	1	0.00877451298854821	0.0369452790065695	1	22675	1	1.1304347826087	singlet	A619	A619_Re2	A619_Re2	3.54714492290955	1.99498524689324	1_1
CB:Z:CGCTAGGCACGACGAA-1_A619_2	CB:Z:CGCTAGGCACGACGAA-1_A619_2	40587	17151	26403	1341	0.031983400114482	22669	4.35543236247055	0.422573730504841	0.65052849434548	0.0330401360041393	0.0703066321661866	0.182551034324228	4.51236700479255	1	0.00556206886964223	0.037998151461741	1	26403	1	1.60869565217391	singlet	A619	A619_Re2	A619_Re2	6.99276593655091	3.15657863938458	1_2
CB:Z:TGTACAGGTGCTTTGA-1_A619_2	CB:Z:TGTACAGGTGCTTTGA-1_A619_2	40570	14072	18438	1951	0.0458832106488559	23279	4.36696432031592	0.346857283707173	0.454473749075672	0.0480897214690658	-0.137782911154996	-0.363238598064826	4.52631074014348	1	0.00237153058115469	0.031107643389346	1	18438	1	1.56521739130435	singlet	A619	A619_Re2	A619_Re2	5.40721038311463	4.06085679852612	1_1
CB:Z:ACTATTCCAGGTAACG-1_A619_2	CB:Z:ACTATTCCAGGTAACG-1_A619_2	40538	16638	27567	1135	0.0272358601492573	22555	4.35324283143373	0.41042972026247	0.680028615126548	0.0279984212343974	0.0369315643665088	0.264675341258875	4.5097195583026	1	0.00768572201894612	0.0421724120642366	1	27567	1	1.34782608695652	singlet	A619	A619_Re2	A619_Re2	-4.49580093890685	-1.49580790675037	1_3
CB:Z:GATGATCGTAAACGTA-1_A619_2	CB:Z:GATGATCGTAAACGTA-1_A619_2	40471	16800	24332	1832	0.0433066212798147	22745	4.35688594116597	0.415112055545946	0.601220627115712	0.0452669812952484	0.0497999047604922	0.0452846667482353	4.51412458289963	1	0.000257182832997651	0.0374442219061374	1	24332	1	1.34782608695652	singlet	A619	A619_Re2	A619_Re2	5.19475773304444	3.88401673161633	1_1
CB:Z:GTGCACGAGTATACGA-1_A619_2	CB:Z:GTGCACGAGTATACGA-1_A619_2	40292	18821	31298	1626	0.038790018607758	21464	4.33171065966388	0.467115060061551	0.776779509580065	0.0403554055395612	0.192718410826927	0.534016616546178	4.48368417829901	1	-0.000188578520236001	0.0506884807625929	1	31298	1	1.17391304347826	singlet	A619	A619_Re2	A619_Re2	-4.89572855502624	-2.12547089732044	1_2
CB:Z:AGATTCGCAAGAAACT-1_A619_2	CB:Z:AGATTCGCAAGAAACT-1_A619_2	40268	16627	27713	1443	0.034595190717077	21799	4.33843657138245	0.412908512963147	0.688213966424953	0.0358349061289361	0.0437439659369384	0.287462241264705	4.49181673777026	1	0.0165474817514225	0.0404995825704828	1	27713	1	1.43478260869565	singlet	A619	A619_Re2	A619_Re2	-5.02574440509338	-3.22705342448108	1_2
CB:Z:AACGAGGAGCGCATTT-1_A619_2	CB:Z:AACGAGGAGCGCATTT-1_A619_2	40253	16290	25659	1600	0.0382290397343082	22408	4.35040309581551	0.404690333639729	0.637443171937495	0.0397485901671925	0.0211581572432012	0.146123284019497	4.50628592435613	1	0.00637597579872483	0.0388243600762246	1	25659	1	0.956521739130435	singlet	A619	A619_Re2	A619_Re2	-4.55056520968933	-4.64745452082508	1_2
CB:Z:TCGAGCGCACTCGCAG-1_A619_2	CB:Z:TCGAGCGCACTCGCAG-1_A619_2	40081	14746	22189	1382	0.0333309215445096	22724	4.35648478060522	0.367904992390409	0.553603951997206	0.0344801776402784	-0.079938040283601	-0.0872736529841101	4.5136395241813	1	0.00229745815909882	0.0390781255302899	1	22189	1	1.26086956521739	singlet	A619	A619_Re2	A619_Re2	2.91654923885804	1.91551397913344	1_3
CB:Z:ACTGTCCCATTTGGTG-1_A619_2	CB:Z:ACTGTCCCATTTGGTG-1_A619_2	39942	18376	29280	1907	0.045568591842099	21612	4.33469495886716	0.460067097291072	0.733062941264834	0.0477442291322418	0.173348677878777	0.412315661452001	4.48729260965616	1	0.00824254611523539	0.0480702699663313	1	29280	1	1.47826086956522	singlet	A619	A619_Re2	A619_Re2	-4.45946260959167	-0.481997033718754	1_3
CB:Z:TGTGGCGTCGAAGCCC-1_A619_2	CB:Z:TGTGGCGTCGAAGCCC-1_A619_2	39874	16533	26007	878	0.0215449548488418	21848	4.33941168713168	0.41463108792697	0.652229522997442	0.0220193609871094	0.0484780739507006	0.187286465753648	4.49299578786098	1	0.00854188830702914	0.0336268278627396	1	26007	1	1.39130434782609	singlet	A619	A619_Re2	A619_Re2	-4.29244848758239	-1.4402907100951	1_3
CB:Z:ACTTTCAAGTACGCGA-1_A619_2	CB:Z:ACTTTCAAGTACGCGA-1_A619_2	39863	17028	25334	1583	0.0381942768904116	21518	4.33280190317798	0.427163033389359	0.635526678875147	0.0397110102099691	0.0829192940354591	0.140788029101104	4.48500364295264	1	0.00237411874854783	0.0434866133193162	1	25334	1	0.826086956521739	singlet	A619	A619_Re2	A619_Re2	-3.89043756991882	0.0382631810868495	1_3
CB:Z:AAGGTTCAGCTAACAA-1_A619_2	CB:Z:AAGGTTCAGCTAACAA-1_A619_2	39841	17294	29429	759	0.0186945812807882	21642	4.33529739270201	0.434075449913406	0.738661178183278	0.0190507266383876	0.101916508756569	0.42790038838906	4.48802103565911	1	0.00124567605031615	0.0442978667118192	1	29429	1	1.8695652173913	singlet	A619	A619_Re2	A619_Re2	-5.0675983098175	-3.9261305538451	1_2
CB:Z:TAGTCCCTCCCAATAG-1_A619_2	CB:Z:TAGTCCCTCCCAATAG-1_A619_2	39699	17231	28012	1240	0.0302889665111507	21895	4.34034494952814	0.434041159726945	0.70560971309101	0.0312350437038716	0.101822269928114	0.335889623957913	4.49412423144739	1	0.00572333706306379	0.0452263767056745	1	28012	1	1.34782608695652	singlet	A619	A619_Re2	A619_Re2	-4.23965784579772	-0.37765695727222	1_3
CB:Z:GCGGAAAGTTTGCCCT-1_A619_2	CB:Z:GCGGAAAGTTTGCCCT-1_A619_2	39573	13568	18970	1856	0.0447995365565184	22902	4.35987341033274	0.342860030829101	0.479367245344048	0.0469006645945468	-0.148768457375357	-0.293938504570544	4.51773684718199	1	0.00903470614556827	0.0327580502302612	1	18970	1	1.82608695652174	singlet	A619	A619_Re2	A619_Re2	4.83903554409485	3.80158887230999	1_1
CB:Z:TCGGGACTCGCTGATA-1_A619_2	CB:Z:TCGGGACTCGCTGATA-1_A619_2	39530	16921	27382	472	0.0117994100294985	21908	4.34060273225675	0.428054642044017	0.692689096888439	0.0119402985074627	0.0853696789335371	0.299920393232401	4.49443592649466	1	0.0119039889949683	0.0482254286560943	1	27382	1	1.34782608695652	singlet	A619	A619_Re2	A619_Re2	-3.69982716113586	0.117506364222836	1_3
CB:Z:TCAGTCCAGCGTATCT-1_A619_2	CB:Z:TCAGTCCAGCGTATCT-1_A619_2	39493	16210	22660	1860	0.0449785988924625	21509	4.33262021956564	0.410452485250551	0.573772567290406	0.0470969538905629	0.0369941287917273	-0.0311269827695067	4.48478396228418	1	0.000524343418329412	0.035638424449373	1	22660	1	1.34782608695652	singlet	A619	A619_Re2	A619_Re2	4.52510360210877	2.1844973655904	1_4
CB:Z:ACAGACTCAATCAGGG-1_A619_2	CB:Z:ACAGACTCAATCAGGG-1_A619_2	39453	13000	17643	1061	0.026188478056968	22840	4.35869609957381	0.329505994474438	0.447190327731731	0.0268927584721061	-0.185469008498179	-0.383514648268931	4.51631331530055	1	0.00563930409965221	0.0269638650313438	1	17643	1	1.39130434782609	singlet	A619	A619_Re2	A619_Re2	6.18960669964295	3.77314601266034	1_1
CB:Z:CTTCCAGGTGCGACCT-1_A619_2	CB:Z:CTTCCAGGTGCGACCT-1_A619_2	39102	15180	20615	1057	0.026320376503399	22201	4.34637253682455	0.38821543655056	0.527210884353742	0.02703186537773	-0.0241193743439538	-0.16074834836535	4.50141241990529	1	0.0044318106548897	0.0340638822966987	1	20615	1	1.21739130434783	singlet	A619	A619_Re2	A619_Re2	5.452712092099	3.95550439679272	1_1
CB:Z:CACCTGTAGTCTCTAG-1_A619_2	CB:Z:CACCTGTAGTCTCTAG-1_A619_2	39089	15447	20673	1751	0.0428746327130264	21330	4.32899085544943	0.395175113203203	0.528870014582107	0.0447952109289058	-0.00499227583942997	-0.15612955642446	4.48039555804206	1	0.00647241928377973	0.0322952046391952	1	20673	1	1.26086956521739	singlet	A619	A619_Re2	A619_Re2	6.094961676297	3.22460220181591	1_1
CB:Z:TAAACCGTCGAGGTAG-1_A619_2	CB:Z:TAAACCGTCGAGGTAG-1_A619_2	39034	17445	29764	1009	0.0251979122443373	21072	4.32370575761771	0.446918071424912	0.762514730747553	0.0258492596198186	0.137211551754523	0.494305420653451	4.47400514225512	1	0.0048130466064053	0.0528519663275479	1	29764	1	0.826086956521739	singlet	A619	A619_Re2	A619_Re2	-4.6365418103363	-1.66005232012622	1_3
CB:Z:ACTTCCGTCGCTCTAC-1_A619_2	CB:Z:ACTTCCGTCGCTCTAC-1_A619_2	39013	15398	22686	1219	0.03029926426725	21998	4.34238319771096	0.394688949837234	0.581498474867352	0.0312459949247687	-0.00632838598567538	-0.00961911133038307	4.49658875599922	1	0.00401682896768294	0.0332827667421971	1	22686	1	1.65217391304348	singlet	A619	A619_Re2	A619_Re2	-3.85978695422668	0.0439370664323084	1_3
CB:Z:CACCTGTAGTAACTCC-1_A619_2	CB:Z:CACCTGTAGTAACTCC-1_A619_2	38980	14950	20851	1209	0.0300828584936177	22071	4.34382201076216	0.383530015392509	0.534915341200616	0.0310159055926116	-0.0369961955668467	-0.139300192828865	4.49832848039594	1	0.00432185698358097	0.0284556269623456	1	20851	1	1.52173913043478	singlet	A619	A619_Re2	A619_Re2	6.23498967617493	3.8915877135957	1_1
CB:Z:GGTAGGACATGGGTGA-1_A619_2	CB:Z:GGTAGGACATGGGTGA-1_A619_2	38906	12529	16255	1031	0.0258156596639708	22799	4.35791579857913	0.322032591374081	0.417801881457873	0.0264997686732124	-0.206007968050309	-0.465328068628743	4.51536982324917	1	0.00114104180684308	0.0253460131965627	1	16255	1	1.65217391304348	singlet	A619	A619_Re2	A619_Re2	5.69679859608155	3.64376626336224	1_1
CB:Z:GTGATCATCCAATAGC-1_A619_2	CB:Z:GTGATCATCCAATAGC-1_A619_2	38812	17019	26393	1721	0.0424592307502529	21520	4.33284226699435	0.438498402555911	0.680021642790889	0.0443419560960528	0.114071994578156	0.264655931228729	4.485052448401	1	0.00518603454328408	0.0450779951603865	1	26393	1	1.39130434782609	singlet	A619	A619_Re2	A619_Re2	-3.67990538150329	-0.103995463017154	1_3
CB:Z:TAAGCCATCGGGAATG-1_A619_2	CB:Z:TAAGCCATCGGGAATG-1_A619_2	38798	14926	20536	1644	0.0406508085653529	22252	4.34736905126879	0.384710552090314	0.529305634311047	0.042373318212279	-0.0337517572352835	-0.15491685059889	4.50261734398412	1	0.00598294207956169	0.0300436601453419	1	20536	1	1.30434782608696	singlet	A619	A619_Re2	A619_Re2	5.70477488964539	3.37865338647015	1_1
CB:Z:TGTGGCGTCCTGAAAC-1_A619_2	CB:Z:TGTGGCGTCCTGAAAC-1_A619_2	38788	13144	17718	737	0.0186464263124605	22654	4.35514489617457	0.338867691038465	0.456790760028875	0.0190007218727441	-0.159740501085177	-0.35678835604365	4.51201941819822	1	0.00372805304754957	0.0254033587639787	1	17718	1	0.608695652173913	singlet	A619	A619_Re2	A619_Re2	5.67916706531983	3.56856332146771	1_1
CB:Z:TACTAGGTCACCCTTG-1_A619_2	CB:Z:TACTAGGTCACCCTTG-1_A619_2	38787	16735	28075	1539	0.0381639636958786	21115	4.32459108576093	0.431458993992833	0.723824992909996	0.0396782427101864	0.0947257709359341	0.386598475011665	4.47507562668572	1	0.00366076316412707	0.0455115142219571	1	28075	1	0.739130434782609	singlet	A619	A619_Re2	A619_Re2	-4.76627918750305	-4.07201459086292	1_2
CB:Z:GCTGTTCGTGGATTTC-1_A619_2	CB:Z:GCTGTTCGTGGATTTC-1_A619_2	38784	17454	28576	188	0.00482397618803243	21285	4.32807365451316	0.450030940594059	0.736798679867987	0.0048473597359736	0.145766569207435	0.422715447471515	4.47928653498712	1	0.00338174127131168	0.048619281883816	1	28576	1	1.47826086956522	singlet	A619	A619_Re2	A619_Re2	-4.14805599719543	-0.927002927426029	1_3
CB:Z:TGGGTTAGTTCCATCC-1_A619_2	CB:Z:TGGGTTAGTTCCATCC-1_A619_2	38734	15837	24169	1638	0.0405726741305856	21677	4.33599917760813	0.408865596117106	0.623973769814633	0.0422884287705891	0.0326329226199403	0.108626308248672	4.48886959087719	1	0.00372611561877335	0.0370192146123059	1	24169	1	0.826086956521739	singlet	A619	A619_Re2	A619_Re2	6.92816165417176	3.45208499753125	1_1
CB:Z:ATTGTCTAGAACTAAC-1_A619_2	CB:Z:ATTGTCTAGAACTAAC-1_A619_2	38627	14267	21487	1753	0.0434125804853888	21996	4.34234371100984	0.369353043208119	0.556268931058586	0.0453827633520594	-0.0759583998473798	-0.0798547152775344	4.49654101110477	1	0.00579771585031964	0.0337667566145827	1	21487	1	0.956521739130435	singlet	A619	A619_Re2	A619_Re2	2.88134041756135	2.05275864326603	1_4
CB:Z:TAGCATGGTCAACTAC-1_A619_2	CB:Z:TAGCATGGTCAACTAC-1_A619_2	38578	16064	20286	934	0.0236383883377202	21432	4.33106270060015	0.416403131318368	0.525843745139717	0.0242106900305874	0.0533481347585816	-0.16455427720436	4.4829007059846	1	0.00118330241987775	0.0267648140263555	1	20286	1	1	singlet	A619	A619_Re2	A619_Re2	6.32806685894471	3.40958319031842	1_1
CB:Z:TTCTAACCAAATTCCG-1_A619_2	CB:Z:TTCTAACCAAATTCCG-1_A619_2	38534	15303	23217	880	0.0223270918962805	21721	4.33687981559842	0.397129807442778	0.60250687704365	0.0228369751388384	0.000379759548503879	0.0488654108631674	4.48993440426284	1	0.00321436986693986	0.0438362877785008	1	23217	1	1.52173913043478	singlet	A619	A619_Re2	A619_Re2	-3.91389843493957	-3.37301423228138	1_2
CB:Z:GTCTACCAGCTGAATA-1_A619_2	CB:Z:GTCTACCAGCTGAATA-1_A619_2	38524	16348	24818	872	0.0221342268250584	21510	4.33264041038746	0.424358841241823	0.644221783823071	0.0226352403696397	0.0752126056203943	0.164994013641701	4.48480837578619	1	-0.00551743248584124	0.0367042292953114	1	24818	1	1.56521739130435	singlet	A619	A619_Re2	A619_Re2	6.90939334362488	2.92488692128308	1_2
CB:Z:CCGTACTTCACGATTG-1_A619_2	CB:Z:CCGTACTTCACGATTG-1_A619_2	38426	16719	21020	291	0.00751607820853888	21289	4.32815526196995	0.435096028730547	0.547025451517202	0.00757299744964347	0.104721339001043	-0.105587299785728	4.47938520971308	1	-0.00513197295170998	0.0238334538170313	1	21020	1	0.91304347826087	singlet	A619	A619_Re2	A619_Re2	6.04660562008362	3.27596626603253	1_1
CB:Z:AAAGGATCAAGCAATA-1_A619_2	CB:Z:AAAGGATCAAGCAATA-1_A619_2	38357	16506	25875	950	0.024168723128196	20918	4.32052015866149	0.430325625048883	0.674583518001929	0.024767317569153	0.0916109625166861	0.24951693459099	4.47015331159676	1	0.00163569490048625	0.0485056938230373	1	25875	1	0.869565217391304	singlet	A619	A619_Re2	A619_Re2	-3.34372660190124	0.323399165507626	1_3
CB:Z:GTGGATTGTAATGTAG-1_A619_2	CB:Z:GTGGATTGTAATGTAG-1_A619_2	38277	13403	17244	1565	0.0392801566186436	21955	4.34153344144041	0.350158058364031	0.450505525511404	0.0408861718525485	-0.128711477932738	-0.374285590461765	4.49556128289291	1	0.0026445778123963	0.0264857450727887	1	17244	1	1.21739130434783	singlet	A619	A619_Re2	A619_Re2	5.02583244770508	3.56624946915753	1_1
CB:Z:CCTCCCTTCATTCGGA-1_A619_2	CB:Z:CCTCCCTTCATTCGGA-1_A619_2	38194	16483	20848	1036	0.0264083609482539	21468	4.331791586615	0.431559930879196	0.545844897104257	0.0271246792689951	0.095003173157986	-0.108873802023507	4.48378203019929	1	0.00126818592563561	0.0318614115242659	1	20848	1	0.869565217391304	singlet	A619	A619_Re2	A619_Re2	5.7801971766327	3.17183003747113	1_1
CB:Z:ATTACTCTCCCTACGT-1_A619_2	CB:Z:ATTACTCTCCCTACGT-1_A619_2	38184	17016	27830	1282	0.0324836568185273	20637	4.31464656416926	0.445631678189818	0.7288393044207	0.033574271946365	0.1336761906521	0.400557633369934	4.46305132178233	1	0.00985535449042697	0.0452419599116525	1	27830	1	1	singlet	A619	A619_Re2	A619_Re2	-5.14401623279113	-3.73183085596912	1_2
CB:Z:AGCTGATTCCACACCT-1_A619_2	CB:Z:AGCTGATTCCACACCT-1_A619_2	38116	12078	16003	1747	0.0438251009708251	22437	4.3509647879431	0.316874803232238	0.419849931787176	0.0458337705950257	-0.220182983180794	-0.459626576248101	4.50696508798826	1	0.00668878959947926	0.0347496389927258	1	16003	1	1.43478260869565	singlet	A619	A619_Re2	A619_Re2	4.94162944286805	3.64123020493634	1_1
CB:Z:TAGCCGGTCCTGACCT-1_A619_2	CB:Z:TAGCCGGTCCTGACCT-1_A619_2	38091	16953	28521	1061	0.0270995096035962	20766	4.31735284967777	0.445065763566197	0.748759549499882	0.0278543487963036	0.132120902196704	0.456012874832743	4.46632359605013	1	0.00617098596586882	0.0478921730527012	1	28521	1	1.56521739130435	singlet	A619	A619_Re2	A619_Re2	-4.79019352466125	-2.21290757334583	1_2
CB:Z:ACGTGGCTCGCTAGTA-1_A619_2	CB:Z:ACGTGGCTCGCTAGTA-1_A619_2	37900	13410	15880	1048	0.0269076717674849	21330	4.32899085544943	0.353825857519789	0.418997361477573	0.0276517150395778	-0.118631360816901	-0.462000015540396	4.48039555804206	1	0.00498474414219431	0.0183051568222062	1	15880	1	1.04347826086957	singlet	A619	A619_Re2	A619_Re2	3.17199173897248	2.03571277284272	1_4
CB:Z:ATAGTCGGTCTAAAGA-1_A619_2	CB:Z:ATAGTCGGTCTAAAGA-1_A619_2	37669	13066	18558	1531	0.0390561224489796	21669	4.33583886957995	0.346863468634686	0.492659746741352	0.0406434999601795	-0.137765913279419	-0.256933996257411	4.48867575625261	1	0.0023374594624052	0.0283659110474735	1	18558	1	0.826086956521739	singlet	A619	A619_Re2	A619_Re2	3.44565978973847	2.29474745118267	1_1
CB:Z:ACGTGGCAGGATTTGA-1_A619_2	CB:Z:ACGTGGCAGGATTTGA-1_A619_2	37625	14235	19700	1886	0.0477335425577687	21431	4.33104243629378	0.378338870431894	0.52358803986711	0.0501262458471761	-0.0512628843756215	-0.170833852584288	4.48287620362958	1	0.00283357706869353	0.0319315947327475	1	19700	1	1.21739130434783	singlet	A619	A619_Re2	A619_Re2	5.99828484981995	3.47712979638226	1_1
CB:Z:TACTGCCAGGAGAACA-1_A619_2	CB:Z:TACTGCCAGGAGAACA-1_A619_2	37574	16749	26222	1684	0.0428957155229507	20610	4.31407799177921	0.445760366210678	0.697876190983127	0.0448182253686059	0.134029860596006	0.314360554704703	4.46236383895929	1	0.00317099952049353	0.0488347344198575	1	26222	1	1.56521739130435	singlet	A619	A619_Re2	A619_Re2	-3.67647263080139	0.42246077382214	1_3
CB:Z:GCCATAAGTGACGCAA-1_A619_2	CB:Z:GCCATAAGTGACGCAA-1_A619_2	37416	16352	25673	1344	0.0346749226006192	20804	4.31814684510279	0.437032285653197	0.686150310027796	0.0359204618345093	0.110042703589945	0.281717303722736	4.46728364656582	1	0.00393921548939927	0.0408765559509061	1	25673	1	1.52173913043478	singlet	A619	A619_Re2	A619_Re2	-4.88928410083312	-4.07571770823352	1_2
CB:Z:ACAAACCAGACCGCAA-1_A619_2	CB:Z:ACAAACCAGACCGCAA-1_A619_2	37401	11924	15611	1852	0.0471811071765215	21329	4.32897049423693	0.318815004946392	0.417395256811315	0.049517392583086	-0.214850777223903	-0.4664600561053	4.4803709385141	1	0.00681380199266885	0.0276741599370934	1	15611	1	1.47826086956522	singlet	A619	A619_Re2	A619_Re2	5.35708406895142	3.88981864773877	1_1
CB:Z:AACCGATAGTGAGTTA-1_A619_2	CB:Z:AACCGATAGTGAGTTA-1_A619_2	37370	16143	25927	1401	0.0361352557323773	20613	4.31414120326057	0.431977522076532	0.693791811613594	0.0374899652127375	0.0961508281949537	0.302990200411227	4.46244027040129	1	0.00067163516570477	0.038486654079885	1	25927	1	1.04347826086957	singlet	A619	A619_Re2	A619_Re2	-4.31497999698181	-1.76574065363758	1_3
CB:Z:TCAATTCTCAGGTCTA-1_A619_2	CB:Z:TCAATTCTCAGGTCTA-1_A619_2	37247	14371	22128	1791	0.0458783749167478	20895	4.32004237547964	0.385829731253524	0.594088114479018	0.0480844094826429	-0.0306759462217363	0.0254287257730031	4.46957560550972	1	0.0039193604740517	0.0449545964343695	1	22128	1	1.04347826086957	singlet	A619	A619_Re2	A619_Re2	4.51519683330994	3.18584654652722	1_1
CB:Z:CGCAGGTGTACGTAGG-1_A619_2	CB:Z:CGCAGGTGTACGTAGG-1_A619_2	37231	15456	23326	872	0.0228853371125633	21034	4.32292186958309	0.415137922698826	0.626520909994359	0.0234213424296957	0.0498709947846207	0.11571719860393	4.47305731297531	1	0.00231214265850914	0.0329291176428361	1	23326	1	1.26086956521739	singlet	A619	A619_Re2	A619_Re2	2.77612367599946	1.77963499524839	1_4
CB:Z:AGACAAAAGGATTGAT-1_A619_2	CB:Z:AGACAAAAGGATTGAT-1_A619_2	37222	15594	24238	1082	0.0282477025898079	20450	4.31069331234336	0.418945784750954	0.651174036859922	0.0290688302616732	0.0603360431191612	0.184348136512006	4.45827129240873	1	0.00532403544237147	0.0371534945736646	1	24238	1	1.73913043478261	singlet	A619	A619_Re2	A619_Re2	-4.34518143207092	-0.523503800991703	1_3
CB:Z:GTGGCGTCATGGGAAC-1_A619_2	CB:Z:GTGGCGTCATGGGAAC-1_A619_2	37194	15883	25004	247	0.00659704601907	20849	4.3190852293387	0.427031241598107	0.672258966499973	0.00664085605205141	0.0825570940800352	0.243045700712024	4.46841828316598	1	0.00181411475051744	0.0489563363448738	1	25004	1	1.1304347826087	singlet	A619	A619_Re2	A619_Re2	-3.7355785039093	-0.256445428494144	1_3
CB:Z:GCGGGTTAGAGTTCGG-1_A619_2	CB:Z:GCGGGTTAGAGTTCGG-1_A619_2	37192	15994	24423	1221	0.0317861140759639	20852	4.31914771625498	0.430038718003872	0.656673478167348	0.0328296407829641	0.0908224633398622	0.199657829962142	4.46849383850838	1	0.00431616561879543	0.0353426854464832	1	24423	1	0.782608695652174	singlet	A619	A619_Re2	A619_Re2	7.03019526928406	3.6528136523927	1_1
CB:Z:TTCGCGTGTGAGTTGG-1_A619_2	CB:Z:TTCGCGTGTGAGTTGG-1_A619_2	37136	15717	25268	486	0.0129179735261283	20579	4.31342426716919	0.423228134424817	0.680417923308919	0.0130870314519604	0.0721051134554522	0.265759122064332	4.46157339530031	1	0.013188261041973	0.0453557803717576	1	25268	1	1.08695652173913	singlet	A619	A619_Re2	A619_Re2	6.36252311199647	1.7690403329695	1_2
CB:Z:CGTGGCAAGATATGAC-1_A619_2	CB:Z:CGTGGCAAGATATGAC-1_A619_2	37135	11537	17011	1629	0.0420235269837994	21613	4.33471505346436	0.310677258650868	0.45808536421166	0.0438669718594318	-0.237215533917045	-0.3531843548243	4.48731690680926	1	0.00797908365564126	0.032694509853185	1	17011	1	1.56521739130435	singlet	A619	A619_Re2	A619_Re2	5.434711966214	3.91894791447766	1_1
CB:Z:GTAGGAGAGTGCACAG-1_A619_2	CB:Z:GTAGGAGAGTGCACAG-1_A619_2	37031	16125	25275	1869	0.0480462724935733	20865	4.31941838904773	0.435445977694364	0.682536253409306	0.05047122680997	0.105683094645243	0.2716562637284	4.46882111942975	1	-0.000960047624678421	0.0462107720335386	1	25275	1	1.56521739130435	singlet	A619	A619_Re2	A619_Re2	6.33184627026063	3.81980357491619	1_1
CB:Z:ACATGCACACAGGTAG-1_A619_2	CB:Z:ACATGCACACAGGTAG-1_A619_2	36969	16020	27593	1765	0.0455672019414468	20152	4.30431815449006	0.433336038302361	0.74638210392491	0.0477427033460467	0.0998844030387746	0.44939439107912	4.45056284297466	1	0.0102001660960806	0.0416614617805695	1	27593	1	1.30434782608696	singlet	A619	A619_Re2	A619_Re2	-5.07371565372009	-3.4849250522887	1_2
CB:Z:TGTGGCGCATCCGTAA-1_A619_2	CB:Z:TGTGGCGCATCCGTAA-1_A619_2	36772	16731	27533	831	0.0220993005877191	19986	4.30072588307482	0.454992929402807	0.748749048188839	0.0225987164146633	0.159403474118414	0.455983640617138	4.44621928894902	1	0.00656481400970743	0.0508255703947705	1	27533	1	1.43478260869565	singlet	A619	A619_Re2	A619_Re2	-4.18320604831237	-1.9998073784148	1_2
CB:Z:GGAGGATGTGAATCAA-1_A619_2	CB:Z:GGAGGATGTGAATCAA-1_A619_2	36744	14591	21248	1153	0.0304245718658469	20620	4.3142886609475	0.397098846070107	0.57827128238624	0.0313792728064446	0.000294669212490818	-0.0186031744066982	4.46261856718225	1	0.00627614694270368	0.032385872762113	1	21248	1	1.34782608695652	singlet	A619	A619_Re2	A619_Re2	6.18666556805115	2.85330460393078	1_1
CB:Z:ATGTCGAAGTAGACCG-1_A619_2	CB:Z:ATGTCGAAGTAGACCG-1_A619_2	36523	14709	23526	323	0.0087662161428649	20543	4.31266386615063	0.402732524710456	0.644142047476932	0.008843742299373	0.015777561834504	0.164772038544963	4.46065396507818	1	0.00883978874964272	0.0412719198091895	1	23526	1	1.47826086956522	singlet	A619	A619_Re2	A619_Re2	-4.52837130099792	-5.11917187846058	1_2
CB:Z:AAAGATGAGAACGTTA-1_A619_2	CB:Z:AAAGATGAGAACGTTA-1_A619_2	36505	16074	26617	168	0.00458102691353312	20165	4.30459822634364	0.440323243391316	0.729132995480071	0.00460210930009588	0.119087157229517	0.401375229164975	4.45090148866327	1	0.00625173947074854	0.0522703192174051	1	26617	1	1.52173913043478	singlet	A619	A619_Re2	A619_Re2	-4.30158039599914	-0.41453816569202	1_3
CB:Z:ATCCTGCGTTGTCGGC-1_A619_2	CB:Z:ATCCTGCGTTGTCGGC-1_A619_2	36382	15400	24015	1081	0.0288551370685743	20099	4.30317445019235	0.423286240448573	0.660079160024188	0.0297124951899291	0.0722648047307181	0.209138783081235	4.44917994596266	1	0.00455944388243862	0.04443466672072	1	24015	1	0.91304347826087	singlet	A619	A619_Re2	A619_Re2	-4.42341991931457	-1.36080648577564	1_3
CB:Z:AACCTTTAGGCTTTAC-1_A619_2	CB:Z:AACCTTTAGGCTTTAC-1_A619_2	36335	14761	21174	872	0.0234364501303518	20521	4.31219852037253	0.406247419843126	0.582743910829778	0.0239988991330673	0.0254374567967392	-0.00615198772079417	4.46009129753607	1	0.00121348997295295	0.0347014708663992	1	21174	1	1.34782608695652	singlet	A619	A619_Re2	A619_Re2	3.06430211990815	2.10091195428021	1_4
CB:Z:TCCAGAACAATGTAAG-1_A619_2	CB:Z:TCCAGAACAATGTAAG-1_A619_2	36302	12498	18158	1632	0.0430220910001582	20657	4.31506724951422	0.344278552145887	0.500192826841496	0.0449562007602887	-0.144869972099229	-0.235962930176063	4.46355998867088	1	0.00567845414838737	0.0293476804279216	1	18158	1	0.565217391304348	singlet	A619	A619_Re2	A619_Re2	6.52609017818909	2.96862290227063	1_1
CB:Z:TACCTCGGTAACATAG-1_A619_2	CB:Z:TACCTCGGTAACATAG-1_A619_2	36254	16216	25828	597	0.0162003744810182	19710	4.29468662427944	0.447288575053787	0.712417940089369	0.0164671484525845	0.138229797250612	0.35484279800908	4.4389169880312	1	0.00432552140638684	0.0443029585434766	1	25828	1	1.56521739130435	singlet	A619	A619_Re2	A619_Re2	-3.94519564181823	-2.18183972514026	1_3
CB:Z:CCACGTTCAAGCGGTA-1_A619_2	CB:Z:CCACGTTCAAGCGGTA-1_A619_2	36247	16631	27396	1013	0.027187332259796	19764	4.29587484521738	0.458824178552708	0.755814274284768	0.027947140453003	0.169932796606077	0.475652265053318	4.4403537118312	1	0.00687768446330843	0.0476621848760469	1	27396	1	1.04347826086957	singlet	A619	A619_Re2	A619_Re2	-5.10795923739929	-3.06655766642444	1_2
CB:Z:TGCCTGTTCGACTTAG-1_A619_2	CB:Z:TGCCTGTTCGACTTAG-1_A619_2	36170	15706	24520	1328	0.0354152221451811	20345	4.3084576941893	0.434227260160354	0.677909870058059	0.0367155100912358	0.102333724913625	0.25877704438029	4.45556812020642	1	0.00372562918805435	0.0441567265580996	1	24520	1	1	singlet	A619	A619_Re2	A619_Re2	-3.61991259128112	0.383356550570797	1_3
CB:Z:GCATTCCCATATTGGC-1_A619_2	CB:Z:GCATTCCCATATTGGC-1_A619_2	36162	14483	22548	1551	0.0411264020364331	20541	4.31262158258698	0.400503290747193	0.623527459764394	0.0428903268624523	0.0096510160575857	0.107383842028757	4.46060283838927	1	0.0107491543913812	0.0426361309815492	1	22548	1	0.91304347826087	singlet	A619	A619_Re2	A619_Re2	-3.85212608844299	0.387910464640927	1_3
CB:Z:CTTCCAGCAGCGTCGT-1_A619_2	CB:Z:CTTCCAGCAGCGTCGT-1_A619_2	36146	15838	24201	1293	0.0345361788509308	20146	4.30418882961484	0.438167432081005	0.669534664969844	0.0357715929840093	0.113162397021895	0.235461617355104	4.45040647127625	1	0.00584221629857921	0.0415544773520899	1	24201	1	1.30434782608696	singlet	A619	A619_Re2	A619_Re2	-2.98014256030578	-2.01875879443042	1_3
CB:Z:TTGCTATGTTTCACCC-1_A619_2	CB:Z:TTGCTATGTTTCACCC-1_A619_2	36134	14075	19466	455	0.0124354314138129	20645	4.31481488721072	0.389522333536282	0.538716997841368	0.0125920185974429	-0.0205276633164495	-0.128716899996191	4.46325484766883	1	0.000802473907836256	0.0367611327829072	1	19466	1	1.26086956521739	singlet	A619	A619_Re2	A619_Re2	6.32699016064149	4.03166125142224	1_1
CB:Z:TGTACGAAGGCAATTA-1_A619_2	CB:Z:TGTACGAAGGCAATTA-1_A619_2	36041	14756	23134	1542	0.0410291887289466	20337	4.30828688862911	0.409422602036569	0.64188008101884	0.0427846064204656	0.034163727515183	0.158475032879837	4.45536159261068	1	0.00984071143255948	0.0413026488061275	1	23134	1	1.34782608695652	singlet	A619	A619_Re2	A619_Re2	-3.6555208829071	-1.35871865427845	1_3
CB:Z:TTACTTGTCCAGAATC-1_A619_2	CB:Z:TTACTTGTCCAGAATC-1_A619_2	36019	13509	21536	1500	0.0399797435965777	20692	4.31580246973705	0.375052055859408	0.597906660373692	0.0416446875260279	-0.0602959514607388	0.0360590359817475	4.46444897182094	1	0.00638245609202078	0.0464615472017995	1	21536	1	0.91304347826087	singlet	A619	A619_Re2	A619_Re2	4.57567814320069	3.65624878728039	1_1
CB:Z:TCACAAGCAAAGCATA-1_A619_2	CB:Z:TCACAAGCAAAGCATA-1_A619_2	35953	15148	22984	1892	0.0499933941075439	20058	4.30228762697621	0.421327844686118	0.639279058771174	0.0526242594498373	0.0668825965436317	0.151234142207001	4.44810765378169	1	0.00177728401761738	0.0384853664608811	1	22984	1	1.47826086956522	singlet	A619	A619_Re2	A619_Re2	6.84536841839295	3.27061889493115	1_1
CB:Z:GAGAACGCACTCAAGT-1_A619_2	CB:Z:GAGAACGCACTCAAGT-1_A619_2	35788	12238	16830	1829	0.0486216338357657	20481	4.31135115757134	0.341958198278753	0.470269364032637	0.051106516150665	-0.151246940340301	-0.319265763493254	4.45906671846594	1	0.00298822143564693	0.0330538232210589	1	16830	1	1.17391304347826	singlet	A619	A619_Re2	A619_Re2	4.7859824034546	3.86114213788159	1_1
CB:Z:CAATCCCTCACGATTG-1_A619_2	CB:Z:CAATCCCTCACGATTG-1_A619_2	35722	15392	26447	1073	0.0291615708656067	19689	4.29422365897659	0.430882929287274	0.740356083086053	0.0300375118974302	0.0931425872740873	0.432618772137165	4.4383571988136	1	0.00919201570196892	0.0469152249597356	1	26447	1	1.52173913043478	singlet	A619	A619_Re2	A619_Re2	-4.82612225085754	-1.84422232783191	1_3
CB:Z:AGCTATGTCTCTTAAC-1_A619_2	CB:Z:AGCTATGTCTCTTAAC-1_A619_2	35680	15277	23538	1696	0.0453767123287671	19897	4.29878759994424	0.428167040358744	0.65969730941704	0.0475336322869955	0.085678580301349	0.208075763146595	4.44387563600037	1	0.00613566012233179	0.0390933587412372	1	23538	1	1.69565217391304	singlet	A619	A619_Re2	A619_Re2	7.15969994991761	2.71216664635785	1_1
CB:Z:CGTTCCATCGCTTCAC-1_A619_2	CB:Z:CGTTCCATCGCTTCAC-1_A619_2	35661	13130	18002	1484	0.0399515412572352	20872	4.31956406609216	0.368189338493032	0.504809175289532	0.0416140882196237	-0.0791565792782011	-0.22311164662786	4.46899726316714	1	0.00209140525844484	0.0319948999143813	1	18002	1	1.26086956521739	singlet	A619	A619_Re2	A619_Re2	4.72466186016541	3.67441079938061	1_1
CB:Z:GGACACCGTGGTGGTA-1_A619_2	CB:Z:GGACACCGTGGTGGTA-1_A619_2	35593	15870	27166	578	0.0159796522075696	19454	4.28900891153946	0.445874188744978	0.763239962914056	0.0162391481471076	0.134342676109464	0.496324367948032	4.43205184640422	1	0.000785573796600473	0.0471747326700493	1	27166	1	0.782608695652174	singlet	A619	A619_Re2	A619_Re2	-5.01180025607604	-4.02429654276722	1_2
CB:Z:TATCTGTGTTCCAATG-1_A619_2	CB:Z:TATCTGTGTTCCAATG-1_A619_2	35453	15675	27857	1360	0.0369434710564203	19045	4.27978097699696	0.442134657151722	0.785744506811835	0.0383606464897188	0.124065418599544	0.558973944341345	4.4208939945614	1	0.0089607576845009	0.0490482603941448	1	27857	1	1	singlet	A619	A619_Re2	A619_Re2	-4.68139311343688	-1.72022010958545	1_3
CB:Z:GCGCATGTCTTAATCC-1_A619_2	CB:Z:GCGCATGTCTTAATCC-1_A619_2	35438	15697	24699	789	0.0217793358544732	19723	4.29497297472041	0.442942603984423	0.696963711270388	0.0222642361307071	0.126285877886202	0.311820335816897	4.43926322540217	1	0.00412246416040229	0.0437987470830214	1	24699	1	1.1304347826087	singlet	A619	A619_Re2	A619_Re2	-4.61066099673767	-4.14413764155262	1_2
CB:Z:CACCACTCATGTGAGG-1_A619_2	CB:Z:CACCACTCATGTGAGG-1_A619_2	35431	15591	24738	949	0.0260857614073667	19375	4.28724171117835	0.440038384465581	0.698202139369479	0.0267844542914397	0.118304286845681	0.31526795049214	4.42991505623573	1	0.00856747405224035	0.0441468929842585	1	24738	1	1.17391304347826	singlet	A619	A619_Re2	A619_Re2	-3.49771305591125	-0.10401000655048	1_3
CB:Z:TAATTCCTCCATCGAA-1_A619_2	CB:Z:TAATTCCTCCATCGAA-1_A619_2	35392	13608	19942	1718	0.0462947992454864	20015	4.30135559444112	0.384493670886076	0.563460669077758	0.0485420433996383	-0.0343478062134589	-0.0598338989268751	4.44698069726814	1	0.00654518506873569	0.0321922766886933	1	19942	1	1.08695652173913	singlet	A619	A619_Re2	A619_Re2	5.37470510929566	3.55559025132306	1_1
CB:Z:ATGTCTTGTCAGTGCC-1_A619_2	CB:Z:ATGTCTTGTCAGTGCC-1_A619_2	35326	10489	13633	1622	0.0438995344808921	20965	4.32149486673959	0.296920115495669	0.385919719187001	0.0459151899450829	-0.275023932985472	-0.554083653716165	4.47133186875658	1	0.00963944494845965	0.0173947792532913	1	13633	1	1.04347826086957	singlet	A619	A619_Re2	A619_Re2	3.10210517376404	2.05750783705361	1_4
CB:Z:GGGACCTGTTTGTAGC-1_A619_2	CB:Z:GGGACCTGTTTGTAGC-1_A619_2	35296	15692	25445	1235	0.0338069037256029	19236	4.28411476840177	0.444582955575703	0.720903218495014	0.034989800543971	0.130794013541691	0.378464654115454	4.42613414902823	1	0.00281426258024082	0.0440033417753768	1	25445	1	1.34782608695652	singlet	A619	A619_Re2	A619_Re2	-4.2278880742218	-0.199988624218632	1_3
CB:Z:GCTGTTCTCCACCTAC-1_A619_2	CB:Z:GCTGTTCTCCACCTAC-1_A619_2	35276	15205	24716	1282	0.0350675638711089	19620	4.29269900304393	0.431029595192199	0.700646331783649	0.036341988887629	0.0935456653696314	0.32207224832937	4.43651367847549	1	0.00738395460362477	0.0378733310178883	1	24716	1	1.08695652173913	singlet	A619	A619_Re2	A619_Re2	-4.54798647433776	-4.38343598521106	1_2
CB:Z:GCAACCGGTACCTATG-1_A619_2	CB:Z:GCAACCGGTACCTATG-1_A619_2	35234	15963	27425	804	0.0223097841167656	19303	4.28562481067595	0.453056706590225	0.77836748595107	0.0228188681387296	0.154082203273327	0.538437325866833	4.42795999942781	1	0.00218128674739293	0.0470055767515255	1	27425	1	0.565217391304348	singlet	A619	A619_Re2	A619_Re2	-4.75373980075378	-1.32693602717273	1_3
CB:Z:TTACCGCAGGTAGGAA-1_A619_2	CB:Z:TTACCGCAGGTAGGAA-1_A619_2	35165	14622	22927	937	0.0259542407622846	19662	4.29362769176602	0.415811175885113	0.651983506327314	0.0266458125977534	0.0517212790227112	0.186601588946581	4.43763659185567	1	0.00693638300588877	0.0437495378667057	1	22927	1	0.956521739130435	singlet	A619	A619_Re2	A619_Re2	6.87419322460633	3.08397541367657	1_1
CB:Z:GAAGAGCAGAGGCAGG-1_A619_2	CB:Z:GAAGAGCAGAGGCAGG-1_A619_2	34994	13257	19023	1559	0.0426503980521435	19806	4.29679677471395	0.378836371949477	0.54360747556724	0.0445504943704635	-0.0498956138819049	-0.115102477980865	4.44146845237091	1	0.00375193789815618	0.0304561266170815	1	19023	1	0.956521739130435	singlet	A619	A619_Re2	A619_Re2	4.26262978046876	3.00069747292645	1_4
CB:Z:GTCACTCTCCTCCTGA-1_A619_2	CB:Z:GTCACTCTCCTCCTGA-1_A619_2	34862	14252	20660	1204	0.0333832418344147	19583	4.2918792239147	0.408811886868223	0.592622339510068	0.0345361711892605	0.0324853148868136	0.0213482084645981	4.43552245188782	1	0.000291059318187402	0.0301869080420664	1	20660	1	0.91304347826087	singlet	A619	A619_Re2	A619_Re2	6.12114575832825	3.56069765412457	1_1
CB:Z:GCTGAGCGTGAGGGTT-1_A619_2	CB:Z:GCTGAGCGTGAGGGTT-1_A619_2	34824	11802	15032	1807	0.0493298026261909	20418	4.31001319947945	0.338904203997243	0.431656328968527	0.0518895014932231	-0.159640153469319	-0.426759179090327	4.45744894169342	1	0.00358470490246168	0.0259158739969363	1	15032	1	1.17391304347826	singlet	A619	A619_Re2	A619_Re2	4.99724224537354	3.76690564477093	1_1
CB:Z:TGTGACAGTTACGGAG-1_A619_2	CB:Z:TGTGACAGTTACGGAG-1_A619_2	34754	11086	14926	1767	0.0483831220393746	20504	4.31183859317619	0.318984865051505	0.429475743799275	0.0508430684237786	-0.214383955110658	-0.432829630362912	4.45965609567021	1	0.00632872013854644	0.0305669070071569	1	14926	1	0.782608695652174	singlet	A619	A619_Re2	A619_Re2	5.53221777409058	3.98324630581982	1_1
CB:Z:CATGTTTAGTCGCCTG-1_A619_2	CB:Z:CATGTTTAGTCGCCTG-1_A619_2	34742	11585	13566	974	0.0272706910068317	20020	4.3014640731433	0.333458062287721	0.390478383512751	0.028035231132347	-0.174607643217291	-0.541392954885529	4.4471118630541	1	0.00596245714920962	0.0251958788576439	1	13566	1	1.78260869565217	singlet	A619	A619_Re2	A619_Re2	4.76193622082215	3.51368663632519	1_1
CB:Z:CCCGTTATCTAGCAAC-1_A619_2	CB:Z:CCCGTTATCTAGCAAC-1_A619_2	34654	16113	27613	476	0.0135496726444634	18930	4.2771506139638	0.46496796906562	0.796819991920125	0.0137357880764125	0.18681761643273	0.589806582120475	4.41771352108906	1	0.00309363959215147	0.0504039406884877	1	27613	1	0.869565217391304	singlet	A619	A619_Re2	A619_Re2	-4.0649857190277	-0.594312926891971	1_3
CB:Z:AACCGATGTAGGGTCA-1_A619_2	CB:Z:AACCGATGTAGGGTCA-1_A619_2	34651	15424	23549	841	0.0236954806717007	19245	4.28431791543061	0.445124238838706	0.679605206198955	0.0242705838215347	0.132281608268722	0.263496628636423	4.42637978194204	1	0.00542060416252705	0.0484242295246657	1	23549	1	1.73913043478261	singlet	A619	A619_Re2	A619_Re2	-3.61409327060241	0.419579366084408	1_3
CB:Z:GCACGGTTCGTGCTTC-1_A619_2	CB:Z:GCACGGTTCGTGCTTC-1_A619_2	34595	11456	15968	1662	0.0458394241112061	20338	4.30830824299823	0.331146119381413	0.461569590981356	0.0480416245122127	-0.180961495833272	-0.343484743395997	4.45538741300264	1	0.00459709794786055	0.0294633433529315	1	15968	1	1.56521739130435	singlet	A619	A619_Re2	A619_Re2	5.74730280369263	3.66769299828656	1_1
CB:Z:GCACGCACAGGTAACG-1_A619_2	CB:Z:GCACGCACAGGTAACG-1_A619_2	34580	15276	24824	520	0.0148148148148148	18977	4.27822755759474	0.441758241758242	0.717871602082128	0.0150375939849624	0.123030925954403	0.370025048100022	4.419015695202	1	0.00602513165091652	0.0474884968475663	1	24824	1	1.73913043478261	singlet	A619	A619_Re2	A619_Re2	-3.94870516330261	-0.207001229885746	1_3
CB:Z:TCTCAGCTCTGGCTAA-1_A619_2	CB:Z:TCTCAGCTCTGGCTAA-1_A619_2	34572	12179	16159	1703	0.046946933149552	19939	4.29970337336519	0.352279301168576	0.46740136526669	0.0492595163716302	-0.122881721451287	-0.327249880327581	4.44498293299143	1	0.0037338154797746	0.0255461746860478	1	16159	1	1.78260869565217	singlet	A619	A619_Re2	A619_Re2	4.89765766590577	3.23678968274243	1_1
CB:Z:AAAGATGGTTTGCCAA-1_A619_2	CB:Z:AAAGATGGTTTGCCAA-1_A619_2	34550	13871	18054	1625	0.0449205252246026	19089	4.28078317795589	0.401476121562952	0.522547033285094	0.0470332850940666	0.0123246217105428	-0.173731872721118	4.42210579442462	1	0.00449448321398538	0.0270274402828118	1	18054	1	1.82608695652174	singlet	A619	A619_Re2	A619_Re2	5.69138363331299	3.82805226170666	1_1
CB:Z:GCTTAAGCACCGAATT-1_A619_2	CB:Z:GCTTAAGCACCGAATT-1_A619_2	34525	15192	25177	1404	0.0390770686631969	19029	4.27941596611713	0.440028964518465	0.729239681390297	0.0406661839246923	0.118278398249789	0.401672228167182	4.42045264581759	1	0.00199161206902086	0.0452286350225329	1	25177	1	1.47826086956522	singlet	A619	A619_Re2	A619_Re2	-4.95586010486144	-4.62244488871448	1_2
CB:Z:TTGCAGATCGAGGTAG-1_A619_2	CB:Z:TTGCAGATCGAGGTAG-1_A619_2	34492	15512	25842	1435	0.0399421048236702	18888	4.27618597407067	0.449727473037226	0.749217209787777	0.0416038501681549	0.144932557206278	0.457286938564001	4.4165471377603	1	0.0086488812864714	0.0458566476035516	1	25842	1	0.739130434782609	singlet	A619	A619_Re2	A619_Re2	-3.75509592563171	-0.19343449747913	1_3
CB:Z:ACTATTCGTCATAGCT-1_A619_2	CB:Z:ACTATTCGTCATAGCT-1_A619_2	34451	15275	25488	582	0.0166129078297605	18905	4.27657668169855	0.443383356070941	0.739833386549012	0.0168935589678094	0.127497185393096	0.43116365637136	4.41701955743404	1	0.00849387431218394	0.04310623695525	1	25488	1	0.608695652173913	singlet	A619	A619_Re2	A619_Re2	-4.77628513843078	-3.14163281596058	1_2
CB:Z:CGAGTTACAAGCCCTG-1_A619_2	CB:Z:CGAGTTACAAGCCCTG-1_A619_2	34422	11807	17186	1446	0.0403144864503178	20150	4.30427505047713	0.343007379001801	0.49927372029516	0.0420080181279414	-0.148363504221013	-0.238521597263467	4.45051072424887	1	0.00764200431601852	0.0351282942870183	1	17186	1	0.91304347826087	singlet	A619	A619_Re2	A619_Re2	5.27156427830201	3.97755906903393	1_1
CB:Z:TGATTTCTCAAGAGGC-1_A619_2	CB:Z:TGATTTCTCAAGAGGC-1_A619_2	34344	15694	25199	1463	0.0408579328064345	19374	4.28721929540081	0.456964826461682	0.733723503377591	0.042598416026089	0.164822787567634	0.414154576150015	4.42988795245388	1	-0.00607761651148248	0.047900570752986	1	25199	1	1.21739130434783	singlet	A619	A619_Re2	A619_Re2	-4.99403807193298	-4.72220875895374	1_2
CB:Z:ACTAACGAGACGCCCT-1_A619_2	CB:Z:ACTAACGAGACGCCCT-1_A619_2	34320	15604	24328	1148	0.0323672042404421	18660	4.27091163941048	0.454662004662005	0.708857808857809	0.0334498834498834	0.158494002252003	0.344931878926473	4.41016973613952	1	0.000631037491070018	0.0470951979127882	1	24328	1	1.08695652173913	singlet	A619	A619_Re2	A619_Re2	-3.43886753589172	0.296126345034909	1_3
CB:Z:TGTGTCCGTTCCGCGA-1_A619_2	CB:Z:TGTGTCCGTTCCGCGA-1_A619_2	34280	10999	14717	1167	0.0329223911755579	20131	4.3038653488427	0.32085764294049	0.429317386231038	0.0340431738623104	-0.209237048300539	-0.433270476203367	4.45001533818868	1	0.00327980238201708	0.0289535686946141	1	14717	1	1.17391304347826	singlet	A619	A619_Re2	A619_Re2	5.18192437618714	3.84962961995251	1_1
CB:Z:AGCTGATGTCTCGGGT-1_A619_2	CB:Z:AGCTGATGTCTCGGGT-1_A619_2	34236	14246	23405	63	0.00183678824455523	19030	4.27943878828702	0.416111695291506	0.683637107138684	0.00184016824395373	0.0525471886986178	0.274720890149173	4.42048024098412	1	0.00972905809177288	0.0403088853769216	1	23405	1	1.30434782608696	singlet	A619	A619_Re2	A619_Re2	-5.19197365314025	-4.4456880298888	1_2
CB:Z:TGCTCGTAGCGTTAGG-1_A619_2	CB:Z:TGCTCGTAGCGTTAGG-1_A619_2	34159	15553	24530	754	0.0215965399707845	18721	4.27232904327402	0.455311923651161	0.718112356919114	0.0220732457039141	0.160280157722434	0.370695276682315	4.41188357386105	1	0.00200876285948223	0.0384294502367249	1	24530	1	1.52173913043478	singlet	A619	A619_Re2	A619_Re2	-4.6088728573944	-5.08576180613391	1_2
CB:Z:CACCTTGAGAGTAAGG-1_A619_2	CB:Z:CACCTTGAGAGTAAGG-1_A619_2	34157	15080	23847	818	0.0233881343817012	18709	4.27205057498861	0.441490763240331	0.698158503381444	0.0239482390139649	0.122295821693781	0.315146473861542	4.41154686710862	1	0.00312688050908456	0.0424268554344907	1	23847	1	1.65217391304348	singlet	A619	A619_Re2	A619_Re2	5.63816073864442	3.18433246934063	1_1
CB:Z:TAACTTCAGGATGCCA-1_A619_2	CB:Z:TAACTTCAGGATGCCA-1_A619_2	34149	15584	25419	608	0.0174928791322611	18607	4.26967635762986	0.456353041084658	0.744355618026882	0.0178043280915986	0.163141433712565	0.443752931129737	4.40867610925814	1	0.00492371123771449	0.0427548949819648	1	25419	1	1.26086956521739	singlet	A619	A619_Re2	A619_Re2	-4.32770773440856	-0.539877435330082	1_3
CB:Z:ACTGCAACAAAGCATA-1_A619_2	CB:Z:ACTGCAACAAAGCATA-1_A619_2	34134	14587	23865	867	0.0247707208365475	18647	4.27060897082318	0.427345169039667	0.69915626647917	0.0253998945333099	0.0834198527105975	0.317924110044587	4.40980376786796	1	-3.98389260446449e-06	0.043516239744705	1	23865	1	1.30434782608696	singlet	A619	A619_Re2	A619_Re2	-3.89532610446472	-0.232600709561039	1_3
CB:Z:AACGTACCAGAGCCAA-1_A619_2	CB:Z:AACGTACCAGAGCCAA-1_A619_2	34125	14943	24824	874	0.0249721420612017	18455	4.26611404953168	0.43789010989011	0.727443223443223	0.0256117216117216	0.112400239650586	0.39667113461453	4.40436878503569	1	0.00428938863781318	0.0428395125743271	1	24824	1	1.04347826086957	singlet	A619	A619_Re2	A619_Re2	-3.74561115771789	-0.44450642741077	1_3
CB:Z:TGTACGAGTGGCCTCA-1_A619_2	CB:Z:TGTACGAGTGGCCTCA-1_A619_2	34125	14175	22105	778	0.0222903475345959	19019	4.27918767843215	0.415384615384615	0.647765567765568	0.0227985347985348	0.050548973882923	0.174859424104373	4.42017661436604	1	0.00416155357377105	0.0467473365727525	1	22105	1	0.739130434782609	singlet	A619	A619_Re2	A619_Re2	-4.35588213473815	-4.81493594324939	1_2
CB:Z:TGTAGCACACTGTCAA-1_A619_2	CB:Z:TGTAGCACACTGTCAA-1_A619_2	34125	14026	21974	1324	0.0373494315777596	19406	4.2879360270447	0.411018315018315	0.64392673992674	0.0387985347985348	0.0385491840399779	0.164172651733343	4.43075458034952	1	0.00849228670897951	0.0394874569072363	1	21974	1	1.17391304347826	singlet	A619	A619_Re2	A619_Re2	-4.15708920032043	0.028795698520016	1_3
CB:Z:AATACGCCATCGAGTT-1_A619_2	CB:Z:AATACGCCATCGAGTT-1_A619_2	34119	14963	24490	1188	0.0336477185827173	18658	4.27086508873978	0.438553298748498	0.717781881063337	0.0348193088894751	0.114222864357824	0.369775277038392	4.41011344992677	1	0.00408774020085336	0.0408206641783723	1	24490	1	0.869565217391304	singlet	A619	A619_Re2	A619_Re2	-3.687105145755	-0.515051862362552	1_3
CB:Z:GAGACTTGTCTCAAAC-1_A619_2	CB:Z:GAGACTTGTCTCAAAC-1_A619_2	34105	14377	23957	1036	0.0294812327480721	19010	4.27898211686544	0.421551092215218	0.702448321360504	0.0303767775985926	0.0674961419270024	0.327088741183788	4.41992806194131	1	0.00354779953963836	0.0419086174002133	1	23957	1	1.17391304347826	singlet	A619	A619_Re2	A619_Re2	-4.05874725848693	-1.12940313494556	1_3
CB:Z:GCACGCAGTTGGCTTA-1_A619_2	CB:Z:GCACGCAGTTGGCTTA-1_A619_2	34078	10989	14484	1544	0.0433440008983213	19904	4.29894036301072	0.322466107165914	0.425024942778332	0.0453078232290627	-0.204816547864072	-0.445220052485641	4.44406034772054	1	0.00633498587430757	0.0260030458640891	1	14484	1	0.956521739130435	singlet	A619	A619_Re2	A619_Re2	5.28054288357239	3.51276300274975	1_1
CB:Z:TCAAGGTAGACTTGAA-1_A619_2	CB:Z:TCAAGGTAGACTTGAA-1_A619_2	34055	12538	18433	1466	0.0412713606035866	19213	4.28359518275454	0.368169138158861	0.541271472617824	0.0430480105711349	-0.0792120953317185	-0.121605591125445	4.42550589796676	1	0.000117773278197728	0.0377215482114705	1	18433	1	1.95652173913043	singlet	A619	A619_Re2	A619_Re2	3.11357072323304	1.52684686505444	1_4
CB:Z:TCTAGTTTCGTGTGCG-1_A619_2	CB:Z:TCTAGTTTCGTGTGCG-1_A619_2	34012	10608	13697	504	0.0146019237455093	19646	4.29327413971075	0.311889921204281	0.402710807950135	0.0148182994237328	-0.233882804931272	-0.507339556036555	4.43720909841895	1	0.00273563973750433	0.0235274431287517	1	13697	1	1.30434782608696	singlet	A619	A619_Re2	A619_Re2	2.99380818336945	2.00417003953106	1_4
CB:Z:CACATGAGTAAGTGCG-1_A619_2	CB:Z:CACATGAGTAAGTGCG-1_A619_2	34011	14477	24640	1030	0.02939413829514	18771	4.27348740969718	0.425656405280645	0.72447149451648	0.0302843197788951	0.0787786671524393	0.388398247180691	4.41328419941489	1	0.00481045487862486	0.0457716118805698	1	24640	1	1.17391304347826	singlet	A619	A619_Re2	A619_Re2	-4.76211782962341	-2.10374595797412	1_2
CB:Z:GTTATTCTCGATGTGT-1_A619_2	CB:Z:GTTATTCTCGATGTGT-1_A619_2	34009	14829	24662	1388	0.0392123626296014	18831	4.27487338337037	0.436031638683878	0.725160986797612	0.0408127260431062	0.107292651524933	0.390317699515988	4.41496003368011	1	0.00666319157964685	0.0345933254354326	1	24662	1	2	singlet	A619	A619_Re2	A619_Re2	-4.67340466052551	-4.62498023188465	1_2
CB:Z:TTCAACTCATACCCGG-1_A619_2	CB:Z:TTCAACTCATACCCGG-1_A619_2	34005	14388	21622	1783	0.0498211691069632	18860	4.27554168840131	0.42311424790472	0.635847669460374	0.0524334656668137	0.0717921220914921	0.141681623047375	4.41576810708881	1	0.00843365788507039	0.0346728101782395	1	21622	1	0.478260869565217	singlet	A619	A619_Re2	A619_Re2	6.82930091351014	3.24561260068066	1_1
CB:Z:ATGTCTTTCTACTGCC-1_A619_2	CB:Z:ATGTCTTTCTACTGCC-1_A619_2	33994	10168	12957	1664	0.0466655448987604	20230	4.3059958827708	0.299111607930811	0.381155498029064	0.0489498146731776	-0.269001111269614	-0.567346594691311	4.45259144899727	1	0.00262284624653253	0.0240281089468958	1	12957	1	0.956521739130435	singlet	A619	A619_Re2	A619_Re2	5.28661445110779	3.71797345006115	1_1
CB:Z:GGTCATAAGACCAATA-1_A619_2	CB:Z:GGTCATAAGACCAATA-1_A619_2	33963	14663	22890	1424	0.040240766383135	18901	4.27648478210938	0.431734534640638	0.673968730677502	0.0419279804493125	0.0954830321386622	0.247805450651467	4.41690843809355	1	0.00431300274686157	0.0463281379502366	1	22890	1	1.60869565217391	singlet	A619	A619_Re2	A619_Re2	-4.17029472857971	-1.06345917857044	1_3
CB:Z:TGTACGATCCTCCAGT-1_A619_2	CB:Z:TGTACGATCCTCCAGT-1_A619_2	33937	15383	26149	423	0.0123108265424913	18558	4.26853117038682	0.453281079647582	0.770515956036185	0.0124642720334738	0.154698841916761	0.516579738997209	4.40729141915969	1	0.0037567376775531	0.045006190792795	1	26149	1	1.30434782608696	singlet	A619	A619_Re2	A619_Re2	-5.14173552066345	-4.62162425196521	1_2
CB:Z:TAGGAGGAGCCCATTA-1_A619_2	CB:Z:TAGGAGGAGCCCATTA-1_A619_2	33861	14972	23927	1265	0.0360132095883391	18178	4.25954609908702	0.44216059773781	0.706624139865922	0.0373586131537757	0.124136710438252	0.338713649542212	4.39642722263785	1	0.00314901164834188	0.0416435750469584	1	23927	1	0.608695652173913	singlet	A619	A619_Re2	A619_Re2	-4.16351696521301	-0.491267224911381	1_3
CB:Z:GCAAAGGGTTCAGTAC-1_A619_2	CB:Z:GCAAAGGGTTCAGTAC-1_A619_2	33836	11587	12818	759	0.021939586645469	19763	4.29585287064395	0.34244591559286	0.378827284549001	0.0224317295188557	-0.149906559518766	-0.573828023017149	4.44032714152627	1	0.00465461546606984	0.0231131420742019	1	12818	1	1.8695652173913	singlet	A619	A619_Re2	A619_Re2	5.08707335918885	3.80316469990857	1_1
CB:Z:CAGCTAAAGGATTGCG-1_A619_2	CB:Z:CAGCTAAAGGATTGCG-1_A619_2	33763	14490	24071	594	0.0172890531769363	18707	4.27200414624344	0.429168024168468	0.712940200811539	0.0175932233510055	0.0884295580960939	0.356296700525808	4.41149072832074	1	0.0130979236908028	0.039486565752267	1	24071	1	1.95652173913043	singlet	A619	A619_Re2	A619_Re2	-4.86539980441589	-3.88844754374378	1_2
CB:Z:GTGGATTAGCGAGAAA-1_A619_2	CB:Z:GTGGATTAGCGAGAAA-1_A619_2	33719	14499	20160	1026	0.0295294286947762	18715	4.27218983145044	0.429994958332098	0.597882499481005	0.0304279486343011	0.0907021997709747	0.0359917753565604	4.41171524747175	1	0.00278099760855223	0.0328130815792992	1	20160	1	0.739130434782609	singlet	A619	A619_Re2	A619_Re2	6.46185067623597	3.49751744591839	1_1
CB:Z:CACATGAGTAGTATCC-1_A619_2	CB:Z:CACATGAGTAGTATCC-1_A619_2	33674	11522	13689	1305	0.0373080991452014	19698	4.29442213311298	0.342163093187623	0.406515412484409	0.0387539347864822	-0.150683832986234	-0.49674805667096	4.43859718155279	1	0.0014281228152384	0.0232418311960025	1	13689	1	1.65217391304348	singlet	A619	A619_Re2	A619_Re2	4.96007874935608	3.60468969666607	1_1
CB:Z:GCATTGACAGTTGGAG-1_A619_2	CB:Z:GCATTGACAGTTGGAG-1_A619_2	33633	11373	14176	1373	0.0392218476832543	19657	4.29351723766387	0.338150031219338	0.421490797728422	0.0408230012190408	-0.161712826918443	-0.455058629587898	4.43750303753736	1	-0.00457463750391499	0.0203572683799274	1	14176	1	1.39130434782609	singlet	A619	A619_Re2	A619_Re2	5.22809437244874	3.70795593583233	1_1
CB:Z:AGCTATGGTTCACGTA-1_A619_2	CB:Z:AGCTATGGTTCACGTA-1_A619_2	33586	13090	20715	537	0.0157371860621868	18995	4.27863929789074	0.389745727386411	0.6167748466623	0.0159888048591675	-0.019913715802795	0.0885854894686831	4.41951354628658	1	0.00274316926721158	0.0370526636084361	1	20715	1	1.04347826086957	singlet	A619	A619_Re2	A619_Re2	-4.66995331317443	-5.01690461314075	1_2
CB:Z:TCACTCGCAGATAAGT-1_A619_2	CB:Z:TCACTCGCAGATAAGT-1_A619_2	33577	10876	13879	1444	0.0412324034150938	19046	4.2798037799941	0.323912201804807	0.413348423027668	0.043005628853084	-0.200842283543261	-0.477725888615893	4.42092156654541	1	-5.62487068365634e-05	0.028120767822661	1	13879	1	1.21739130434783	singlet	A619	A619_Re2	A619_Re2	5.31485012501221	3.25428912961132	1_1
CB:Z:ACCAAACTCATGCTTT-1_A619_2	CB:Z:ACCAAACTCATGCTTT-1_A619_2	33573	12451	18151	1539	0.0438311688311688	19233	4.28404703160339	0.370863491496143	0.540642778423138	0.0458404074702886	-0.0718072740648258	-0.123355789892278	4.42605224585075	1	3.61100745096729e-06	0.0323914405976416	1	18151	1	1.34782608695652	singlet	A619	A619_Re2	A619_Re2	5.12085274189454	3.50799045884259	1_1
CB:Z:GCACGCAGTGAGTAAT-1_A619_2	CB:Z:GCACGCAGTGAGTAAT-1_A619_2	33496	14528	24746	562	0.016501262552117	18690	4.27160930137883	0.433723429663243	0.738774779078099	0.0167781227609267	0.100949060649926	0.428216637763885	4.41101330615439	1	0.00203992250482633	0.0476356178580322	1	24746	1	0.869565217391304	singlet	A619	A619_Re2	A619_Re2	-4.87033554584045	-1.83916928446643	1_3
CB:Z:AACAAAGAGTACGCGA-1_A619_2	CB:Z:AACAAAGAGTACGCGA-1_A619_2	33476	15051	24508	546	0.0160484392451943	18431	4.26554889912032	0.449605687656829	0.732106583821245	0.016310192376628	0.144597857609798	0.409653292954617	4.40368543985918	1	0.00526344977621653	0.047487282502614	1	24508	1	1.26086956521739	singlet	A619	A619_Re2	A619_Re2	-4.00354429751892	-0.277710935238529	1_3
CB:Z:CGTACAATCTGGGCGT-1_A619_2	CB:Z:CGTACAATCTGGGCGT-1_A619_2	33476	14524	19670	1061	0.0307206763760605	18668	4.27109779221312	0.43386306607719	0.587585135619548	0.0316943481897479	0.101332819778068	0.00732532084771272	4.41039482067847	1	0.00430555291696222	0.0325326634190437	1	19670	1	1.26086956521739	singlet	A619	A619_Re2	A619_Re2	5.90188697308045	3.80279848897107	1_1
CB:Z:CCTTAATAGTGCTAGG-1_A619_2	CB:Z:CCTTAATAGTGCTAGG-1_A619_2	33431	14607	25674	899	0.0261870084474221	18399	4.26479421940716	0.436929795698603	0.767969848344351	0.0268912087583381	0.10976103311083	0.50949172294722	4.40277292748823	1	0.00589346670358732	0.0480572030999625	1	25674	1	0.956521739130435	singlet	A619	A619_Re2	A619_Re2	-4.29525658160705	-1.20905806696765	1_3
CB:Z:CTGTATTGTGGCGCTT-1_A619_2	CB:Z:CTGTATTGTGGCGCTT-1_A619_2	33428	14345	21969	889	0.025905527872483	18669	4.27112105570413	0.429131267201149	0.657203541940888	0.0265944717003709	0.0883285398779006	0.201133455108093	4.41042294946339	1	0.00552532228816055	0.0393528841484979	1	21969	1	1.17391304347826	singlet	A619	A619_Re2	A619_Re2	6.71944097012025	3.63583932244427	1_1
CB:Z:ACAGAAACACTCAGCG-1_A619_2	CB:Z:ACAGAAACACTCAGCG-1_A619_2	33328	15089	25159	889	0.0259812373966157	18123	4.25823009044913	0.452742438790206	0.754890782525204	0.0266742678828613	0.153218509244455	0.473081390131248	4.39483598579738	1	0.00427269268788914	0.0435132506023605	1	25159	1	1.56521739130435	singlet	A619	A619_Re2	A619_Re2	-5.20275827914733	-3.72142102396839	1_2
CB:Z:CATTGGAAGATATGAC-1_A619_2	CB:Z:CATTGGAAGATATGAC-1_A619_2	33293	11695	13764	962	0.0280834914611006	19018	4.27916484306227	0.35127504280179	0.413420238488571	0.0288949629051152	-0.125641698626119	-0.477525964181764	4.42014900323891	1	0.000846525488258403	0.0199315340171018	1	13764	1	1.69565217391304	singlet	A619	A619_Re2	A619_Re2	5.51016405552369	3.46242485367901	1_1
CB:Z:GTCACAAGTATACGCT-1_A619_2	CB:Z:GTCACAAGTATACGCT-1_A619_2	33271	16015	25595	644	0.0189886480908153	17909	4.25307133645726	0.481350124733251	0.769288569625199	0.0193561960866821	0.231840269180862	0.513162862873506	4.38859833722393	1	0.00302223102853168	0.0436203987347704	1	25595	1	1.43478260869565	singlet	A619	A619_Re2	A619_Re2	-3.51697489291686	0.339559534426998	1_3
CB:Z:TCAAAGCGTCAGCTTA-1_A619_2	CB:Z:TCAAAGCGTCAGCTTA-1_A619_2	33225	13628	21776	1206	0.0350265748889083	18611	4.26976970912292	0.410173062452972	0.655410082768999	0.0362979683972912	0.0362261983776518	0.196140709735964	4.40878898415165	1	0.00888368646819578	0.0392455935151766	1	21776	1	1.69565217391304	singlet	A619	A619_Re2	A619_Re2	-3.73885675937194	0.295832494136166	1_3
CB:Z:GCTCCTACAGTTGCAT-1_A619_2	CB:Z:GCTCCTACAGTTGCAT-1_A619_2	33218	14634	23021	1480	0.0426537552596691	18542	4.26815657674039	0.440544283219941	0.693027876452526	0.0445541573845505	0.119694635247037	0.300863509266085	4.40683848352292	1	0.00393545870635786	0.0425633891542761	1	23021	1	1.04347826086957	singlet	A619	A619_Re2	A619_Re2	6.64543250530701	3.99185893857129	1_1
CB:Z:CAGGGCTTCGCCACTT-1_A619_2	CB:Z:CAGGGCTTCGCCACTT-1_A619_2	33066	13926	22044	1456	0.0421760037077805	18730	4.27253777737524	0.421157684630739	0.666666666666667	0.044033145829553	0.0664149500848639	0.227477501809063	4.41213596231973	1	0.00674706753317177	0.0369254711861249	1	22044	1	1.08695652173913	singlet	A619	A619_Re2	A619_Re2	5.487783941922	2.5521238836015	1_1
CB:Z:ACGGATTTCTGTCGGG-1_A619_2	CB:Z:ACGGATTTCTGTCGGG-1_A619_2	33059	14201	22381	1012	0.0297026796982771	18612	4.26979304386123	0.429565322605039	0.677001724190084	0.0306119362352158	0.0895214430659368	0.256248890324363	4.40881719908444	1	0.000431460393912849	0.0435044820240092	1	22381	1	1.56521739130435	singlet	A619	A619_Re2	A619_Re2	-3.21571442157287	-2.1201195923125	1_3
CB:Z:TTTGCGCCATAGCCAT-1_A619_2	CB:Z:TTTGCGCCATAGCCAT-1_A619_2	33045	11921	16358	1649	0.0475298322476509	18861	4.27556471506985	0.360750491753669	0.495021939779089	0.0499016492661522	-0.0996005684813216	-0.250357973484159	4.41579594952254	1	0.00533959523469747	0.0359735292504515	1	16358	1	1.30434782608696	singlet	A619	A619_Re2	A619_Re2	5.54505041569214	3.82915542447216	1_1
CB:Z:TTGCGGGAGGATGTCG-1_A619_2	CB:Z:TTGCGGGAGGATGTCG-1_A619_2	33017	15177	25015	645	0.0191610718317391	18029	4.25597163872872	0.459672290032408	0.757640003634491	0.0195353908592543	0.172263639348444	0.480734846192866	4.39210520464864	1	0.00845417759967965	0.0440527989605255	1	25015	1	0.782608695652174	singlet	A619	A619_Re2	A619_Re2	-4.60570522815246	-1.41067030108326	1_3
CB:Z:TGAGTCAGTTATCGAC-1_A619_2	CB:Z:TGAGTCAGTTATCGAC-1_A619_2	33009	13416	17419	1145	0.033524623762956	18537	4.26803944993424	0.40643460874307	0.527704565421552	0.034687509467115	0.0259519031865461	-0.159374007702762	4.40669686098064	1	-0.000702541462744914	0.0202074437549214	1	17419	1	1.04347826086957	singlet	A619	A619_Re2	A619_Re2	5.74353769749146	3.35459373318798	1_1
CB:Z:CTCACCAGTCTGCGCA-1_A619_2	CB:Z:CTCACCAGTCTGCGCA-1_A619_2	32976	14590	23498	788	0.0233384670062789	17854	4.25173553043784	0.442442988840369	0.712578845220767	0.0238961669092673	0.124912798567775	0.355290735917412	4.38698316260531	1	0.005340614725944	0.0430608417511272	1	23498	1	1.26086956521739	singlet	A619	A619_Re2	A619_Re2	-3.97652670413513	-0.57770635760181	1_3
CB:Z:GAAGTGGGTGATCAGG-1_A619_2	CB:Z:GAAGTGGGTGATCAGG-1_A619_2	32864	13991	21080	1244	0.0364723818459013	18192	4.25988044734366	0.425724196689387	0.64143135345667	0.0378529698149951	0.078964976519596	0.157225836636908	4.3968314960204	1	0.00127992407577838	0.0323417387619425	1	21080	1	1.91304347826087	singlet	A619	A619_Re2	A619_Re2	-3.81256338626403	-3.81936432993763	1_2
CB:Z:TGTAGCATCTTTGCAT-1_A619_2	CB:Z:TGTAGCATCTTTGCAT-1_A619_2	32863	13137	19998	1589	0.0461221409497272	18376	4.26425098218697	0.399750479262392	0.608526306180203	0.0483522502510422	0.00758208381492836	0.0656226794062465	4.40211607839699	1	0.00647576953564789	0.0356632837229446	1	19998	1	2	singlet	A619	A619_Re2	A619_Re2	6.89662555187684	2.45438412749417	1_2
CB:Z:TTGCACCTCTCTCAAT-1_A619_2	CB:Z:TTGCACCTCTCTCAAT-1_A619_2	32798	13145	21345	1505	0.0438737136693584	18399	4.26479421940716	0.400786633331301	0.650801878163303	0.0458869443258735	0.010429719119127	0.183312097532492	4.40277292748823	1	0.00142551403898402	0.0400606737815452	1	21345	1	1.04347826086957	singlet	A619	A619_Re2	A619_Re2	-4.60571762591857	-4.98207022822254	1_2
CB:Z:ATAGGCTTCCAGCACG-1_A619_2	CB:Z:ATAGGCTTCCAGCACG-1_A619_2	32781	13733	21993	708	0.0211412702678491	18273	4.26180985422108	0.418931698239834	0.670906927793539	0.021597876818889	0.0602973295266743	0.239281809623619	4.39916441634875	1	0.000355584635517743	0.0404351380283989	1	21993	1	1.73913043478261	singlet	A619	A619_Re2	A619_Re2	-3.20480486423034	0.421360948916744	1_3
CB:Z:GCCCAGAGTGAGCTAG-1_A619_2	CB:Z:GCCCAGAGTGAGCTAG-1_A619_2	32776	12911	20891	1007	0.0298078915430838	18664	4.2710047257857	0.393916280205028	0.637387112521357	0.0307237002684891	-0.00845189385885224	0.14596722226193	4.41028229046881	1	0.00486086465559836	0.0389286034067041	1	20891	1	1.73913043478261	singlet	A619	A619_Re2	A619_Re2	-4.98165127307433	-1.8446195331847	1_3
CB:Z:GCCAGACTCTCTATTG-1_A619_2	CB:Z:GCCAGACTCTCTATTG-1_A619_2	32729	13370	19691	1670	0.0485479229047356	18487	4.26686644122118	0.408506217727398	0.601637691344068	0.0510250847871918	0.0316452523295762	0.0464457165946113	4.40527853086891	1	0.00624262677663268	0.0350827298698793	1	19691	1	1.1304347826087	singlet	A619	A619_Re2	A619_Re2	5.21336034267884	2.02987650954373	1_1
CB:Z:TCGTTCGTCGCGCTGA-1_A619_2	CB:Z:TCGTTCGTCGCGCTGA-1_A619_2	32674	13738	21176	1667	0.0485425584578201	17959	4.25428215045083	0.420456632184612	0.648099406255738	0.0510191589643141	0.0644882658632893	0.17578878486316	4.39006237915957	1	0.004083891653049	0.0380071722439606	1	21176	1	1.17391304347826	singlet	A619	A619_Re2	A619_Re2	-3.33439346820373	0.183949807521176	1_3
CB:Z:ACGTGGCAGACACTTC-1_A619_2	CB:Z:ACGTGGCAGACACTTC-1_A619_2	32660	14723	25316	657	0.019719662634691	17689	4.24770328193417	0.450796080832823	0.775137783221066	0.0201163502755664	0.147869384244259	0.529446274600468	4.38210761529944	1	0.00655799039557173	0.0420764528834953	1	25316	1	0.434782608695652	singlet	A619	A619_Re2	A619_Re2	-5.05869003802795	-3.58877970850818	1_2
CB:Z:TGATCAGTCCGGACTG-1_A619_2	CB:Z:TGATCAGTCCGGACTG-1_A619_2	32563	13985	23222	1502	0.0440921767209746	18226	4.26069136593748	0.429475171206584	0.713140681141172	0.0461259711943003	0.0892736823200521	0.35685481038059	4.3978120089927	1	0.00018083554068241	0.0433390584844751	1	23222	1	1.8695652173913	singlet	A619	A619_Re2	A619_Re2	-5.17072054416198	-3.59125449335926	1_2
CB:Z:AGGCGTCAGACCTATC-1_A619_2	CB:Z:AGGCGTCAGACCTATC-1_A619_2	32544	14012	22622	621	0.0187245590230665	18131	4.25842175790164	0.430555555555556	0.695120452310718	0.0190818584070796	0.0922428745536704	0.306688954637566	4.39506773831235	1	0.00243773044319473	0.0400004004912468	1	22622	1	1.26086956521739	singlet	A619	A619_Re2	A619_Re2	-3.75994679004211	0.237081626292538	1_3
CB:Z:GTTCAAGCAATGGCTT-1_A619_2	CB:Z:GTTCAAGCAATGGCTT-1_A619_2	32537	13969	20155	1712	0.0499868609302461	18191	4.25985657385978	0.429326612779297	0.619448627716139	0.0526170206226757	0.0888654030544755	0.0960289307200294	4.39680262966956	1	0.00661730211815873	0.0351838204668808	1	20155	1	1.30434782608696	singlet	A619	A619_Re2	A619_Re2	6.16497281521302	3.81680105054028	1_1
CB:Z:GCGGGTTGTCTCTAAG-1_A619_2	CB:Z:GCGGGTTGTCTCTAAG-1_A619_2	32530	15106	25587	1428	0.0420519465221744	17602	4.24556201665596	0.464371349523517	0.786566246541654	0.0438979403627421	0.185177942447703	0.561261555510561	4.37951852880122	1	0.00997103322030145	0.0435079626265328	1	25587	1	1.43478260869565	singlet	A619	A619_Re2	A619_Re2	-5.06214996844787	-4.24640109217517	1_2
CB:Z:CGGACCATCAGTCAAC-1_A619_2	CB:Z:CGGACCATCAGTCAAC-1_A619_2	32510	10869	14764	1401	0.0413140278965527	18941	4.27740290407683	0.334327899107967	0.454137188557367	0.0430944324823131	-0.172217093286011	-0.364175536578145	4.41801857480282	1	-0.00302110941014346	0.02616536256916	1	14764	1	1.08695652173913	singlet	A619	A619_Re2	A619_Re2	3.38678542107087	2.31018511378415	1_4
CB:Z:CAGCTGGTCACTCCCA-1_A619_2	CB:Z:CAGCTGGTCACTCCCA-1_A619_2	32500	14666	24445	849	0.0254580347236799	17703	4.24804686935866	0.451261538461538	0.752153846153846	0.0261230769230769	0.149148589350827	0.465462133102095	4.38252306011647	1	0.00334939601732677	0.0378495792907555	1	24445	1	1.34782608695652	singlet	A619	A619_Re2	A619_Re2	-4.93600412875671	-3.88150860941761	1_2
CB:Z:AGTGCCGGTAGCTGTT-1_A619_2	CB:Z:AGTGCCGGTAGCTGTT-1_A619_2	32497	11451	14515	1431	0.0421775524640415	18937	4.27731117917403	0.352370988091208	0.446656614456719	0.0440348339846755	-0.122629740664205	-0.385000433128508	4.41790766668238	1	0.00116605319245203	0.0316735541878829	1	14515	1	1.08695652173913	singlet	A619	A619_Re2	A619_Re2	4.86435941189271	3.51675603711255	1_1
CB:Z:TATGTTCGTTGTGAGG-1_A619_2	CB:Z:TATGTTCGTTGTGAGG-1_A619_2	32488	14482	25778	971	0.0290205923667772	17638	4.24644933826704	0.445764590002462	0.79346220142822	0.0298879586308791	0.134041468733217	0.580458952020044	4.38059142361076	1	0.00780200542161221	0.0492565172722033	1	25778	1	1.21739130434783	singlet	A619	A619_Re2	A619_Re2	-4.91591831714172	-3.82868601954334	1_2
CB:Z:ACAATCGTCGTTTGAG-1_A619_2	CB:Z:ACAATCGTCGTTTGAG-1_A619_2	32477	13827	22811	1691	0.0494907515804261	17897	4.25278023809508	0.425747452042984	0.702373987745173	0.0520676170828586	0.0790288886036225	0.32688180655168	4.38824635895817	1	0.00872350648701606	0.0430405916153988	1	22811	1	1.95652173913043	singlet	A619	A619_Re2	A619_Re2	-3.99079605609435	-0.6814422813689	1_3
CB:Z:GGGTCTGCATCACAGT-1_A619_2	CB:Z:GGGTCTGCATCACAGT-1_A619_2	32437	14285	22947	824	0.024773759057154	17847	4.25156522364463	0.440392144772944	0.707432869870827	0.0254030890649567	0.119276517106315	0.34096504341422	4.38677723808799	1	0.00230231150589292	0.0435997312582546	1	22947	1	1.21739130434783	singlet	A619	A619_Re2	A619_Re2	-4.76930710345764	-2.61729504740589	1_2
CB:Z:TTATGTCGTTCAGTTG-1_A619_2	CB:Z:TTATGTCGTTCAGTTG-1_A619_2	32434	13026	19477	959	0.0287185937172461	17937	4.25374980813981	0.401615588579885	0.600511808595918	0.0295677375593513	0.0127079152892751	0.0433114128042065	4.38941870352353	1	0.00404273448003665	0.0369769843090511	1	19477	1	0.739130434782609	singlet	A619	A619_Re2	A619_Re2	-3.74109741717834	-0.14016916430347	1_3
CB:Z:GCTCGAGTCTCCCTTT-1_A619_2	CB:Z:GCTCGAGTCTCCCTTT-1_A619_2	32391	14409	23632	1048	0.0313406501390592	18051	4.25650126621132	0.44484579049736	0.729585378654565	0.0323546664196845	0.131516355927391	0.402634602133305	4.39274559768085	1	0.00409303239956734	0.0501731435653009	1	23632	1	1.30434782608696	singlet	A619	A619_Re2	A619_Re2	-4.29018923312683	-0.433975478771854	1_3
CB:Z:CTTAATCCACTAGGAG-1_A619_2	CB:Z:CTTAATCCACTAGGAG-1_A619_2	32327	13070	19373	1533	0.0452746603662138	17865	4.25200302053846	0.404305998082099	0.599282333652984	0.0474216599127664	0.0201018978167246	0.0398887224928232	4.38730659521077	1	0.00804490710774351	0.0367268433557958	1	19373	1	0.869565217391304	singlet	A619	A619_Re2	A619_Re2	4.99293592899781	3.74489150368817	1_1
CB:Z:TACCTATAGTATGGGC-1_A619_2	CB:Z:TACCTATAGTATGGGC-1_A619_2	32313	13027	20384	1364	0.0405024200492918	18505	4.26728908943113	0.403150434809519	0.630829697025965	0.0422121127719494	0.016926093300801	0.127712273177546	4.40578957113329	1	0.00308432281722076	0.0396407477426092	1	20384	1	1.52173913043478	singlet	A619	A619_Re2	A619_Re2	-4.63872143298644	-0.628123780850101	1_3
CB:Z:GAAGTCTCACACACCG-1_A619_2	CB:Z:GAAGTCTCACACACCG-1_A619_2	32284	14464	24642	101	0.00311872780608306	17697	4.24789965088881	0.448023788873745	0.76328831619378	0.00312848469830256	0.140250366288239	0.496458976874376	4.38234505258211	1	0.00433365233772297	0.0422943326383649	1	24642	1	1.26086956521739	singlet	A619	A619_Re2	A619_Re2	-4.78070255786437	-2.24913146174305	1_2
CB:Z:GGTAGGATCCTGTAGA-1_A619_2	CB:Z:GGTAGGATCCTGTAGA-1_A619_2	32259	13919	21549	954	0.0287236925300334	18123	4.25823009044913	0.431476487181872	0.667999628010788	0.029573142378871	0.0947738470128278	0.231188284126499	4.39483598579738	1	8.16417767150153e-05	0.0420307482599329	1	21549	1	1.08695652173913	singlet	A619	A619_Re2	A619_Re2	-4.28585955173034	-5.18213870203846	1_2
CB:Z:CTACTTACACATAAAG-1_A619_2	CB:Z:CTACTTACACATAAAG-1_A619_2	32193	13633	21254	773	0.0234484013832433	17812	4.25071268645919	0.423477153418445	0.660205634765322	0.0240114310564408	0.0727894858851417	0.209490871485803	4.38574640247013	1	0.00873745404145689	0.0416330938353881	1	21254	1	2	singlet	A619	A619_Re2	A619_Re2	-3.65499922305602	0.366350391742062	1_3
CB:Z:ATATTCCCAAACCGAG-1_A619_2	CB:Z:ATATTCCCAAACCGAG-1_A619_2	32183	14789	24678	1611	0.0476711842338877	17140	4.23401081758718	0.459528322406239	0.766802349066277	0.0500574837647205	0.171867976862295	0.506241564421766	4.36555152814438	1	-5.28365989431048e-05	0.041069988060355	1	24678	1	1.08695652173913	singlet	A619	A619_Re2	A619_Re2	-4.20637365848083	-3.30907799876087	1_2
CB:Z:AGCTATGGTGGTGGTA-1_A619_2	CB:Z:AGCTATGGTGGTGGTA-1_A619_2	32157	13157	19913	899	0.0271962729912875	17970	4.25454807710897	0.409148863388998	0.619243088596573	0.0279565879901732	0.0334114187028748	0.0954567378850393	4.39038392134639	1	0.0090248973771803	0.0310995974887022	1	19913	1	1.78260869565217	singlet	A619	A619_Re2	A619_Re2	-4.18081709414977	-5.08511473811023	1_2
CB:Z:AGACAAATCGGTACTA-1_A619_2	CB:Z:AGACAAATCGGTACTA-1_A619_2	32122	12849	19014	1680	0.0497012011123602	18065	4.25683796590404	0.400006226262375	0.591930763962393	0.0523006039474503	0.00828494664966088	0.0194229565997923	4.39315271427553	1	-0.00217964890398085	0.0334633866315114	1	19014	1	1.8695652173913	singlet	A619	A619_Re2	A619_Re2	3.91469791859131	2.21875674450047	1_4
CB:Z:GGTTGCGTCGTTGTAG-1_A619_2	CB:Z:GGTTGCGTCGTTGTAG-1_A619_2	32091	10142	12982	1386	0.0414015592795053	18674	4.27123735447084	0.316038764762706	0.404537097628619	0.0431896793493503	-0.222480645983022	-0.502255415018272	4.41056357079121	1	0.00955531102992105	0.0266705121282754	1	12982	1	0.826086956521739	singlet	A619	A619_Re2	A619_Re2	5.01972058742982	3.18433389985211	1_1
CB:Z:GATCGTATCAATGCAC-1_A619_2	CB:Z:GATCGTATCAATGCAC-1_A619_2	32083	13597	18242	438	0.0134682205344239	18192	4.25988044734366	0.423807000592214	0.568587725586759	0.013652089891843	0.0736959963020763	-0.0455608738927965	4.3968314960204	1	-0.00359194086439953	0.0296985567485389	1	18242	1	1.08695652173913	singlet	A619	A619_Re2	A619_Re2	6.23064092129212	3.40621588551648	1_1
CB:Z:TACTCGCCAGAACAGC-1_A619_2	CB:Z:TACTCGCCAGAACAGC-1_A619_2	32081	13077	20400	1476	0.0439848615788062	17512	4.24333574855988	0.407624450609395	0.635890402418877	0.0460085408808952	0.0292219146709676	0.141800585767102	4.3768266621149	1	0.00548589076050033	0.0338495949568741	1	20400	1	1.56521739130435	singlet	A619	A619_Re2	A619_Re2	-4.360942330661	-0.87397625124805	1_3
CB:Z:GACCTTCTCCCGCAAG-1_A619_2	CB:Z:GACCTTCTCCCGCAAG-1_A619_2	32073	11977	17439	1374	0.0410799174813885	18314	4.26278320985076	0.373429364262776	0.543728369656721	0.0428397717706482	-0.0647555526118148	-0.114765925348258	4.40034133821098	1	0.0040033515855192	0.0381774643541659	1	17439	1	1	singlet	A619	A619_Re2	A619_Re2	5.15677455395203	3.83897922360546	1_1
CB:Z:GGGAACAGTAAGCCTT-1_A619_2	CB:Z:GGGAACAGTAAGCCTT-1_A619_2	31958	13571	22050	1338	0.040185007208073	17749	4.24917388940711	0.424651104574754	0.689968083109081	0.0418674510294762	0.0760158253441311	0.292345462524563	4.3838857835587	1	0.0032182033824822	0.0407265681200292	1	22050	1	1.30434782608696	singlet	A619	A619_Re2	A619_Re2	-4.96814247638244	-4.35248639262073	1_2
CB:Z:TAGCATGAGGAAGGTA-1_A619_2	CB:Z:TAGCATGAGGAAGGTA-1_A619_2	31822	14372	24036	558	0.0172328597899938	17372	4.23984982069019	0.451637232103576	0.755326503676702	0.0175350386525046	0.150181098425232	0.474294378303366	4.37261169217492	1	0.0111980514123053	0.0422177793615994	1	24036	1	0.652173913043478	singlet	A619	A619_Re2	A619_Re2	-4.76381060153503	-3.41925646937244	1_2
CB:Z:GCGAGAATCGTGATAC-1_A619_2	CB:Z:GCGAGAATCGTGATAC-1_A619_2	31813	13701	22919	861	0.0263512272755096	17859	4.25185713727142	0.43067299531638	0.720428755540188	0.0270644076321001	0.0925656311967948	0.37714381405448	4.38713020212166	1	0.00363625576514973	0.0444343731872361	1	22919	1	1.26086956521739	singlet	A619	A619_Re2	A619_Re2	-5.02191683322448	-1.84972335970752	1_3
CB:Z:ATAGTCGCAAATGTCC-1_A619_2	CB:Z:ATAGTCGCAAATGTCC-1_A619_2	31799	10931	15264	1214	0.036773392300003	18594	4.26937282662293	0.343752948205918	0.480015094814302	0.0381773011729929	-0.146314475750175	-0.292134980132882	4.40830909820171	1	0.00498393592524727	0.0301476509211424	1	15264	1	0.826086956521739	singlet	A619	A619_Re2	A619_Re2	5.43755629986268	3.80027017914898	1_1
CB:Z:TGTAAGCTCGAGAACG-1_A619_2	CB:Z:TGTAAGCTCGAGAACG-1_A619_2	31741	12250	17798	1187	0.0360483479105928	17691	4.24775238249747	0.385936170883085	0.560725875051196	0.0373964273337324	-0.030383420953536	-0.0674471919607314	4.38216698468575	1	0.00207091869445956	0.0348875324579308	1	17798	1	1.1304347826087	singlet	A619	A619_Re2	A619_Re2	6.41739896267396	2.52000842415936	1_1
CB:Z:CATTGGACAGTTGCAT-1_A619_2	CB:Z:CATTGGACAGTTGCAT-1_A619_2	31740	9919	12501	725	0.0223317418758663	18582	4.26909245574043	0.312507876496534	0.393856332703214	0.0228418399495904	-0.232184494458495	-0.531989205721722	4.4079700909457	1	0.00635219826215589	0.0207757044737785	1	12501	1	1	singlet	A619	A619_Re2	A619_Re2	3.27706376045685	2.05799756371624	1_4
CB:Z:CTGGCAGAGCGTCAAG-1_A619_2	CB:Z:CTGGCAGAGCGTCAAG-1_A619_2	31651	13906	22636	1557	0.0468862924596483	17522	4.24358367599819	0.43935420681811	0.71517487599128	0.0491927585226375	0.116423979194778	0.362517730999624	4.37712644075027	1	0.00538721809950381	0.043255721157479	1	22636	1	1.47826086956522	singlet	A619	A619_Re2	A619_Re2	-4.79201313525695	-1.75690366900318	1_2
CB:Z:AACCTTTAGTGAGTGC-1_A619_2	CB:Z:AACCTTTAGTGAGTGC-1_A619_2	31554	13182	21519	720	0.0223089793641941	18143	4.25870910056983	0.417760030424035	0.681973759269823	0.0228180262407302	0.0570772653130791	0.270090356873217	4.39541517542355	1	0.00217597111416171	0.0383006766137693	1	21519	1	0.826086956521739	singlet	A619	A619_Re2	A619_Re2	-4.58025547534484	-4.83350112116687	1_2
CB:Z:TGGTCAATCTTCTCTC-1_A619_2	CB:Z:TGGTCAATCTTCTCTC-1_A619_2	31537	12163	17759	1564	0.0472493278148696	17983	4.2548621442806	0.385673970257158	0.563116339537686	0.0495925420934141	-0.0311040201207607	-0.0607924653356496	4.39076367208623	1	0.00265781445622316	0.0335462703548669	1	17759	1	1.30434782608696	singlet	A619	A619_Re2	A619_Re2	6.40469888180237	3.04251883351452	1_1
CB:Z:GTAGACTAGTTCGTTG-1_A619_2	CB:Z:GTAGACTAGTTCGTTG-1_A619_2	31415	13579	20307	1241	0.0380022048015679	17371	4.23982482028827	0.432245742479707	0.646410950183034	0.039503421932198	0.0968879713595729	0.171088353777146	4.37258146322397	1	0.00183801436290817	0.0376637923532859	1	20307	1	0.869565217391304	singlet	A619	A619_Re2	A619_Re2	-4.8268265393402	-2.23627402460926	1_2
CB:Z:CTCTCGAAGGCGATTG-1_A619_2	CB:Z:CTCTCGAAGGCGATTG-1_A619_2	31339	10378	14494	1025	0.0316709924607589	18368	4.26406187071788	0.331152876607422	0.46249082612719	0.0327068508886691	-0.180942925124612	-0.340920150578329	4.40188741642023	1	0.0074934959168294	0.0286110345079373	1	14494	1	0.652173913043478	singlet	A619	A619_Re2	A619_Re2	5.02164581745606	3.69749150597699	1_1
CB:Z:AAAGATGTCGTCAACA-1_A619_2	CB:Z:AAAGATGTCGTCAACA-1_A619_2	31332	10599	13587	1203	0.0369755647763947	18084	4.25729449836226	0.338280352355419	0.433646112600536	0.0383952508617388	-0.16135466872641	-0.421219893236504	4.39370472529238	1	0.00507694753180577	0.0251929751902136	1	13587	1	1.65217391304348	singlet	A619	A619_Re2	A619_Re2	5.40081432789307	3.16606304967053	1_1
CB:Z:CTTGCCATCCTAAAGC-1_A619_2	CB:Z:CTTGCCATCCTAAAGC-1_A619_2	31253	14606	23085	1622	0.0493384030418251	16815	4.22569687165065	0.467347134675071	0.73864908968739	0.0518990176943013	0.193356215457049	0.427866735667633	4.35549881520393	1	-0.000439290211309129	0.0341028622633395	1	23085	1	1	singlet	A619	A619_Re2	A619_Re2	-3.75503918200988	0.0256247314179652	1_3
CB:Z:TACCCTGTCGCACAAT-1_A619_2	CB:Z:TACCCTGTCGCACAAT-1_A619_2	31217	9716	11898	1315	0.0404217385958441	18071	4.25698218590157	0.311240670147676	0.381138482237243	0.042124483454528	-0.235667124740029	-0.567393964331613	4.39332709624127	1	0.00416287563261036	0.0266215216266397	1	11898	1	1.1304347826087	singlet	A619	A619_Re2	A619_Re2	5.29342463940125	3.66465518796093	1_1
CB:Z:AACGAGGTCCGTTAGA-1_A619_2	CB:Z:AACGAGGTCCGTTAGA-1_A619_2	31215	14097	23679	352	0.0111508854183166	17175	4.23489674573159	0.451609802979337	0.75857760691975	0.0112766298254045	0.150105715675802	0.483345005675024	4.36662273805957	1	0.0108479456537539	0.0443850344510091	1	23679	1	1.17391304347826	singlet	A619	A619_Re2	A619_Re2	-5.23113819629211	-3.78329541361683	1_2
CB:Z:TGCACCTGTAAGGTCG-1_A619_2	CB:Z:TGCACCTGTAAGGTCG-1_A619_2	31145	12901	20054	1501	0.0459780677571525	17469	4.24226804482769	0.414223791940922	0.6438914753572	0.0481939316102103	0.0473587129754048	0.164074479988411	4.37553566032019	1	0.00341466656731891	0.0379113964079889	1	20054	1	1.47826086956522	singlet	A619	A619_Re2	A619_Re2	-3.78875681430358	-0.0932930914198644	1_3
CB:Z:TTACGGAAGCATGATA-1_A619_2	CB:Z:TTACGGAAGCATGATA-1_A619_2	31110	12146	17203	1216	0.0376167790632927	17865	4.25200302053846	0.390421086467374	0.552973320475731	0.0390871102539376	-0.0180576439890858	-0.0890292450041086	4.38730659521077	1	0.00459113385759737	0.0302935969710016	1	17203	1	1.17391304347826	singlet	A619	A619_Re2	A619_Re2	4.56141904324036	3.01014480912335	1_1
CB:Z:CTTCTAATCCCGTAGG-1_A619_2	CB:Z:CTTCTAATCCCGTAGG-1_A619_2	31074	14683	23382	485	0.0153680408124465	17134	4.23385876256483	0.472517216965952	0.752461865224947	0.0156079037137156	0.207565018277884	0.466319616124776	4.3653676725477	1	0.00124949519567419	0.0503596173950508	1	23382	1	1.95652173913043	singlet	A619	A619_Re2	A619_Re2	-3.61896893054504	0.376321295138668	1_3
CB:Z:AATGTCGTCGTGCTGG-1_A619_2	CB:Z:AATGTCGTCGTGCTGG-1_A619_2	31045	12940	20049	492	0.0156007229603323	17458	4.24199448915678	0.416814301819939	0.645804477371557	0.0158479626348848	0.0544781439642123	0.169400016306028	4.37520489359957	1	0.00992095446782993	0.0420436036693074	1	20049	1	0.91304347826087	singlet	A619	A619_Re2	A619_Re2	-4.02709623843688	0.0761035474503748	1_3
CB:Z:ACTGTCCGTCAGGTGA-1_A619_2	CB:Z:ACTGTCCGTCAGGTGA-1_A619_2	30983	13726	22113	947	0.0296586282492953	17328	4.23874843928125	0.443017138430752	0.713713972178291	0.0305651486298938	0.126490718968348	0.358450774324081	4.37127996940133	1	0.0071399815826827	0.0465880150187185	1	22113	1	1.26086956521739	singlet	A619	A619_Re2	A619_Re2	-3.61844059497375	-0.161545178059269	1_3
CB:Z:TCTCTGGAGCGCCTAC-1_A619_2	CB:Z:TCTCTGGAGCGCCTAC-1_A619_2	30975	13445	21923	511	0.0162294353045798	17286	4.23769450866406	0.434059725585149	0.707764326069411	0.0164971751412429	0.101873293993802	0.341887772198619	4.3700056212116	1	0.0053079568533139	0.0485904332183001	1	21923	1	1.47826086956522	singlet	A619	A619_Re2	A619_Re2	-4.03229996234435	0.0489094051087611	1_3
CB:Z:GCGCCAATCCCAGCGA-1_A619_2	CB:Z:GCGCCAATCCCAGCGA-1_A619_2	30914	13828	23089	130	0.00418760469011725	17185	4.23514953647324	0.447305427961441	0.746878436954131	0.00420521446593776	0.138276113658813	0.450776114440053	4.36692839710273	1	0.00684539852368061	0.0408558794280217	1	23089	1	1.65217391304348	singlet	A619	A619_Re2	A619_Re2	-4.65932079822082	-4.94086291468494	1_2
CB:Z:TTAGCTTTCGTGATAC-1_A619_2	CB:Z:TTAGCTTTCGTGATAC-1_A619_2	30906	13094	20691	985	0.0308864569941363	17423	4.24112293662285	0.4236717789426	0.669481654047758	0.0318708341422378	0.0733243701560362	0.235314042188594	4.37415106578989	1	0.00512716309126275	0.0354487708938991	1	20691	1	0.739130434782609	singlet	A619	A619_Re2	A619_Re2	-4.0001253750946	-0.09418060458057	1_3
CB:Z:TTGGTCCGTAACGGTG-1_A619_2	CB:Z:TTGGTCCGTAACGGTG-1_A619_2	30773	10765	14902	532	0.0169940904008944	17687	4.24765417581902	0.349819647093231	0.484255678679362	0.0172878822344263	-0.129641524835013	-0.280329773859295	4.38204823920018	1	0.00271125420045811	0.0243865604517909	1	14902	1	1.43478260869565	singlet	A619	A619_Re2	A619_Re2	3.0465545985077	1.91771664642937	1_4
CB:Z:CACATGACATACTGCA-1_A619_2	CB:Z:CACATGACATACTGCA-1_A619_2	30771	12527	19773	955	0.030101494042741	17408	4.24074887801809	0.407104091514738	0.642585551330799	0.0310357154463618	0.0277918252921097	0.160438965870571	4.37369877709264	1	0.00712944885320863	0.0314997290720142	1	19773	1	1.39130434782609	singlet	A619	A619_Re2	A619_Re2	5.85494378536683	2.06696149134285	1_1
CB:Z:CCTTGCATCATGTTCT-1_A619_2	CB:Z:CCTTGCATCATGTTCT-1_A619_2	30768	13994	22674	708	0.0224933282500953	16895	4.22775819611091	0.454823192927717	0.736934477379095	0.0230109204368175	0.158936991774351	0.423093489194327	4.35799124217354	1	0.00398458217446082	0.0441478799367337	1	22674	1	1	singlet	A619	A619_Re2	A619_Re2	7.16796592205506	3.15977905118115	1_2
CB:Z:AACTGGTGTATTGTCG-1_A619_2	CB:Z:AACTGGTGTATTGTCG-1_A619_2	30677	13404	21318	1056	0.0332776604796269	16936	4.22881084501136	0.436939726831176	0.694918016755224	0.0344231834925188	0.109788326584431	0.306125401701046	4.35926404059008	1	0.00401391796018437	0.040450905842922	1	21318	1	1.60869565217391	singlet	A619	A619_Re2	A619_Re2	-4.36269947558898	-0.254524251583744	1_3
CB:Z:GTCACGGTCGCATACA-1_A619_2	CB:Z:GTCACGGTCGCATACA-1_A619_2	30674	12716	16759	1073	0.033798469146691	17097	4.23291991169349	0.41455304166395	0.546358479494034	0.0349807654691269	0.0482635814339933	-0.107444058798817	4.36423247172063	1	-0.00107953837120531	0.0269189956413284	1	16759	1	0.782608695652174	singlet	A619	A619_Re2	A619_Re2	6.0819845530365	3.28953037583477	1_1
CB:Z:AACCTGACAGAAAGAG-1_A619_2	CB:Z:AACCTGACAGAAAGAG-1_A619_2	30669	12211	18849	936	0.0296155671570954	16950	4.2291697025391	0.39815448824546	0.614594541719652	0.0305194170008804	0.00319586317325287	0.0825158183086904	4.35969794907836	1	0.00205367672638001	0.0297768037627407	1	18849	1	0.869565217391304	singlet	A619	A619_Re2	A619_Re2	6.89971927135926	2.53231660449154	1_2
CB:Z:TTCGCGTTCCGATGCG-1_A619_2	CB:Z:TTCGCGTTCCGATGCG-1_A619_2	30668	12748	19984	1232	0.0386206896551724	17103	4.23307229572379	0.415677579235685	0.651623842441633	0.0401721664275466	0.0513541188224587	0.185600333814096	4.36441672513351	1	0.00492238880777405	0.0429749820388893	1	19984	1	1.26086956521739	singlet	A619	A619_Re2	A619_Re2	4.9532974097107	3.6653982194627	1_1
CB:Z:TTGAGTGCAAGGTTCT-1_A619_2	CB:Z:TTGAGTGCAAGGTTCT-1_A619_2	30608	12666	19956	364	0.0117525506909467	17207	4.23570515870545	0.413813382122321	0.651986408782018	0.0118923157344485	0.0462307943350157	0.18660966898404	4.36760022139007	1	0.00431969584761276	0.0411828208945502	1	19956	1	1.1304347826087	singlet	A619	A619_Re2	A619_Re2	-3.65422817737121	-1.74087192690723	1_3
CB:Z:GTAATCGCAGGGTAAC-1_A619_2	CB:Z:GTAATCGCAGGGTAAC-1_A619_2	30588	11233	13582	692	0.0221227621483376	17587	4.24519176358693	0.367235517196286	0.444030338694913	0.0226232509480842	-0.0817779415639958	-0.39231162613542	4.37907084152412	1	0.00630678604710963	0.0210403745060507	1	13582	1	1.43478260869565	singlet	A619	A619_Re2	A619_Re2	5.57352426975709	3.71677241646893	1_1
CB:Z:TAACAGCGTCCAAGAG-1_A619_2	CB:Z:TAACAGCGTCCAAGAG-1_A619_2	30565	11531	16033	918	0.0291585935266652	17359	4.23952470315667	0.377261573695403	0.524554228692949	0.030034353018158	-0.0542235910040868	-0.168144114861553	4.37221858001598	1	-0.000446519979091562	0.0275636571650353	1	16033	1	1.04347826086957	singlet	A619	A619_Re2	A619_Re2	5.99886373013001	3.52909920537121	1_1
CB:Z:TTGAGCAAGTACAACA-1_A619_2	CB:Z:TTGAGCAAGTACAACA-1_A619_2	30501	13904	22726	814	0.0259939326201501	16551	4.2188242386774	0.455853906429297	0.74509032490738	0.0266876495852595	0.16176967490873	0.445798254733961	4.34718884940037	1	-0.00152675928464308	0.048832269583691	1	22726	1	0.782608695652174	singlet	A619	A619_Re2	A619_Re2	-5.307879414859	-3.70592906153553	1_2
CB:Z:TAACAGCGTCTGGTCG-1_A619_2	CB:Z:TAACAGCGTCTGGTCG-1_A619_2	30497	9207	11653	1544	0.0481882587934209	17928	4.253531843527	0.301898547398105	0.382103157687641	0.0506279306161262	-0.261341837947365	-0.564708439639398	4.389155154097	1	0.00794381015968637	0.0251694069479468	1	11653	1	1.47826086956522	singlet	A619	A619_Re2	A619_Re2	5.13494232624512	3.63621042096264	1_1
CB:Z:CCTAAAGAGTCTGTGT-1_A619_2	CB:Z:CCTAAAGAGTCTGTGT-1_A619_2	30479	13347	21874	652	0.0209437538145257	16988	4.23014225231864	0.437908067849995	0.717674464385314	0.0213917779454707	0.11244959304512	0.36947624367845	4.36087389655609	1	0.00562653395983363	0.0391600215745838	1	21874	1	1.34782608695652	singlet	A619	A619_Re2	A619_Re2	-4.43233200580139	-2.36924721873157	1_2
CB:Z:ACTCGGGTCGAGGTAG-1_A619_2	CB:Z:ACTCGGGTCGAGGTAG-1_A619_2	30461	13253	20930	802	0.0256533282154624	17058	4.23192811007409	0.435080923147631	0.687108105446308	0.0263287482354486	0.104679824720018	0.2843836753459	4.36303324610022	1	0.00925705525833228	0.0398025253393034	1	20930	1	1.26086956521739	singlet	A619	A619_Re2	A619_Re2	-3.55362602740783	0.111730078097653	1_3
CB:Z:TCTCAGCGTCGAGAAC-1_A619_2	CB:Z:TCTCAGCGTCGAGAAC-1_A619_2	30422	12472	19449	1000	0.0318248361020941	17036	4.23136763140171	0.409966471632371	0.63930708040234	0.0328709486555782	0.0356584301934415	0.151312150600791	4.36235554970363	1	0.00358259363715951	0.0323633171515305	1	19449	1	1.39130434782609	singlet	A619	A619_Re2	A619_Re2	-3.31830975085754	0.356834152575802	1_3
CB:Z:AGCCTCTAGCATGATA-1_A619_2	CB:Z:AGCCTCTAGCATGATA-1_A619_2	30385	9378	11579	256	0.00835481870696126	17816	4.25081020402598	0.308639131150239	0.381076188909001	0.00842520980747079	-0.24281686676841	-0.567567380449006	4.38586431472421	1	0.00383310988808568	0.0191026696024513	1	11579	1	0.91304347826087	singlet	A619	A619_Re2	A619_Re2	5.47414496868592	3.8015751632417	1_1
CB:Z:TCGAGCGCAGGTAACG-1_A619_2	CB:Z:TCGAGCGCAGGTAACG-1_A619_2	30284	13441	22012	1191	0.0378395552025417	16559	4.2190341061448	0.443831726324132	0.726852463346982	0.0393276977942148	0.128729429709506	0.39502653919648	4.34744260825584	1	0.00992143883146667	0.0375953764624629	1	22012	1	1.1304347826087	singlet	A619	A619_Re2	A619_Re2	-4.47108837634582	-1.22829487002246	1_3
CB:Z:CAGTATGGTTTCACCC-1_A619_2	CB:Z:CAGTATGGTTTCACCC-1_A619_2	30261	13459	23264	617	0.0199818641103698	16718	4.22318432089504	0.444763887511979	0.768778295495853	0.0203892799312647	0.131291264080831	0.511742329393991	4.35246079310379	1	0.00174204497066183	0.0496847503240783	1	23264	1	1.1304347826087	singlet	A619	A619_Re2	A619_Re2	-4.68276831180114	-1.77952577746265	1_3
CB:Z:CTTCCAGCAATGTGCT-1_A619_2	CB:Z:CTTCCAGCAATGTGCT-1_A619_2	30255	13704	22538	1276	0.0404681107481526	16663	4.22175319431887	0.452949925632127	0.744934721533631	0.0421748471327053	0.153788739940776	0.445365076194772	4.35073036272073	1	0.00416648097527223	0.0408286510356317	1	22538	1	1.60869565217391	singlet	A619	A619_Re2	A619_Re2	-5.0739025738861	-2.88994099772327	1_2
CB:Z:TCGTTCGGTTGGGAAC-1_A619_2	CB:Z:TCGTTCGGTTGGGAAC-1_A619_2	30221	13333	21394	396	0.0129339909200771	16730	4.22349594096239	0.44118328314748	0.707918334932663	0.0131034710962576	0.121450782144147	0.342316511838372	4.3528375849554	1	-6.69891970701823e-05	0.0402096494370329	1	21394	1	1.17391304347826	singlet	A619	A619_Re2	A619_Re2	-4.56882568866271	-3.79731537974231	1_2
CB:Z:GTTCAAGTCTGGTACA-1_A619_2	CB:Z:GTTCAAGTCTGGTACA-1_A619_2	30219	12363	18638	1518	0.0478306078079214	17097	4.23291991169349	0.409113471656905	0.616764287368874	0.0502332969323935	0.0333141525251804	0.088556093838043	4.36423247172063	1	0.0041545336234614	0.0350492402826993	1	18638	1	1.82608695652174	singlet	A619	A619_Re2	A619_Re2	-3.60133835345764	0.16183004700787	1_3
CB:Z:GAGGTCCAGTCTGTGT-1_A619_2	CB:Z:GAGGTCCAGTCTGTGT-1_A619_2	30161	13198	21424	681	0.0220802801374749	16604	4.22021272470648	0.437584960710852	0.710321275819767	0.0225788269619708	0.111561606090214	0.349005971058655	4.34886772145207	1	0.00305260317702065	0.0366256727493368	1	21424	1	1.78260869565217	singlet	A619	A619_Re2	A619_Re2	-3.363205876651	-0.285874864224125	1_3
CB:Z:TTGCTATTCCAACAAC-1_A619_2	CB:Z:TTGCTATTCCAACAAC-1_A619_2	30146	13336	23144	1529	0.0482715074980268	16550	4.21879799811174	0.442380415312148	0.767730378823061	0.0507198301598885	0.124740829366072	0.508825072508266	4.34715712091957	1	0.00515398478679003	0.0481363700136536	1	23144	1	1.21739130434783	singlet	A619	A619_Re2	A619_Re2	-4.74141928226013	-4.59871985590808	1_2
CB:Z:TCACCACAGTGCCCTG-1_A619_2	CB:Z:TCACCACAGTGCCCTG-1_A619_2	30143	13654	22816	482	0.0157387755102041	16760	4.22427401429426	0.452974156520585	0.756925322628803	0.0159904455429121	0.153855333061912	0.478745271888844	4.35377838345368	1	0.00666093178957066	0.0486175179407034	1	22816	1	1.39130434782609	singlet	A619	A619_Re2	A619_Re2	-4.50288769275207	-0.484868308666874	1_3
CB:Z:TCCATCGCATTAGCCA-1_A619_2	CB:Z:TCCATCGCATTAGCCA-1_A619_2	29984	12663	19215	1252	0.040081956716609	16902	4.22793809736942	0.422325240128068	0.640841782283885	0.0417556029882604	0.0696237125204642	0.155584551019369	4.35820876772918	1	0.00783952411224118	0.0406133364231435	1	19215	1	1.47826086956522	singlet	A619	A619_Re2	A619_Re2	-3.48368879825134	-0.341166278484989	1_3
CB:Z:AGCCCGAAGCGCACAA-1_A619_2	CB:Z:AGCCCGAAGCGCACAA-1_A619_2	29945	11927	18482	1374	0.0438711325393531	16675	4.22206584258859	0.39829687760895	0.617198196693939	0.0458841208882952	0.00358718816109384	0.0897640381328446	4.3511083978115	1	0.00325195047123628	0.0383797024382718	1	18482	1	1.56521739130435	singlet	A619	A619_Re2	A619_Re2	-3.58142849475402	-1.42991377985828	1_3
CB:Z:GCGATCGGTAAACCCT-1_A619_2	CB:Z:GCGATCGGTAAACCCT-1_A619_2	29930	11729	14741	1486	0.0473007384772091	17088	4.23269123534846	0.391881055796859	0.492515870364183	0.0496491814233211	-0.0140452482166401	-0.257334528439872	4.36395597032521	1	-0.00167291725083593	0.0269535744247741	1	14741	1	1.78260869565217	singlet	A619	A619_Re2	A619_Re2	5.73136881321412	3.53298435532696	1_1
CB:Z:ACGGATTTCCTTGACC-1_A619_2	CB:Z:ACGGATTTCCTTGACC-1_A619_2	29889	8818	12219	912	0.0296094282653161	17754	4.24929621554428	0.295024925557898	0.408812606644585	0.0305128977215698	-0.280232434246916	-0.490352981894865	4.3840336928128	1	0.00407739853131436	0.030517837635668	1	12219	1	1.95652173913043	singlet	A619	A619_Re2	A619_Re2	5.09800818890076	3.51224730336316	1_1
CB:Z:TAGCTTTCAATTAGGA-1_A619_2	CB:Z:TAGCTTTCAATTAGGA-1_A619_2	29818	11799	17818	734	0.0240246137732391	16904	4.22798948404426	0.395700583540144	0.597558521698303	0.0246160037561205	-0.00354813936621438	0.0350898654605277	4.35827090134119	1	0.0069284281161934	0.0322058181679477	1	17818	1	0.0869565217391304	singlet	A619	A619_Re2	A619_Re2	6.82094291180115	2.91365526044018	1_1
CB:Z:CCGTGAGTCAGTGGTT-1_A619_2	CB:Z:CCGTGAGTCAGTGGTT-1_A619_2	29797	9667	11303	1566	0.0499314478844498	17395	4.24042443308361	0.324428633755076	0.379333489948653	0.0525556264053428	-0.199422987033282	-0.57241881632537	4.37330647819917	1	0.00922569396526708	0.0245786932251317	1	11303	1	1.52173913043478	singlet	A619	A619_Re2	A619_Re2	4.86815026730042	3.5170155557359	1_1
CB:Z:GCACGGTTCGCAACTA-1_A619_2	CB:Z:GCACGGTTCGCAACTA-1_A619_2	29792	9448	12065	1323	0.0425196850393701	17208	4.23573039737941	0.317132116004296	0.404974489795918	0.0444078947368421	-0.21947581717535	-0.501037774966398	4.36763073844493	1	0.00468832340995466	0.0244118109186392	1	12065	1	1	singlet	A619	A619_Re2	A619_Re2	5.12944391697388	3.42401359402783	1_1
CB:Z:CGCTATCAGTAATGTG-1_A619_2	CB:Z:CGCTATCAGTAATGTG-1_A619_2	29723	13246	20576	434	0.0143913519249262	16713	4.22305441317911	0.445648151263331	0.692258520337786	0.0146014870638899	0.133721463172002	0.298721726926349	4.35230371667017	1	0.00135482173626493	0.0421584308899687	1	20576	1	0.826086956521739	singlet	A619	A619_Re2	A619_Re2	-3.87600323230285	-2.99287917292469	1_2
CB:Z:TTGGTCCGTTAGGAGC-1_A619_2	CB:Z:TTGGTCCGTTAGGAGC-1_A619_2	29693	12021	17790	990	0.0322654238503406	17101	4.23302150698769	0.40484289226417	0.599131108342033	0.0333411915266224	0.0215774301466766	0.0394677318824822	4.3643553145123	1	0.00397301634688135	0.0327314656189087	1	17790	1	1.91304347826087	singlet	A619	A619_Re2	A619_Re2	6.76058915585023	3.13699159943707	1_1
CB:Z:TCAGTCCGTACAAGCG-1_A619_2	CB:Z:TCAGTCCGTACAAGCG-1_A619_2	29691	12136	18108	1102	0.0357873542688273	16789	4.22502482910913	0.408743390252939	0.60988178235829	0.0371156242632448	0.0322970674188397	0.0693961399462222	4.35468622262692	1	0.000747656488013521	0.028119351077806	1	18108	1	0.869565217391304	singlet	A619	A619_Re2	A619_Re2	3.3980964753006	1.99301805519707	1_4
CB:Z:CCTATTATCGTGGAAG-1_A619_2	CB:Z:CCTATTATCGTGGAAG-1_A619_2	29682	12744	19445	925	0.0302218446760545	16712	4.22302842697225	0.429351121892056	0.655110841587494	0.0311636682164275	0.0889327608122256	0.195307663158975	4.35227229574443	1	0.00110769750208575	0.0382459721343803	1	19445	1	1.39130434782609	singlet	A619	A619_Re2	A619_Re2	-4.21724173099059	-0.351301452282596	1_3
CB:Z:ATCGAGTTCCTCATTA-1_A619_2	CB:Z:ATCGAGTTCCTCATTA-1_A619_2	29614	14026	21854	271	0.00906809436171993	16372	4.21410173597323	0.473627338421017	0.737961774836226	0.00915107719321942	0.210615936227491	0.42595334499996	4.34147868909767	1	-0.000150096785013542	0.0438740370879541	1	21854	1	1.1304347826087	singlet	A619	A619_Re2	A619_Re2	-4.45060154468078	-1.85565926707141	1_3
CB:Z:GTGCACGCAAGCACTT-1_A619_2	CB:Z:GTGCACGCAAGCACTT-1_A619_2	29574	9114	11764	1333	0.0431293881644935	17218	4.23598270348184	0.308176100628931	0.397781835395956	0.0450733752620545	-0.244089401518755	-0.521061142396013	4.3679358114921	1	-0.000123066351578608	0.0205299165385676	1	11764	1	1.47826086956522	singlet	A619	A619_Re2	A619_Re2	3.1156566473816	2.12728557908184	1_4
CB:Z:AGCTGTAAGAGGTACC-1_A619_2	CB:Z:AGCTGTAAGAGGTACC-1_A619_2	29564	12861	19553	1050	0.0342980335794081	16327	4.2129063927503	0.435022324448654	0.661378703828981	0.0355161683128129	0.104518779438244	0.21275653553357	4.34003335346798	1	0.000711807276838883	0.0409433801048273	1	19553	1	1.43478260869565	singlet	A619	A619_Re2	A619_Re2	2.98767653435212	1.88963688337452	1_4
CB:Z:GCGAGTCCATCGACGC-1_A619_2	CB:Z:GCGAGTCCATCGACGC-1_A619_2	29564	10946	16501	1312	0.0424925508485555	17136	4.23390945348778	0.370247598430524	0.558145041266405	0.0443782979299148	-0.0734999169737282	-0.0746318807103947	4.36542896489926	1	0.000560222168096785	0.0291363356055799	1	16501	1	0.695652173913043	singlet	A619	A619_Re2	A619_Re2	5.93457034557801	2.70686022364743	1_1
CB:Z:CGTACAAAGCAGAAAG-1_A619_2	CB:Z:CGTACAAAGCAGAAAG-1_A619_2	29532	11571	17211	1274	0.0413555800818022	16704	4.22282048132217	0.391812271434376	0.582791548151158	0.0431396451307057	-0.0142342864927625	-0.006019371924691	4.35202086063245	1	0.00210859907910952	0.037099877553937	1	17211	1	1.52173913043478	singlet	A619	A619_Re2	A619_Re2	5.87913468807679	3.38248513066418	1_1
CB:Z:ACAGACTGTTTCCTAT-1_A619_2	CB:Z:ACAGACTGTTTCCTAT-1_A619_2	29476	12930	21849	1107	0.0361965797992349	16277	4.21157436348285	0.438661962274393	0.741247116298005	0.0375559777446058	0.114521501502532	0.435099286896083	4.33842274546593	1	0.00445845515670203	0.0351352448703079	1	21849	1	1.56521739130435	singlet	A619	A619_Re2	A619_Re2	-5.05832573443908	-4.57671906626575	1_2
CB:Z:TGCTCACGTCGACTGC-1_A619_2	CB:Z:TGCTCACGTCGACTGC-1_A619_2	29407	12888	18433	454	0.0152037775024279	16972	4.22973302309458	0.438262998605774	0.626823545414357	0.015438501037168	0.113425040018722	0.116559694277274	4.3603790817055	1	0.00735227210209469	0.0360663603519034	1	18433	1	1.78260869565217	singlet	A619	A619_Re2	A619_Re2	5.97268441647034	3.20467005097515	1_1
CB:Z:CCCTGATTCAGATACC-1_A619_2	CB:Z:CCCTGATTCAGATACC-1_A619_2	29391	12812	16149	399	0.0133937562940584	16546	4.21869301999136	0.435915756524106	0.549453914463611	0.01357558436256	0.106974175596309	-0.0988267906383102	4.34703018782218	1	0.000498520184824322	0.0264198380137296	1	16149	1	1.21739130434783	singlet	A619	A619_Re2	A619_Re2	6.31802085369568	3.40631685578473	1_1
CB:Z:TTGCAGAAGATTCCGT-1_A619_2	CB:Z:TTGCAGAAGATTCCGT-1_A619_2	29375	12940	21986	603	0.020114750817266	16488	4.21716797877116	0.440510638297872	0.748459574468085	0.0205276595744681	0.119602169781944	0.455177785316777	4.34518620161803	1	0.00908435766436817	0.0441121929618789	1	21986	1	1	singlet	A619	A619_Re2	A619_Re2	-4.50233551532287	-0.694326659802128	1_3
CB:Z:GAGACTTGTACAAATG-1_A619_2	CB:Z:GAGACTTGTACAAATG-1_A619_2	29349	12951	22831	1158	0.0379585013275642	16171	4.20873687711441	0.441275682306041	0.77791406862244	0.0394561995297966	0.121704720350724	0.537175073954639	4.33499183117419	1	0.00322908634516661	0.0477567846001891	1	22831	1	0.521739130434783	singlet	A619	A619_Re2	A619_Re2	-4.48589512378234	-1.5304994789397	1_3
CB:Z:AGGCCTGGTAGTCTGT-1_A619_2	CB:Z:AGGCCTGGTAGTCTGT-1_A619_2	29278	10273	14377	1350	0.0440773148752775	17078	4.23243700922055	0.350877792198921	0.491051301318396	0.0461097069471958	-0.126733452135843	-0.261411688622903	4.36364857570113	1	0.00594410379846183	0.0233378513516585	1	14377	1	1.43478260869565	singlet	A619	A619_Re2	A619_Re2	3.91155985325318	2.18002931201107	1_1
CB:Z:CATAACGGTCCGTAGC-1_A619_2	CB:Z:CATAACGGTCCGTAGC-1_A619_2	29208	12434	18956	1090	0.0359759720113539	16663	4.22175319431887	0.425705286222953	0.649000273897562	0.0373185428649685	0.0789130053760644	0.17829667733159	4.35073036272073	1	0.000441587362187862	0.0386568741956029	1	18956	1	0.91304347826087	singlet	A619	A619_Re2	A619_Re2	-3.60113474399108	0.213549235698056	1_3
CB:Z:TGAGCCGTCTATGAGC-1_A619_2	CB:Z:TGAGCCGTCTATGAGC-1_A619_2	29197	12573	20759	944	0.0313194651803192	16228	4.21026499903229	0.430626434222694	0.710997705243689	0.0323320889132445	0.092437668552859	0.350889058183691	4.33683954236882	1	0.00147663235453703	0.0384215107541728	1	20759	1	1.08695652173913	singlet	A619	A619_Re2	A619_Re2	-4.28460499316711	-0.968998691204715	1_3
CB:Z:GCTCACTGTTCTTTCA-1_A619_2	CB:Z:GCTCACTGTTCTTTCA-1_A619_2	29188	9146	11189	1040	0.0344051872436152	16719	4.22321029777586	0.313347951212827	0.383342469508017	0.0356310812662738	-0.229875738944172	-0.561258364804804	4.35249220275307	1	-0.00182865846795424	0.0245881853735354	1	11189	1	0.608695652173913	singlet	A619	A619_Re2	A619_Re2	5.20457795589905	3.34576866948254	1_1
CB:Z:GAGAACGTCCTGACCT-1_A619_2	CB:Z:GAGAACGTCCTGACCT-1_A619_2	29186	9795	12002	1435	0.0468632637732275	16905	4.22801517510179	0.335606112519701	0.411224559720414	0.0491674090317275	-0.168704212579583	-0.483638433972117	4.3583019653905	1	-0.00218513951037095	0.0182707691681922	1	12002	1	0.782608695652174	singlet	A619	A619_Re2	A619_Re2	5.15059641331177	3.3493810685838	1_1
CB:Z:TAGGAGGGTAAGCCTT-1_A619_2	CB:Z:TAGGAGGGTAAGCCTT-1_A619_2	29177	10467	14157	1517	0.0494233400664625	16711	4.22300243921041	0.358741474449052	0.485210953833499	0.0519930081913836	-0.105121898537382	-0.277670418307918	4.35224087293849	1	0.00425858642031795	0.0289312070893816	1	14157	1	0.956521739130435	singlet	A619	A619_Re2	A619_Re2	4.56010988682252	3.5842032226289	1_1
CB:Z:ATTGTGGCATCTGCAA-1_A619_2	CB:Z:ATTGTGGCATCTGCAA-1_A619_2	29165	12039	15561	313	0.0106180880656761	16469	4.21666722954821	0.412789302245843	0.533550488599349	0.0107320418309618	0.0434163422201371	-0.143099756050279	4.34458072640423	1	-0.00377275140881677	0.0281831481732109	1	15561	1	0.869565217391304	singlet	A619	A619_Re2	A619_Re2	6.06442550152283	3.48327384316571	1_1
CB:Z:CTGGCAGGTGAGGGTT-1_A619_2	CB:Z:CTGGCAGGTGAGGGTT-1_A619_2	29149	12034	18447	1377	0.0451090873353862	16528	4.21822030417555	0.412844351435727	0.632851898864455	0.0472400425400528	0.0435676324783	0.133341806890321	4.34645860888301	1	0.000343206204647898	0.035695948452295	1	18447	1	1.1304347826087	singlet	A619	A619_Re2	A619_Re2	-4.26728006869811	-0.613139649990726	1_3
CB:Z:TAAGCCACATCGAGTT-1_A619_2	CB:Z:TAAGCCACATCGAGTT-1_A619_2	29149	9911	13137	1394	0.0456405723078938	16850	4.22659990520736	0.340011664208035	0.450684414559676	0.0478232529417819	-0.156596549348199	-0.373787587785213	4.35659070793338	1	0.00385152227460297	0.0208524050143996	1	13137	1	0.869565217391304	singlet	A619	A619_Re2	A619_Re2	3.20364335506898	2.09310735189564	1_4
CB:Z:CACGTTCAGAGCACTG-1_A619_2	CB:Z:CACGTTCAGAGCACTG-1_A619_2	29115	12263	21034	446	0.0150874462974866	16289	4.21189442330099	0.421191825519492	0.722445474841147	0.0153185643139275	0.0665087786023087	0.38275808513161	4.33880974214597	1	0.00635526201253287	0.0453152758328985	1	21034	1	1.60869565217391	singlet	A619	A619_Re2	A619_Re2	-5.25998207599182	-4.06106354868763	1_2
CB:Z:CGGTGCACAAGAAACT-1_A619_2	CB:Z:CGGTGCACAAGAAACT-1_A619_2	29083	13561	22171	1210	0.0399432212062193	15946	4.20265175975734	0.466286146546092	0.762335384932779	0.0416050613760616	0.190440329350845	0.493806146401345	4.32763408089934	1	0.00439847549940492	0.040969014769785	1	22171	1	1.26086956521739	singlet	A619	A619_Re2	A619_Re2	-4.94739195376892	-2.66581465876453	1_2
CB:Z:AAACTGCAGCCTGTAT-1_A619_2	CB:Z:AAACTGCAGCCTGTAT-1_A619_2	29074	10220	13612	1199	0.0396062497935454	16576	4.21947973806514	0.351516819151132	0.468184632317535	0.041239595514893	-0.12497723096753	-0.325069371841777	4.34798143901159	1	0.00597807331029149	0.0273155893189522	1	13612	1	0.782608695652174	singlet	A619	A619_Re2	A619_Re2	5.22591761082154	3.59562335335858	1_1
CB:Z:ACTAACGCAGGCATTT-1_A619_2	CB:Z:ACTAACGCAGGCATTT-1_A619_2	29043	10639	14364	1182	0.039106699751861	16728	4.22344401980962	0.366318906449058	0.494577006507592	0.0406982749715938	-0.0842970390634284	-0.251596606940104	4.35277480508548	1	0.00291843466868709	0.0305586482053733	1	14364	1	1.17391304347826	singlet	A619	A619_Re2	A619_Re2	5.47667721241456	4.02709005200512	1_1
CB:Z:TTCGCGTGTTGCTTGA-1_A619_2	CB:Z:TTCGCGTGTTGCTTGA-1_A619_2	29020	11837	17849	1403	0.0461164250731355	16324	4.21282658610123	0.4078911095796	0.615058580289456	0.0483459682977257	0.0299547665899279	0.0838076383055949	4.33993685616815	1	0.00658385026351814	0.0329023365931896	1	17849	1	1.69565217391304	singlet	A619	A619_Re2	A619_Re2	6.37590983837586	1.79904554211743	1_4
CB:Z:GCCCAGATCGGCTATA-1_A619_2	CB:Z:GCCCAGATCGGCTATA-1_A619_2	29003	8770	11097	1413	0.046455812730142	17067	4.23215718848743	0.302382512153915	0.382615591490535	0.0487190980243423	-0.260011770184291	-0.563281893923709	4.36331023365196	1	0.00979854189176304	0.0261086856212559	1	11097	1	1.47826086956522	singlet	A619	A619_Re2	A619_Re2	4.8953824374054	3.64053771817334	1_1
CB:Z:AAATGAGCAAAGGAAG-1_A619_2	CB:Z:AAATGAGCAAAGGAAG-1_A619_2	28975	13886	23859	305	0.0104166666666667	15524	4.19100363406798	0.479240724762726	0.823433994823123	0.0105263157894737	0.226043060052426	0.663896331087473	4.3135498825243	1	0.00790701582410353	0.0476211335753208	1	23859	1	1.17391304347826	singlet	A619	A619_Re2	A619_Re2	-4.96468826800842	-3.28139760172718	1_2
CB:Z:TTGAGTGAGGTCTTGT-1_A619_2	CB:Z:TTGAGTGAGGTCTTGT-1_A619_2	28963	13004	22410	882	0.0295526888926118	15739	4.19697713537512	0.448986638124504	0.773745813624279	0.0304526464799917	0.142896539865465	0.525571221367346	4.32077267352493	1	0.00196308690761195	0.044594168673523	1	22410	1	0.478260869565217	singlet	A619	A619_Re2	A619_Re2	-4.85632463962097	-2.00451352274768	1_3
CB:Z:CCCACATCAACTTGGT-1_A619_2	CB:Z:CCCACATCAACTTGGT-1_A619_2	28931	12561	20857	962	0.0321814471615428	16014	4.20449982417115	0.434170958487436	0.720922194186167	0.0332515295012271	0.102178992488884	0.378517479847801	4.32986864691521	1	0.00217578751147204	0.0396908172906912	1	20857	1	1.52173913043478	singlet	A619	A619_Re2	A619_Re2	-4.67241426974792	-4.50708224451892	1_2
CB:Z:TCAAGCAAGACTAATG-1_A619_2	CB:Z:TCAAGCAAGACTAATG-1_A619_2	28928	12556	21647	369	0.0125951462607093	16207	4.20970263212035	0.43404314159292	0.748306139380531	0.0127558075221239	0.101827716638877	0.454750642990196	4.33615956282889	1	0.00524945308957293	0.0462568704625418	1	21647	1	2	singlet	A619	A619_Re2	A619_Re2	-4.62707659274597	-4.98748328364246	1_2
CB:Z:CTAACTTTCGCAAGCC-1_A619_2	CB:Z:CTAACTTTCGCAAGCC-1_A619_2	28890	12775	20400	912	0.0306019730219448	16494	4.21732599022711	0.442194530979578	0.706126687435099	0.0315680166147456	0.124229968284881	0.337328809920112	4.34537725936849	1	-0.00288796479831503	0.0388048729239742	1	20400	1	1	singlet	A619	A619_Re2	A619_Re2	-3.55982014209289	0.11873123967297	1_3
CB:Z:TTCATTGCAAGGGAGG-1_A619_2	CB:Z:TTCATTGCAAGGGAGG-1_A619_2	28872	12682	21177	197	0.00677697891224328	16201	4.2095418220166	0.439249099473538	0.733478802992519	0.00682321972845664	0.116135115410797	0.413473363700755	4.33596512112536	1	0.00798114703983771	0.0441652841517619	1	21177	1	1.08695652173913	singlet	A619	A619_Re2	A619_Re2	-4.35174747973937	-0.697812816265751	1_3
CB:Z:ATATTCCAGGCACTAG-1_A619_2	CB:Z:ATATTCCAGGCACTAG-1_A619_2	28832	11586	16419	1093	0.0365246449456976	16278	4.21160104414524	0.401845172031077	0.569471420643729	0.0379092674805771	0.0133388735226976	-0.043100787555055	4.33845500608467	1	0.002862545523552	0.0299446184643732	1	16419	1	1.69565217391304	singlet	A619	A619_Re2	A619_Re2	2.79388454884034	1.80997053520031	1_4
CB:Z:TTGTCTAAGCAATAAC-1_A619_2	CB:Z:TTGTCTAAGCAATAAC-1_A619_2	28704	10299	12484	1105	0.0370693414740515	16690	4.22245633667925	0.35880016722408	0.434921962095875	0.0384963768115942	-0.104960594708844	-0.417668102505367	4.35158055928914	1	-0.000818229188892701	0.0260002491302267	1	12484	1	1.08695652173913	singlet	A619	A619_Re2	A619_Re2	4.40350035160523	3.19219754063733	1_1
CB:Z:CTGAATGGTCAGCAAG-1_A619_2	CB:Z:CTGAATGGTCAGCAAG-1_A619_2	28677	10254	13946	1130	0.0379105579226356	16621	4.22065714949725	0.357568783345538	0.486313073194546	0.0394044007392684	-0.108344775026016	-0.274602268541449	4.34940509262086	1	0.000579452422866428	0.0265927046419112	1	13946	1	1.69565217391304	singlet	A619	A619_Re2	A619_Re2	6.36578277080994	2.75967822396405	1_1
CB:Z:CGTACAAAGAAATACC-1_A619_2	CB:Z:CGTACAAAGAAATACC-1_A619_2	28653	13092	21767	386	0.0132924687489239	15956	4.2029240276378	0.456915506229714	0.759676124664084	0.0134715387568492	0.164687242055652	0.486403129032496	4.32796329050283	1	0.0026945752158161	0.0417699820496995	1	21767	1	0.956521739130435	singlet	A619	A619_Re2	A619_Re2	-4.77874180346984	-1.47214033282154	1_3
CB:Z:GTTACTTAGAGCCTGA-1_A619_2	CB:Z:GTTACTTAGAGCCTGA-1_A619_2	28592	12738	21323	415	0.0143068914399972	15980	4.20357677497797	0.445509233351987	0.745768047006156	0.0145145495243425	0.13333967868589	0.447684940489226	4.32875255250711	1	0.0039339795458352	0.0439277632349505	1	21323	1	1.39130434782609	singlet	A619	A619_Re2	A619_Re2	-4.18914696246642	-0.497406741741825	1_3
CB:Z:CACCTGTCAATTGCCA-1_A619_2	CB:Z:CACCTGTCAATTGCCA-1_A619_2	28560	12507	20511	1466	0.048824352228069	16001	4.20414712521285	0.437920168067227	0.718172268907563	0.0513305322128852	0.112482847757726	0.370862063474986	4.32944218499096	1	0.002027400759357	0.0453144108619256	1	20511	1	1.34782608695652	singlet	A619	A619_Re2	A619_Re2	-4.37388655215759	-0.499925157192875	1_3
CB:Z:CACAACATCCAGTTAG-1_A619_2	CB:Z:CACAACATCCAGTTAG-1_A619_2	28548	11259	16240	1477	0.0491923397169026	16059	4.20571849810309	0.394388398486759	0.568866470505815	0.0517374246882444	-0.00715438345267148	-0.0447848861109542	4.33134219260571	1	0.00452478799903206	0.0271230508098008	1	16240	1	1.17391304347826	singlet	A619	A619_Re2	A619_Re2	4.35082319706421	2.43635139786847	1_4
CB:Z:GTGTCAAGTGGCCTCA-1_A619_2	CB:Z:GTGTCAAGTGGCCTCA-1_A619_2	28492	9861	13367	1485	0.0495379791173233	16391	4.21460545029006	0.346097150077215	0.469149234872947	0.0521198933033834	-0.139871966658931	-0.322384050079248	4.34208774952094	1	0.0036975707483155	0.0272369833216772	1	13367	1	1.26086956521739	singlet	A619	A619_Re2	A619_Re2	4.84239200085145	3.49893293702252	1_1
CB:Z:GCAGATTAGCACCATT-1_A619_2	CB:Z:GCAGATTAGCACCATT-1_A619_2	28385	11015	16219	967	0.032944944126465	16257	4.21104040573205	0.388057072397393	0.571393341553638	0.0340672890611238	-0.0245546024311756	-0.0377504222504249	4.3377771165393	1	0.00508605964450412	0.0245534491597786	1	16219	1	1.21739130434783	singlet	A619	A619_Re2	A619_Re2	3.25199881523591	2.09492511474736	1_4
CB:Z:GTGTCCTGTGCTGTCG-1_A619_2	CB:Z:GTGTCCTGTGCTGTCG-1_A619_2	28372	12439	20719	198	0.00693034651732587	15674	4.1951798424319	0.438425207951501	0.730262230367968	0.00697871140561117	0.113870835748744	0.404518864854578	4.31859949725388	1	0.00473195967145309	0.0458074676948058	1	20719	1	0.782608695652174	singlet	A619	A619_Re2	A619_Re2	-3.82854553729553	-0.0705676285063512	1_3
CB:Z:GCGTTGGTCGTAGCGC-1_A619_2	CB:Z:GCGTTGGTCGTAGCGC-1_A619_2	28350	10258	13663	1447	0.0485619357653455	16365	4.21391600964402	0.361834215167548	0.481940035273369	0.0510405643738977	-0.0966221995823792	-0.286776208815826	4.34125412022421	1	-0.000248142583017621	0.032720229554931	1	13663	1	1.82608695652174	singlet	A619	A619_Re2	A619_Re2	6.1425633761261	3.80058834874279	1_1
CB:Z:GCATTGATCTCCCTTT-1_A619_2	CB:Z:GCATTGATCTCCCTTT-1_A619_2	28287	11323	17929	899	0.0308024395258	16052	4.2055291510618	0.400289885813271	0.633824725138756	0.0317813836744794	0.00906452082279215	0.136050022362987	4.33111324578951	1	0.00745578115560755	0.030523658176589	1	17929	1	2	singlet	A619	A619_Re2	A619_Re2	5.62774828403931	3.21702621304638	1_1
CB:Z:AATGGCTTCTATCTCA-1_A619_2	CB:Z:AATGGCTTCTATCTCA-1_A619_2	28270	12507	19675	1338	0.0451904890570116	15598	4.19306891600527	0.442412451361868	0.695967456667846	0.0473293243721259	0.124828873209095	0.309046899078404	4.31604709463215	1	0.00301739111823509	0.0403266999129408	1	19675	1	0.869565217391304	singlet	A619	A619_Re2	A619_Re2	-3.91028973132629	-4.54614855921619	1_2
CB:Z:GCGCATGGTAGAATAC-1_A619_2	CB:Z:GCGCATGGTAGAATAC-1_A619_2	28218	12118	19447	393	0.0137359756736919	16095	4.20669098102163	0.429442200014175	0.68917003331207	0.0139272804592813	0.0891830684486769	0.290123800892558	4.33251805923922	1	0.00200116054874006	0.0370517012267509	1	19447	1	0.521739130434783	singlet	A619	A619_Re2	A619_Re2	-4.58859535724182	-1.30954506075733	1_3
CB:Z:CCACGTTGTATCATGC-1_A619_2	CB:Z:CCACGTTGTATCATGC-1_A619_2	28194	12675	19172	970	0.0332601837882321	15893	4.20120588339179	0.449563736965312	0.680002837483152	0.0344044832233809	0.144482565614347	0.264603579820541	4.32588581597662	1	0.000910807472745694	0.0364032911826193	1	19172	1	1.73913043478261	singlet	A619	A619_Re2	A619_Re2	4.13276318043213	2.01175659322388	1_4
CB:Z:GCAGATTGTCTGTGTA-1_A619_2	CB:Z:GCAGATTGTCTGTGTA-1_A619_2	28086	9741	14511	1471	0.0497682444091078	16391	4.21460545029006	0.34682760093997	0.516663106173894	0.0523748486790572	-0.137864487532823	-0.190111922133368	4.34208774952094	1	0.000358942859694493	0.0289852002885891	1	14511	1	0.782608695652174	singlet	A619	A619_Re2	A619_Re2	6.4985957476471	2.81604359471447	1_1
CB:Z:GAACTTGCACACACCG-1_A619_2	CB:Z:GAACTTGCACACACCG-1_A619_2	28068	9568	13576	1459	0.0494124022081485	15990	4.20384846374623	0.340886418697449	0.483682485392618	0.0519809035200228	-0.154192484314524	-0.281925465679094	4.32908106188369	1	0.00805479281716183	0.0259225446802117	1	13576	1	1.78260869565217	singlet	A619	A619_Re2	A619_Re2	2.95987490147095	1.9055903943742	1_4
CB:Z:GCTTAAGAGGTCTTTG-1_A619_2	CB:Z:GCTTAAGAGGTCTTTG-1_A619_2	28035	13059	20768	1275	0.0435005117707267	15202	4.1819007281964	0.465810593900482	0.740788300338862	0.0454788657035848	0.189133380371652	0.433822005933919	4.30254320767345	1	0.00782808411633275	0.035831353481026	1	20768	1	0.652173913043478	singlet	A619	A619_Re2	A619_Re2	-4.64559122592468	-4.54118373072498	1_2
CB:Z:ACCTGCTTCTACTGCC-1_A619_2	CB:Z:ACCTGCTTCTACTGCC-1_A619_2	28017	8810	11354	950	0.0327959402078227	16273	4.21146762443914	0.314451939893636	0.405253952957133	0.0339079844380198	-0.226841675538699	-0.500259787696486	4.33829368316818	1	0.00762549323355104	0.0249621330191079	1	11354	1	0.956521739130435	singlet	A619	A619_Re2	A619_Re2	5.49443748920899	3.38186464631207	1_1
CB:Z:GGTACCGAGTCATACC-1_A619_2	CB:Z:GGTACCGAGTCATACC-1_A619_2	27946	12081	15370	241	0.00855004079894987	15621	4.19370883239535	0.432298003292063	0.549989265011093	0.00862377442209976	0.0970315983922285	-0.0973364478358084	4.31682084223942	1	0.00757087564775204	0.025583207524627	1	15370	1	1	singlet	A619	A619_Re2	A619_Re2	5.97846463650208	3.53803465687878	1_1
CB:Z:ATTGTCTTCACTAGGT-1_A619_2	CB:Z:ATTGTCTTCACTAGGT-1_A619_2	27891	10997	15283	1080	0.0372786579683131	15624	4.1937922302798	0.394284894768922	0.547954537305941	0.0387221684414327	-0.00743884003096763	-0.103000851850505	4.31692168184056	1	-0.00186699342958824	0.0285296168072043	1	15283	1	0.782608695652174	singlet	A619	A619_Re2	A619_Re2	5.05154112308961	3.54972801530011	1_1
CB:Z:AAACTGCAGTACAGAT-1_A619_2	CB:Z:AAACTGCAGTACAGAT-1_A619_2	27888	11839	18898	1286	0.0440803455131281	15719	4.19642491394919	0.42451950659782	0.677639127940333	0.0461130235226621	0.075654158043558	0.258023335304273	4.32010496128374	1	0.0118303738794436	0.0381854877513229	1	18898	1	1.30434782608696	singlet	A619	A619_Re2	A619_Re2	-4.5551299718048	-3.67215706980579	1_2
CB:Z:CACTGAAGTTTGTACG-1_A619_2	CB:Z:CACTGAAGTTTGTACG-1_A619_2	27876	12653	20145	904	0.031410701876303	15534	4.19128330081852	0.453902998995552	0.722664657770125	0.0324293298895107	0.15640804670086	0.383368260468443	4.31388803838718	1	0.00372822522254483	0.0376745028369501	1	20145	1	0.782608695652174	singlet	A619	A619_Re2	A619_Re2	-5.10810562640685	-3.46338584101551	1_2
CB:Z:CGTGGCAAGTCTGTGT-1_A619_2	CB:Z:CGTGGCAAGTCTGTGT-1_A619_2	27867	9405	13391	1436	0.0490052213083985	16005	4.20425567848015	0.33749596296695	0.480532529515197	0.0515304840851186	-0.1635103857012	-0.290694512600214	4.32957344093648	1	0.00329126039344539	0.0352940475101985	1	13391	1	0.608695652173913	singlet	A619	A619_Re2	A619_Re2	3.21320465534669	2.19521246277935	1_4
CB:Z:GTCACCTTCGCTAGTA-1_A619_2	CB:Z:GTCACCTTCGCTAGTA-1_A619_2	27857	12577	20703	650	0.0228014171957765	15321	4.1852871125752	0.451484366586495	0.743188426607316	0.0233334529920666	0.149760982096689	0.440503629640318	4.30663781573634	1	0.00175413863772128	0.0428062506360012	1	20703	1	1.30434782608696	singlet	A619	A619_Re2	A619_Re2	-4.70613190204162	-4.79860522425525	1_2
CB:Z:CGTAAACCATTGAACC-1_A619_2	CB:Z:CGTAAACCATTGAACC-1_A619_2	27834	9404	11741	918	0.0319282136894825	16194	4.20935413494016	0.337860171013868	0.421822231802831	0.0329812459581806	-0.162509442189422	-0.45413596239418	4.33573818143674	1	-0.00334682403994793	0.0199720951278141	1	11741	1	0.956521739130435	singlet	A619	A619_Re2	A619_Re2	5.5402536722992	3.37449775063641	1_1
CB:Z:TGCCTCATCTGCTACC-1_A619_2	CB:Z:TGCCTCATCTGCTACC-1_A619_2	27821	11947	18324	1325	0.0454607836409799	15783	4.19818955651682	0.429423816541462	0.658639157470975	0.0476258941087668	0.0891325456282928	0.205130012658078	4.3222386587254	1	0.00272870017035879	0.0342517709919174	1	18324	1	1.95652173913043	singlet	A619	A619_Re2	A619_Re2	-4.91810604602355	-2.62555529749744	1_3
CB:Z:TTACGTTTCAGCACTA-1_A619_2	CB:Z:TTACGTTTCAGCACTA-1_A619_2	27728	11049	15934	966	0.0336655746846031	15913	4.20175206277825	0.39847807270629	0.574653779572995	0.0348384304673976	0.00408516193894768	-0.0286738081365285	4.32654622255467	1	0.00159089525961139	0.032612559656299	1	15934	1	0.391304347826087	singlet	A619	A619_Re2	A619_Re2	4.90060547321778	3.23807714306958	1_1
CB:Z:TGCACCTGTCGTCGCA-1_A619_2	CB:Z:TGCACCTGTCGTCGCA-1_A619_2	27650	11221	14854	621	0.0219659721976584	15784	4.19821707224413	0.405822784810127	0.537215189873418	0.0224593128390597	0.0242704433692438	-0.132897728252189	4.32227192905337	1	0.0078330309381212	0.0216208087645834	1	14854	1	1.26086956521739	singlet	A619	A619_Re2	A619_Re2	4.97222736805421	3.33129403912671	1_1
CB:Z:GAGAACGTCACCGCGA-1_A619_2	CB:Z:GAGAACGTCACCGCGA-1_A619_2	27576	12250	20495	673	0.0238238521717583	15259	4.18352607302172	0.444226863939658	0.743218740934146	0.0244052799535828	0.129815376151018	0.440588020585683	4.30450847483815	1	0.00287715654128437	0.0380110020063101	1	20495	1	0.91304347826087	singlet	A619	A619_Re2	A619_Re2	-4.67537352115173	-2.52291323817127	1_2
CB:Z:TGCTTCGTCCGATGCG-1_A619_2	CB:Z:TGCTTCGTCCGATGCG-1_A619_2	27521	12068	18872	280	0.0100715801589871	15458	4.18915330296189	0.438501507939392	0.685730896406381	0.0101740489081065	0.114080529022887	0.280549713486978	4.31131257576331	1	0.00346101967026908	0.0458662961604325	1	18872	1	1.34782608695652	singlet	A619	A619_Re2	A619_Re2	-3.96582266360778	0.0297893079484217	1_3
CB:Z:GGTAGGACACCCATCT-1_A619_2	CB:Z:GGTAGGACACCCATCT-1_A619_2	27511	9671	13241	590	0.0209956941034127	15824	4.1993162742531	0.351532114426956	0.481298389735015	0.0214459670677184	-0.124935195358412	-0.288562462354449	4.32360101663033	1	0.00194283007634682	0.0223010432388384	1	13241	1	1.1304347826087	singlet	A619	A619_Re2	A619_Re2	5.29896453350525	3.67184768044598	1_1
CB:Z:TAGGTCAAGTTAGCAA-1_A619_2	CB:Z:TAGGTCAAGTTAGCAA-1_A619_2	27499	11912	19273	952	0.0334610382763348	15465	4.1893499243392	0.433179388341394	0.700861849521801	0.0346194407069348	0.0994538860214342	0.32267222027556	4.31155031825997	1	0.00533134691043509	0.0443644948123939	1	19273	1	1.39130434782609	singlet	A619	A619_Re2	A619_Re2	-3.93463417560119	-0.558689138058353	1_3
CB:Z:CCGTAGGCAAGAAACT-1_A619_2	CB:Z:CCGTAGGCAAGAAACT-1_A619_2	27340	9194	12410	797	0.0283256921491275	15526	4.1910595818274	0.336283833211412	0.453913679590344	0.029151426481346	-0.166841650412419	-0.364797755014017	4.31361753111973	1	0.0035112934045124	0.0196697842804887	1	12410	1	0.695652173913043	singlet	A619	A619_Re2	A619_Re2	6.43283608883362	3.85220907055981	1_1
CB:Z:GCATGATAGTAGCAAT-1_A619_2	CB:Z:GCATGATAGTAGCAAT-1_A619_2	27268	11880	18246	617	0.0221265913573606	15439	4.18861916720785	0.435675517089629	0.669135983570486	0.0226272553909344	0.106313931800907	0.234351742793808	4.31066673160608	1	0.000464830763001553	0.0375147846279902	1	18246	1	1.08695652173913	singlet	A619	A619_Re2	A619_Re2	-4.73395535022277	-4.81271197474353	1_2
CB:Z:TTCAACTTCCATCATT-1_A619_2	CB:Z:TTCAACTTCCATCATT-1_A619_2	27242	11927	19466	825	0.0293939501906153	15299	4.18466304462968	0.437816606710227	0.714558402466779	0.0302841201086558	0.112198232771217	0.360801552909408	4.30588323109511	1	0.00649579977703429	0.0357816520666113	1	19466	1	0.434782608695652	singlet	A619	A619_Re2	A619_Re2	-4.38890167743225	-1.00897695696704	1_3
CB:Z:GGGTCTGAGGTGTTGG-1_A619_2	CB:Z:GGGTCTGAGGTGTTGG-1_A619_2	27224	12020	20462	454	0.0164029192860756	15441	4.18867542296983	0.4415221863062	0.751616220981487	0.0166764619453423	0.122382180889213	0.463965458054617	4.3107347526193	1	0.0066843601550766	0.0416906743525573	1	20462	1	1.65217391304348	singlet	A619	A619_Re2	A619_Re2	-5.08499571353454	-4.55943753397815	1_2
CB:Z:TAGGTGTCACACTAGT-1_A619_2	CB:Z:TAGGTGTCACACTAGT-1_A619_2	27190	12133	20676	738	0.0264250930965339	15144	4.18024060095574	0.446230231702832	0.760426627436558	0.0271423317396101	0.135321179719129	0.488492426242475	4.3005358837478	1	0.00583930688881201	0.0373981248462242	1	20676	1	0.869565217391304	singlet	A619	A619_Re2	A619_Re2	-4.6606421139862	-4.43841387904041	1_2
CB:Z:GCCAGCAGTTGTATCG-1_A619_2	CB:Z:GCCAGCAGTTGTATCG-1_A619_2	27181	11471	18686	289	0.0105205678922461	15307	4.18489008219972	0.422022736470329	0.687465508995254	0.010632427063022	0.0687923495781398	0.285378638009645	4.30615775098443	1	0.00822092390383514	0.035946820516871	1	18686	1	1.34782608695652	singlet	A619	A619_Re2	A619_Re2	-4.90957495242614	-3.43052317774646	1_2
CB:Z:GCTCCTATCCCTACCA-1_A619_2	CB:Z:GCTCCTATCCCTACCA-1_A619_2	27132	11856	19881	1120	0.0396432111000991	15168	4.18092831999399	0.436974789915966	0.732750995134896	0.0412796697626419	0.109884689549282	0.411447246033901	4.3013674313821	1	0.0027897914413631	0.0442101293757768	1	19881	1	1.73913043478261	singlet	A619	A619_Re2	A619_Re2	-4.55791994601745	-2.19241454279773	1_3
CB:Z:GCGCCAATCCACTAGA-1_A619_2	CB:Z:GCGCCAATCCACTAGA-1_A619_2	27112	11831	20022	109	0.00400426141581867	15378	4.18689985656789	0.436375036884037	0.738492180584243	0.00402035998819711	0.108236403875586	0.427429922156146	4.30858784674792	1	0.00354262729086133	0.0448144028849658	1	20022	1	1.34782608695652	singlet	A619	A619_Re2	A619_Re2	-5.21139856845397	-4.09608294642322	1_2
CB:Z:GCACGCAGTGGGTAGT-1_A619_2	CB:Z:GCACGCAGTGGGTAGT-1_A619_2	27094	11321	18193	1228	0.0433585198785396	15253	4.18335527026051	0.417841588543589	0.671477079796265	0.0453236879013804	0.0573014093738468	0.240869034924111	4.30430195062679	1	0.00775644589508718	0.0394641349038874	1	18193	1	1.34782608695652	singlet	A619	A619_Re2	A619_Re2	-3.95728632480163	-0.802146455410648	1_3
CB:Z:TATCGAGAGTGCTCGC-1_A619_2	CB:Z:TATCGAGAGTGCTCGC-1_A619_2	27080	9375	12247	1286	0.0453359655926109	15880	4.20085049809108	0.346196454948301	0.45225258493353	0.0474889217134417	-0.139599049662057	-0.369422015655391	4.32545610589207	1	0.000508239648532805	0.0229116044564488	1	12247	1	1.95652173913043	singlet	A619	A619_Re2	A619_Re2	5.28535774677735	3.62931189858563	1_1
CB:Z:CTCACCAAGTGAAGGA-1_A619_2	CB:Z:CTCACCAAGTGAAGGA-1_A619_2	27057	12076	19274	963	0.0343683083511777	15084	4.17851652373358	0.446317034408841	0.712348006061278	0.0355915289943453	0.135559737340575	0.354648111226921	4.29845123543112	1	0.00296741768469784	0.0386871125798341	1	19274	1	1.60869565217391	singlet	A619	A619_Re2	A619_Re2	-5.22160622149963	-3.8402717319762	1_2
CB:Z:CAATCCCCAAGTGGCA-1_A619_2	CB:Z:CAATCCCCAAGTGGCA-1_A619_2	27033	11787	20835	1005	0.0358442114273486	14861	4.17204803418026	0.436022638996782	0.770724669847964	0.0371767839307513	0.107267917918735	0.517160769741701	4.29062993503606	1	0.0033961028328715	0.045949941470379	1	20835	1	1.69565217391304	singlet	A619	A619_Re2	A619_Re2	-4.90853163272399	-2.27719380534046	1_2
CB:Z:AAACTCGTCGGATAGG-1_A619_2	CB:Z:AAACTCGTCGGATAGG-1_A619_2	27026	12780	21095	322	0.0117741699575837	14605	4.16450156130957	0.472877969362836	0.780544660697106	0.0119144527492045	0.208556464716465	0.544498282987003	4.28150520340308	1	0.00180286099501096	0.0415906630353377	1	21095	1	1.34782608695652	singlet	A619	A619_Re2	A619_Re2	-4.73772903949279	-2.30246808207386	1_3
CB:Z:CTCAACCGTGCTTTGA-1_A619_2	CB:Z:CTCAACCGTGCTTTGA-1_A619_2	26989	12625	21086	1055	0.0376194551419198	14954	4.17475737631066	0.467783170921487	0.781281262736671	0.0390899996294787	0.194554562543125	0.546548882455214	4.29390590518337	1	0.00500894495232744	0.0444255238799066	1	21086	1	0.956521739130435	singlet	A619	A619_Re2	A619_Re2	-4.25965210467834	-0.516597291592289	1_3
CB:Z:CAACGTATCCGCTCTA-1_A619_2	CB:Z:CAACGTATCCGCTCTA-1_A619_2	26966	11778	19705	834	0.03	15147	4.18032662541515	0.436772231699177	0.730734999629163	0.0309278350515464	0.109328004065343	0.405834989903819	4.30063989924211	1	0.00468469889667735	0.0449505082198694	1	19705	1	1.17391304347826	singlet	A619	A619_Re2	A619_Re2	-4.66494032413024	-4.8141315189635	1_2
CB:Z:CTTAATCTCTTCCACG-1_A619_2	CB:Z:CTTAATCTCTTCCACG-1_A619_2	26927	10302	14087	1099	0.0392135873831442	15659	4.19476402411089	0.382589965462175	0.523155197385524	0.0408140528094478	-0.0395797103641658	-0.17203882693256	4.31809671527184	1	0.00787485013730492	0.0276332803958434	1	14087	1	0.608695652173913	singlet	A619	A619_Re2	A619_Re2	6.53022101849061	3.55971918427594	1_1
CB:Z:TGGAAGGGTTGGAGGT-1_A619_2	CB:Z:TGGAAGGGTTGGAGGT-1_A619_2	26924	10920	15286	794	0.0286456454289631	14977	4.17542482979032	0.405586094191056	0.567746248700045	0.029490417471401	0.0236199526910117	-0.047903430610982	4.29471294894855	1	0.000171153616130442	0.0324123594864592	1	15286	1	1.56521739130435	singlet	A619	A619_Re2	A619_Re2	-3.38540216952819	-2.64699771082752	1_4
CB:Z:CCCTAACGTCTGGGAA-1_A619_2	CB:Z:CCCTAACGTCTGGGAA-1_A619_2	26921	11619	18975	1080	0.0385700510696047	15237	4.18289946754826	0.431596151703131	0.704840087663905	0.0401173804836373	0.0951027179072481	0.333747091889339	4.30375082197395	1	0.0102730489565976	0.0392309335655989	1	18975	1	0.739130434782609	singlet	A619	A619_Re2	A619_Re2	-4.77292772799987	-2.96605708277576	1_2
CB:Z:AAGGAGCGTCACTCTC-1_A619_2	CB:Z:AAGGAGCGTCACTCTC-1_A619_2	26877	11282	18431	458	0.0167550759100055	15310	4.18497519069826	0.419764110577817	0.68575361833538	0.0170405923280128	0.0625850267257883	0.280612968233801	4.30626065895511	1	0.00445915242885755	0.0318847311279646	1	18431	1	1.91304347826087	singlet	A619	A619_Re2	A619_Re2	-4.84547802478332	-3.214963695172	1_2
CB:Z:CCAGATAAGTCCGGAA-1_A619_2	CB:Z:CCAGATAAGTCCGGAA-1_A619_2	26870	11905	20087	417	0.0152820024187342	15103	4.17906322239498	0.443059173799777	0.74756233717901	0.0155191663565314	0.126606243680792	0.452679999254541	4.29911226988454	1	0.00234956796346811	0.039374233203938	1	20087	1	0.739130434782609	singlet	A619	A619_Re2	A619_Re2	-4.65551229983825	-5.01554848826282	1_2
CB:Z:TAGGTGTGTGTCGTCG-1_A619_2	CB:Z:TAGGTGTGTGTCGTCG-1_A619_2	26861	11214	17091	566	0.0206365989718161	15382	4.18701280701895	0.417482595584677	0.636275641264286	0.0210714418673914	0.0563147983529254	0.142873038094275	4.30872441949806	1	0.00496619005463581	0.0340503681410551	1	17091	1	2	singlet	A619	A619_Re2	A619_Re2	-3.49715944797058	0.480178573962521	1_3
CB:Z:GTGTCAAGTCACAGTT-1_A619_2	CB:Z:GTGTCAAGTCACAGTT-1_A619_2	26852	11706	18891	512	0.0187107148077766	14989	4.17577265960154	0.435945180992105	0.703523015045434	0.0190674810070013	0.107055042097147	0.330080541613926	4.29513352339911	1	0.00565138111452388	0.0363243486289494	1	18891	1	1.26086956521739	singlet	A619	A619_Re2	A619_Re2	-3.8850712445404	-0.0968934503828771	1_3
CB:Z:TTGGTCCTCCCGATTC-1_A619_2	CB:Z:TTGGTCCTCCCGATTC-1_A619_2	26798	9390	13053	508	0.018603969823482	15856	4.2001936371412	0.350399283528622	0.487088588700649	0.0189566385551161	-0.128048525080877	-0.272443339297448	4.32466186996351	1	0.00624296298331436	0.0296949494694723	1	13053	1	1.52173913043478	singlet	A619	A619_Re2	A619_Re2	5.51026228397828	4.02494333111889	1_1
CB:Z:ACTACCCCATCACAAC-1_A619_2	CB:Z:ACTACCCCATCACAAC-1_A619_2	26795	11744	18221	609	0.0222230331338491	14992	4.1758595735437	0.438290725881694	0.680014928158238	0.0227281209180817	0.113501242170669	0.264637238608557	4.29523861440136	1	0.00369266714137338	0.039343564398621	1	18221	1	0.695652173913043	singlet	A619	A619_Re2	A619_Re2	-4.55259701282043	-2.93094660914295	1_2
CB:Z:GCACGGTAGGTAGGCT-1_A619_2	CB:Z:GCACGGTAGGTAGGCT-1_A619_2	26745	12016	18724	1344	0.047847911994019	14720	4.16790781000148	0.449280239297065	0.700093475415966	0.0502523836231071	0.143703436339095	0.320533171714486	4.28562383017368	1	0.00506360902279242	0.0367681847711767	1	18724	1	1.65217391304348	singlet	A619	A619_Re2	A619_Re2	-3.52249571353454	0.0697655471528285	1_3
CB:Z:ACAGAAACATGACTGT-1_A619_2	CB:Z:ACAGAAACATGACTGT-1_A619_2	26681	11897	20214	385	0.0142244882878889	14808	4.17049640574485	0.44589782991642	0.757617780443012	0.0144297440125932	0.134407648526646	0.480672979863176	4.28875380120376	1	0.000573403279762587	0.0399687288360307	1	20214	1	1	singlet	A619	A619_Re2	A619_Re2	-4.92490526706237	-4.08913161433094	1_2
CB:Z:TCGATTTAGGTCGGTA-1_A619_2	CB:Z:TCGATTTAGGTCGGTA-1_A619_2	26664	10848	18354	700	0.0255810554012571	14794	4.17008561436589	0.406840684068407	0.688343834383438	0.0262526252625263	0.0270679094517256	0.287823775922912	4.28825709749139	1	0.0110417967875302	0.0409376340700294	1	18354	1	1.21739130434783	singlet	A619	A619_Re2	A619_Re2	-4.67525097400207	-3.41417576945179	1_2
CB:Z:TAAGCCATCTCCCTTT-1_A619_2	CB:Z:TAAGCCATCTCCCTTT-1_A619_2	26641	8665	11819	858	0.0312011345867122	15427	4.18828147952267	0.325250553657896	0.443639503021658	0.0322059982733381	-0.197164125921093	-0.393399659266863	4.31025842039158	1	0.00505717115429241	0.0205493091682874	1	11819	1	1.34782608695652	singlet	A619	A619_Re2	A619_Re2	3.10557869404297	2.01922355019696	1_4
CB:Z:ACTACCCGTAGCCATT-1_A619_2	CB:Z:ACTACCCGTAGCCATT-1_A619_2	26640	11663	19241	857	0.0311670364039713	14996	4.17597543174951	0.4378003003003	0.72225975975976	0.0321696696696697	0.112153418288521	0.382241079711211	4.29537870303	1	0.00595928988318796	0.0444358127026866	1	19241	1	1.56521739130435	singlet	A619	A619_Re2	A619_Re2	-4.62136551410217	-1.27792098200672	1_3
CB:Z:GTGGCGTTCTGGCTAA-1_A619_2	CB:Z:GTGGCGTTCTGGCTAA-1_A619_2	26629	11720	19981	396	0.0146530989824237	14932	4.17411798125427	0.440121671861504	0.750347365653986	0.0148710052949792	0.118533183431761	0.460433138131432	4.29313278794078	1	0.00436551053637095	0.0402430886597338	1	19981	1	0.826086956521739	singlet	A619	A619_Re2	A619_Re2	-4.68913933307189	-4.16610076105945	1_2
CB:Z:GGCATTATCCTAGAGT-1_A619_2	CB:Z:GGCATTATCCTAGAGT-1_A619_2	26597	9227	10669	546	0.0201156836016653	15688	4.19556758065973	0.34691882543144	0.401135466405986	0.0205286310486145	-0.137613777633291	-0.511725091724994	4.31906832651139	1	-0.00189579017522643	0.0213571972284908	1	10669	1	1.60869565217391	singlet	A619	A619_Re2	A619_Re2	5.42969611614686	3.39438317143567	1_1
CB:Z:ATGCATGAGTCCGGAA-1_A619_2	CB:Z:ATGCATGAGTCCGGAA-1_A619_2	26575	11440	19337	723	0.0264854568100227	14873	4.1723985779393	0.430479774223895	0.727638758231421	0.027206020696143	0.0920346066889655	0.397215476757448	4.2910537910257	1	0.00807044196587427	0.0401176744136792	1	19337	1	1.82608695652174	singlet	A619	A619_Re2	A619_Re2	-4.68580385715026	-1.18333460963123	1_3
CB:Z:AACCAACCAAGGGTAC-1_A619_2	CB:Z:AACCAACCAAGGGTAC-1_A619_2	26553	8731	10576	436	0.0161547297046945	15631	4.19398676308569	0.328814069973261	0.398297744134373	0.0164199902082627	-0.187370606625827	-0.519624922934458	4.31715689896491	1	0.00344500723381315	0.0242769365941943	1	10576	1	0.91304347826087	singlet	A619	A619_Re2	A619_Re2	4.9431643816803	3.23441837155468	1_1
CB:Z:GTCTACCTCCTGGAAT-1_A619_2	CB:Z:GTCTACCTCCTGGAAT-1_A619_2	26551	11517	18613	724	0.0265444546287809	14790	4.16996817399689	0.433768972920041	0.701028209860269	0.027268276147791	0.101074225999188	0.32313534473527	4.28811509580818	1	0.00267728178770787	0.0334650452165493	1	18613	1	0.869565217391304	singlet	A619	A619_Re2	A619_Re2	-5.37095352679748	-3.78575589335315	1_2
CB:Z:TAACGGTTCCAACCTC-1_A619_2	CB:Z:TAACGGTTCCAACCTC-1_A619_2	26532	9824	14114	1376	0.0493048588218432	15413	4.18788717840955	0.370269862807176	0.531961405095733	0.0518619026081713	-0.0734387283658905	-0.147523547476903	4.30978165569614	1	0.0069348217394593	0.0318556424634793	1	14114	1	0.739130434782609	singlet	A619	A619_Re2	A619_Re2	6.31331113308411	2.84311268651135	1_1
CB:Z:GTCACCTCAGGATAGC-1_A619_2	CB:Z:GTCACCTCAGGATAGC-1_A619_2	26516	10935	16308	639	0.0235315779782729	15024	4.17678557492204	0.412392517725147	0.615024890632071	0.0240986574143913	0.0423258696319412	0.0837138509009911	4.29635827841048	1	0.00453513295628222	0.0352239967322408	1	16308	1	1.47826086956522	singlet	A619	A619_Re2	A619_Re2	6.46360686748963	3.0931440385545	1_1
CB:Z:ACAAGCTGTAAAGGCC-1_A619_2	CB:Z:ACAAGCTGTAAAGGCC-1_A619_2	26504	10520	15609	1072	0.0388743835219031	15488	4.18999533996432	0.396921219438575	0.588929972834289	0.0404467250226381	-0.0001934974435042	0.0110691639668702	4.31233071520459	1	0.00978221404545555	0.0345165351994148	1	15609	1	0.608695652173913	singlet	A619	A619_Re2	A619_Re2	5.93009713619691	3.91735813939221	1_1
CB:Z:CATTGGAAGAACTCCT-1_A619_2	CB:Z:CATTGGAAGAACTCCT-1_A619_2	26499	12045	20411	576	0.0212742382271468	14683	4.16681479879091	0.454545454545455	0.770255481338918	0.0217366693082758	0.158173690595121	0.515854613017361	4.28430222813003	1	0.00484870261514042	0.0421541006955509	1	20411	1	1.34782608695652	singlet	A619	A619_Re2	A619_Re2	-4.58681627780456	-1.35580780184619	1_3
CB:Z:GAAACAACAGTTGGAG-1_A619_2	CB:Z:GAAACAACAGTTGGAG-1_A619_2	26495	11219	16793	1318	0.0473879121274224	15026	4.17684338450374	0.423438384600868	0.633817701453104	0.0497452349499906	0.0726829385511623	0.136030469381473	4.2964281782071	1	0.00333287861970708	0.0431442667385926	1	16793	1	1.26086956521739	singlet	A619	A619_Re2	A619_Re2	-4.18801495105285	-3.92289092219226	1_2
CB:Z:CAGCTGGGTCATAGAA-1_A619_2	CB:Z:CAGCTGGGTCATAGAA-1_A619_2	26468	11418	15635	863	0.0315758662324833	14904	4.17330284188819	0.431388846909476	0.590713314190721	0.0326054103067855	0.0945329875294426	0.0160337427227251	4.29214717146983	1	0.00263701889103052	0.0267352133003889	1	15635	1	1	singlet	A619	A619_Re2	A619_Re2	6.71942761867982	3.15341160618908	1_1
CB:Z:TAGCCCTTCTATCTCA-1_A619_2	CB:Z:TAGCCCTTCTATCTCA-1_A619_2	26446	10467	12468	1383	0.0496963599123217	15004	4.17620705547869	0.395787642743704	0.471451259169629	0.0522952431369583	-0.0033088768192113	-0.315975528862852	4.29565876822135	1	-0.00106602745777066	0.0216403032153524	1	12468	1	1	singlet	A619	A619_Re2	A619_Re2	6.09306291073304	3.49002800309307	1_1
CB:Z:TCCATCGCAGAGATGC-1_A619_2	CB:Z:TCCATCGCAGAGATGC-1_A619_2	26409	10479	14859	1093	0.0397425641771508	14847	4.17163870853082	0.39679654663183	0.562649096898785	0.0413874058086258	-0.000536132478789465	-0.0620932050232891	4.29013500359383	1	0.0040834155382512	0.0301405463772008	1	14859	1	0.739130434782609	singlet	A619	A619_Re2	A619_Re2	6.22031978100281	3.07741473042614	1_1
CB:Z:TGCTATTGTTAGGAAT-1_A619_2	CB:Z:TGCTATTGTTAGGAAT-1_A619_2	26385	8205	9912	567	0.0210373998219056	15369	4.186645610596	0.310972143263218	0.375667993177942	0.0214894826606026	-0.236405110199194	-0.582623058677455	4.30828042812972	1	0.00380207694951536	0.0233305149011345	1	9912	1	0.869565217391304	singlet	A619	A619_Re2	A619_Re2	3.47196105450135	2.31866080486424	1_4
CB:Z:CAGTGTATCCCAATAG-1_A619_2	CB:Z:CAGTGTATCCCAATAG-1_A619_2	26382	11800	19564	1113	0.0404800872885979	14631	4.16527401031123	0.447274656963081	0.74156621939201	0.0421878553559245	0.138191546523571	0.4359876263246	4.28243920130661	1	0.00144083815542826	0.0458097690055561	1	19564	1	1.82608695652174	singlet	A619	A619_Re2	A619_Re2	-5.07273909122009	-4.66087796366565	1_2
CB:Z:GCACGGTGTTGCTTGA-1_A619_2	CB:Z:GCACGGTGTTGCTTGA-1_A619_2	26371	9059	12689	1050	0.0382918201378506	15541	4.1914789604436	0.343521292328694	0.481172500094801	0.0398164650563119	-0.146951129578214	-0.288912921917973	4.31412461799211	1	0.000766768929921371	0.0309306196665424	1	12689	1	1.52173913043478	singlet	A619	A619_Re2	A619_Re2	5.23486259907227	3.90820715748913	1_1
CB:Z:GCTGTTCGTAGGGTTG-1_A619_2	CB:Z:GCTGTTCGTAGGGTTG-1_A619_2	26343	11167	18490	427	0.0159506910720956	14878	4.17254455437236	0.423907679459439	0.70189424135444	0.0162092396462058	0.0739726894168354	0.325546258126783	4.29123029676543	1	0.00556045533704692	0.0413023037243011	1	18490	1	1.34782608695652	singlet	A619	A619_Re2	A619_Re2	-4.09319159060974	-0.0114248005186803	1_3
CB:Z:TTAGCTTTCAAACCCA-1_A619_2	CB:Z:TTAGCTTTCAAACCCA-1_A619_2	26316	10632	16291	755	0.0278896235824314	14837	4.17134609668718	0.404012767897857	0.619053047575619	0.0286897704818361	0.0192960209206534	0.0949276896397525	4.28978119531921	1	0.00851359340216727	0.0322752608081494	1	16291	1	1.08695652173913	singlet	A619	A619_Re2	A619_Re2	5.57236579388123	2.24586508595593	1_1
CB:Z:ATGTACGAGATCTCAC-1_A619_2	CB:Z:ATGTACGAGATCTCAC-1_A619_2	26312	11298	19091	1150	0.0418760469011725	14802	4.17032039987338	0.429385831559745	0.725562480997264	0.0437062937062937	0.0890281524900403	0.391435404529108	4.28854098571095	1	-2.44039353488465e-05	0.0486679214720855	1	19091	1	0.782608695652174	singlet	A619	A619_Re2	A619_Re2	-3.63195177585143	0.061191299792599	1_3
CB:Z:GATCATGCAGGCACAA-1_A619_2	CB:Z:GATCATGCAGGCACAA-1_A619_2	26303	8295	10222	982	0.035990470954737	15569	4.19226071864204	0.315363266547542	0.38862487168764	0.0373341443941756	-0.224337100175641	-0.546552878641844	4.3150698720048	1	0.00591804692923148	0.0246506902047227	1	10222	1	0.826086956521739	singlet	A619	A619_Re2	A619_Re2	5.06283834904175	3.45187912308819	1_1
CB:Z:GCAAAGGAGACCAATA-1_A619_2	CB:Z:GCAAAGGAGACCAATA-1_A619_2	26301	11786	18618	415	0.0155337625393023	14741	4.16852694619269	0.448119843351964	0.707881829588229	0.0157788677236607	0.140514350314851	0.342214885945607	4.28637245164041	1	0.00530064337036479	0.040352745158178	1	18618	1	1.52173913043478	singlet	A619	A619_Re2	A619_Re2	-3.89494225055236	0.0406186374390833	1_3
CB:Z:GAACTTGAGACTTCCA-1_A619_2	CB:Z:GAACTTGAGACTTCCA-1_A619_2	26242	10973	17780	815	0.0301215951509776	14653	4.1659265496091	0.418146482737596	0.677539821659934	0.0310570840637147	0.0581393421648793	0.257746880183547	4.28322821175892	1	0.00463067422909025	0.0292462094603653	1	17780	1	1.34782608695652	singlet	A619	A619_Re2	A619_Re2	-4.58396908313293	-3.33763959086292	1_2
CB:Z:ACAAAGAAGAACTCCT-1_A619_2	CB:Z:ACAAAGAAGAACTCCT-1_A619_2	26234	8563	10997	723	0.0268204918944986	15177	4.18118593412823	0.32640847754822	0.419188838911336	0.0275596554090112	-0.193981833780759	-0.46146696851804	4.30167892257541	1	0.0033670008037761	0.0271365845942253	1	10997	1	1.43478260869565	singlet	A619	A619_Re2	A619_Re2	5.18747428387147	3.55853460156567	1_1
CB:Z:CTACTTAAGTGAAACT-1_A619_2	CB:Z:CTACTTAAGTGAAACT-1_A619_2	26178	10917	18093	720	0.0267677894267232	14542	4.16262414030785	0.417029566811827	0.691152876461151	0.0275040110016044	0.0550697511479818	0.295643765389885	4.27923514120364	1	0.00564774616587986	0.0343848241540937	1	18093	1	0.565217391304348	singlet	A619	A619_Re2	A619_Re2	-4.91922375232238	-3.35751273310535	1_2
CB:Z:AGGACGATCGCGGCAT-1_A619_2	CB:Z:AGGACGATCGCGGCAT-1_A619_2	26175	12099	20339	893	0.0329909856657307	14552	4.16292268605543	0.462234957020057	0.777039159503343	0.034116523400191	0.179306550442375	0.534739446467894	4.27959612439056	1	0.00508137306026824	0.0409008347919478	1	20339	1	0.521739130434783	singlet	A619	A619_Re2	A619_Re2	-4.84533735782165	-3.52169873392933	1_2
CB:Z:TGAGCCGAGTCGTATC-1_A619_2	CB:Z:TGAGCCGAGTCGTATC-1_A619_2	26167	11008	18615	718	0.0267063418262972	14852	4.17178494055412	0.420682539075935	0.711392211564184	0.0274391409026637	0.0651091199027595	0.351987309895688	4.29031181837759	1	0.0082685149247903	0.0388008291821312	1	18615	1	0.521739130434783	singlet	A619	A619_Re2	A619_Re2	-4.79540678531188	-3.8745005337035	1_2
CB:Z:AGCGTGCAGAACGCCA-1_A619_2	CB:Z:AGCGTGCAGAACGCCA-1_A619_2	26123	9299	12513	683	0.0254793702902335	15059	4.17779613329222	0.355969835011293	0.479003177276729	0.0261455422424683	-0.112739123186019	-0.294952020343156	4.29758018354223	1	0.00353092193664267	0.0266651092235897	1	12513	1	1.26086956521739	singlet	A619	A619_Re2	A619_Re2	3.09466842144471	2.06813722276337	1_4
CB:Z:GGCGTTGCATTGCGAT-1_A619_2	CB:Z:GGCGTTGCATTGCGAT-1_A619_2	26115	11451	17590	1054	0.0387942139938901	14848	4.17166795887479	0.438483630097645	0.673559257131917	0.040359946390963	0.114031395814952	0.246665532229137	4.29017037131375	1	0.00102063528049405	0.0407098632055947	1	17590	1	1.52173913043478	singlet	A619	A619_Re2	A619_Re2	5.91703465908509	2.62548808180935	1_1
CB:Z:ACGTGGCGTGATGTGG-1_A619_2	CB:Z:ACGTGGCGTGATGTGG-1_A619_2	26102	11490	19546	232	0.00880990354674565	14818	4.17078959044639	0.440196153551452	0.748831507164202	0.00888820780016857	0.118737879524915	0.456213195141761	4.28910830214298	1	0.00776944959031357	0.0490359412504633	1	19546	1	0.695652173913043	singlet	A619	A619_Re2	A619_Re2	-4.52641436130065	-2.40176274454944	1_2
CB:Z:CTTGCTGAGTGATTAG-1_A619_2	CB:Z:CTTGCTGAGTGATTAG-1_A619_2	26098	10070	13867	177	0.00673644148430067	14817	4.17076028088121	0.385853322093647	0.53134339796153	0.00678212889876619	-0.0306111121288089	-0.149243994927062	4.28907286281641	1	0.00259991390602894	0.0301978951376522	1	13867	1	1.1304347826087	singlet	A619	A619_Re2	A619_Re2	6.42866281002503	3.29461083733685	1_1
CB:Z:CATTCATTCGGTTGTA-1_A619_2	CB:Z:CATTCATTCGGTTGTA-1_A619_2	26087	11581	19523	853	0.0316629547141797	14520	4.16196661636407	0.443937593437344	0.748380419365968	0.0326982788362019	0.129020381545902	0.454957428324005	4.27844010362357	1	0.0120089042690839	0.039275509674585	1	19523	1	1.52173913043478	singlet	A619	A619_Re2	A619_Re2	-4.56695076495666	-3.94582345164173	1_2
CB:Z:GGTTGCGGTGGATTCT-1_A619_2	CB:Z:GGTTGCGGTGGATTCT-1_A619_2	26027	11747	19670	704	0.0263364632823314	14365	4.15730563032797	0.451338994121489	0.755753640450302	0.0270488339032543	0.149361458728465	0.475483468739929	4.2728043254987	1	0.00372050490322747	0.0431613529043088	1	19670	1	1.30434782608696	singlet	A619	A619_Re2	A619_Re2	-4.27395245105285	-0.272151967648197	1_3
CB:Z:TATCTGTAGATGGGAA-1_A619_2	CB:Z:TATCTGTAGATGGGAA-1_A619_2	26005	10597	14302	1049	0.0387743032453611	13835	4.14097916347697	0.407498557969621	0.549971159392425	0.0403383964622188	0.0288759272002663	-0.0973868514051967	4.25306336424662	1	0.00354073091187771	0.0233535354196517	1	14302	1	1.52173913043478	singlet	A619	A619_Re2	A619_Re2	5.39125469654542	3.83522556149609	1_1
CB:Z:TAGGAGGCAGATTAAG-1_A619_2	CB:Z:TAGGAGGCAGATTAAG-1_A619_2	25921	8400	11268	711	0.0266972063682788	15363	4.18647603055406	0.324061571698623	0.434705451178581	0.0274294973187763	-0.200431774145308	-0.418270839326634	4.30807538235542	1	-0.000122242107110576	0.0248848223079826	1	11268	1	1.08695652173913	singlet	A619	A619_Re2	A619_Re2	5.73522022694092	3.3829047473634	1_1
CB:Z:GGAATCTCAACTTGGT-1_A619_2	CB:Z:GGAATCTCAACTTGGT-1_A619_2	25905	10857	17693	590	0.0222683525193433	14768	4.16932168368184	0.419108280254777	0.682995560702567	0.0227755259602393	0.0607826252900429	0.272934912497639	4.28733339941448	1	0.006418219820013	0.0332232336762149	1	17693	1	1.1304347826087	singlet	A619	A619_Re2	A619_Re2	-4.63160845309753	-3.49909808314197	1_2
CB:Z:ATAGGCTCACCACAGC-1_A619_2	CB:Z:ATAGGCTCACCACAGC-1_A619_2	25896	11069	18374	1124	0.0415988156920799	14570	4.16345955176999	0.427440531356194	0.709530429409947	0.0434043867778808	0.083681934487218	0.346804362672703	4.28024526944842	1	-0.000112795100257001	0.0302884196179664	1	18374	1	1.47826086956522	singlet	A619	A619_Re2	A619_Re2	-4.86044165164489	-4.61424185908191	1_2
CB:Z:AATGGCTAGTTACACC-1_A619_2	CB:Z:AATGGCTAGTTACACC-1_A619_2	25881	10033	14034	1274	0.0469158534339901	14761	4.16911578023571	0.387658900351609	0.542251072215138	0.0492253004134307	-0.025648888318518	-0.118878519646656	4.28708443361014	1	-0.00173539520722116	0.0248539219118639	1	14034	1	1.43478260869565	singlet	A619	A619_Re2	A619_Re2	3.02779427498322	1.92542919689066	1_4
CB:Z:GTGTCAAAGCGGACTA-1_A619_2	CB:Z:GTGTCAAAGCGGACTA-1_A619_2	25874	11152	16657	89	0.00342795516696838	14615	4.16479881969346	0.431011826544021	0.64377367241246	0.00343974646363144	0.0934968322555446	0.163746532680554	4.28186462998886	1	0.00709695345138025	0.0288840345279168	1	16657	1	0.91304347826087	singlet	A619	A619_Re2	A619_Re2	6.62409118145447	3.70816335999615	1_1
CB:Z:GAACTTGGTGCTGAAG-1_A619_2	CB:Z:GAACTTGGTGCTGAAG-1_A619_2	25814	8346	11911	681	0.0257029628231742	15230	4.18269990333604	0.323312930967692	0.461416285736422	0.0263810335476873	-0.202489244013477	-0.343911524258457	4.30350952118202	1	0.00792373405206405	0.0326349446372684	1	11911	1	1.43478260869565	singlet	A619	A619_Re2	A619_Re2	4.64918497532349	2.94069359624035	1_1
CB:Z:TGAATCGCACAAGGGT-1_A619_2	CB:Z:TGAATCGCACAAGGGT-1_A619_2	25765	10759	17030	637	0.0241269600787819	14620	4.16494737262184	0.417581991073161	0.660974189792354	0.0247234620609354	0.0565879643912395	0.211630423706778	4.28204425106854	1	0.00524913344183669	0.0250647042083156	1	17030	1	1.39130434782609	singlet	A619	A619_Re2	A619_Re2	-4.42974564105529	-3.95399691737049	1_2
CB:Z:CAGGATTCAACTCGTA-1_A619_2	CB:Z:CAGGATTCAACTCGTA-1_A619_2	25747	11500	19428	484	0.0184514505737486	14357	4.15706370038262	0.446653979104362	0.754573348351264	0.018798306598827	0.136485753692119	0.472197696748239	4.27251179866357	1	0.00422370764409052	0.039956613699432	1	19428	1	0.652173913043478	singlet	A619	A619_Re2	A619_Re2	-4.10540577441711	0.146835425731014	1_3
CB:Z:TGACTCCGTGCTTGAT-1_A619_2	CB:Z:TGACTCCGTGCTTGAT-1_A619_2	25680	10059	12716	1214	0.0451401799657916	14578	4.16369794589257	0.391705607476636	0.495171339563863	0.0472741433021807	-0.0145274282762697	-0.249942064889351	4.28053352098377	1	0.0052308996574803	0.0246631167105995	1	12716	1	1.60869565217391	singlet	A619	A619_Re2	A619_Re2	5.90541127651673	3.32681880318768	1_1
CB:Z:GGAACTTCAACGTACT-1_A619_2	CB:Z:GGAACTTCAACGTACT-1_A619_2	25669	11361	19383	545	0.0207904173342489	14203	4.1523800870476	0.442596127624761	0.755113171529861	0.0212318360668511	0.125333665909769	0.473700490744865	4.2668486609982	1	0.00643089018244494	0.0364301475545677	1	19383	1	1.60869565217391	singlet	A619	A619_Re2	A619_Re2	-4.99721142322082	-3.86861731684558	1_2
CB:Z:TCGATTTGTAAACGGC-1_A619_2	CB:Z:TCGATTTGTAAACGGC-1_A619_2	25642	10566	15203	528	0.0201757737867788	14905	4.17333198036865	0.412058341783012	0.59289447001014	0.0205912175337337	0.0414074625733852	0.0221057826074294	4.29218240393126	1	0.00853268427782786	0.0360389419921315	1	15203	1	1.95652173913043	singlet	A619	A619_Re2	A619_Re2	3.2514478298996	1.85243041054554	1_4
CB:Z:GCTGAGCCACAAACAA-1_A619_2	CB:Z:GCTGAGCCACAAACAA-1_A619_2	25634	11166	17994	973	0.0365693238621415	14333	4.15633710087081	0.435593352578607	0.701958336584224	0.0379574003276898	0.106088121210223	0.325724690491957	4.27163323914795	1	2.98786157883528e-05	0.0371056074518609	1	17994	1	1	singlet	A619	A619_Re2	A619_Re2	-4.68740603000183	-3.96794821894519	1_2
CB:Z:GCGCCAACAAAGGTCG-1_A619_2	CB:Z:GCGCCAACAAAGGTCG-1_A619_2	25600	10789	16703	333	0.012840782015193	14428	4.15920613364633	0.4214453125	0.6524609375	0.0130078125	0.0672054302842451	0.18793069212066	4.27510229741813	1	0.00274902834839366	0.0322633528334579	1	16703	1	1.21739130434783	singlet	A619	A619_Re2	A619_Re2	-3.43414398700256	0.296137789126705	1_3
CB:Z:GACTAGTGTAAGCCGA-1_A619_2	CB:Z:GACTAGTGTAAGCCGA-1_A619_2	25592	10895	18115	1295	0.0481645404842489	14431	4.15929642668839	0.425718974679587	0.707838386995936	0.050601750547046	0.0789506250057534	0.342093947702339	4.27521147422049	1	0.000770616106040246	0.0362209513411997	1	18115	1	1.17391304347826	singlet	A619	A619_Re2	A619_Re2	-4.90765472919006	-3.27096678889148	1_2
CB:Z:ATATTCCGTATGCTAC-1_A619_2	CB:Z:ATATTCCGTATGCTAC-1_A619_2	25562	10867	17645	1095	0.0410773905540759	14453	4.15995800267852	0.425123229794226	0.690282450512479	0.0428370237070652	0.0773133548171233	0.293220618437265	4.27601141128622	1	0.00565546918777917	0.0402087915069904	1	17645	1	1.39130434782609	singlet	A619	A619_Re2	A619_Re2	-3.72506281405944	0.168339708682369	1_3
CB:Z:ACTTCCGGTCAATCCA-1_A619_2	CB:Z:ACTTCCGGTCAATCCA-1_A619_2	25535	10973	16882	1139	0.0427007572917448	14307	4.15554857715353	0.429723908361073	0.661131779909928	0.0446054435089093	0.0899572801785585	0.212069133069411	4.27067980468529	1	-0.00040275665059669	0.0317811534167899	1	16882	1	1.26086956521739	singlet	A619	A619_Re2	A619_Re2	-4.29347034961242	-3.43815781748645	1_2
CB:Z:AGTTTGGCACCCTTTG-1_A619_2	CB:Z:AGTTTGGCACCCTTTG-1_A619_2	25532	10666	16331	759	0.0288691947814842	14290	4.15503222879097	0.417750274165753	0.639628701237663	0.0297274009086636	0.0570504524419483	0.152207499077246	4.27005546794967	1	-0.00441737688897808	0.026405946827589	1	16331	1	0.956521739130435	singlet	A619	A619_Re2	A619_Re2	-2.94120928317565	-3.26096656000965	1_2
CB:Z:GGTGTCGCAAGGATGC-1_A619_2	CB:Z:GGTGTCGCAAGGATGC-1_A619_2	25518	11354	19856	281	0.0108918950346913	14256	4.1539976866928	0.444940826083549	0.778117407320323	0.0110118347832902	0.131777539759513	0.537741141116212	4.26880456316666	1	-0.00100608819658516	0.0368575502526116	1	19856	1	1.39130434782609	singlet	A619	A619_Re2	A619_Re2	-4.802987542453	-4.40796067393177	1_2
CB:Z:GATGATCTCGCGGCAT-1_A619_2	CB:Z:GATGATCTCGCGGCAT-1_A619_2	25512	11126	18160	818	0.0310672236992024	14385	4.15790986622634	0.436108497961744	0.711821887739103	0.0320633427406711	0.107503881881183	0.353183469678675	4.27353493044623	1	0.00814288367101788	0.0339588810319225	1	18160	1	0.91304347826087	singlet	A619	A619_Re2	A619_Re2	-3.83603045016784	-0.0858673063551672	1_3
CB:Z:TTACGGATCGGGACAA-1_A619_2	CB:Z:TTACGGATCGGGACAA-1_A619_2	25470	9960	15334	452	0.0174369261631047	14323	4.15603399192362	0.391048292108363	0.602041617589321	0.0177463682764036	-0.0163339110232398	0.047570192090501	4.27126673842025	1	0.00472022513617828	0.0280954296934886	1	15334	1	1.43478260869565	singlet	A619	A619_Re2	A619_Re2	-3.16919371158142	0.215169647570919	1_3
CB:Z:ACGTGGCAGCATACCT-1_A619_2	CB:Z:ACGTGGCAGCATACCT-1_A619_2	25405	9869	15426	603	0.0231851737926792	14547	4.16277343883519	0.388466837236764	0.607203306435741	0.0237354851407203	-0.0234284563704429	0.0619396288216414	4.27941566381579	1	0.00719560983903917	0.0297222195310239	1	15426	1	1.52173913043478	singlet	A619	A619_Re2	A619_Re2	6.2373276087616	2.51832602345593	1_2
CB:Z:CACTGAATCAAGGCCC-1_A619_2	CB:Z:CACTGAATCAAGGCCC-1_A619_2	25400	10462	14941	673	0.0258121428297472	14514	4.16178711874552	0.411889763779528	0.588228346456693	0.026496062992126	0.0409441640267318	0.00911593196437135	4.27822306612458	1	0.0019806628405145	0.0257690789261558	1	14941	1	0.130434782608696	singlet	A619	A619_Re2	A619_Re2	6.4942651125763	3.25802967869885	1_1
CB:Z:ATCCCTGGTTTCCGGG-1_A619_2	CB:Z:ATCCCTGGTTTCCGGG-1_A619_2	25398	10457	17238	976	0.0370061424129825	14298	4.1552752927301	0.411725332703362	0.678714859437751	0.0384282226947004	0.0404922623726771	0.261018024862627	4.27034936594046	1	0.00649091198639345	0.035201977099391	1	17238	1	1.52173913043478	singlet	A619	A619_Re2	A619_Re2	-4.25974079638976	-3.23891808665149	1_2
CB:Z:TAAGTGCCACAATAAG-1_A619_2	CB:Z:TAAGTGCCACAATAAG-1_A619_2	25361	8336	9939	1164	0.0438831291234684	14670	4.16643011384328	0.328693663499073	0.391900950277986	0.0458972437995347	-0.187701516610201	-0.537432723314608	4.28383709071146	1	0.00540976793615761	0.0132236506791659	1	9939	1	1.73913043478261	singlet	A619	A619_Re2	A619_Re2	3.22276082962494	1.97089485251553	1_4
CB:Z:TGGCGCAAGTACCACT-1_A619_2	CB:Z:TGGCGCAAGTACCACT-1_A619_2	25335	7742	9535	749	0.0287149210243828	14787	4.16988007287439	0.305585158871127	0.376356818630353	0.0295638444839155	-0.25121001942881	-0.580705462702237	4.28800856934036	1	0.00635395160891309	0.0199650260320031	1	9535	1	0.956521739130435	singlet	A619	A619_Re2	A619_Re2	5.00801804989319	3.67839715802319	1_1
CB:Z:TAAACCGTCGGTTAGT-1_A619_2	CB:Z:TAAACCGTCGGTTAGT-1_A619_2	25262	10808	18200	951	0.0362797085415633	14108	4.14946545099545	0.427836275829309	0.720449687277333	0.0376454754176233	0.0847695487396722	0.377202085151699	4.263324462046	1	0.00447885997520739	0.0413765794403782	1	18200	1	1	singlet	A619	A619_Re2	A619_Re2	-4.20335480243225	-0.265060683849979	1_3
CB:Z:GTAATCGGTCAACTAC-1_A619_2	CB:Z:GTAATCGGTCAACTAC-1_A619_2	25257	9564	13170	591	0.0228644382544104	14563	4.16325084951263	0.378667300154413	0.52143960090272	0.0233994536168191	-0.0503602695031263	-0.176814813213274	4.27999291949339	1	0.00678757369964773	0.0177734072362409	1	13170	1	1.04347826086957	singlet	A619	A619_Re2	A619_Re2	3.08127227753144	2.12046659910328	1_4
CB:Z:GGCGAAATCTACTTTG-1_A619_2	CB:Z:GGCGAAATCTACTTTG-1_A619_2	25253	11554	19328	361	0.0140938549230889	14037	4.14727429991184	0.457529798439789	0.765374410961074	0.0142953312477725	0.16637548537486	0.502266379774026	4.26067505669493	1	-0.00149047848302257	0.0388398201726369	1	19328	1	1.39130434782609	singlet	A619	A619_Re2	A619_Re2	-4.65387198001403	-1.69644739306324	1_3
CB:Z:AGCCCGAAGAACGCCA-1_A619_2	CB:Z:AGCCCGAAGAACGCCA-1_A619_2	25227	8073	10759	715	0.0275614833089199	14876	4.17248616968693	0.320014270424545	0.426487493558489	0.0283426487493558	-0.211554867071956	-0.441148510878456	4.2911597015887	1	0.00869117754558338	0.0240087890956697	1	10759	1	1.04347826086957	singlet	A619	A619_Re2	A619_Re2	5.23741677731019	3.68122575604565	1_1
CB:Z:TAAACCGTCAAGGCCC-1_A619_2	CB:Z:TAAACCGTCAAGGCCC-1_A619_2	25222	10852	18041	1034	0.0393814747105424	14195	4.15213539686188	0.430259297438744	0.715288240425026	0.0409959559115058	0.091428676069195	0.362833322099115	4.26655279664988	1	0.00688338436160394	0.0334394841740129	1	18041	1	0.782608695652174	singlet	A619	A619_Re2	A619_Re2	-4.70945498019714	-2.29620816386097	1_2
CB:Z:TCTATTGAGATTCCGT-1_A619_2	CB:Z:TCTATTGAGATTCCGT-1_A619_2	25184	11004	18126	686	0.0265172013915733	13869	4.14204514815774	0.436944091486658	0.719742693773825	0.0272395171537484	0.109800321853681	0.375233911803737	4.25435228746991	1	0.000988102757670248	0.0303653058030405	1	18126	1	1.47826086956522	singlet	A619	A619_Re2	A619_Re2	-4.34866901904601	-4.58902194178455	1_2
CB:Z:GATGATCTCTTGGCCT-1_A619_2	CB:Z:GATGATCTCTTGGCCT-1_A619_2	25165	10682	16676	565	0.0219588029537505	14097	4.14912669974261	0.424478442280946	0.66266640174846	0.0224518180011921	0.0755413020485065	0.216341310659177	4.26291486483079	1	0.0142057710516079	0.0309102726474677	1	16676	1	0.826086956521739	singlet	A619	A619_Re2	A619_Re2	-2.95131632358093	-3.2558458057677	1_2
CB:Z:GCAGATTCACCCTTAC-1_A619_2	CB:Z:GCAGATTCACCCTTAC-1_A619_2	25162	10973	17968	923	0.0353843204907035	14321	4.1559733447399	0.436094110166124	0.714092679437247	0.0366822987043955	0.107464340276333	0.359505043606693	4.2711934075695	1	0.00202230475691712	0.0322997809878536	1	17968	1	0.782608695652174	singlet	A619	A619_Re2	A619_Re2	-4.12842175036926	-0.0270518270766027	1_3
CB:Z:TAGCATGGTAACAATG-1_A619_2	CB:Z:TAGCATGGTAACAATG-1_A619_2	25155	8325	9887	989	0.0378289473684211	14835	4.17128755065286	0.330948121645796	0.393043132578016	0.0393162393162393	-0.181505647865305	-0.534253043798068	4.28971040504931	1	0.0129364062907345	0.0138032370637476	1	9887	1	1.39130434782609	singlet	A619	A619_Re2	A619_Re2	5.40453270405274	3.52446041428692	1_1
CB:Z:GGAGGATAGAGCCACA-1_A619_2	CB:Z:GGAGGATAGAGCCACA-1_A619_2	25150	10964	18096	380	0.0148844496670584	14171	4.15140049803562	0.435944333996024	0.719522862823062	0.0151093439363817	0.107052714319825	0.374621932462765	4.26566420211282	1	0.00553630432818441	0.0277406799571779	1	18096	1	0.608695652173913	singlet	A619	A619_Re2	A619_Re2	-4.55864473849792	-4.91882350123279	1_2
CB:Z:CACGTTCAGTAACTCC-1_A619_2	CB:Z:CACGTTCAGTAACTCC-1_A619_2	25126	10554	17384	1115	0.0424907587363286	14224	4.15302174362614	0.420042983363846	0.691872960280188	0.0443763432301202	0.0633514455574127	0.297648380388317	4.2676245127345	1	0.0085563343037303	0.0376357680636249	1	17384	1	0.869565217391304	singlet	A619	A619_Re2	A619_Re2	-3.81480833560485	0.140667656298947	1_3
CB:Z:TAACTTCTCCCAATGA-1_A619_2	CB:Z:TAACTTCTCCCAATGA-1_A619_2	25122	10604	16996	676	0.0262035816729979	14056	4.14786174848724	0.422100151261842	0.676538492158268	0.0269086856142027	0.0690051066381142	0.254959315619052	4.26138536344227	1	0.00454194711884968	0.0361909138219664	1	16996	1	1.47826086956522	singlet	A619	A619_Re2	A619_Re2	-4.6762990620758	-4.70489480173938	1_2
CB:Z:CTGCTCAGTTAGGAAT-1_A619_2	CB:Z:CTGCTCAGTTAGGAAT-1_A619_2	25062	10459	15895	1117	0.0426677871576454	13951	4.14460533871474	0.417325033915889	0.634227116750459	0.0445694677200543	0.0558817757126707	0.137170225648684	4.25744791269274	1	0.00282195115542203	0.0270300209889894	1	15895	1	0.782608695652174	singlet	A619	A619_Re2	A619_Re2	7.08515981167298	2.8517141135896	1_1
CB:Z:TAATTCCAGCAGAAAG-1_A619_2	CB:Z:TAATTCCAGCAGAAAG-1_A619_2	25049	10639	18209	482	0.0188790098311856	13912	4.14338956899466	0.424727534033295	0.726935206994291	0.0192422851211625	0.0762258744390978	0.395256886208919	4.25597787859689	1	0.00480048128337775	0.0345573158780329	1	18209	1	1.82608695652174	singlet	A619	A619_Re2	A619_Re2	-4.67043062716979	-3.60367037928455	1_2
CB:Z:TCGTTCGCATATACGC-1_A619_2	CB:Z:TCGTTCGCATATACGC-1_A619_2	24977	11287	18596	574	0.0224648741732222	14061	4.14801620823987	0.451895744084558	0.744524962965929	0.0229811426512391	0.1508915601854	0.4442243643098	4.26157212669115	1	0.00130198004864018	0.0372109554989253	1	18596	1	1.56521739130435	singlet	A619	A619_Re2	A619_Re2	-4.80848881274719	-4.42153670466297	1_2
CB:Z:CATTCATGTTTCGATG-1_A619_2	CB:Z:CATTCATGTTTCGATG-1_A619_2	24868	10775	18278	1264	0.0483698147864687	14037	4.14727429991184	0.433287759369471	0.735000804246421	0.0508283738137365	0.0997517193019889	0.417710407306712	4.26067505669493	1	0.000273989507201289	0.0307531133845182	1	18278	1	1.08695652173913	singlet	A619	A619_Re2	A619_Re2	-5.07983490497131	-4.51879765665882	1_2
CB:Z:CTGTATTGTCCCGTGA-1_A619_2	CB:Z:CTGTATTGTCCCGTGA-1_A619_2	24865	9312	13251	728	0.0284452780057047	14062	4.14804709359934	0.374502312487432	0.532917755881761	0.029278101749447	-0.0618067968854309	-0.14486119751326	4.26160947137141	1	0.00603983433031198	0.0194291154421836	1	13251	1	1.21739130434783	singlet	A619	A619_Re2	A619_Re2	6.03049806087952	3.3252568038667	1_1
CB:Z:GCTTTCGGTCGTAATC-1_A619_2	CB:Z:GCTTTCGGTCGTAATC-1_A619_2	24831	10197	13619	1081	0.0417181228774313	14439	4.15953711639702	0.410656034795216	0.548467641254883	0.0435342918126535	0.0375535387163075	-0.101572440539751	4.27550250143755	1	-0.00109199668716925	0.0195217042083213	1	13619	1	1.21739130434783	singlet	A619	A619_Re2	A619_Re2	5.9509826037262	3.63994191014416	1_1
CB:Z:TCAAGACTCACTAGGT-1_A619_2	CB:Z:TCAAGACTCACTAGGT-1_A619_2	24723	11115	18666	994	0.0386514756775674	13487	4.12991535750442	0.449581361485257	0.755005460502366	0.0402054766816325	0.144531002624557	0.473400637956197	4.23968568939524	1	0.00384030692846005	0.0369811087370549	1	18666	1	0.91304347826087	singlet	A619	A619_Re2	A619_Re2	-5.06779953509826	-3.74995257532947	1_2
CB:Z:GAGACTTAGGCAGTGT-1_A619_2	CB:Z:GAGACTTAGGCAGTGT-1_A619_2	24709	11096	17810	1269	0.0488490260990069	13919	4.1436080348376	0.449067141527379	0.720789995548181	0.0513578048484358	0.14311778527579	0.378149456896204	4.25624203408012	1	0.00287231822329207	0.0418282339262763	1	17810	1	1.21739130434783	singlet	A619	A619_Re2	A619_Re2	-3.2491225865509	-2.98482777750843	1_2
CB:Z:GTAGTACGTATTCTGG-1_A619_2	CB:Z:GTAGTACGTATTCTGG-1_A619_2	24696	10618	17527	652	0.0257219504497396	13892	4.14276477463872	0.429948169744088	0.709710074505993	0.0264010366051182	0.0905736119103008	0.347304470082989	4.2552224156248	1	0.00639844599886132	0.0275585465962434	1	17527	1	1.04347826086957	singlet	A619	A619_Re2	A619_Re2	-4.0078854230072	-0.208314677838016	1_3
CB:Z:TTCGGTCCATTCACCC-1_A619_2	CB:Z:TTCGGTCCATTCACCC-1_A619_2	24695	11309	18600	786	0.0308465130881834	13605	4.13369854611578	0.457946952824458	0.753188904636566	0.0318283053249646	0.167521939930925	0.468343594542916	4.24426008877188	1	0.00628223814610404	0.0378413904066898	1	18600	1	0.782608695652174	singlet	A619	A619_Re2	A619_Re2	-4.11041828662414	-0.0956242290770299	1_3
CB:Z:TTACCGCAGCTGAATA-1_A619_2	CB:Z:TTACCGCAGCTGAATA-1_A619_2	24678	8491	11566	1069	0.0415194003184837	14480	4.16076856186113	0.344071642758732	0.468676554015723	0.0433179350028365	-0.145438615791622	-0.323699929023911	4.27699148968055	1	-0.00472725822151846	0.0238506421169242	1	11566	1	1.39130434782609	singlet	A619	A619_Re2	A619_Re2	5.07351926296692	3.13952241265423	1_1
CB:Z:TTCAACTGTATTTGCG-1_A619_2	CB:Z:TTCAACTGTATTTGCG-1_A619_2	24575	11230	18965	273	0.010986799742434	13580	4.13289976994448	0.456968463886063	0.771719226856562	0.0111088504577823	0.164832784206546	0.519929480610523	4.24329425767135	1	0.0066846020419605	0.0417691089681739	1	18965	1	1.82608695652174	singlet	A619	A619_Re2	A619_Re2	-4.11002346545715	-0.228000899914432	1_3
CB:Z:TACCTCGAGTTCCCGG-1_A619_2	CB:Z:TACCTCGAGTTCCCGG-1_A619_2	24553	10904	17897	237	0.00956030657523195	13697	4.13662545576093	0.444100517248401	0.728912963792612	0.00965258827841812	0.129468140822425	0.400762691000458	4.24779912819913	1	0.00808816791819882	0.039139959307085	1	17897	1	0.565217391304348	singlet	A619	A619_Re2	A619_Re2	-3.81072756320495	-0.58601238406055	1_3
CB:Z:TTGTTGTTCTGGCTAA-1_A619_2	CB:Z:TTGTTGTTCTGGCTAA-1_A619_2	24547	11318	19590	1102	0.0429646379975828	13375	4.12629379069327	0.46107467307614	0.798060862834562	0.0448934696704282	0.176117772228073	0.593260997259987	4.23530671317562	1	0.00151684123463099	0.041101487864819	1	19590	1	0.695652173913043	singlet	A619	A619_Re2	A619_Re2	-4.79790064364929	-1.77576090968006	1_3
CB:Z:CACAACAAGAGGAACA-1_A619_2	CB:Z:CACAACAAGAGGAACA-1_A619_2	24545	11076	18082	535	0.0213317384370016	13941	4.14429392719853	0.451252800977796	0.736687716439193	0.0217966999388878	0.149124576351291	0.422406540441867	4.25707137300837	1	0.00690910677688663	0.0377828051079121	1	18082	1	1.04347826086957	singlet	A619	A619_Re2	A619_Re2	-4.26734205752868	-1.46759631312244	1_3
CB:Z:TCAAGACTCAAATGGA-1_A619_2	CB:Z:TCAAGACTCAAATGGA-1_A619_2	24502	10618	17663	984	0.038609432629679	13615	4.13401764567598	0.4333523793976	0.720879928169129	0.0401599869398416	0.0999293128462129	0.378399817029337	4.244645924367	1	0.0104077408431034	0.0337292665851519	1	17663	1	1.91304347826087	singlet	A619	A619_Re2	A619_Re2	-4.39959093600768	-2.37116410410755	1_2
CB:Z:GAGGATGTCCTTTGCG-1_A619_2	CB:Z:GAGGATGTCCTTTGCG-1_A619_2	24454	11156	18983	944	0.0371682809670053	13503	4.13043026765814	0.456203484092582	0.776273820233909	0.0386030915187699	0.162730410117324	0.532608846476842	4.24030828713703	1	0.000414691042716739	0.035126566120525	1	18983	1	0.869565217391304	singlet	A619	A619_Re2	A619_Re2	-4.7443504002716	-4.29156090891712	1_2
CB:Z:GCTTAAGTCAACACGT-1_A619_2	CB:Z:GCTTAAGTCAACACGT-1_A619_2	24429	10524	16305	1063	0.0416993566609132	13793	4.13965873620818	0.430799459658603	0.66744443079946	0.04351385648205	0.0929131898624807	0.229642690922636	4.25146678466898	1	0.00155882223670344	0.0373687451824387	1	16305	1	1.60869565217391	singlet	A619	A619_Re2	A619_Re2	-3.60341354877014	-3.22039057886951	1_2
CB:Z:TGACTCCTCTCGACAA-1_A619_2	CB:Z:TGACTCCTCTCGACAA-1_A619_2	24369	10600	16908	971	0.038318863456985	13621	4.13420899293208	0.434978866592802	0.693832327957651	0.0398457056095859	0.104399345342215	0.303102992379095	4.24487728972013	1	0.000147616624832256	0.0352493022960638	1	16908	1	1.56521739130435	singlet	A619	A619_Re2	A619_Re2	-4.13439318210143	-4.69546105540149	1_2
CB:Z:GGAGTAGTCCCACTTG-1_A619_2	CB:Z:GGAGTAGTCCCACTTG-1_A619_2	24314	10411	17221	672	0.0268950612342912	13541	4.13165073808954	0.428189520440898	0.708275067862137	0.0276383976309945	0.0857403617270109	0.343309607589107	4.24178400504437	1	0.00441994643973172	0.0339075256117325	1	17221	1	0.782608695652174	singlet	A619	A619_Re2	A619_Re2	-4.80025431186218	-1.81024148142688	1_3
CB:Z:TGCTTCGTCCAGAATC-1_A619_2	CB:Z:TGCTTCGTCCAGAATC-1_A619_2	24306	9141	13286	1040	0.0410321155211868	14195	4.15213539686188	0.37607998025179	0.546614004772484	0.0427877890232864	-0.0574709335626975	-0.106732711324929	4.26655279664988	1	0.00204055588955354	0.0215388515568663	1	13286	1	1.43478260869565	singlet	A619	A619_Re2	A619_Re2	3.24959758251649	2.2904456051553	1_4
CB:Z:ATCGAGTCATATAGAG-1_A619_2	CB:Z:ATCGAGTCATATAGAG-1_A619_2	24299	10108	13996	674	0.0269891482801426	13626	4.13436838460338	0.41598419688053	0.575990781513643	0.0277377669862957	0.0521967881286459	-0.0249517773502532	4.24507001634223	1	0.00342022582907885	0.0270982825914677	1	13996	1	1.95652173913043	singlet	A619	A619_Re2	A619_Re2	6.63706496685486	3.45409307801373	1_1
CB:Z:GCTCCTAGTGAATACA-1_A619_2	CB:Z:GCTCCTAGTGAATACA-1_A619_2	24246	11159	19103	474	0.0191747572815534	13462	4.12910958622073	0.46024086447249	0.787882537325744	0.0195496164315763	0.17382623770831	0.564925929265847	4.23871140023429	1	0.00234951519224425	0.0414521786077718	1	19103	1	1.1304347826087	singlet	A619	A619_Re2	A619_Re2	-5.02290483981628	-3.20912053263538	1_2
CB:Z:CGTAAACAGGTCTTTG-1_A619_2	CB:Z:CGTAAACAGGTCTTTG-1_A619_2	24231	8462	10042	554	0.0223522291708695	13897	4.14292105751561	0.349222070900912	0.414427799100326	0.0228632743180224	-0.13128382795697	-0.474721053057871	4.25541138328359	1	-0.000825294286631988	0.0134965600630055	1	10042	1	1.1304347826087	singlet	A619	A619_Re2	A619_Re2	5.8749590250824	3.3866215738023	1_1
CB:Z:GGGACCTAGGACCGAT-1_A619_2	CB:Z:GGGACCTAGGACCGAT-1_A619_2	24212	10248	16272	1029	0.0407670060615665	13603	4.13363469805893	0.42326119279696	0.672063439616719	0.042499586981662	0.0721959669206263	0.242501380575388	4.24418288762189	1	-0.000610609253212471	0.0272566061553551	1	16272	1	0.565217391304348	singlet	A619	A619_Re2	A619_Re2	-4.56225677997131	-4.52768637812488	1_2
CB:Z:CACAACAAGAGGCAGG-1_A619_2	CB:Z:CACAACAAGAGGCAGG-1_A619_2	24176	11067	19391	671	0.0270052722662696	13392	4.12684544064919	0.457768034414295	0.802076439444077	0.0277547981469226	0.167030223113281	0.604439814067103	4.23597373443037	1	0.00481470811030218	0.0443491501177422	1	19391	1	1	singlet	A619	A619_Re2	A619_Re2	-4.97157093554992	-3.02814795649402	1_2
CB:Z:AACTGTGTCCACGCTT-1_A619_2	CB:Z:AACTGTGTCCACGCTT-1_A619_2	24161	10156	15587	1178	0.0464896010103003	13533	4.13139408181737	0.420346839948678	0.645130582343446	0.0487562600885725	0.0641865267141086	0.167523984592766	4.24147367203906	1	0.00537102422093728	0.0250454544764452	1	15587	1	1.39130434782609	singlet	A619	A619_Re2	A619_Re2	-3.43734308749694	-0.0497619119917638	1_3
CB:Z:GCGGGTTCAAGTCTCA-1_A619_2	CB:Z:GCGGGTTCAAGTCTCA-1_A619_2	24156	8325	11767	1111	0.043970396168916	13923	4.14373282313869	0.344634873323398	0.48712535187945	0.0459927140255009	-0.14389070386571	-0.272340995629023	4.25639292043165	1	0.000608704159626158	0.0275023311867602	1	11767	1	1.73913043478261	singlet	A619	A619_Re2	A619_Re2	-3.23221537143249	0.289809444781613	1_3
CB:Z:TCCAGAATCGCATAAC-1_A619_2	CB:Z:TCCAGAATCGCATAAC-1_A619_2	24140	9373	13164	674	0.0271620859192391	13682	4.13614958608853	0.38827671913836	0.545318972659486	0.027920463960232	-0.0239509530002685	-0.110337903843541	4.24722373581022	1	0.00760063687925249	0.0243960772357436	1	13164	1	0.521739130434783	singlet	A619	A619_Re2	A619_Re2	5.74299839466553	3.58898411118634	1_1
CB:Z:ATATTCCTCTGATCTT-1_A619_2	CB:Z:ATATTCCTCTGATCTT-1_A619_2	24133	9524	12437	980	0.0390236132680285	13850	4.14144977340047	0.394646334894128	0.515352421994779	0.0406082956946919	-0.00644550352650704	-0.19376068786619	4.25363239687012	1	-0.00136032347452651	0.0175582648560589	1	12437	1	1.52173913043478	singlet	A619	A619_Re2	A619_Re2	5.99753383129578	3.9679546149934	1_1
CB:Z:GAGCATTAGCACGTAG-1_A619_2	CB:Z:GAGCATTAGCACGTAG-1_A619_2	24100	9529	13753	530	0.0215184734064149	13730	4.13767053723676	0.395394190871369	0.570663900414938	0.0219917012448133	-0.00439019037651291	-0.0397810867487134	4.24906277655047	1	-0.00543706962996473	0.0219451470261931	1	13753	1	0.956521739130435	singlet	A619	A619_Re2	A619_Re2	3.72933772533875	2.39325974309094	1_4
CB:Z:CGCTGGACATCGGCCA-1_A619_2	CB:Z:CGCTGGACATCGGCCA-1_A619_2	24083	10108	16375	747	0.0300845751107531	13466	4.12923861013193	0.419715151766806	0.679940206784869	0.031017730349209	0.0624504744976303	0.264429224511031	4.2388674080255	1	0.000388488723245981	0.0296789302134624	1	16375	1	1.30434782608696	singlet	A619	A619_Re2	A619_Re2	-4.78560587436218	-3.55676200068348	1_2
CB:Z:AAACGAACAGCGTAGA-1_A619_2	CB:Z:AAACGAACAGCGTAGA-1_A619_2	24080	10761	18414	516	0.020979020979021	13553	4.1320354383275	0.446885382059801	0.764700996677741	0.0214285714285714	0.137121712421788	0.500391686388563	4.24224916095106	1	0.00922363884848613	0.0343710444885157	1	18414	1	0.434782608695652	singlet	A619	A619_Re2	A619_Re2	-4.50913616687316	-2.00186063921802	1_3
CB:Z:TACTGCCGTACGTAAA-1_A619_2	CB:Z:TACTGCCGTACGTAAA-1_A619_2	24063	9351	12917	547	0.0222267370987403	13939	4.14423161809055	0.388604912105722	0.536799235340564	0.0227319951793209	-0.0230489887958169	-0.134055688857857	4.25699603266084	1	0.004405235175967	0.0223950208368226	1	12917	1	1.17391304347826	singlet	A619	A619_Re2	A619_Re2	5.53486922710877	3.6694232019151	1_1
CB:Z:GGAACCCCATCAACTG-1_A619_2	CB:Z:GGAACCCCATCAACTG-1_A619_2	24057	10819	18422	1066	0.042431238307527	13471	4.1293998361359	0.449723573180363	0.765764642307852	0.0443114270274764	0.144921839330996	0.503352730543102	4.23906235261003	1	0.00453508248560912	0.0373145583196341	1	18422	1	0.782608695652174	singlet	A619	A619_Re2	A619_Re2	-5.15296980411071	-4.10545708811634	1_2
CB:Z:ACAGGCCCAGACCTGC-1_A619_2	CB:Z:ACAGGCCCAGACCTGC-1_A619_2	24055	10974	18806	130	0.00537523258217904	13355	4.12564389235739	0.456204531282478	0.781791727291623	0.00540428185408439	0.162733288082104	0.547969946053609	4.2345208960124	1	0.00142310812086945	0.03484373853383	1	18806	1	1.43478260869565	singlet	A619	A619_Re2	A619_Re2	-4.44252010852355	-2.27807929194324	1_2
CB:Z:GTGGATTCAAGGTTCT-1_A619_2	CB:Z:GTGGATTCAAGGTTCT-1_A619_2	24044	7192	9627	1090	0.0433675499323625	13954	4.14469871864312	0.299118283147563	0.400390949925137	0.0453335551488937	-0.268982765944865	-0.513797723916736	4.2575608219685	1	0.00301502901951536	0.0163383547896542	1	9627	1	1.17391304347826	singlet	A619	A619_Re2	A619_Re2	3.33761886089783	1.98270797156937	1_4
CB:Z:TGTTAGGAGTCCCGCA-1_A619_2	CB:Z:TGTTAGGAGTCCCGCA-1_A619_2	24039	9725	12062	356	0.0145931543349047	13926	4.14382639083956	0.404550938058987	0.501767960397687	0.0148092682723907	0.0207750599906987	-0.231577973497693	4.25650605675038	1	-0.00211445322476932	0.0221087719137941	1	12062	1	0.956521739130435	singlet	A619	A619_Re2	A619_Re2	5.69455793827515	3.7418781312669	1_1
CB:Z:CAGGATTCAATTGCCA-1_A619_2	CB:Z:CAGGATTCAATTGCCA-1_A619_2	24005	9895	12022	575	0.023393002441009	13709	4.1370057764291	0.412205790460321	0.500812330764424	0.0239533430535305	0.0418126919419321	-0.234238315870539	4.24825898859895	1	0.00434212494964952	0.0195165942347102	1	12022	1	1.65217391304348	singlet	A619	A619_Re2	A619_Re2	5.59377053707581	3.73996768319256	1_1
CB:Z:GGGTCTGTCGTTCAGA-1_A619_2	CB:Z:GGGTCTGTCGTTCAGA-1_A619_2	23978	10962	18223	379	0.0155602085642731	13314	4.12430855261565	0.457169071649012	0.759988322629077	0.0158061556426724	0.165384109308875	0.487272245524991	4.23290628518811	1	0.00397609553134215	0.0366323042351582	1	18223	1	1.08695652173913	singlet	A619	A619_Re2	A619_Re2	-4.38021322757263	-1.48241617358081	1_3
CB:Z:CCCAGAGCAGAGTCGA-1_A619_2	CB:Z:CCCAGAGCAGAGTCGA-1_A619_2	23975	10466	15935	399	0.0163699023549684	13451	4.12875457269069	0.436538060479666	0.664650677789364	0.0166423357664234	0.108684437387457	0.221865264131626	4.23828213967202	1	0.00458982984729843	0.0285454248150534	1	15935	1	0.91304347826087	singlet	A619	A619_Re2	A619_Re2	-4.77161785632629	-4.33410288966053	1_2
CB:Z:AGTCAACGTTTCTACT-1_A619_2	CB:Z:AGTCAACGTTTCTACT-1_A619_2	23939	10047	14467	1112	0.0443894455311165	13666	4.13564141638667	0.419691716445967	0.604327666151468	0.0464513973014746	0.062386067814309	0.0539342390440239	4.24660928820894	1	0.00557501659691003	0.0240846242830455	1	14467	1	0.608695652173913	singlet	A619	A619_Re2	A619_Re2	5.27438715427857	3.85920808636792	1_1
CB:Z:TTGCGAAGTTAGAGAT-1_A619_2	CB:Z:TTGCGAAGTTAGAGAT-1_A619_2	23876	9046	12068	817	0.0330862997610659	13861	4.14179456352366	0.378874183280281	0.505444798123639	0.0342184620539454	-0.0497916979839432	-0.221342159475239	4.25404929591656	1	0.00658488326602107	0.0219616462497212	1	12068	1	0.695652173913043	singlet	A619	A619_Re2	A619_Re2	5.34003833263856	3.56017432534344	1_1
CB:Z:GTCACTCCATGGCCCA-1_A619_2	CB:Z:GTCACTCCATGGCCCA-1_A619_2	23869	9042	12414	500	0.0205178710656982	13824	4.14063372513482	0.378817713352047	0.520088818132305	0.0209476727135615	-0.0499468928203988	-0.180575207947344	4.25264568141361	1	0.00809668679246894	0.0210614958086871	1	12414	1	1.04347826086957	singlet	A619	A619_Re2	A619_Re2	6.97715953320008	2.46778539740689	1_1
CB:Z:TCGGGACTCAATTGGC-1_A619_2	CB:Z:TCGGGACTCAATTGGC-1_A619_2	23852	9547	14109	1114	0.0446206841304174	13574	4.13270784485545	0.400259936273688	0.591522723461345	0.0467046788529264	0.0089822112813626	0.0182870275777194	4.24306219363811	1	0.000320678954746882	0.0195434142998024	1	14109	1	0.782608695652174	singlet	A619	A619_Re2	A619_Re2	5.87472346752625	2.7564741166795	1_1
CB:Z:ACATGCATCCGGCTGA-1_A619_2	CB:Z:ACATGCATCCGGCTGA-1_A619_2	23843	10122	14595	786	0.0319135977912217	13499	4.13030159734184	0.424527114876484	0.612129346139328	0.0329656502956843	0.0756750676781166	0.0756530505256391	4.24015270689107	1	0.00109701887036671	0.0300929997639049	1	14595	1	1.60869565217391	singlet	A619	A619_Re2	A619_Re2	5.96588138073426	3.48464570366986	1_1
CB:Z:CAAAGCTAGTCCCTCT-1_A619_2	CB:Z:CAAAGCTAGTCCCTCT-1_A619_2	23726	9229	12715	1114	0.0448470209339775	13498	4.13026942380537	0.388982550788165	0.535909972182416	0.0469527101070556	-0.0220111342174073	-0.136531276028752	4.24011380462626	1	0.00853504710841821	0.0242947169533741	1	12715	1	1.34782608695652	singlet	A619	A619_Re2	A619_Re2	3.37103978126984	2.18386987769253	1_4
CB:Z:GGCATTAGTGCAACAG-1_A619_2	CB:Z:GGCATTAGTGCAACAG-1_A619_2	23724	10322	16607	706	0.0288988948014736	13326	4.12469980893212	0.435086831900185	0.700008430281571	0.0297588939470578	0.10469606359113	0.320296417676354	4.23337936830239	1	0.00363268559992594	0.0331698736003483	1	16607	1	0.608695652173913	singlet	A619	A619_Re2	A619_Re2	-4.44950052768249	-1.27674748576038	1_3
CB:Z:AAGATAGAGGATGTAT-1_A619_2	CB:Z:AAGATAGAGGATGTAT-1_A619_2	23694	10287	15660	288	0.0120090067550663	13215	4.12106716746773	0.434160546973917	0.660926816915675	0.0121549759432768	0.102150378796815	0.211498544088601	4.22898700129208	1	0.00582108583236603	0.0332385994247944	1	15660	1	1.21739130434783	singlet	A619	A619_Re2	A619_Re2	-3.52471920520324	0.0603129657471888	1_3
CB:Z:TTCAACTAGAGCGAAA-1_A619_2	CB:Z:TTCAACTAGAGCGAAA-1_A619_2	23677	7863	9734	489	0.0202350409666474	13859	4.14173189476714	0.332094437639904	0.4111162731765	0.020652954343878	-0.178355257404524	-0.483939888919886	4.25397352070412	1	-0.00871007494367108	0.00996077079856177	1	9734	1	1.17391304347826	singlet	A619	A619_Re2	A619_Re2	5.57669213741761	3.6871975454057	1_1
CB:Z:AAACTGCAGTCTGGGA-1_A619_2	CB:Z:AAACTGCAGTCTGGGA-1_A619_2	23631	10688	17603	807	0.0330223422538669	13145	4.11876059044238	0.452287249798993	0.744911345266811	0.0341500571283484	0.151967525167514	0.445299999860828	4.22619802997955	1	0.00358353126069194	0.0331420800810401	1	17603	1	1.34782608695652	singlet	A619	A619_Re2	A619_Re2	-4.95303484469909	-2.74380566752308	1_2
CB:Z:CTTAATCTCGGCATAT-1_A619_2	CB:Z:CTTAATCTCGGCATAT-1_A619_2	23624	10675	18535	453	0.0188146363749637	13068	4.1162091258034	0.451870978665764	0.78458347443278	0.0191754148323739	0.150823498028431	0.555741788779467	4.22311295560101	1	0.00674682394619994	0.0450772536169305	1	18535	1	1.04347826086957	singlet	A619	A619_Re2	A619_Re2	-4.92574593097228	-2.57118632471912	1_2
CB:Z:TTTACGTAGTTAGCGG-1_A619_2	CB:Z:TTTACGTAGTTAGCGG-1_A619_2	23623	8181	10448	704	0.0289390389279401	13613	4.13395384451796	0.346315031960378	0.442280828006604	0.0298014646742581	-0.139273167540868	-0.397182024932036	4.24456877992418	1	0.00131681582469477	0.0222552972707407	1	10448	1	0.91304347826087	singlet	A619	A619_Re2	A619_Re2	5.18452075451356	3.50337968194134	1_1
CB:Z:AACGAGGCACGAACGA-1_A619_2	CB:Z:AACGAGGCACGAACGA-1_A619_2	23623	7748	9868	981	0.0398715655990896	13687	4.13630826725581	0.327985437920671	0.417728484951107	0.0415273250645557	-0.189647914564823	-0.465532394478604	4.24741560333449	1	0.00353241302469701	0.0110519962644203	1	9868	1	1.26086956521739	singlet	A619	A619_Re2	A619_Re2	3.64055219620209	2.53219346129544	1_4
CB:Z:CTGGGACAGAAGGGCG-1_A619_2	CB:Z:CTGGGACAGAAGGGCG-1_A619_2	23617	10429	16833	705	0.02898610311652	13045	4.11544408343624	0.441588686115933	0.712749290765127	0.0298513782444849	0.122564940588374	0.355765233032342	4.22218791334513	1	0.00221599155428944	0.029621951137227	1	16833	1	0.826086956521739	singlet	A619	A619_Re2	A619_Re2	-4.59970470935363	-2.97016455805652	1_2
CB:Z:TCGATTTGTTTCGACA-1_A619_2	CB:Z:TCGATTTGTTTCGACA-1_A619_2	23611	7912	11103	880	0.0359315666979707	13892	4.14276477463872	0.335098047520224	0.47024691880903	0.0372707636271229	-0.170100514416108	-0.31932824793006	4.2552224156248	1	-0.00033893329094945	0.0143493998210239	1	11103	1	0.956521739130435	singlet	A619	A619_Re2	A619_Re2	4.32172111004334	3.05104837739117	1_1
CB:Z:CTGTTCGGTATTGTCG-1_A619_2	CB:Z:CTGTTCGGTATTGTCG-1_A619_2	23599	9651	14912	548	0.0226943305586615	13394	4.12691029460016	0.408958006695199	0.631891181829739	0.0232213229374126	0.0328868922105195	0.1306673018867	4.23605215184578	1	0.00710764934127774	0.0260880467216106	1	14912	1	1.08695652173913	singlet	A619	A619_Re2	A619_Re2	-3.9405173924591	-1.31840350306385	1_3
CB:Z:ATCCCTGAGGGAGTTC-1_A619_2	CB:Z:ATCCCTGAGGGAGTTC-1_A619_2	23549	10172	16726	1077	0.0437342645983919	13527	4.13120149002623	0.431950401290925	0.7102637054652	0.0457344260902798	0.0960762928445763	0.348845703054877	4.24124080187057	1	0.0047723561718332	0.0343682292009268	1	16726	1	1.43478260869565	singlet	A619	A619_Re2	A619_Re2	-5.00268360644836	-2.98278786814563	1_2
CB:Z:CTTAATCTCGCTATTT-1_A619_2	CB:Z:CTTAATCTCGCTATTT-1_A619_2	23519	9718	14616	863	0.0353949634976622	13191	4.12027772033937	0.41319784004422	0.621454993834772	0.036693736978613	0.0445391160359881	0.10161437995167	4.22803245029744	1	0.0046477631531162	0.0310309067889394	1	14616	1	2	singlet	A619	A619_Re2	A619_Re2	-4.18253323108215	-5.19110657847278	1_1
CB:Z:TTCAACTAGAGCCTGA-1_A619_2	CB:Z:TTCAACTAGAGCCTGA-1_A619_2	23497	10578	17576	648	0.0268378546282874	12945	4.11210205477089	0.450185130016598	0.748010384304379	0.0275779886794059	0.146190323990947	0.453927301254356	4.21814693748746	1	0.00324900987542105	0.0308637111975315	1	17576	1	1.08695652173913	singlet	A619	A619_Re2	A619_Re2	-4.42877432376403	-1.39489128268116	1_3
CB:Z:CCTCCCTGTACTTGAC-1_A619_2	CB:Z:CCTCCCTGTACTTGAC-1_A619_2	23462	10389	16723	538	0.0224166666666667	13275	4.12303452975351	0.442801125223766	0.712769584860626	0.0229306964453158	0.125897055484465	0.35582172902231	4.2313658149697	1	0.00888727672013506	0.0351645602475354	1	16723	1	1.78260869565217	singlet	A619	A619_Re2	A619_Re2	-3.72761818439025	0.0210667642319911	1_3
CB:Z:CTCCCAAGTCAGAAAT-1_A619_2	CB:Z:CTCCCAAGTCAGAAAT-1_A619_2	23455	10943	17581	797	0.0328632690087415	13032	4.11501107130045	0.466552973779578	0.749562992965253	0.0339799616286506	0.191173643703407	0.458249551700761	4.22166434165799	1	-8.05352811565744e-05	0.031758670673335	1	17581	1	0.91304347826087	singlet	A619	A619_Re2	A619_Re2	-4.19726654559631	-0.368839999798465	1_3
CB:Z:GTCACTCTCGAAGCCC-1_A619_2	CB:Z:GTCACTCTCGAAGCCC-1_A619_2	23427	10138	15725	1102	0.0449264136328428	13242	4.1219535835453	0.432748538011696	0.671234046186025	0.0470397404703974	0.0982697912555203	0.240192462548325	4.23005880118609	1	0.00605456800574342	0.0314120735920734	1	15725	1	0.869565217391304	singlet	A619	A619_Re2	A619_Re2	-4.23763557940978	-3.64610840952747	1_2
CB:Z:AACCGATTCCATCGAA-1_A619_2	CB:Z:AACCGATTCCATCGAA-1_A619_2	23400	7496	9639	598	0.0249187432286024	13417	4.12765541977521	0.32034188034188	0.411923076923077	0.0255555555555556	-0.210654505248745	-0.481693857487961	4.23695311145589	1	0.0081606199233217	0.0243521536037711	1	9639	1	1.95652173913043	singlet	A619	A619_Re2	A619_Re2	5.04577234714966	3.76341209733136	1_1
CB:Z:CAAGAAATCCATTGTT-1_A619_2	CB:Z:CAAGAAATCCATTGTT-1_A619_2	23395	10442	16591	389	0.016355533131517	13024	4.11474438754513	0.44633468689891	0.709168625774738	0.0166274845052362	0.135608251220351	0.345797150769792	4.22134188403575	1	0.00482621644318918	0.0328494721688202	1	16591	1	0.869565217391304	singlet	A619	A619_Re2	A619_Re2	-3.60514017611999	-0.570228597286869	1_3
CB:Z:CCCTAGTAGGCAAGCT-1_A619_2	CB:Z:CCCTAGTAGGCAAGCT-1_A619_2	23361	7570	10006	698	0.0290120121368303	13755	4.1384605947257	0.324044347416635	0.428320705449253	0.0298788579256025	-0.200479111191941	-0.436045099366664	4.25001806555565	1	0.00432704344440582	0.0127500785396237	1	10006	1	1	singlet	A619	A619_Re2	A619_Re2	3.53944185703736	2.36101678931363	1_4
CB:Z:TAGCCCTAGCGGACTA-1_A619_2	CB:Z:TAGCCCTAGCGGACTA-1_A619_2	23350	9018	13939	868	0.0358411099182426	13567	4.13248382500056	0.386209850107066	0.596959314775161	0.0371734475374732	-0.0296312754535369	0.0334217552301081	4.24279132258466	1	0.00834849081852883	0.0330095859962813	1	13939	1	0.91304347826087	singlet	A619	A619_Re2	A619_Re2	5.1110008093689	3.7963945659364	1_1
CB:Z:GTGTCCTAGATCGATA-1_A619_2	CB:Z:GTGTCCTAGATCGATA-1_A619_2	23272	9787	16056	604	0.0252973697436757	13076	4.11647491190833	0.420548298384325	0.68992781024407	0.0259539360605019	0.0647401896981098	0.292233348369106	4.22343432783951	1	0.000651181567441503	0.0350131396306427	1	16056	1	1.56521739130435	singlet	A619	A619_Re2	A619_Re2	-4.63814589053649	-3.9075792042052	1_2
CB:Z:ATTGTCTAGGCCAGTA-1_A619_2	CB:Z:ATTGTCTAGGCCAGTA-1_A619_2	23258	10948	18084	811	0.0336947941335328	12935	4.11176643305256	0.47071975234328	0.777538911342334	0.0348697222461089	0.202625092960636	0.536130687328263	4.21774112431322	1	0.00692367989878893	0.0413915181394713	1	18084	1	0.434782608695652	singlet	A619	A619_Re2	A619_Re2	-4.72826954394836	-4.57190920985096	1_2
CB:Z:TATTGCTGTTAGAGAT-1_A619_2	CB:Z:TATTGCTGTTAGAGAT-1_A619_2	23233	7813	10156	852	0.0353747145526261	13522	4.1310409316001	0.336288899410322	0.437136831231438	0.0366719752076787	-0.166827727109596	-0.411502209353303	4.24104666448016	1	0.00615202508580544	0.0199605448448704	1	10156	1	1.60869565217391	singlet	A619	A619_Re2	A619_Re2	4.92414382427674	3.76177141987927	1_1
CB:Z:CGTTCCACAGCGTAGA-1_A619_2	CB:Z:CGTTCCACAGCGTAGA-1_A619_2	23224	9510	15238	613	0.0257163233628393	13169	4.11955279766712	0.409490182569755	0.656131588012401	0.0263951085084395	0.0343494573385285	0.198149281785679	4.22715591831326	1	0.00102043981797507	0.0303913618539855	1	15238	1	1.08695652173913	singlet	A619	A619_Re2	A619_Re2	-4.56003471881408	-4.79651477015369	1_2
CB:Z:CCTGCTATCGCATACA-1_A619_2	CB:Z:CCTGCTATCGCATACA-1_A619_2	23177	9800	15837	707	0.0296014067995311	13340	4.12515582958053	0.422832980972516	0.683306726496095	0.0305043793415886	0.0710191234901434	0.273801155565758	4.23393076047024	1	0.00251744865954373	0.03407778244723	1	15837	1	1.26086956521739	singlet	A619	A619_Re2	A619_Re2	-4.52186819583434	-1.63971545374744	1_3
CB:Z:GTAATCGAGTAGAAGG-1_A619_2	CB:Z:GTAATCGAGTAGAAGG-1_A619_2	23176	11337	19174	186	0.00796164711925349	12521	4.09763901554684	0.48916983085951	0.827321366931308	0.00802554366586124	0.253330964340756	0.674718244073898	4.20065911850525	1	0.00195183486010208	0.0363955110273474	1	19174	1	1.69565217391304	singlet	A619	A619_Re2	A619_Re2	-5.25755259067077	-3.61919619715564	1_2
CB:Z:CTTGAAGCAAAGACGC-1_A619_2	CB:Z:CTTGAAGCAAAGACGC-1_A619_2	23146	8893	12574	154	0.00660944206008584	13539	4.13158658823981	0.384213254990063	0.543247213341398	0.00665341743713817	-0.0351184659341566	-0.116105398810633	4.24170643898495	1	0.00263191397156589	0.0267355045113534	1	12574	1	1.82608695652174	singlet	A619	A619_Re2	A619_Re2	-2.95443960696716	-3.28138425028675	1_2
CB:Z:GTTGGGCTCATTCTTG-1_A619_2	CB:Z:GTTGGGCTCATTCTTG-1_A619_2	23143	9439	14500	833	0.0347430764097431	12987	4.11350884053282	0.407855507064771	0.626539342349739	0.035993604977747	0.0298569211235173	0.115768511763693	4.21984793645249	1	0.00332079805278856	0.0277117512816698	1	14500	1	1.69565217391304	singlet	A619	A619_Re2	A619_Re2	-4.17597195178527	-5.0076449123656	1_2
CB:Z:CGATGATGTGGCCTTG-1_A619_2	CB:Z:CGATGATGTGGCCTTG-1_A619_2	23097	9241	14222	1080	0.044670554659387	13077	4.11650812373735	0.400095250465428	0.615750963328571	0.0467593193921289	0.00852960955371245	0.0857351381162782	4.22347448554391	1	0.00889378033540635	0.0332030575854512	1	14222	1	1.52173913043478	singlet	A619	A619_Re2	A619_Re2	-3.75214478045959	-2.1890642849242	1_3
CB:Z:GGTGCTGTCGCCACTT-1_A619_2	CB:Z:GGTGCTGTCGCCACTT-1_A619_2	23077	10293	16336	395	0.0168285616905249	13187	4.12014600618811	0.446028513238289	0.707890973696754	0.0171166096113013	0.13476680210447	0.34224034189478	4.22787318963315	1	0.00269161702398203	0.0373109635197538	1	16336	1	1.34782608695652	singlet	A619	A619_Re2	A619_Re2	-3.35266634494323	0.233037808772396	1_3
CB:Z:TACGCCTGTACGTAGG-1_A619_2	CB:Z:TACGCCTGTACGTAGG-1_A619_2	23037	10772	17761	214	0.00920390520837813	12806	4.10741349748815	0.467595607066892	0.770977123757434	0.00928940400225724	0.194039085675195	0.517863566943856	4.21247782190407	1	0.000114954872592132	0.0324842749449445	1	17761	1	1.47826086956522	singlet	A619	A619_Re2	A619_Re2	-5.11026522189636	-4.69152428782337	1_2
CB:Z:ATTTGTCGTCAGTGCC-1_A619_2	CB:Z:ATTTGTCGTCAGTGCC-1_A619_2	23023	9252	13274	878	0.0367348646500146	13381	4.12648857070037	0.401859010554663	0.576553880901707	0.038135777266212	0.0133769055774898	-0.0233841855656869	4.2355422292005	1	0.00358141709781915	0.0236049424061652	1	13274	1	0.91304347826087	singlet	A619	A619_Re2	A619_Re2	6.59842971294861	3.37792942845471	1_1
CB:Z:CCCTGATCACAGTAGG-1_A619_2	CB:Z:CCCTGATCACAGTAGG-1_A619_2	23006	9837	15772	598	0.0253346890357567	13165	4.11942086344209	0.427584108493436	0.68556028862036	0.0259932191602191	0.0840765238027993	0.280074764713426	4.22699639154926	1	0.000256985721270109	0.0318888966970572	1	15772	1	1.34782608695652	singlet	A619	A619_Re2	A619_Re2	-3.98743721515197	-0.355945846203495	1_3
CB:Z:GAACTTGAGTCAGCCC-1_A619_2	CB:Z:GAACTTGAGTCAGCCC-1_A619_2	22929	9084	12963	1133	0.0470866927104979	13259	4.12251077061032	0.396179510663352	0.565353918618344	0.0494134066029918	-0.00223191639792174	-0.054563350798315	4.23073251757318	1	0.00161019063437777	0.0263808790410068	1	12963	1	1.65217391304348	singlet	A619	A619_Re2	A619_Re2	6.21162465542298	3.0847633870805	1_1
CB:Z:TCCAGAAGTTTCGTTT-1_A619_2	CB:Z:TCCAGAAGTTTCGTTT-1_A619_2	22921	10070	17433	204	0.00882162162162162	12843	4.10866648255397	0.439335107543301	0.760568910605995	0.00890013524715326	0.116371489154095	0.48888852315222	4.21399285451091	1	0.00336649838212203	0.0314391369560818	1	17433	1	1.43478260869565	singlet	A619	A619_Re2	A619_Re2	-4.99902292758483	-4.33955313837879	1_2
CB:Z:TGGGTGCGTCTCGGGT-1_A619_2	CB:Z:TGGGTGCGTCTCGGGT-1_A619_2	22876	9108	12544	730	0.0309243412691689	13283	4.12329617264531	0.398146529113481	0.548347613219094	0.0319111732820423	0.0031739892976469	-0.101906582197171	4.23168217748929	1	0.00322599033740045	0.0249250005749541	1	12544	1	0.956521739130435	singlet	A619	A619_Re2	A619_Re2	5.51273468464356	3.63890502774365	1_1
CB:Z:CTACTTAAGGTTACAA-1_A619_2	CB:Z:CTACTTAAGGTTACAA-1_A619_2	22867	9527	14451	514	0.0219836619477353	12892	4.1103202968403	0.416626579787467	0.631958717802947	0.0224778064459702	0.0539622323801302	0.130855312811608	4.21599254519981	1	0.00172317798535539	0.0361296483386494	1	14451	1	1.47826086956522	singlet	A619	A619_Re2	A619_Re2	-3.57028624087829	0.29109177910931	1_3
CB:Z:TGATTTCCAAGGTCGA-1_A619_2	CB:Z:TGATTTCCAAGGTCGA-1_A619_2	22838	10112	15243	983	0.0412661097351077	12783	4.10663278892012	0.442770820562221	0.667440231193625	0.0430422979245118	0.125813769970576	0.229630999793601	4.21153383704002	1	0.00137354947846571	0.0290983515828336	1	15243	1	0.91304347826087	singlet	A619	A619_Re2	A619_Re2	-3.38833853274841	0.365022281047177	1_3
CB:Z:GTGCACGAGTACGCGA-1_A619_2	CB:Z:GTGCACGAGTACGCGA-1_A619_2	22835	10516	16943	83	0.00362160747011083	12776	4.10639490313043	0.460521129844537	0.741975038318371	0.00363477118458507	0.174596483747903	0.437125722376421	4.21124620014959	1	-0.000392114639653529	0.0373269936334318	1	16943	1	1.95652173913043	singlet	A619	A619_Re2	A619_Re2	-4.25669571429748	-0.42224981463306	1_3
CB:Z:ACCATCCCATGTAGAA-1_A619_2	CB:Z:ACCATCCCATGTAGAA-1_A619_2	22781	10216	17393	659	0.0281143344709898	12693	4.10356428005096	0.448443878670822	0.763487116456696	0.0289276151178614	0.14140488816195	0.497012409652892	4.20782358452547	1	0.00906216438016552	0.0377958698095566	1	17393	1	1.08695652173913	singlet	A619	A619_Re2	A619_Re2	-4.48721596271057	-1.69447376406543	1_3
CB:Z:GCAGCCAAGGACTAGC-1_A619_2	CB:Z:GCAGCCAAGGACTAGC-1_A619_2	22768	9506	12871	1015	0.0426775427826599	12946	4.11213560268191	0.417515811665495	0.565310962754743	0.0445801124385102	0.0564060852447545	-0.0546829340553844	4.21818750156159	1	-0.00515974519941215	0.0278214543164977	1	12871	1	0.695652173913043	singlet	A619	A619_Re2	A619_Re2	5.6678958269928	3.61718974434979	1_1
CB:Z:GAACCTACACTCGCAG-1_A619_2	CB:Z:GAACCTACACTCGCAG-1_A619_2	22746	9096	12750	939	0.0396453451551615	12915	4.11109441050934	0.399894486942759	0.560538116591928	0.0412819836454761	0.00797785638099105	-0.067969885866051	4.21692855591693	1	-0.0018456063378862	0.022001123367781	1	12750	1	1.47826086956522	singlet	A619	A619_Re2	A619_Re2	2.99232641190034	1.94107229435093	1_4
CB:Z:CATTCCGTCCAACAAC-1_A619_2	CB:Z:CATTCCGTCCAACAAC-1_A619_2	22729	9677	15602	1085	0.0455614344503233	12764	4.10598679552147	0.425755642571165	0.686435830876853	0.0477363720357253	0.0790513984193983	0.282512154768204	4.21075274148713	1	0.00805136996234099	0.0362934721350009	1	15602	1	0.956521739130435	singlet	A619	A619_Re2	A619_Re2	-3.78817507297058	-0.210055133465458	1_3
CB:Z:TATCTGTTCACTAGGT-1_A619_2	CB:Z:TATCTGTTCACTAGGT-1_A619_2	22723	10370	17025	724	0.030878150722907	12520	4.09760432887441	0.456365796769793	0.749240857281169	0.0318619900541302	0.163176489830577	0.457352769955674	4.20061717751076	1	0.00547077818944527	0.0354459028922927	1	17025	1	1.08695652173913	singlet	A619	A619_Re2	A619_Re2	-4.44678446322936	-0.397024413708378	1_3
CB:Z:TAGCCCTAGGAACCGT-1_A619_2	CB:Z:TAGCCCTAGGAACCGT-1_A619_2	22699	10164	16795	1144	0.0479805393616575	12708	4.10407720615511	0.447773029648883	0.739900436142561	0.0503986959777964	0.139561211226267	0.431350313281729	4.20844378327635	1	0.00382037031879621	0.0341302702129207	1	16795	1	1.56521739130435	singlet	A619	A619_Re2	A619_Re2	-4.91245028049011	-4.38612773096912	1_2
CB:Z:TGGGTGCTCTCCCTTT-1_A619_2	CB:Z:TGGGTGCTCTCCCTTT-1_A619_2	22690	8762	10957	829	0.0352480972830478	13095	4.11710550276125	0.386161304539445	0.482899955927721	0.0365359189070075	-0.0297646919756257	-0.284103920826362	4.22419679957985	1	0.00208557600755326	0.01069822335019	1	10957	1	0.956521739130435	singlet	A619	A619_Re2	A619_Re2	5.84048417538148	3.35595426880963	1_1
CB:Z:CACTGAACAAAGCTGG-1_A619_2	CB:Z:CACTGAACAAAGCTGG-1_A619_2	22663	8729	12768	813	0.0346311126256603	12997	4.11384311893749	0.385165247319419	0.563385253496889	0.0358734501169307	-0.0325021301519141	-0.0600438456032588	4.22025212537433	1	0.00860504794734123	0.0251040804591739	1	12768	1	0.869565217391304	singlet	A619	A619_Re2	A619_Re2	5.88811591595154	2.95855281674511	1_1
CB:Z:TTGCGGGGTGGATTCT-1_A619_2	CB:Z:TTGCGGGGTGGATTCT-1_A619_2	22607	10251	17174	400	0.0173860129525796	12454	4.09530886138538	0.45344362365639	0.759676206484717	0.0176936347149113	0.15514555739263	0.486403356809963	4.19784163916741	1	0.00766202825301324	0.0366796275441231	1	17174	1	1.52173913043478	singlet	A619	A619_Re2	A619_Re2	-4.70779224902648	-3.76096703684681	1_2
CB:Z:TCACAAGTCTATGAGC-1_A619_2	CB:Z:TCACAAGTCTATGAGC-1_A619_2	22583	9034	13107	1028	0.0435390284189573	12656	4.1022964661536	0.40003542487712	0.580392330514104	0.0455209670991454	0.00836519244386975	-0.012698466125381	4.20629062180604	1	0.00909522772331052	0.0252491258253363	1	13107	1	1.39130434782609	singlet	A619	A619_Re2	A619_Re2	5.91041139095765	2.4383383783067	1_1
CB:Z:TGACAACAGCCATCAT-1_A619_2	CB:Z:TGACAACAGCCATCAT-1_A619_2	22540	7329	8876	1155	0.0487444608567208	13320	4.12450422483428	0.325155279503106	0.393788819875776	0.0512422360248447	-0.197425965405104	-0.532177152211962	4.23314288002038	1	0.00287828389354816	0.0121134364437333	1	8876	1	1.73913043478261	singlet	A619	A619_Re2	A619_Re2	5.60209396809083	3.15811107480175	1_1
CB:Z:TCAAAGCCAGGACCTC-1_A619_2	CB:Z:TCAAAGCCAGGACCTC-1_A619_2	22527	9424	14094	906	0.0386634233772884	13047	4.115510662385	0.418342433524215	0.625649220934878	0.0402184045811693	0.0586778686201682	0.113290535323339	4.22226841652195	1	0.00455284201324701	0.0291476239747643	1	14094	1	1.65217391304348	singlet	A619	A619_Re2	A619_Re2	-4.46043011218566	-4.19264628565662	1_2
CB:Z:GTGACATAGATATGAC-1_A619_2	CB:Z:GTGACATAGATATGAC-1_A619_2	22515	9418	15653	1106	0.0468227424749164	12719	4.10445296732229	0.418298911836553	0.695225405285365	0.0491228070175439	0.0585582590968324	0.30698112938382	4.20889813060753	1	0.00463128925073394	0.0346929261339386	1	15653	1	1	singlet	A619	A619_Re2	A619_Re2	-4.24753424197692	-1.01929928934925	1_3
CB:Z:CACCACTTCCCAGCAG-1_A619_2	CB:Z:CACCACTTCCCAGCAG-1_A619_2	22509	9210	14676	615	0.0265957446808511	12731	4.10486251814108	0.409169665467146	0.652005864320938	0.0273224043715847	0.0334685885137306	0.18666383054703	4.2093933343107	1	0.00623682557332516	0.0332588548385953	1	14676	1	1.39130434782609	singlet	A619	A619_Re2	A619_Re2	-3.74943539172668	0.00736985528118539	1_3
CB:Z:CGCTGGATCGCTAGTA-1_A619_2	CB:Z:CGCTGGATCGCTAGTA-1_A619_2	22465	9768	15750	1108	0.0470029270775888	12624	4.10119698586534	0.434809703983975	0.701090585354997	0.0493211662586245	0.103934440139889	0.323308989592938	4.20496119775085	1	0.00258690696352757	0.0333482777851624	1	15750	1	1.1304347826087	singlet	A619	A619_Re2	A619_Re2	-3.93295237094421	-0.0338946787153966	1_3
CB:Z:ACAAACCAGATCGATA-1_A619_2	CB:Z:ACAAACCAGATCGATA-1_A619_2	22448	9006	12814	181	0.00799858588536833	12880	4.10991586302379	0.401193870277976	0.570830363506771	0.00806307911617962	0.011548917838047	-0.0393176762376693	4.2155035286616	1	-9.86909406450753e-05	0.0253862374637893	1	12814	1	1.26086956521739	singlet	A619	A619_Re2	A619_Re2	6.08473018139344	2.37080768668301	1_2
CB:Z:TCCAGAACACATTGCA-1_A619_2	CB:Z:TCCAGAACACATTGCA-1_A619_2	22433	8892	12226	1088	0.0462565367118745	12905	4.11075800887989	0.396380332545803	0.545000668657781	0.0484999777114073	-0.00168000283652879	-0.111224018708242	4.21652179972205	1	0.00161361121087571	0.0251158168590068	1	12226	1	1.65217391304348	singlet	A619	A619_Re2	A619_Re2	5.71902183025818	3.7694797309602	1_1
CB:Z:ATTCGTTCATGCGACC-1_A619_2	CB:Z:ATTCGTTCATGCGACC-1_A619_2	22396	9776	16781	282	0.0124349589910927	12735	4.10499894929963	0.436506519021254	0.749285586711913	0.0125915342025362	0.108597752816874	0.457477290581427	4.2095582984906	1	0.00206553362020926	0.0382373367878209	1	16781	1	1.39130434782609	singlet	A619	A619_Re2	A619_Re2	-4.70834967166442	-2.16636469042652	1_3
CB:Z:TAAGTGCAGCGTTGCC-1_A619_2	CB:Z:TAAGTGCAGCGTTGCC-1_A619_2	22380	9061	12466	1079	0.04599514045782	12901	4.11062337523333	0.404870420017873	0.557015192135836	0.0482126899016979	0.0216530839568988	-0.0777772263677005	4.2163590089833	1	-0.00244878008685259	0.0236499951463594	1	12466	1	1.47826086956522	singlet	A619	A619_Re2	A619_Re2	2.90541151493531	1.94681528383143	1_4
CB:Z:CTAGGATCACGCGACT-1_A619_2	CB:Z:CTAGGATCACGCGACT-1_A619_2	22335	6515	8457	276	0.0122064481889346	13302	4.12391694349813	0.291694649653011	0.378643384822028	0.0123572867696441	-0.289384944982573	-0.574339974738811	4.23243277548846	1	0.00649713166725672	0.0145999824294642	1	8457	1	1.60869565217391	singlet	A619	A619_Re2	A619_Re2	5.31278136700135	3.60204873406536	1_1
CB:Z:TCGTTCGAGTCTGGGA-1_A619_2	CB:Z:TCGTTCGAGTCTGGGA-1_A619_2	22334	9622	16574	1054	0.0450658457328545	12670	4.10277661488344	0.430822960508642	0.742097250828333	0.0471926211157876	0.0929777766379979	0.437465945311571	4.20687118816847	1	0.00350435434160934	0.0397541432876732	1	16574	1	1.39130434782609	singlet	A619	A619_Re2	A619_Re2	-5.37527033359069	-3.66836621439808	1_2
CB:Z:TTGTTCAAGGCGCTTC-1_A619_2	CB:Z:TTGTTCAAGGCGCTTC-1_A619_2	22314	7489	8858	595	0.0259723252870051	13410	4.1274287778516	0.335618893967913	0.396970511786322	0.0266648740700905	-0.168669085657576	-0.523319756509337	4.23667906995794	1	0.00498446650640381	0.0219672857548963	1	8858	1	1.47826086956522	singlet	A619	A619_Re2	A619_Re2	4.62874749630433	3.48672423684246	1_1
CB:Z:TTCTGTATCGCACAAT-1_A619_2	CB:Z:TTCTGTATCGCACAAT-1_A619_2	22279	9678	16948	608	0.0265652990780793	12488	4.09649289005436	0.434400107724763	0.760716369675479	0.0272902733515867	0.102808757383628	0.489299029060739	4.19927329393319	1	0.000950737576550332	0.0314538227607056	1	16948	1	1.43478260869565	singlet	A619	A619_Re2	A619_Re2	-4.84202620059509	-4.48626496470325	1_2
CB:Z:ACAAGCTAGGATATCA-1_A619_2	CB:Z:ACAAGCTAGGATATCA-1_A619_2	22178	8460	12440	659	0.0288566799492052	12518	4.09753494721728	0.381459103616196	0.560916223284336	0.0297141311209307	-0.0426876285912058	-0.0669172884786782	4.20053328547106	1	0.00110436822216554	0.019436921473499	1	12440	1	1.47826086956522	singlet	A619	A619_Re2	A619_Re2	3.68579367130738	2.04722369634755	1_4
CB:Z:AAACTCGCAGTCCTGG-1_A619_2	CB:Z:AAACTCGCAGTCCTGG-1_A619_2	22171	10076	16535	766	0.0333958233421982	12324	4.0907516896449	0.454467547697443	0.745794055297461	0.0345496369130847	0.157959581229058	0.447757344019837	4.19233138691449	1	0.0060547966015802	0.0345265823418952	1	16535	1	1.30434782608696	singlet	A619	A619_Re2	A619_Re2	-4.09025332004089	-0.140603920582462	1_3
CB:Z:GACCAATTCAGTTGAC-1_A619_2	CB:Z:GACCAATTCAGTTGAC-1_A619_2	22158	8142	11582	547	0.024091609777582	12713	4.10424804699044	0.367451936095315	0.522700604747721	0.0246863435328098	-0.0811831631272127	-0.173304350744961	4.2086503535246	1	-0.000700703321291458	0.0179780300209545	1	11582	1	1.1304347826087	singlet	A619	A619_Re2	A619_Re2	-3.33506485492248	-1.05429699099414	1_3
CB:Z:CAAAGCTCACTTTGGA-1_A619_2	CB:Z:CAAAGCTCACTTTGGA-1_A619_2	22127	8157	10962	1117	0.0480554121493719	12684	4.10325623335505	0.368644642292222	0.495412844036697	0.0504813124237357	-0.0779052796774798	-0.249269749423244	4.2074511133752	1	0.000151182368289025	0.0241821556976196	1	10962	1	0.478260869565217	singlet	A619	A619_Re2	A619_Re2	5.49278167217713	3.07803223454602	1_1
CB:Z:TTGCACCAGGTACATA-1_A619_2	CB:Z:TTGCACCAGGTACATA-1_A619_2	22126	9222	13018	1019	0.0440267876431195	12519	4.09756963943137	0.416794721142547	0.588357588357588	0.046054415619633	0.0544243308973206	0.00947572376375844	4.2005752331662	1	0.000979391563655423	0.0246465545321146	1	13018	1	2	singlet	A619	A619_Re2	A619_Re2	6.27616265743714	2.92832324826367	1_1
CB:Z:TCTCTGGTCTCTTCTC-1_A619_2	CB:Z:TCTCTGGTCTCTTCTC-1_A619_2	22120	9077	11448	127	0.00570863487211759	12327	4.09085739598153	0.410352622061483	0.51754068716094	0.00574141048824593	0.0367196773840527	-0.187668856531195	4.19245920052625	1	0.00147843926425597	0.0186463147969284	1	11448	1	1.21739130434783	singlet	A619	A619_Re2	A619_Re2	5.83874515026551	3.0280246528352	1_1
CB:Z:GGTACCGAGCATACCT-1_A619_2	CB:Z:GGTACCGAGCATACCT-1_A619_2	22110	10511	17073	758	0.0331467552912367	12354	4.09180759700167	0.475395748530077	0.772184531886024	0.0342831298055179	0.215476011779929	0.521224826258137	4.19360812525636	1	0.0067961742497059	0.0308129942988437	1	17073	1	0.826086956521739	singlet	A619	A619_Re2	A619_Re2	-3.81584211856384	-0.854979774120975	1_3
CB:Z:GTGCTGGTCGGAGTTT-1_A619_2	CB:Z:GTGCTGGTCGGAGTTT-1_A619_2	22104	9776	15834	232	0.0103868194842407	12459	4.09548318582954	0.442272891784292	0.716340933767644	0.0104958378574014	0.124445325248354	0.365763876581207	4.19805242158156	1	0.00237424488497799	0.0338946659259282	1	15834	1	1.69565217391304	singlet	A619	A619_Re2	A619_Re2	-4.40582272082824	-0.532300969723392	1_3
CB:Z:GCGATCGGTAGCATGG-1_A619_2	CB:Z:GCGATCGGTAGCATGG-1_A619_2	22104	6956	8294	1160	0.0498624484181568	12896	4.11045502446102	0.314694173000362	0.375226203402099	0.0524791892870069	-0.226175952585659	-0.583852941070858	4.21615544956635	1	-0.000991452411710462	0.0176392088204206	1	8294	1	1.69565217391304	singlet	A619	A619_Re2	A619_Re2	5.75879362553101	2.98140619122631	1_1
CB:Z:TTAACGGGTAGATTAG-1_A619_2	CB:Z:TTAACGGGTAGATTAG-1_A619_2	21869	6960	10088	531	0.0237053571428571	12905	4.11075800887989	0.318258722392428	0.4612922401573	0.0242809456308016	-0.216379594112541	-0.344256850207773	4.21652179972205	1	0.00245019210135081	0.0236657806583658	1	10088	1	1.08695652173913	singlet	A619	A619_Re2	A619_Re2	4.6270444723938	2.97857067906506	1_1
CB:Z:TCCCACATCCGATTGA-1_A619_2	CB:Z:TCCCACATCCGATTGA-1_A619_2	21742	9851	16949	678	0.0302408563782337	12241	4.08781689793553	0.453086192622574	0.779551099254898	0.031183883727348	0.154163238969866	0.541732343639029	4.18878281697916	1	0.00402041850614925	0.0379538442331447	1	16949	1	0.869565217391304	singlet	A619	A619_Re2	A619_Re2	-5.21165081531066	-3.44745471155994	1_2
CB:Z:TACATGGAGGCTCAGA-1_A619_2	CB:Z:TACATGGAGGCTCAGA-1_A619_2	21729	6546	8208	961	0.0423534596738651	12823	4.10798964226751	0.301256385475632	0.377744028717382	0.0442266096000736	-0.26310667487299	-0.576843659294194	4.21317446079531	1	4.80223797414963e-06	0.0165935488126547	1	8208	1	1.56521739130435	singlet	A619	A619_Re2	A619_Re2	2.9064394566391	1.80922338725276	1_4
CB:Z:GTGTCCTGTTCCCGGA-1_A619_2	CB:Z:GTGTCCTGTTCCCGGA-1_A619_2	21728	9479	14435	686	0.0306058713304185	12261	4.08852589243126	0.43625736377025	0.664350147275405	0.0315721649484536	0.10791300591458	0.221028628229192	4.1896400895903	1	0.00310433370624248	0.0259230559908294	1	14435	1	1.04347826086957	singlet	A619	A619_Re2	A619_Re2	-4.75987860232849	-1.28610994494312	1_3
CB:Z:AGACAAATCTCGACCT-1_A619_2	CB:Z:AGACAAATCTCGACCT-1_A619_2	21691	9291	15018	1011	0.0445335212756585	12423	4.09422648522204	0.428334332211516	0.692360887003826	0.0466091927527546	0.0861383441534177	0.299006701742697	4.19653289636986	1	0.00414202261108517	0.037081934650684	1	15018	1	1.21739130434783	singlet	A619	A619_Re2	A619_Re2	-3.75143763095397	-0.148228069904972	1_3
CB:Z:TCACAGAGTTTAGAAG-1_A619_2	CB:Z:TCACAGAGTTTAGAAG-1_A619_2	21689	9383	15447	510	0.0229740078381909	12280	4.08919836680515	0.43261561160035	0.712204343215455	0.023514223800083	0.0979044730531736	0.354248173486563	4.1904532043125	1	-0.00030348432479845	0.0366969528792761	1	15447	1	1.82608695652174	singlet	A619	A619_Re2	A619_Re2	-4.62700554400939	-4.69092824137561	1_2
CB:Z:TGCTCACGTATGCTAC-1_A619_2	CB:Z:TGCTCACGTATGCTAC-1_A619_2	21668	9115	14003	684	0.0306012884753042	12182	4.0857185951654	0.420666420527967	0.646252538305335	0.031567288166882	0.0650648217162031	0.170647356746566	4.18624567810777	1	-0.000829480069377578	0.0299396664777284	1	14003	1	1.43478260869565	singlet	A619	A619_Re2	A619_Re2	6.51265529125672	2.87043676697857	1_1
CB:Z:CAAGGCCGTGTCCTTC-1_A619_2	CB:Z:CAAGGCCGTGTCCTTC-1_A619_2	21645	9253	15583	970	0.0428918859164271	12323	4.0907164484811	0.427489027489028	0.71993531993532	0.0448140448140448	0.0838152151489628	0.375770156727196	4.19228877546307	1	0.0054649283360407	0.0307467136776646	1	15583	1	0.956521739130435	singlet	A619	A619_Re2	A619_Re2	-4.04189487964172	-4.50514962351673	1_2
CB:Z:ATATTCCTCCCAATAG-1_A619_2	CB:Z:ATATTCCTCCCAATAG-1_A619_2	21640	8313	12916	878	0.0389910293987033	12228	4.08735543005405	0.384149722735675	0.596857670979667	0.0405730129390018	-0.035293069978073	0.0331387927866303	4.18822483835155	1	0.00868649929377781	0.0236284725596047	1	12916	1	1.82608695652174	singlet	A619	A619_Re2	A619_Re2	-3.50807806521911	0.267042616244625	1_3
CB:Z:GCGCCAAAGTCAACTC-1_A619_2	CB:Z:GCGCCAAAGTCAACTC-1_A619_2	21626	9198	14703	405	0.0183831873269484	12360	4.0920184707528	0.425321372422085	0.679876075094793	0.0187274576898178	0.077857905052738	0.264250690645387	4.19386310084832	1	0.00396302323956743	0.027172825866649	1	14703	1	0.956521739130435	singlet	A619	A619_Re2	A619_Re2	-4.19211622745056	-1.57006504214161	1_3
CB:Z:TTCGTTAGTACAACGG-1_A619_2	CB:Z:TTCGTTAGTACAACGG-1_A619_2	21611	9277	15196	902	0.0400657397947852	12275	4.08902150079501	0.42927212993383	0.703160427560039	0.041738003794364	0.0887156692659574	0.329071147579161	4.19023934879282	1	0.00660378753689102	0.0284673968232425	1	15196	1	1.82608695652174	singlet	A619	A619_Re2	A619_Re2	-4.58236452609558	-3.74397780573719	1_2
CB:Z:CTAGGATCAACGTACT-1_A619_2	CB:Z:CTAGGATCAACGTACT-1_A619_2	21603	9683	16099	201	0.00921849201981288	12235	4.08760397368781	0.448224783594871	0.745220571216961	0.00930426329676434	0.140802754857671	0.446160842669939	4.18852536205261	1	0.00341972079391094	0.0401137791035895	1	16099	1	1.43478260869565	singlet	A619	A619_Re2	A619_Re2	-4.18272158175964	-0.995308658245731	1_3
CB:Z:GAACTTGCATTAGCAC-1_A619_2	CB:Z:GAACTTGCATTAGCAC-1_A619_2	21574	8702	12337	749	0.0335528378802132	12098	4.08271358017133	0.4033558913507	0.571845740242885	0.0347177157689812	0.0174907441743536	-0.0364910060911382	4.18261219848837	1	0.0054019384667969	0.0338471781875174	1	12337	1	1.82608695652174	singlet	A619	A619_Re2	A619_Re2	2.77297696798783	1.91945836120493	1_4
CB:Z:TCTATTGTCGTATAGC-1_A619_2	CB:Z:TCTATTGTCGTATAGC-1_A619_2	21553	9698	15375	1093	0.0482645941888192	12133	4.08396819759842	0.44996056233471	0.713357769220062	0.050712197837888	0.14557315046597	0.357459153940906	4.18412920484622	1	-0.00394463351071179	0.0303331565872254	1	15375	1	1.1304347826087	singlet	A619	A619_Re2	A619_Re2	-4.6959957745697	-2.10100533640735	1_3
CB:Z:GCGGTGTCATTGTGAC-1_A619_2	CB:Z:GCGGTGTCATTGTGAC-1_A619_2	21542	9744	16098	530	0.0240123233055455	12021	4.07994059715236	0.452325689351035	0.747284374709869	0.0246031009191347	0.15207316758958	0.451906189706389	4.17925927768623	1	0.00541453463489125	0.0395050952609008	1	16098	1	0.652173913043478	singlet	A619	A619_Re2	A619_Re2	-4.17824026614684	-0.355820914868046	1_3
CB:Z:TTGCGGGAGATCCGAG-1_A619_2	CB:Z:TTGCGGGAGATCCGAG-1_A619_2	21479	9175	14278	613	0.0277476009415173	12213	4.08682235709906	0.427161413473625	0.664742306438847	0.0285395037012896	0.0829148420631415	0.222120345776546	4.18758027926567	1	2.79905088629727e-05	0.034186549195236	1	14278	1	2	singlet	A619	A619_Re2	A619_Re2	-4.42525669604797	-3.69670321619861	1_2
CB:Z:GAACCGCAGGATTAAC-1_A619_2	CB:Z:GAACCGCAGGATTAAC-1_A619_2	21478	8828	15036	1100	0.0487199929134556	12232	4.08749747240426	0.411025235124313	0.700065182977931	0.0512151969457119	0.0385682023874811	0.320454409431364	4.18839658723986	1	0.000355666793126861	0.0328214183270673	1	15036	1	1	singlet	A619	A619_Re2	A619_Re2	-4.14252945453185	-1.34072496569507	1_3
CB:Z:TAACGGTTCCGAGAGA-1_A619_2	CB:Z:TAACGGTTCCGAGAGA-1_A619_2	21467	10079	16569	124	0.00574313371312121	12099	4.08274947672728	0.469511342991568	0.771835841058369	0.00577630782130712	0.199304052938583	0.520254118620422	4.18265560239973	1	0.0024476888032839	0.0300165930562136	1	16569	1	2	singlet	A619	A619_Re2	A619_Re2	-5.10155483752746	-4.76344754374378	1_2
CB:Z:GACCAATTCGCATAAC-1_A619_2	CB:Z:GACCAATTCGCATAAC-1_A619_2	21326	9639	15625	594	0.0270985401459854	12117	4.08339510788965	0.451983494326175	0.732673731595236	0.0278533245803245	0.151132721894337	0.411232154892648	4.18343625995876	1	0.00192686159646256	0.0274104984791572	1	15625	1	0.782608695652174	singlet	A619	A619_Re2	A619_Re2	-3.95183083087463	-1.21156503832691	1_3
CB:Z:TCAATTCTCGATCGCG-1_A619_2	CB:Z:TCAATTCTCGATCGCG-1_A619_2	21298	8454	12909	766	0.0347171863669326	12098	4.08271358017133	0.396938679688234	0.606113250070429	0.035965818386703	-0.000145511893054608	0.0589050607876562	4.18261219848837	1	0.00924611001220136	0.0279637585037797	1	12909	1	1.26086956521739	singlet	A619	A619_Re2	A619_Re2	6.25381520718079	2.8327338489259	1_1
CB:Z:GAAATGAGTGTCTACA-1_A619_2	CB:Z:GAAATGAGTGTCTACA-1_A619_2	21287	8139	10978	1022	0.0458111076247254	12315	4.09043441617512	0.382346032789966	0.515713815944003	0.0480105228543242	-0.0402501041888641	-0.192754616473103	4.1919477593158	1	0.00578671706406078	0.0223348421508294	1	10978	1	0.91304347826087	singlet	A619	A619_Re2	A619_Re2	5.15052822559815	3.33984098755963	1_1
CB:Z:TAGCGGCGTGCAAAGC-1_A619_2	CB:Z:TAGCGGCGTGCAAAGC-1_A619_2	21252	8018	11141	956	0.0430475504322767	12397	4.09331660120433	0.377282138151703	0.524233013363448	0.0449840015057406	-0.0541670742431831	-0.169038334465189	4.19543272048359	1	0.00280015974920876	0.0243859207835372	1	11141	1	0.91304347826087	singlet	A619	A619_Re2	A619_Re2	5.17022875278931	3.13034532391674	1_1
CB:Z:TGGTCCTTCCTCATTA-1_A619_2	CB:Z:TGGTCCTTCCTCATTA-1_A619_2	21234	9353	15244	384	0.0177629752983625	12150	4.08457627793433	0.440472826598851	0.717905246303099	0.0180842045775643	0.119498252872021	0.370118709015855	4.18486445825157	1	0.00798765001479365	0.0361932089722525	1	15244	1	1.52173913043478	singlet	A619	A619_Re2	A619_Re2	-4.02497097522277	-0.0496322122847326	1_3
CB:Z:GGGTTATTCTACATCT-1_A619_2	CB:Z:GGGTTATTCTACATCT-1_A619_2	21173	6371	7990	1021	0.0460034243489231	12237	4.08767496003676	0.300902092287347	0.377367401879753	0.0482217919047844	-0.264080369636414	-0.577892136967993	4.18861119438712	1	0.00149792719999188	0.019417427741327	1	7990	1	0.434782608695652	singlet	A619	A619_Re2	A619_Re2	5.00861290424805	3.63808856331952	1_1
CB:Z:GATTGACTCGTGGAAG-1_A619_2	CB:Z:GATTGACTCGTGGAAG-1_A619_2	21167	6715	8835	778	0.0354522670312144	12310	4.09025805293132	0.317239098596872	0.417395001653517	0.0367553266877687	-0.219181799696005	-0.466460766429759	4.1917345117103	1	0.00391262138608184	0.0140299311265135	1	8835	1	1.08695652173913	singlet	A619	A619_Re2	A619_Re2	5.11982158153992	3.35193453156598	1_1
CB:Z:AACCTTTGTACGTAGG-1_A619_2	CB:Z:AACCTTTGTACGTAGG-1_A619_2	21150	9534	16400	412	0.0191076894536685	11730	4.06929801211553	0.450780141843972	0.775413711583924	0.0194799054373522	0.147825579535357	0.530214421474563	4.16639091732685	1	0.00120101929496968	0.0357547331010442	1	16400	1	1.65217391304348	singlet	A619	A619_Re2	A619_Re2	-4.97469469577331	-3.96920373118274	1_2
CB:Z:AGCGTGCAGCAGGACT-1_A619_2	CB:Z:AGCGTGCAGCAGGACT-1_A619_2	21111	8885	13773	951	0.0431057927658417	12049	4.08095100437948	0.420870636161243	0.652408696887878	0.0450476055137132	0.0656260622348039	0.187785261391879	4.18048100006508	1	0.00646014500253428	0.0316448528769948	1	13773	1	1.47826086956522	singlet	A619	A619_Re2	A619_Re2	-4.23435923129577	-4.75882651484363	1_2
CB:Z:TAAACCGGTCTCAAAC-1_A619_2	CB:Z:TAAACCGGTCTCAAAC-1_A619_2	21096	8876	14056	808	0.0368882395909423	12172	4.08536194368613	0.420743268866136	0.666287447857414	0.0383010997345468	0.0652760220071672	0.226421808440293	4.18581443703785	1	-0.00119633357571254	0.0293018345560321	1	14056	1	0.869565217391304	singlet	A619	A619_Re2	A619_Re2	-4.23941275149841	-4.99331071055286	1_2
CB:Z:CTCAGCTGTAACAATG-1_A619_2	CB:Z:CTCAGCTGTAACAATG-1_A619_2	21094	8589	13299	469	0.021750220284747	11987	4.07871050532828	0.407177396416043	0.630463638949464	0.0222338105622452	0.0279932872476137	0.12669321749118	4.17777192618162	1	0.0102698139588249	0.0293665171106938	1	13299	1	1.8695652173913	singlet	A619	A619_Re2	A619_Re2	-3.93588587314147	-0.145549437168766	1_3
CB:Z:CACCTGTAGGATTGCG-1_A619_2	CB:Z:CACCTGTAGGATTGCG-1_A619_2	21074	8329	11330	1020	0.0461663800126731	12057	4.0812392609117	0.395226345259562	0.537629306254152	0.0484008731137895	-0.00485147611015115	-0.131744884810955	4.18082954216455	1	0.00748392181963484	0.0234796986279869	1	11330	1	0.826086956521739	singlet	A619	A619_Re2	A619_Re2	5.75684383839112	3.37751589142926	1_1
CB:Z:TTGTTCATCCGATGCG-1_A619_2	CB:Z:TTGTTCATCCGATGCG-1_A619_2	21058	8460	12946	715	0.032838837091811	11944	4.07714979471697	0.401747554373635	0.614778231550954	0.0339538417703486	0.0130705934512432	0.083027185709476	4.17588481073988	1	0.00364917783883671	0.0227053093417958	1	12946	1	1.65217391304348	singlet	A619	A619_Re2	A619_Re2	-3.5533103612091	-0.00869419253223014	1_3
CB:Z:ACTTTCACAGGTAGCA-1_A619_2	CB:Z:ACTTTCACAGGTAGCA-1_A619_2	21050	8545	13215	658	0.0303114059332965	11847	4.07360838845621	0.405938242280285	0.627790973871734	0.0312589073634204	0.0245877521344384	0.119252882964892	4.17160275973585	1	-0.00486558235501012	0.0289054936343396	1	13215	1	0.695652173913043	singlet	A619	A619_Re2	A619_Re2	-3.35983654529113	0.0585405620301478	1_3
CB:Z:TGGCCTTGTGTAGGAC-1_A619_2	CB:Z:TGGCCTTGTGTAGGAC-1_A619_2	21006	9469	14302	203	0.00957140836437361	11932	4.07671324469003	0.450775968770827	0.680853089593449	0.00966390555079501	0.147814110786867	0.266970565562602	4.17535696125199	1	-0.00258322037036733	0.0317390806216724	1	14302	1	1.30434782608696	singlet	A619	A619_Re2	A619_Re2	-3.65479942828674	0.201662758227658	1_3
CB:Z:ACAAGCTTCGTTACAG-1_A619_2	CB:Z:ACAAGCTTCGTTACAG-1_A619_2	20975	7977	11182	1085	0.0491840435176791	11841	4.07338838111518	0.38030989272944	0.53311084624553	0.0517282479141836	-0.0458459750102329	-0.144323660314074	4.17133674036779	1	0.00460194655452707	0.0192807331774393	1	11182	1	1.60869565217391	singlet	A619	A619_Re2	A619_Re2	2.87476352184754	1.80931088873393	1_4
CB:Z:AAATGCCGTCAGGTGA-1_A619_2	CB:Z:AAATGCCGTCAGGTGA-1_A619_2	20951	9392	15211	318	0.014951337627533	11803	4.07199240712418	0.448284091451482	0.726027397260274	0.0151782731134552	0.140965749098942	0.392729667904019	4.16964881433231	1	0.00448779093123445	0.0367085152246728	1	15211	1	1.17391304347826	singlet	A619	A619_Re2	A619_Re2	-3.81565376788635	-0.408454200390507	1_3
CB:Z:CAACCAATCTTCCAGC-1_A619_2	CB:Z:CAACCAATCTTCCAGC-1_A619_2	20924	6778	8292	907	0.0415464248087582	12275	4.08902150079501	0.323934238195374	0.396291340087937	0.0433473523226916	-0.200781721503659	-0.525210477751919	4.19023934879282	1	0.00169890695630742	0.0139586381434271	1	8292	1	0.91304347826087	singlet	A619	A619_Re2	A619_Re2	3.19653705090027	2.16616309606678	1_4
CB:Z:CACCTGTGTTCCAGTA-1_A619_2	CB:Z:CACCTGTGTTCCAGTA-1_A619_2	20882	9278	14646	143	0.00680142687277051	11870	4.07445071895459	0.444306100948185	0.701369600612968	0.00684800306484053	0.130033141162662	0.324085729961398	4.17262125405442	1	-0.00407255029436499	0.026724333033041	1	14646	1	0.869565217391304	singlet	A619	A619_Re2	A619_Re2	-4.31186338931579	-4.89577939188831	1_2
CB:Z:CATTCCGCAGCAACAG-1_A619_2	CB:Z:CATTCCGCAGCAACAG-1_A619_2	20845	9143	14816	892	0.0410360215301099	11603	4.06457029224403	0.438618373710722	0.710769968817462	0.0427920364595826	0.114401708185599	0.350255071078808	4.16067444874576	1	0.00632356087751069	0.0342015142367944	1	14816	1	0.826086956521739	singlet	A619	A619_Re2	A619_Re2	-4.50094744235534	-4.57200553095691	1_2
CB:Z:AACCGATTCTTACCTA-1_A619_2	CB:Z:AACCGATTCTTACCTA-1_A619_2	20839	9316	15283	961	0.0440825688073394	11613	4.06494442603862	0.447046403378281	0.73338451941072	0.0461154565958059	0.137564243127397	0.413210891086898	4.16112682835793	1	0.00234018451897381	0.0223503516532427	1	15283	1	0.695652173913043	singlet	A619	A619_Re2	A619_Re2	-4.57835957080383	-4.82715251124256	1_2
CB:Z:ATTGTCTCAATACTGC-1_A619_2	CB:Z:ATTGTCTCAATACTGC-1_A619_2	20743	8720	14895	923	0.0426013108095634	11763	4.07051809701987	0.420382779732922	0.718073566986453	0.0444969387263173	0.0642852990892895	0.370587290807972	4.16786616907854	1	-0.00230208675683789	0.0294115424617677	1	14895	1	1.73913043478261	singlet	A619	A619_Re2	A619_Re2	-4.98452517062683	-2.15718271410816	1_2
CB:Z:GCGCCAAAGTGATTAG-1_A619_2	CB:Z:GCGCCAAAGTGATTAG-1_A619_2	20686	9304	13771	588	0.0276393720033844	11658	4.06662405098343	0.449772793193464	0.665715943149957	0.0284250217538432	0.14505710941407	0.224830817394591	4.16315772771025	1	0.00213976260772883	0.0298806580860298	1	13771	1	0.782608695652174	singlet	A619	A619_Re2	A619_Re2	-3.13193031817932	-0.385948678616215	1_4
CB:Z:GTTGGGCCATCGGCCA-1_A619_2	CB:Z:GTTGGGCCATCGGCCA-1_A619_2	20654	6610	8148	353	0.0168039225020231	12313	4.09036387947172	0.32003486007553	0.394499854749685	0.0170911203640941	-0.211498281069154	-0.530197728240803	4.19186247066508	1	0.00419878446961784	0.0141915059925513	1	8148	1	1.04347826086957	singlet	A619	A619_Re2	A619_Re2	3.27235737770539	2.15452302419789	1_4
CB:Z:ACTCGGGAGTTCCCGG-1_A619_2	CB:Z:ACTCGGGAGTTCCCGG-1_A619_2	20628	7910	9837	991	0.045839308016097	11817	4.0725072355288	0.383459375605972	0.476876090750436	0.0480414969943766	-0.0371903330566838	-0.300873538700937	4.17027131322812	1	0.00417770514183093	0.0157114361210386	1	9837	1	1.30434782608696	singlet	A619	A619_Re2	A619_Re2	3.13708106010895	2.06169753694184	1_4
CB:Z:CTACAGATCTCTCAAT-1_A619_2	CB:Z:CTACAGATCTCTCAAT-1_A619_2	20618	8607	13568	942	0.0436920222634508	11744	4.069816042572	0.417450771170822	0.65806576777573	0.0456882335823067	0.0562273361432518	0.203533774063838	4.16701728794714	1	0.00748237609668909	0.0317331968554488	1	13568	1	1.04347826086957	singlet	A619	A619_Re2	A619_Re2	-3.86921783954162	-2.33711602366321	1_2
CB:Z:GCACGGTAGTAACTCC-1_A619_2	CB:Z:GCACGGTAGTAACTCC-1_A619_2	20615	9185	15391	840	0.0391517128874388	11629	4.06554237051914	0.445549357264128	0.746592287169537	0.0407470288624788	0.133449950191051	0.449979512523956	4.16184982610928	1	0.00438162246405552	0.0350172613980834	1	15391	1	1.34782608695652	singlet	A619	A619_Re2	A619_Re2	-4.72811838656921	-1.66637637293689	1_3
CB:Z:GGATAGGAGGTTAACA-1_A619_2	CB:Z:GGATAGGAGGTTAACA-1_A619_2	20577	9055	14979	643	0.030301602262017	11519	4.06141477827707	0.440054429703067	0.72794868056568	0.0312484813140885	0.118348383554943	0.398078258204803	4.15685899500917	1	-0.00233924246749666	0.0373942923394599	1	14979	1	1.08695652173913	singlet	A619	A619_Re2	A619_Re2	-4.42411276370544	-0.987484952572513	1_3
CB:Z:CTTAATCTCAGCCGGT-1_A619_2	CB:Z:CTTAATCTCAGCCGGT-1_A619_2	20574	8825	13870	241	0.0115781888061494	11611	4.06486962505981	0.42893943812579	0.674151842130845	0.0117138135510839	0.08780134101457	0.248315207927011	4.16103638360722	1	0.00785611903209277	0.0279936070958318	1	13870	1	1.78260869565217	singlet	A619	A619_Re2	A619_Re2	-4.45456596881408	-1.84002473032825	1_3
CB:Z:TGACAACAGCAACGGT-1_A619_2	CB:Z:TGACAACAGCAACGGT-1_A619_2	20541	8264	12802	635	0.0299867774839441	11883	4.07492609712396	0.40231731658634	0.623241322233582	0.0309137821917141	0.0146364561357432	0.106587274225516	4.17319605214804	1	0.00372095797947081	0.0325815985082877	1	12802	1	0.826086956521739	singlet	A619	A619_Re2	A619_Re2	-3.0910768178131	0.287737110492062	1_3
CB:Z:AGCGATTTCTGCTACC-1_A619_2	CB:Z:AGCGATTTCTGCTACC-1_A619_2	20539	8216	12554	843	0.0394256851557385	11780	4.07114529045108	0.400019475144846	0.611227421003944	0.0410438677637665	0.00832135820909939	0.0731422141395752	4.16862453286516	1	-0.000492702416581025	0.0294970503919548	1	12554	1	1	singlet	A619	A619_Re2	A619_Re2	-4.73806902438659	-3.86481072581165	1_2
CB:Z:TGATTTCGTTCGGGAA-1_A619_2	CB:Z:TGATTTCGTTCGGGAA-1_A619_2	20515	7292	7823	969	0.0451033327127164	11841	4.07338838111518	0.355447233731416	0.381330733609554	0.047233731416037	-0.114175374704255	-0.56685876277005	4.17133674036779	1	-0.000397785806273615	0.0125314829326815	1	7823	1	1.78260869565217	singlet	A619	A619_Re2	A619_Re2	5.29791382282715	3.86260197484143	1_1
CB:Z:CAGGGCTGTACGGATG-1_A619_2	CB:Z:CAGGGCTGTACGGATG-1_A619_2	20491	8135	11124	560	0.0266020616597786	11715	4.06874229293298	0.397003562539652	0.54287248060124	0.0273290712995949	3.28039615840937e-05	-0.11714860357578	4.16571897581312	1	0.00631532282379164	0.022028082909344	1	11124	1	1.30434782608696	singlet	A619	A619_Re2	A619_Re2	5.69982150524598	3.76629422032483	1_1
CB:Z:CACAGATAGGTTGACG-1_A619_2	CB:Z:CACAGATAGGTTGACG-1_A619_2	20451	9169	15392	334	0.0160692807312966	11439	4.05838805999333	0.448339934477532	0.752628233338223	0.0163317197203071	0.141119221036411	0.46678276222849	4.15319927310451	1	0.0059099140559086	0.0336423473623803	1	15392	1	1.21739130434783	singlet	A619	A619_Re2	A619_Re2	-4.94954153567809	-4.3531062809264	1_2
CB:Z:CCACGTTGTAATGTAG-1_A619_2	CB:Z:CCACGTTGTAATGTAG-1_A619_2	20419	6931	9283	467	0.0223594752465767	11800	4.07188200730613	0.339438758019492	0.454625593809687	0.0228708555756893	-0.158171052539802	-0.362815883065276	4.169515325651	1	0.008223333689919	0.0197066449463745	1	9283	1	1.1304347826087	singlet	A619	A619_Re2	A619_Re2	5.35881975620728	3.52898929440625	1_1
CB:Z:GCACCTTCAAGCACTT-1_A619_2	CB:Z:GCACCTTCAAGCACTT-1_A619_2	20412	8328	12422	373	0.0179456338705797	11696	4.06803735961379	0.407995296884186	0.608563590045072	0.0182735645698609	0.0302411018519218	0.0657264725935669	4.16486661372728	1	0.0100816838229758	0.0178148786383463	1	12422	1	1.60869565217391	singlet	A619	A619_Re2	A619_Re2	6.83343175381165	3.43637881600506	1_1
CB:Z:ACTTTCAGTGCAACAG-1_A619_2	CB:Z:ACTTTCAGTGCAACAG-1_A619_2	20382	8767	14101	843	0.0397173144876325	11680	4.06744284277638	0.430134432342263	0.691835933666961	0.0413600235501913	0.091085512569025	0.297545303354431	4.16414776047152	1	0.00185428089810617	0.0322701897752909	1	14101	1	1.1304347826087	singlet	A619	A619_Re2	A619_Re2	-4.27862450152892	-4.93242051279895	1_2
CB:Z:ATTACCTTCCCACTAC-1_A619_2	CB:Z:ATTACCTTCCCACTAC-1_A619_2	20352	9119	15238	575	0.0274764658097195	11318	4.05376968959931	0.448064072327044	0.74872248427673	0.028252751572327	0.140361076256216	0.455909690314098	4.1476150231974	1	0.00714874024428115	0.0319229552749024	1	15238	1	1.34782608695652	singlet	A619	A619_Re2	A619_Re2	-3.98664328128356	-0.306607505444217	1_3
CB:Z:CTCTAGCAGGCAAGCT-1_A619_2	CB:Z:CTCTAGCAGGCAAGCT-1_A619_2	20312	8932	15452	828	0.0391674550614948	11474	4.05971484554642	0.439740055139819	0.760732571878692	0.0407640803465931	0.117484396111465	0.489344133781481	4.15480354072912	1	0.00104701338213618	0.0384539367164373	1	15452	1	0.91304347826087	singlet	A619	A619_Re2	A619_Re2	-4.39642282992858	-4.14313103831165	1_2
CB:Z:TTAGCTTGTTGGACGA-1_A619_2	CB:Z:TTAGCTTGTTGGACGA-1_A619_2	20267	7135	9634	701	0.0334318962228157	11822	4.07269095501287	0.352050130754428	0.475354023782504	0.0345882469038338	-0.123511544545735	-0.305110765245779	4.17049345554766	1	0.00231736849660329	0.0140180003511513	1	9634	1	1.60869565217391	singlet	A619	A619_Re2	A619_Re2	3.25190237492066	2.15714366161473	1_4
CB:Z:AACGGGAAGGCATGCA-1_A619_2	CB:Z:AACGGGAAGGCATGCA-1_A619_2	20254	8689	13600	619	0.0296555358597231	11560	4.06295783408451	0.429001678680754	0.671472301767552	0.0305618643230967	0.0879723951145232	0.240855733544789	4.15872476334609	1	0.00237674828047134	0.0286269991396422	1	13600	1	1.17391304347826	singlet	A619	A619_Re2	A619_Re2	-3.95296236545104	-1.96330072558277	1_3
CB:Z:TCCAGAAGTTCCCAAA-1_A619_2	CB:Z:TCCAGAAGTTCCCAAA-1_A619_2	20237	8390	12934	478	0.0230750663770215	11547	4.06246916581425	0.414587142362998	0.639126352720265	0.0236201017937441	0.0483572994991174	0.150809029418864	4.1581338956785	1	0.00369758576711462	0.0345505539684096	1	12934	1	1.1304347826087	singlet	A619	A619_Re2	A619_Re2	-3.9109353688385	-0.1263885704314	1_3
CB:Z:TTTGGTTCAGTTCGGC-1_A619_2	CB:Z:TTTGGTTCAGTTCGGC-1_A619_2	20140	7038	9503	798	0.0381125226860254	12126	4.08371756389895	0.349453823237339	0.471847070506455	0.039622641509434	-0.130646909032611	-0.314873644163635	4.18382615396603	1	0.00490379173513964	0.0205418638240571	1	9503	1	1.60869565217391	singlet	A619	A619_Re2	A619_Re2	5.33956507175904	3.74644277417309	1_1
CB:Z:TGTGACACACAGGAAC-1_A619_2	CB:Z:TGTGACACACAGGAAC-1_A619_2	20138	9108	15160	802	0.0382999044890162	11268	4.05184683831374	0.452279273016188	0.752805641076572	0.0398252060780614	0.151945602782601	0.467276641140541	4.1452900294882	1	-0.000182707971379699	0.0334325928993624	1	15160	1	1.95652173913043	singlet	A619	A619_Re2	A619_Re2	-4.59791895419616	-4.70028998530262	1_2
CB:Z:TACATGGGTCAAGACG-1_A619_2	CB:Z:TACATGGGTCAAGACG-1_A619_2	20105	8357	12195	770	0.0368862275449102	11568	4.06325827995046	0.415667744342203	0.606565530962447	0.0382989306142751	0.0513270898402517	0.0601641490155457	4.15908804403946	1	-0.00755573064223256	0.0316012393401377	1	12195	1	1.65217391304348	singlet	A619	A619_Re2	A619_Re2	-3.90027138263244	0.112393477794003	1_3
CB:Z:CAGGATTAGATCGCCC-1_A619_2	CB:Z:CAGGATTAGATCGCCC-1_A619_2	20095	7894	11305	399	0.0194691129110959	11722	4.0690017170456	0.39283403831799	0.562577755660612	0.019855685493904	-0.0114261911160741	-0.0622918092861073	4.16603265552116	1	0.00121642062613587	0.016631523625871	1	11305	1	1	singlet	A619	A619_Re2	A619_Re2	6.22631028622132	3.04687962853558	1_1
CB:Z:ACAGAAAAGATATGAC-1_A619_2	CB:Z:ACAGAAAAGATATGAC-1_A619_2	20094	8227	12365	398	0.01942221354675	11512	4.06115078092855	0.409425699213696	0.615357818254205	0.0198069075345874	0.0341722394066021	0.0846406759275754	4.15653978562508	1	0.00435543442867112	0.0279346809348371	1	12365	1	1.78260869565217	singlet	A619	A619_Re2	A619_Re2	-3.51933762103576	0.326370576258969	1_3
CB:Z:CTTGCTGTCCATCGAA-1_A619_2	CB:Z:CTTGCTGTCCATCGAA-1_A619_2	20049	7536	9762	497	0.0241896232843376	11564	4.06310808299862	0.375879096214275	0.486907077659734	0.024789266297571	-0.058023017943237	-0.27294864124339	4.15890643510757	1	0.00799838022789825	0.0170474460374214	1	9762	1	2	singlet	A619	A619_Re2	A619_Re2	5.39068535297852	3.02371082627423	1_1
CB:Z:CCCTAGTGTGTAGGAC-1_A619_2	CB:Z:CCCTAGTGTGTAGGAC-1_A619_2	20047	9039	15195	538	0.0261355355841632	11273	4.05203950700147	0.450890407542276	0.757968773382551	0.0268369332069636	0.148128619888866	0.481650096265937	4.14552299263532	1	0.00721910584288402	0.0284545861523469	1	15195	1	0.652173913043478	singlet	A619	A619_Re2	A619_Re2	-4.87496372729797	-3.79451062357776	1_2
CB:Z:CCCTGATAGCATTGGG-1_A619_2	CB:Z:CCCTGATAGCATTGGG-1_A619_2	20038	9043	14985	331	0.0162501841032942	11305	4.05327056668138	0.451292544166084	0.74782912466314	0.0165186146321988	0.14923380152298	0.453422699170776	4.14701151441176	1	0.00529582027596802	0.0361186053685816	1	14985	1	1.65217391304348	singlet	A619	A619_Re2	A619_Re2	-4.37594076663513	-0.814101955059696	1_3
CB:Z:TTGAGCAGTAAACCCT-1_A619_2	CB:Z:TTGAGCAGTAAACCCT-1_A619_2	19992	7298	9259	770	0.0370869858395145	11490	4.06032002868829	0.365046018407363	0.463135254101641	0.038515406162465	-0.0877952841937523	-0.339126151117654	4.15553529102531	1	0.00460851605179624	0.015954988923752	1	9259	1	1.17391304347826	singlet	A619	A619_Re2	A619_Re2	3.20321050613862	1.97761184894688	1_4
CB:Z:TAGCCGGAGCCATGGA-1_A619_2	CB:Z:TAGCCGGAGCCATGGA-1_A619_2	19921	8988	15297	410	0.0201662485859033	11208	4.04952812227772	0.451182169569801	0.767883138396667	0.0205812961196727	0.148930461887982	0.509250334296281	4.14248638042932	1	0.00222582657152248	0.0407041505115605	1	15297	1	0.91304347826087	singlet	A619	A619_Re2	A619_Re2	-4.90853306323547	-3.28163363612049	1_2
CB:Z:GCGAGTCGTCGAGGAT-1_A619_2	CB:Z:GCGAGTCGTCGAGGAT-1_A619_2	19905	8925	15092	403	0.0198443962970258	11318	4.05376968959931	0.448379804069329	0.758201456920372	0.0202461693041949	0.141228793599579	0.482297855453787	4.1476150231974	1	0.000814863542677425	0.0326347276671559	1	15092	1	1.91304347826087	singlet	A619	A619_Re2	A619_Re2	-5.00957962543029	-2.29897095835559	1_2
CB:Z:TCAAAGCTCGAGCGCT-1_A619_2	CB:Z:TCAAAGCTCGAGCGCT-1_A619_2	19862	6341	7511	490	0.0240762578616352	11699	4.06814874097329	0.319252844627933	0.378159299164233	0.0246702245493908	-0.213647473803931	-0.575687603090521	4.16500128922825	1	-0.000945944732610668	0.013371365184844	1	7511	1	1.1304347826087	singlet	A619	A619_Re2	A619_Re2	5.31123927563172	3.71357260071881	1_1
CB:Z:TTTGGTTGTAACCGAG-1_A619_2	CB:Z:TTTGGTTGTAACCGAG-1_A619_2	19859	7556	10688	563	0.0275683086867104	11517	4.06133936683707	0.380482400926532	0.538194269600685	0.0283498665592427	-0.0453718752146097	-0.130172104020604	4.15676781212626	1	0.0026165507527171	0.0263397848442432	1	10688	1	1.39130434782609	singlet	A619	A619_Re2	A619_Re2	2.86259177654725	1.83802456767507	1_3
CB:Z:ACCATCCAGTCAGCCC-1_A619_2	CB:Z:ACCATCCAGTCAGCCC-1_A619_2	19788	8266	12938	313	0.0155713646087259	11216	4.04983800062258	0.417727915908632	0.653830604406711	0.0158176672730948	0.0569890058248579	0.191743657710861	4.14286106629704	1	-0.000686936001134961	0.0261574017367711	1	12938	1	1.69565217391304	singlet	A619	A619_Re2	A619_Re2	-3.88825890094299	-4.65164544260852	1_2
CB:Z:TTTACGTTCACGTGTA-1_A619_2	CB:Z:TTTACGTTCACGTGTA-1_A619_2	19781	8203	12424	688	0.0336118032146172	11296	4.05292468370773	0.414690864971437	0.628077448056216	0.0347808503109044	0.048642357648766	0.120050387965967	4.14659329395765	1	0.00501343805171096	0.0318352992284966	1	12424	1	1.21739130434783	singlet	A619	A619_Re2	A619_Re2	-3.46495291263122	0.483540514346432	1_3
CB:Z:CGGTGCACACTGGGCT-1_A619_2	CB:Z:CGGTGCACACTGGGCT-1_A619_2	19773	7325	9025	823	0.0399592153816275	11619	4.06516875170575	0.370454660395489	0.456430486016285	0.0416224144034795	-0.0729308539557035	-0.357791309686115	4.16139806918076	1	0.00380570407098936	0.0106874657918691	1	9025	1	1.91304347826087	singlet	A619	A619_Re2	A619_Re2	5.10045937031251	3.77992925965435	1_1
CB:Z:ACTCGGGCAGGGTAAC-1_A619_2	CB:Z:ACTCGGGCAGGGTAAC-1_A619_2	19766	9147	14322	398	0.0197381471930173	11175	4.04824753180397	0.462764342810887	0.724577557421835	0.0201355863604169	0.180761447655776	0.388693511822434	4.14093796905822	1	0.000239449145237468	0.0351518448512612	1	14322	1	1.73913043478261	singlet	A619	A619_Re2	A619_Re2	-3.94795843631286	0.00751934373028207	1_3
CB:Z:GAACTTGAGAGCAGCT-1_A619_2	CB:Z:GAACTTGAGAGCAGCT-1_A619_2	19753	5838	7539	762	0.0371435534974409	11609	4.06479481119538	0.295550043031438	0.381663544778008	0.0385764187718321	-0.278789267539014	-0.565932261934604	4.16094592327601	1	0.0102275857444295	0.0174372345467034	1	7539	1	0.91304347826087	singlet	A619	A619_Re2	A619_Re2	3.34263292282563	2.1903379651273	1_4
CB:Z:GGGTGTCTCCGTTAGA-1_A619_2	CB:Z:GGGTGTCTCCGTTAGA-1_A619_2	19748	8850	14215	286	0.0142757312568633	11255	4.05134549933654	0.448146647761799	0.719819728580109	0.0144824792384039	0.140588016177916	0.375448366182515	4.14468384117977	1	0.00716825391846327	0.0369683084881743	1	14215	1	1.17391304347826	singlet	A619	A619_Re2	A619_Re2	-3.91777035266418	-0.659368535641361	1_3
CB:Z:AAAGGATCACGCGATC-1_A619_2	CB:Z:AAAGGATCACGCGATC-1_A619_2	19734	6175	7921	777	0.0378821120374433	11967	4.0779852910295	0.312911725955204	0.401388466605858	0.0393736698084524	-0.23107460548484	-0.511020773724975	4.17689504158055	1	0.00172736086967648	0.0164379188479533	1	7921	1	0.956521739130435	singlet	A619	A619_Re2	A619_Re2	5.73018530338746	3.11158953034527	1_1
CB:Z:TCGGGACTCAGTCTTT-1_A619_2	CB:Z:TCGGGACTCAGTCTTT-1_A619_2	19726	8555	13011	593	0.0291845071115705	11176	4.04828639310613	0.433691574571631	0.659586332758796	0.0300618473081213	0.10086151412937	0.207766819287961	4.14098495775865	1	0.0095812994012403	0.0296756196187495	1	13011	1	1.26086956521739	singlet	A619	A619_Re2	A619_Re2	-3.81502625018615	-0.201161405209232	1_3
CB:Z:CCCAGAGGTAAACGTA-1_A619_2	CB:Z:CCCAGAGGTAAACGTA-1_A619_2	19665	9030	14126	298	0.0149276160897661	10989	4.04095817338421	0.459191456903127	0.718332062039156	0.0151538265954742	0.170942178153191	0.371306905727747	4.13212412443217	1	0.00438634894854653	0.0230696409421841	1	14126	1	1.60869565217391	singlet	A619	A619_Re2	A619_Re2	-4.35414740115661	-1.27595617449634	1_3
CB:Z:TAGCCCTGTCTGCACG-1_A619_2	CB:Z:TAGCCCTGTCTGCACG-1_A619_2	19633	8119	12797	746	0.0366063104175867	11080	4.04453976039241	0.413538430194061	0.651810726837468	0.0379972495288545	0.0454751510949178	0.186120594446203	4.13645475952886	1	-0.00246832897569282	0.0273696235241603	1	12797	1	1.69565217391304	singlet	A619	A619_Re2	A619_Re2	-3.96133228808898	-1.07673885500782	1_3
CB:Z:CAGGATTGTGTCTACA-1_A619_2	CB:Z:CAGGATTGTGTCTACA-1_A619_2	19605	8293	12644	688	0.0339033164145272	11150	4.04727486738418	0.423004335628666	0.644937515939811	0.0350930884978322	0.0714900530391694	0.166986514095321	4.13976188296454	1	0.00404005766269399	0.0244969954245621	1	12644	1	1.26086956521739	singlet	A619	A619_Re2	A619_Re2	-3.3777937558319	0.151233056422543	1_3
CB:Z:TTACCCGAGTGTCGCC-1_A619_2	CB:Z:TTACCCGAGTGTCGCC-1_A619_2	19586	7272	9950	483	0.024066968957098	11546	4.06243155316261	0.37128561217196	0.508015929745737	0.0246604717655468	-0.0706471707798436	-0.214184480221327	4.15808841676959	1	0.000107529818977563	0.0185572717698539	1	9950	1	1.52173913043478	singlet	A619	A619_Re2	A619_Re2	5.61394742458802	3.38572666966565	1_1
CB:Z:CTGCTCACAAAGGCCA-1_A619_2	CB:Z:CTGCTCACAAAGGCCA-1_A619_2	19584	7149	9339	937	0.0456605428585352	11459	4.0591467194262	0.365042892156863	0.47686887254902	0.0478451797385621	-0.0878038759867697	-0.300893633187771	4.15411659750815	1	0.000801570512692131	0.0202322748616329	1	9339	1	0.826086956521739	singlet	A619	A619_Re2	A619_Re2	6.22055629223328	3.43234048211224	1_1
CB:Z:AGCGTATAGGTTAGTA-1_A619_2	CB:Z:AGCGTATAGGTTAGTA-1_A619_2	19539	7689	11801	583	0.0289732630951198	11364	4.0555312250509	0.393520651005681	0.603971544091305	0.0298377603766825	-0.00953919130740603	0.0529428438700133	4.14974496370512	1	-0.000289635655698506	0.0217706190922521	1	11801	1	0.521739130434783	singlet	A619	A619_Re2	A619_Re2	6.10211518734437	3.94349668347485	1_1
CB:Z:CATGCCTCAGTAACGG-1_A619_2	CB:Z:CATGCCTCAGTAACGG-1_A619_2	19493	8715	13417	603	0.0300059713375796	11095	4.04512730656803	0.447083568460473	0.688298363515108	0.0309341815010517	0.137666382957089	0.287697191236189	4.13716518428839	1	-0.000202550716705215	0.0281243993615117	1	13417	1	1.65217391304348	singlet	A619	A619_Re2	A619_Re2	-3.3968801167633	-0.0589877573286779	1_3
CB:Z:TTCGTTAGTATCCCTC-1_A619_2	CB:Z:TTCGTTAGTATCCCTC-1_A619_2	19492	6695	8198	821	0.0404174666469748	11812	4.07232343829304	0.343474245844449	0.420582803201313	0.0421198440385799	-0.147080426208412	-0.457586362331523	4.170049076896	1	0.0117327260950922	0.0214134041944748	1	8198	1	1.69565217391304	singlet	A619	A619_Re2	A619_Re2	5.7063913676117	3.29940722310192	1_1
CB:Z:TGACAACTCCTCCAGT-1_A619_2	CB:Z:TGACAACTCCTCCAGT-1_A619_2	19404	8531	11790	555	0.0278070043589358	10997	4.04127422505423	0.439651618223047	0.60760667903525	0.0286023500309215	0.117241347231041	0.0630625630434025	4.13250627470561	1	0.000674164673411912	0.0236563818839247	1	11790	1	1.60869565217391	singlet	A619	A619_Re2	A619_Re2	6.41451457470399	3.65714130723126	1_1
CB:Z:GGATGAGAGGTTGTGG-1_A619_2	CB:Z:GGATGAGAGGTTGTGG-1_A619_2	19403	7722	12340	739	0.0366895045179228	11238	4.05068902775888	0.397979693861774	0.635984126166057	0.0380868937793125	0.00271548031041933	0.142061499877847	4.14389007605619	1	0.00436130095701019	0.0307509678472072	1	12340	1	1.56521739130435	singlet	A619	A619_Re2	A619_Re2	-4.61652180224914	-4.52645375407093	1_2
CB:Z:GTCCATCAGTCGTACT-1_A619_2	CB:Z:GTCCATCAGTCGTACT-1_A619_2	19346	8063	13668	755	0.0375603203820705	11037	4.04285104255079	0.416778662255763	0.706502636203866	0.0390261552775768	0.0543801966760462	0.338375399942815	4.13441286560402	1	0.00634761109229202	0.0277977943471757	1	13668	1	1.73913043478261	singlet	A619	A619_Re2	A619_Re2	-4.38231846362609	-3.75324084437244	1_2
CB:Z:TTGTCTACACTGCTTC-1_A619_2	CB:Z:TTGTCTACACTGCTTC-1_A619_2	19293	7819	12457	682	0.0341426783479349	11180	4.0484418035504	0.405276525164567	0.645674597004095	0.0353496086663557	0.0227691721793405	0.169038447102924	4.14117287052549	1	0.00481948023330397	0.0259343041635551	1	12457	1	1.34782608695652	singlet	A619	A619_Re2	A619_Re2	-4.37201162845153	-4.98199584162586	1_2
CB:Z:CACTGAAGTCCTTATT-1_A619_2	CB:Z:CACTGAAGTCCTTATT-1_A619_2	19222	8089	12865	1004	0.0496390784139227	10848	4.03534967652299	0.420819893871605	0.669285194048486	0.0522318177088752	0.0654866085186787	0.234767124384416	4.12534267439584	1	-0.00287651031563542	0.0213666286228917	1	12865	1	1.39130434782609	singlet	A619	A619_Re2	A619_Re2	-4.87466999560851	-4.91617705500476	1_2
CB:Z:ATCGAGTCACAAGTGG-1_A619_2	CB:Z:ATCGAGTCACAAGTGG-1_A619_2	19211	8081	13258	445	0.0226393976393976	10914	4.03798394944713	0.420644422466295	0.690125448961532	0.0231638123991463	0.0650043650149063	0.29278354756373	4.12852787546827	1	0.00534539207115864	0.0341432742456753	1	13258	1	1.69565217391304	singlet	A619	A619_Re2	A619_Re2	-5.11890598804016	-3.24591900980823	1_2
CB:Z:GGACACCTCCTGGGAC-1_A619_2	CB:Z:GGACACCTCCTGGGAC-1_A619_2	19173	8488	14847	188	0.00971024223955374	10981	4.04064189154454	0.442705888489021	0.774370208105148	0.00980545558858812	0.125635318840993	0.527309450318194	4.13174169585171	1	0.00291872635577613	0.0301538989624692	1	14847	1	1.91304347826087	singlet	A619	A619_Re2	A619_Re2	-4.7949571278717	-4.4467661587035	1_2
CB:Z:AGATTCGTCGGATGTT-1_A619_2	CB:Z:AGATTCGTCGGATGTT-1_A619_2	19163	7749	11625	933	0.0464271496815287	11061	4.04379439232578	0.404373010488963	0.606637791577519	0.0486875750143506	0.020286066273263	0.0603653126980779	4.13555350622916	1	0.00188304202773469	0.0245126777586284	1	11625	1	0.956521739130435	singlet	A619	A619_Re2	A619_Re2	6.51278642147523	2.61470852219708	1_1
CB:Z:GAGCGCTAGGCTCCTG-1_A619_2	CB:Z:GAGCGCTAGGCTCCTG-1_A619_2	19129	6810	9981	662	0.0334495477742408	11169	4.04801429093805	0.35600397302525	0.521773223900883	0.0346071409901197	-0.112645302569302	-0.175886052354803	4.14065594852441	1	0.0105634810502875	0.01933861979883	1	9981	1	1.78260869565217	singlet	A619	A619_Re2	A619_Re2	3.16534689396363	2.05086077177174	1_4
CB:Z:AACGAGGGTAGTACAA-1_A619_2	CB:Z:AACGAGGGTAGTACAA-1_A619_2	19082	8070	12725	625	0.031714619170853	10905	4.03762566991472	0.422911644481711	0.666858819830206	0.0327533801488314	0.0712353123684739	0.228012429970819	4.12809466585647	1	0.00397653821554646	0.0320221221930872	1	12725	1	0.956521739130435	singlet	A619	A619_Re2	A619_Re2	-3.69214245349426	0.234595516558956	1_3
CB:Z:AACGAGGGTTTCCACC-1_A619_2	CB:Z:AACGAGGGTTTCCACC-1_A619_2	19069	8037	12352	493	0.0252019220938554	10866	4.0360697006977	0.421469400597829	0.647752897372699	0.0258534794692957	0.0672716309776043	0.174824151461232	4.12621328341758	1	0.00590561821037285	0.0279250326914592	1	12352	1	1.73913043478261	singlet	A619	A619_Re2	A619_Re2	-3.90035959750671	-0.907181283596683	1_3
CB:Z:CCGAAGCCAGGACCTC-1_A619_2	CB:Z:CCGAAGCCAGGACCTC-1_A619_2	19045	8419	14492	62	0.00324488407389962	10804	4.03358457551541	0.442058283013914	0.76093462851142	0.00325544762404831	0.12385552154111	0.489906631848777	4.12320842263675	1	0.00620595639512714	0.0294182526304449	1	14492	1	0.347826086956522	singlet	A619	A619_Re2	A619_Re2	-4.64147182971496	-1.75743462717884	1_3
CB:Z:TTCAACTGTATCACAC-1_A619_2	CB:Z:TTCAACTGTATCACAC-1_A619_2	19030	8640	14960	234	0.0121470099667774	10643	4.02706406215105	0.454019968470836	0.786127167630058	0.0122963741460851	0.156729510870453	0.560039219792953	4.1153242182437	1	0.00374518635070999	0.03390155403818	1	14960	1	1.17391304347826	singlet	A619	A619_Re2	A619_Re2	-4.39208075076599	-1.28917934573047	1_3
CB:Z:CTGTATTTCTTTATCG-1_A619_2	CB:Z:CTGTATTTCTTTATCG-1_A619_2	18946	7249	10264	845	0.0426961750290536	10946	4.03925544380649	0.382613744325979	0.541750237517154	0.0446004433653542	-0.0395143595306433	-0.120272775038559	4.13006528837637	1	-0.00308731382728012	0.0185020777631838	1	10264	1	1.43478260869565	singlet	A619	A619_Re2	A619_Re2	6.00857022732239	3.70825121724255	1_1
CB:Z:TCGCCTAAGATCGATA-1_A619_2	CB:Z:TCGCCTAAGATCGATA-1_A619_2	18936	8234	13769	437	0.022557167191452	10831	4.03466855583424	0.43483312209548	0.727133502323616	0.023077735530207	0.103998799527241	0.395808913321285	4.12451910508062	1	-0.000133763250153689	0.0301015877256517	1	13769	1	1.08695652173913	singlet	A619	A619_Re2	A619_Re2	-4.70951839953918	-3.37998463785999	1_2
CB:Z:GGGACCTCATTTGTTC-1_A619_2	CB:Z:GGGACCTCATTTGTTC-1_A619_2	18912	8313	14001	744	0.0378510378510378	10894	4.03718737093711	0.439562182741117	0.740323604060914	0.0393401015228426	0.11699555401994	0.432528354967374	4.12756470164482	1	0.000944066662059736	0.034374357982148	1	14001	1	0.695652173913043	singlet	A619	A619_Re2	A619_Re2	-4.9732789662506	-3.66912438547962	1_2
CB:Z:GTTATTCAGTCGAAAT-1_A619_2	CB:Z:GTTATTCAGTCGAAAT-1_A619_2	18876	8304	13865	778	0.0395848173399817	10652	4.0274311577669	0.439923712650985	0.734530620894257	0.0412163593981776	0.117989137277255	0.416401481075012	4.11576808772229	1	0.003781933960234	0.027570860123228	1	13865	1	1.30434782608696	singlet	A619	A619_Re2	A619_Re2	-4.07857033282775	-4.73749186671131	1_2
CB:Z:GGAGGATAGAGTTCGG-1_A619_2	CB:Z:GGAGGATAGAGTTCGG-1_A619_2	18863	7533	10558	979	0.0493397842959379	10942	4.03909671044145	0.399353231193341	0.559720086942692	0.0519005460425171	0.00649033726883228	-0.0702471686776734	4.12987335773778	1	0.000997348932179455	0.0195221619048437	1	10558	1	0.434782608695652	singlet	A619	A619_Re2	A619_Re2	6.33392718761902	3.78089986168988	1_1
CB:Z:CTCACCAAGTCGTATC-1_A619_2	CB:Z:CTCACCAAGTCGTATC-1_A619_2	18861	8466	13546	393	0.0204113430975382	10712	4.02987056400395	0.448862732622873	0.718201579979853	0.0208366470494672	0.142556013594888	0.370943661496742	4.11871766796174	1	0.000849289681211214	0.0325232960995468	1	13546	1	0.652173913043478	singlet	A619	A619_Re2	A619_Re2	-3.87113329440612	0.0617334636414759	1_3
CB:Z:CAGCCTTCACTGTCGG-1_A619_2	CB:Z:CAGCCTTCACTGTCGG-1_A619_2	18830	8215	12293	466	0.0241500829187396	10890	4.03702787975578	0.43627190653213	0.652841210833776	0.0247477429633563	0.107952973409174	0.188989321141668	4.12737185470129	1	-0.00650482852580813	0.0303610230225529	1	12293	1	1.26086956521739	singlet	A619	A619_Re2	A619_Re2	6.80746749371033	2.95824942910321	1_1
CB:Z:CCAGATAGTAAGTCTC-1_A619_2	CB:Z:CCAGATAGTAAGTCTC-1_A619_2	18826	8270	13034	417	0.0216702177415164	10707	4.02966780267532	0.439286093700202	0.692340380325082	0.0221502177839159	0.116236785682679	0.29894961395001	4.11847250141294	1	0.00224257267093552	0.0256637309698909	1	13034	1	1.17391304347826	singlet	A619	A619_Re2	A619_Re2	-3.85909029513854	-0.316111585262943	1_3
CB:Z:TCAATTCAGCTGAATA-1_A619_2	CB:Z:TCAATTCAGCTGAATA-1_A619_2	18794	8926	15158	373	0.0194605311211979	10471	4.01998815959129	0.474938810258593	0.806534000212834	0.019846759604129	0.214220220201475	0.616849054404457	4.10676847133712	1	0.00110339592150776	0.0346308924953982	1	15158	1	1.1304347826087	singlet	A619	A619_Re2	A619_Re2	-4.53443094760436	-0.564728042248417	1_3
CB:Z:GCGCCAAAGGAGTACC-1_A619_2	CB:Z:GCGCCAAAGGAGTACC-1_A619_2	18792	7150	9467	298	0.0156102671555788	10863	4.03594977953667	0.380481055768412	0.503778203490847	0.0158578118348233	-0.0453755720777184	-0.225981731298513	4.12606828211297	1	7.62555123411135e-05	0.026816910398401	1	9467	1	1.17391304347826	singlet	A619	A619_Re2	A619_Re2	6.09826520412903	3.79543099724896	1_1
CB:Z:ACTGCGGGTGACAAGC-1_A619_2	CB:Z:ACTGCGGGTGACAAGC-1_A619_2	18733	6672	9704	844	0.0431118148848138	11036	4.04281169180715	0.356162921048417	0.518016334810228	0.0450541824587626	-0.112208469847329	-0.186344718442652	4.13436528510099	1	0.000252544204767176	0.0193322359773853	1	9704	1	1	singlet	A619	A619_Re2	A619_Re2	5.38646152943116	2.87655268036969	1_1
CB:Z:GAGATTCAGAACTCCT-1_A619_2	CB:Z:GAGATTCAGAACTCCT-1_A619_2	18733	5974	8000	880	0.0448681996634885	11135	4.04669022137006	0.318902471574227	0.427053862168366	0.0469759248385203	-0.214610394963351	-0.439571818026895	4.13905496490221	1	0.00138845836417724	0.017008253427328	1	8000	1	1.26086956521739	singlet	A619	A619_Re2	A619_Re2	3.14148131340485	2.0587581487859	1_4
CB:Z:GCTTAAGTCCTCCATG-1_A619_2	CB:Z:GCTTAAGTCCTCCATG-1_A619_2	18724	8121	13993	700	0.0360378912685338	10733	4.03072112936046	0.433721427045503	0.74732963042085	0.0373851741080966	0.100943556907626	0.452032175424438	4.11974611936512	1	-0.000310991276397397	0.0311870143071026	1	13993	1	1.69565217391304	singlet	A619	A619_Re2	A619_Re2	-4.8416609433319	-3.71495082056873	1_2
CB:Z:GATCGTAAGTGCTAGG-1_A619_2	CB:Z:GATCGTAAGTGCTAGG-1_A619_2	18611	7688	12438	927	0.0474460026614802	10716	4.03003270493617	0.413089033367363	0.668314437698135	0.0498092525925528	0.0442400854732123	0.232064671297305	4.11891371882133	1	0.00213274152996599	0.0273239473091752	1	12438	1	1.39130434782609	singlet	A619	A619_Re2	A619_Re2	-5.02586599856872	-4.71636702692859	1_2
CB:Z:GGATAGGTCACAAGCT-1_A619_2	CB:Z:GGATAGGTCACAAGCT-1_A619_2	18586	6911	9366	369	0.0194671590609338	10643	4.02706406215105	0.371839018616163	0.503927687506725	0.0198536532874206	-0.069126258228929	-0.225565588215814	4.1153242182437	1	0.00705518805844215	0.0201490448584491	1	9366	1	0.652173913043478	singlet	A619	A619_Re2	A619_Re2	5.29092958897095	3.12785826050885	1_1
CB:Z:GGGTCTGTCTTCCAGC-1_A619_2	CB:Z:GGGTCTGTCTTCCAGC-1_A619_2	18561	8383	13358	899	0.0461973278520041	10727	4.03047828062241	0.451645924249771	0.719681051667475	0.0484348903615107	0.150204986824763	0.375062308599142	4.11945248158226	1	0.00168662129821987	0.0330577626266741	1	13358	1	0.782608695652174	singlet	A619	A619_Re2	A619_Re2	-4.00623842746276	0.19605229222424	1_3
CB:Z:CATTCATAGCTGAATA-1_A619_2	CB:Z:CATTCATAGCTGAATA-1_A619_2	18536	6073	7839	910	0.046796256299496	10865	4.03602973065654	0.327632714717307	0.422906776003453	0.0490936555891239	-0.190617294579483	-0.451116739473805	4.12616495409802	1	-0.000146187355138329	0.0161325187318526	1	7839	1	1.26086956521739	singlet	A619	A619_Re2	A619_Re2	3.31112817257386	2.20030496441967	1_4
CB:Z:TCTAGTTGTCCATTGA-1_A619_2	CB:Z:TCTAGTTGTCCATTGA-1_A619_2	18525	6234	7268	544	0.0285279773454298	10981	4.04064189154454	0.336518218623482	0.392334682860999	0.0293657219973009	-0.166197495074688	-0.536225271045539	4.13174169585171	1	0.00694604094927746	0.0155175611421332	1	7268	1	1.39130434782609	singlet	A619	A619_Re2	A619_Re2	3.29783550232392	2.21890974962361	1_4
CB:Z:AGCTGTAAGTTAGCAA-1_A619_2	CB:Z:AGCTGTAAGTTAGCAA-1_A619_2	18490	8009	14275	931	0.047937799289429	10306	4.01309013812506	0.433153055705787	0.77203893996755	0.0503515413737155	0.0993815167232207	0.520819518243003	4.09842780732674	1	0.00605109618478653	0.0352517232614704	1	14275	1	2	singlet	A619	A619_Re2	A619_Re2	-4.61791655093688	-2.76581074869983	1_2
CB:Z:GCTGTTCGTAAGGTCG-1_A619_2	CB:Z:GCTGTTCGTAAGGTCG-1_A619_2	18441	8047	12157	608	0.0319176859677673	10538	4.02275819423677	0.436364622308985	0.65923756846158	0.0329700124722087	0.108207781769585	0.206795907121027	4.11011782714708	1	0.000646140666178942	0.025184966344364	1	12157	1	0.826086956521739	singlet	A619	A619_Re2	A619_Re2	-3.49889418155212	0.236923912402462	1_3
CB:Z:GCGCATGGTGTCGTCG-1_A619_2	CB:Z:GCGCATGGTGTCGTCG-1_A619_2	18429	5819	8688	919	0.0474984494521398	10958	4.03973129609869	0.315752346844647	0.471430896955885	0.0498670573552553	-0.223267800904953	-0.316032214484711	4.13064065975022	1	0.00600044584933406	0.0149860809946437	1	8688	1	0.521739130434783	singlet	A619	A619_Re2	A619_Re2	3.28180018394929	2.09279809319622	1_4
CB:Z:ATGTCGAAGTAGTCGG-1_A619_2	CB:Z:ATGTCGAAGTAGTCGG-1_A619_2	18425	8036	12050	350	0.018641810918775	10371	4.01582063426207	0.436146540027137	0.654002713704206	0.0189959294436906	0.107608431901021	0.192222786487271	4.10172935559996	1	0.000550610464171738	0.0376518683084467	1	12050	1	1.26086956521739	singlet	A619	A619_Re2	A619_Re2	-4.00127502948303	-3.99466492808216	1_2
CB:Z:TTTGGTTGTAGAAGCC-1_A619_2	CB:Z:TTTGGTTGTAGAAGCC-1_A619_2	18419	8337	13652	325	0.0173388817755015	10517	4.02189187391911	0.452630435962864	0.741191161300831	0.0176448232803084	0.152910694784348	0.434943515826649	4.10907032581204	1	0.00044940785291385	0.0357242796950203	1	13652	1	1.17391304347826	singlet	A619	A619_Re2	A619_Re2	-4.25119015246887	-3.91755463755481	1_2
CB:Z:GTTATGGAGAGTTTGA-1_A619_2	CB:Z:GTTATGGAGAGTTTGA-1_A619_2	18409	8640	13569	587	0.0309012423668141	10303	4.01296369982578	0.469335651040252	0.737085121408007	0.0318865772176653	0.198821203313953	0.423512861594869	4.09827492589871	1	0.00105777777867526	0.0311212074897137	1	13569	1	1.08695652173913	singlet	A619	A619_Re2	A619_Re2	-4.28992506534118	-4.6399224010741	1_2
CB:Z:AATGGAAGTTACGGAG-1_A619_2	CB:Z:AATGGAAGTTACGGAG-1_A619_2	18402	6243	7370	236	0.0126623028221912	10838	4.03494914667637	0.339256602543202	0.400499945658081	0.0128246929681556	-0.15867166570217	-0.513494294683573	4.12485837829832	1	0.0015107966973864	0.00805623020165731	1	7370	1	0.956521739130435	singlet	A619	A619_Re2	A619_Re2	3.46423986881714	1.66868414902337	1_4
CB:Z:TTGCACCCAGGGAGTT-1_A619_2	CB:Z:TTGCACCCAGGGAGTT-1_A619_2	18380	7583	12710	620	0.0326315789473684	10576	4.02432144214156	0.412568008705114	0.691512513601741	0.0337323177366703	0.042808166932235	0.296644946067691	4.11200801052831	1	0.00164415099777459	0.029283681476304	1	12710	1	1.8695652173913	singlet	A619	A619_Re2	A619_Re2	-4.54571148425598	-4.41240002787464	1_2
CB:Z:TTACCGCAGTCTGCTA-1_A619_2	CB:Z:TTACCGCAGTCTGCTA-1_A619_2	18362	5786	7347	781	0.0407982029984851	10682	4.02865257363312	0.315107286787932	0.400119812656573	0.0425334930835421	-0.225040602697612	-0.514552533038712	4.11724494879136	1	0.00446871235698256	0.0173362758518964	1	7347	1	0.782608695652174	singlet	A619	A619_Re2	A619_Re2	4.0910361143921	2.80302009904034	1_1
CB:Z:CGATGATGTCACCCGA-1_A619_2	CB:Z:CGATGATGTCACCCGA-1_A619_2	18361	7386	10622	746	0.0390432825665986	10591	4.02493696803744	0.402265671804368	0.578508795817221	0.0406295953379446	0.0144945221233866	-0.0179419694559873	4.1127522666476	1	-0.000821695561225937	0.0264050927804681	1	10622	1	1.65217391304348	singlet	A619	A619_Re2	A619_Re2	6.25588372677308	3.41795001351483	1_1
CB:Z:GTGTCAAGTAGCGGTA-1_A619_2	CB:Z:GTGTCAAGTAGCGGTA-1_A619_2	18348	8038	12789	398	0.0212311959884775	10308	4.01317440987887	0.438085894920427	0.69702419882276	0.0216917375190756	0.112938310562138	0.311988724900915	4.09852970355707	1	0.0039788831154303	0.0288577894430894	1	12789	1	1.69565217391304	singlet	A619	A619_Re2	A619_Re2	-3.5874466565277	0.224645593997311	1_3
CB:Z:CATGTTTTCATCGCAA-1_A619_2	CB:Z:CATGTTTTCATCGCAA-1_A619_2	18249	8460	13690	506	0.0269794721407625	10225	4.00966331667938	0.463587045865527	0.750178091950244	0.0277275467148885	0.183022461083762	0.459961903260725	4.09428430524547	1	-0.003587093392747	0.0285917592805424	1	13690	1	1.04347826086957	singlet	A619	A619_Re2	A619_Re2	-4.68190189868469	-1.76614215052478	1_3
CB:Z:TCAGTCCTCGCAAACT-1_A619_2	CB:Z:TCAGTCCTCGCAAACT-1_A619_2	18225	7444	11534	529	0.0282073157726352	10360	4.01535975540921	0.408449931412894	0.632866941015089	0.0290260631001372	0.0314905621139679	0.133383682183131	4.10117208918959	1	0.0018808689309558	0.0220133738194311	1	11534	1	1.34782608695652	singlet	A619	A619_Re2	A619_Re2	-3.52394434482116	0.0604462417329066	1_3
CB:Z:TGGCGCACAAGGAAGA-1_A619_2	CB:Z:TGGCGCACAAGGAAGA-1_A619_2	18217	5653	7911	413	0.0221685453569512	10578	4.02440356268297	0.310314541362464	0.434264697809738	0.0226711313608168	-0.238212380415938	-0.419497836504508	4.11210730564467	1	0.00367626306199864	0.0177119195958934	1	7911	1	1.60869565217391	singlet	A619	A619_Re2	A619_Re2	2.97813025444489	1.956752026316	1_4
CB:Z:GGTGAAGAGGTGTCGA-1_A619_2	CB:Z:GGTGAAGAGGTGTCGA-1_A619_2	18214	7930	13037	915	0.0478331329395159	10319	4.01363761245353	0.435379378500055	0.715768090479851	0.0502360821346217	0.105500061810033	0.364169159110682	4.09908977966917	1	0.00481432823542966	0.0272480566655235	1	13037	1	1	singlet	A619	A619_Re2	A619_Re2	-4.40707870990295	-4.36920907175891	1_2
CB:Z:TTCATCAGTGAGGGTT-1_A619_2	CB:Z:TTCATCAGTGAGGGTT-1_A619_2	18213	8163	14528	659	0.0349194573972022	10034	4.00147409669173	0.44819634327129	0.797671992532806	0.0361829462471861	0.140724593055364	0.592178435454352	4.08438240326409	1	0.00705746802526512	0.0353133559106775	1	14528	1	1.30434782608696	singlet	A619	A619_Re2	A619_Re2	-4.82478758365173	-1.85189320719593	1_3
CB:Z:GAAAGTATCTAGCTGA-1_A619_2	CB:Z:GAAAGTATCTAGCTGA-1_A619_2	18163	7760	12669	618	0.0329055960811458	10428	4.01820102249629	0.427242195672521	0.697516930022573	0.0340252160986621	0.0831368536813254	0.313360421260739	4.10460757489416	1	0.00693228492519926	0.0392566151807853	1	12669	1	1.34782608695652	singlet	A619	A619_Re2	A619_Re2	-4.5974850323822	-4.47322919047229	1_2
CB:Z:GAGACTTCACTCAGCG-1_A619_2	CB:Z:GAGACTTCACTCAGCG-1_A619_2	18160	6992	9075	580	0.0309498399146211	10559	4.02362278987901	0.385022026431718	0.499724669603524	0.0319383259911894	-0.0328957403961381	-0.237266215982594	4.11116324311049	1	0.00164916015124694	0.0174639901729183	1	9075	1	1.08695652173913	singlet	A619	A619_Re2	A619_Re2	4.38972214191895	3.2065450938905	1_1
CB:Z:CCTGGGAAGTACGCGA-1_A619_2	CB:Z:CCTGGGAAGTACGCGA-1_A619_2	18128	7985	12753	645	0.0343578543653119	10412	4.0175341594372	0.440478817299206	0.703497352162401	0.0355803177405119	0.119514716958144	0.330009099652766	4.10380124502928	1	-0.000592409039086524	0.0323017565441336	1	12753	1	1.73913043478261	singlet	A619	A619_Re2	A619_Re2	-4.50930639773864	-4.96707274592273	1_2
CB:Z:CACCTTGTCCGATTGA-1_A619_2	CB:Z:CACCTTGTCCGATTGA-1_A619_2	18112	6100	7183	615	0.032840284081807	10564	4.02382839253489	0.336793286219081	0.396587897526502	0.0339553886925795	-0.165441533949046	-0.524384902348714	4.11141184521773	1	-0.00185224098460187	0.0114905324405198	1	7183	1	1.21739130434783	singlet	A619	A619_Re2	A619_Re2	5.32817676990967	2.99982545697338	1_1
CB:Z:TGAATCGAGGCTGGAT-1_A619_2	CB:Z:TGAATCGAGGCTGGAT-1_A619_2	18085	7767	12852	694	0.0369561744501837	10223	4.00957836079454	0.429471938070224	0.710644180259884	0.0383743433784905	0.0892647967754029	0.349904892915535	4.09418158180592	1	0.00492516940100406	0.0302959897489756	1	12852	1	1	singlet	A619	A619_Re2	A619_Re2	-4.3093065884735	-2.0600724426543	1_2
CB:Z:ACGGATTTCGGATAAA-1_A619_2	CB:Z:ACGGATTTCGGATAAA-1_A619_2	18083	6670	8569	443	0.0239123394148764	10655	4.02755345405022	0.368854725432727	0.47387048609191	0.0244981474312891	-0.0773279136412219	-0.309240731545092	4.11591596087895	1	0.0045834203179325	0.0220297529616524	1	8569	1	1	singlet	A619	A619_Re2	A619_Re2	3.56729212730866	2.24236972057469	1_4
CB:Z:CACCTGTGTGAATGGC-1_A619_2	CB:Z:CACCTGTGTGAATGGC-1_A619_2	18057	7233	11197	676	0.0360860513532269	10309	4.01321653962444	0.400564877886692	0.62009193110705	0.0374370050395968	0.0098202743927931	0.0978197994937331	4.0985806442586	1	0.00766512195894988	0.0157924446508932	1	11197	1	1.08695652173913	singlet	A619	A619_Re2	A619_Re2	6.70031693905335	2.6947789581979	1_1
CB:Z:ACTTCCGAGTCATCTG-1_A619_2	CB:Z:ACTTCCGAGTCATCTG-1_A619_2	18050	5324	6745	932	0.0490991465598989	10619	4.02608362080099	0.294958448753463	0.373684210526316	0.0516343490304709	-0.280415130721215	-0.588145638621546	4.11413872876345	1	0.00769041076605611	0.0108718168717649	1	6745	1	0.956521739130435	singlet	A619	A619_Re2	A619_Re2	5.16378501385193	3.26139626824505	1_1
CB:Z:TGCGTAAGTAGCGAGT-1_A619_2	CB:Z:TGCGTAAGTAGCGAGT-1_A619_2	17918	5706	7723	887	0.0471683063015156	10631	4.02657411815033	0.318450719946423	0.431019086951669	0.0495032927782119	-0.215851932223752	-0.42853317382657	4.11473180804117	1	0.00174582704061358	0.0153983717260165	1	7723	1	0.782608695652174	singlet	A619	A619_Re2	A619_Re2	5.94490960567933	3.39150760495312	1_1
CB:Z:ACTATTCCAACACGGA-1_A619_2	CB:Z:ACTATTCCAACACGGA-1_A619_2	17890	6053	7987	256	0.0141077923509313	10626	4.02636981157372	0.338345444382336	0.446450531022918	0.0143096702068195	-0.161175778000182	-0.385574141259985	4.11448477307339	1	0.000619965822010241	0.0175489664038063	1	7987	1	1.34782608695652	singlet	A619	A619_Re2	A619_Re2	3.19594517677765	2.03239029073365	1_4
CB:Z:GCGGAAACAGCACATT-1_A619_2	CB:Z:GCGGAAACAGCACATT-1_A619_2	17846	6922	9403	748	0.0402280305474884	10272	4.01165501072478	0.38787403339684	0.526896783592962	0.0419141544323658	-0.0250576437603191	-0.16162276198142	4.09669253939282	1	0.00179631449839523	0.0215558082280089	1	9403	1	1.26086956521739	singlet	A619	A619_Re2	A619_Re2	4.08482578724366	2.72969291531689	1_4
CB:Z:TGACTCCCATGTATCG-1_A619_2	CB:Z:TGACTCCCATGTATCG-1_A619_2	17804	7764	12747	749	0.0403708295154422	9985	3.99934806920672	0.436081779375421	0.71596270501011	0.0420691979330488	0.107430451884649	0.364710939381196	4.08181174136979	1	0.00641618868884163	0.0441518777652478	1	12747	1	0.782608695652174	singlet	A619	A619_Re2	A619_Re2	-4.01437803775329	-0.281929036739994	1_3
CB:Z:TTGACGATCCGTGCGA-1_A619_2	CB:Z:TTGACGATCCGTGCGA-1_A619_2	17780	7468	10966	478	0.0261803045240443	10344	4.01468851187234	0.420022497187852	0.616760404949381	0.0268841394825647	0.0632951439322384	0.088545285712462	4.10036046271994	1	0.000831946001665148	0.023361514661802	1	10966	1	1.56521739130435	singlet	A619	A619_Re2	A619_Re2	-3.35734507113952	-0.186717530850101	1_3
CB:Z:TCACAGAGTTGGTAAA-1_A619_2	CB:Z:TCACAGAGTTGGTAAA-1_A619_2	17740	7911	13434	445	0.0244707176244157	9960	3.9982593384237	0.445941375422773	0.757271702367531	0.0250845546786922	0.134527323510273	0.479709545770649	4.0804953149563	1	0.00205704798263628	0.0361281966923458	1	13434	1	1	singlet	A619	A619_Re2	A619_Re2	-4.47011992007751	-1.23707201159351	1_3
CB:Z:TCTCTGGGTAACGGCA-1_A619_2	CB:Z:TCTCTGGGTAACGGCA-1_A619_2	17688	8288	14165	402	0.0222222222222222	9905	3.99585447987457	0.468566259611036	0.800825418362732	0.0227272727272727	0.196706704840871	0.600957142249297	4.07758750765981	1	0.00414686767969799	0.0325600802527737	1	14165	1	0.347826086956522	singlet	A619	A619_Re2	A619_Re2	-4.91032024890441	-3.79031827128284	1_2
CB:Z:CGCTATCCACGCTAAT-1_A619_2	CB:Z:CGCTATCCACGCTAAT-1_A619_2	17651	7594	12843	321	0.0178611172935678	10104	4.00449333754727	0.430230581836723	0.727607500991445	0.0181859384737409	0.0913497577263061	0.397128460870675	4.08803308392169	1	0.00429515296335871	0.0271799726206802	1	12843	1	0.956521739130435	singlet	A619	A619_Re2	A619_Re2	-4.55056902438659	-2.45868088877552	1_2
CB:Z:GAGGCTCTCCGAGGAA-1_A619_2	CB:Z:GAGGCTCTCCGAGGAA-1_A619_2	17628	5706	6743	774	0.042060645582002	10459	4.01949016299751	0.323689584751532	0.382516451100522	0.0439074200136147	-0.201454096206306	-0.563557887228262	4.1061663244335	1	0.000197216740147521	0.0175575434898731	1	6743	1	0.956521739130435	singlet	A619	A619_Re2	A619_Re2	5.15666583507996	3.40686414563305	1_1
CB:Z:ACGTGGCCACTAGCCG-1_A619_2	CB:Z:ACGTGGCCACTAGCCG-1_A619_2	17543	8041	13293	640	0.0351977121487103	9935	3.99716787144583	0.458359459613521	0.757738129168329	0.0364817876075928	0.168655621620747	0.481008014276442	4.07917558010401	1	0.000948951260368612	0.0328176892488184	1	13293	1	1.60869565217391	singlet	A619	A619_Re2	A619_Re2	-4.83258482486267	-2.74512030756824	1_2
CB:Z:AACAAAGTCGCCAGAC-1_A619_2	CB:Z:AACAAAGTCGCCAGAC-1_A619_2	17541	7871	13325	860	0.0467365904026955	9889	3.99515237689145	0.448720141383045	0.75964882275811	0.0490279915626247	0.142164133795555	0.486327124255336	4.07673856784258	1	0.00312063818271711	0.0252543944434828	1	13325	1	1.65217391304348	singlet	A619	A619_Re2	A619_Re2	-4.49809595614929	-1.90573694384449	1_3
CB:Z:TACATGGTCGATCGCG-1_A619_2	CB:Z:TACATGGTCGATCGCG-1_A619_2	17520	7047	9636	773	0.0422566008855847	9733	3.98824672337538	0.40222602739726	0.55	0.04412100456621	0.014385568429451	-0.0973065630929458	4.06838867562614	1	-0.0010474199560298	0.0238847592837123	1	9636	1	0.956521739130435	singlet	A619	A619_Re2	A619_Re2	2.93532732456666	1.8211684016066	1_4
CB:Z:CGCGCAATCGGTCAGC-1_A619_2	CB:Z:CGCGCAATCGGTCAGC-1_A619_2	17503	6007	8224	675	0.0371327978875564	10399	4.0169915782062	0.343198308861338	0.469862309318403	0.038564817459864	-0.147838776649161	-0.320398948219481	4.10314518911988	1	0.000634963408256293	0.0193218048632006	1	8224	1	1.43478260869565	singlet	A619	A619_Re2	A619_Re2	5.03505352467042	3.34577665650494	1_1
CB:Z:GCCCAGAGTTATCGAC-1_A619_2	CB:Z:GCCCAGAGTTATCGAC-1_A619_2	17420	8109	12944	370	0.0207982012366498	9965	3.99847730303651	0.465499425947187	0.743053960964409	0.021239954075775	0.188278205570988	0.440129295656663	4.08075886438282	1	0.00127939638781046	0.0236032814018031	1	12944	1	1.04347826086957	singlet	A619	A619_Re2	A619_Re2	-4.29758736163635	-4.46965291178577	1_2
CB:Z:CAAAGCTAGCCATGGA-1_A619_2	CB:Z:CAAAGCTAGCCATGGA-1_A619_2	17413	7725	12972	733	0.0403945773173151	9942	3.99747375880298	0.443634066502039	0.744960661574686	0.0420949865043358	0.128186206356432	0.445437289726008	4.07954544031443	1	-0.00075626455864985	0.0290179450347482	1	12972	1	1.1304347826087	singlet	A619	A619_Re2	A619_Re2	-4.96984430820007	-3.65123536265247	1_2
CB:Z:GTGGCGTAGACTTGAA-1_A619_2	CB:Z:GTGGCGTAGACTTGAA-1_A619_2	17376	7593	13096	912	0.0498687664041995	9857	3.99374475655446	0.436982044198895	0.753683241252302	0.0524861878453039	0.10990462630656	0.46971976016139	4.07503655976062	1	0.000360168337350333	0.0255183804844182	1	13096	1	1.95652173913043	singlet	A619	A619_Re2	A619_Re2	-4.943528142276	-4.71074702418201	1_2
CB:Z:CTCTACGCAGTGCTCG-1_A619_2	CB:Z:CTCTACGCAGTGCTCG-1_A619_2	17361	7991	13455	693	0.0383848454636092	9814	3.9918460536449	0.460284545821093	0.775012960082945	0.039917055469155	0.173946286023662	0.529098784033101	4.07274076478495	1	0.00315950189437994	0.0344957262828572	1	13455	1	1.82608695652174	singlet	A619	A619_Re2	A619_Re2	-5.00374504596252	-4.20574166453235	1_2
CB:Z:TAGCCCTGTGCATTCA-1_A619_2	CB:Z:TAGCCCTGTGCATTCA-1_A619_2	17357	5351	6528	456	0.0255992814236793	10330	4.01410032151962	0.308290603214841	0.376101860920666	0.0262718211672524	-0.243774717037128	-0.581415230142212	4.09964925906101	1	0.00556868907016079	0.0127938085198239	1	6528	1	0.91304347826087	singlet	A619	A619_Re2	A619_Re2	3.30458084076386	2.03128991448529	1_4
CB:Z:CCTTGCAAGAACGTCG-1_A619_2	CB:Z:CCTTGCAAGAACGTCG-1_A619_2	17267	7387	13099	561	0.0314673547229078	9891	3.99524020186282	0.427810273932936	0.758614698557943	0.0324897202756704	0.0846980884035019	0.483448263729534	4.07684476040539	1	0.0066192515392121	0.0348238776045418	1	13099	1	1.17391304347826	singlet	A619	A619_Re2	A619_Re2	-5.12297340899963	-2.91940762675159	1_2
CB:Z:GTGCTGGGTATTGTGC-1_A619_2	CB:Z:GTGCTGGGTATTGTGC-1_A619_2	17199	6689	10085	363	0.0206696276050564	10100	4.00432137378264	0.388917960346532	0.586371300657015	0.0211058782487354	-0.0221886464498325	0.00394617010555477	4.08782515589628	1	0.00617595240444447	0.0265340551551774	1	10085	1	0.869565217391304	singlet	A619	A619_Re2	A619_Re2	-3.65344282657165	0.079437354441952	1_3
CB:Z:AGACAAAGTGAATCGG-1_A619_2	CB:Z:AGACAAAGTGAATCGG-1_A619_2	17188	6822	9519	864	0.047861732771992	9929	3.99690551069567	0.396904817314405	0.553816616243891	0.0502676285780777	-0.00023857497516832	-0.0866816247684146	4.07885834959417	1	0.00196071684912688	0.0228455544293514	1	9519	1	1.1304347826087	singlet	A619	A619_Re2	A619_Re2	3.4455043408249	2.36225084387906	1_4
CB:Z:CCCGTTACACGACGAA-1_A619_2	CB:Z:CCCGTTACACGACGAA-1_A619_2	17183	7016	10701	320	0.0182825801291207	9696	3.98659260682221	0.408310539486702	0.622766688005587	0.0186230576732817	0.0311074749051671	0.105265957363432	4.06638861945474	1	0.00927860271156098	0.0241616348568893	1	10701	1	1.17391304347826	singlet	A619	A619_Re2	A619_Re2	-4.25460335284728	-0.342481872204471	1_3
CB:Z:AGACAAAAGGTCTTGT-1_A619_2	CB:Z:AGACAAAAGGTCTTGT-1_A619_2	17129	6826	9790	411	0.0234321550741163	9909	3.99602982841108	0.398505458579018	0.571545332477086	0.0239943954696713	0.00416042582137377	-0.0373273002794619	4.07779952834356	1	0.00373147578165998	0.0182393608812004	1	9790	1	1.65217391304348	singlet	A619	A619_Re2	A619_Re2	-2.7925099995758	-3.60751416361683	1_2
CB:Z:TCAATTCGTCAACTAC-1_A619_2	CB:Z:TCAATTCGTCAACTAC-1_A619_2	17106	7711	12741	825	0.0460097038648151	9681	3.98592022012357	0.450777504969017	0.744826376709926	0.0482286916871273	0.147818332680434	0.445063459004025	4.06557561074407	1	0.00438062264125634	0.031024486651003	1	12741	1	0.869565217391304	singlet	A619	A619_Re2	A619_Re2	-4.64630314380187	-4.76611735499256	1_2
CB:Z:GATGGCCAGACTTGAA-1_A619_2	CB:Z:GATGGCCAGACTTGAA-1_A619_2	17085	8088	13720	107	0.00622382503489995	9610	3.98272338766855	0.473397717295874	0.803043605501902	0.00626280362891425	0.209984874455725	0.60713227227021	4.0617101972287	1	0.00304261749221782	0.0378991293317947	1	13720	1	1.69565217391304	singlet	A619	A619_Re2	A619_Re2	-4.58020445376892	-2.10125019228809	1_2
CB:Z:AACAGTCAGGAGAACA-1_A619_2	CB:Z:AACAGTCAGGAGAACA-1_A619_2	17078	8293	12807	885	0.0492679396537327	9591	3.98186389099135	0.485595502986298	0.749912167701136	0.051821056329781	0.243507731921988	0.459221606472886	4.06067094662074	1	-0.0010640956934603	0.0272942660540521	1	12807	1	0.869565217391304	singlet	A619	A619_Re2	A619_Re2	-4.01945301562805	-1.70336105502002	1_3
CB:Z:AACATCGTCGAGGCTC-1_A619_2	CB:Z:AACATCGTCGAGGCTC-1_A619_2	16971	6995	11366	456	0.0261662936822172	9768	3.98980565093683	0.412173708090272	0.669730717105651	0.0268693653880148	0.0417245207979531	0.236007399723103	4.07027363511347	1	0.00178666467790691	0.0234445699281335	1	11366	1	1.73913043478261	singlet	A619	A619_Re2	A619_Re2	-3.80932327777404	-4.39155795252674	1_2
CB:Z:CACTGAAAGAGCGAAA-1_A619_2	CB:Z:CACTGAAAGAGCGAAA-1_A619_2	16932	7184	10892	547	0.0312946964929344	9679	3.98583048985839	0.424285376801323	0.643278998346327	0.032305693361682	0.075010705207464	0.162369427646263	4.06546711441696	1	0.00562586603693831	0.0227531246995403	1	10892	1	0.782608695652174	singlet	A619	A619_Re2	A619_Re2	3.30796888798218	2.23459369861729	1_4
CB:Z:CTTCTAAAGAGCTACG-1_A619_2	CB:Z:CTTCTAAAGAGCTACG-1_A619_2	16909	6403	8396	761	0.0430673457838144	9684	3.9860547807697	0.378674078892897	0.496540303980129	0.0450056183097759	-0.0503416396722874	-0.246131054936599	4.06573831321518	1	0.0133573902894244	0.0235989597124982	1	8396	1	1.78260869565217	singlet	A619	A619_Re2	A619_Re2	4.55524996250611	3.52339897477276	1_1
CB:Z:GAACGTTAGCAATAAC-1_A619_2	CB:Z:GAACGTTAGCAATAAC-1_A619_2	16855	6691	8984	537	0.030876264949402	9603	3.98240692886379	0.39697419163453	0.533016908929101	0.0318599822011273	-4.79153337897876e-05	-0.144585168972439	4.06132755467294	1	0.00776727711562135	0.0165418385297551	1	8984	1	1.91304347826087	singlet	A619	A619_Re2	A619_Re2	5.73389247387391	3.27883837544567	1_1
CB:Z:AGCGTGCAGTGCAACG-1_A619_2	CB:Z:AGCGTGCAGTGCAACG-1_A619_2	16844	8047	12998	699	0.0398449524026677	9533	3.97922959302216	0.477736879601045	0.771669437188316	0.0414984564236523	0.221910081470423	0.519790872974727	4.05748571526536	1	-0.00293292712237664	0.0288774973069976	1	12998	1	0.739130434782609	singlet	A619	A619_Re2	A619_Re2	-4.83630177051086	-2.20148780024402	1_3
CB:Z:AACTTGGTCGCGGCAT-1_A619_2	CB:Z:AACTTGGTCGCGGCAT-1_A619_2	16785	7406	12871	630	0.0361757105943152	9308	3.96885637461469	0.441227286267501	0.766815609174858	0.0375335120643432	0.121571714775524	0.506278478752904	4.0449430564948	1	0.0047877322637854	0.0332141890600264	1	12871	1	1	singlet	A619	A619_Re2	A619_Re2	-4.34464832812805	-0.895117065075565	1_3
CB:Z:CAGCTAACATGGGTGA-1_A619_2	CB:Z:CAGCTAACATGGGTGA-1_A619_2	16778	7771	12517	418	0.0243079785996743	9466	3.97616650013198	0.463166050780784	0.746036476338062	0.0249135773036119	0.181865451231482	0.448432211085415	4.05378201142004	1	0.00235166938205769	0.0292090268585323	1	12517	1	1.04347826086957	singlet	A619	A619_Re2	A619_Re2	-5.00825926333923	-4.4545819965636	1_2
CB:Z:GAAACAAGTATTGTCG-1_A619_2	CB:Z:GAAACAAGTATTGTCG-1_A619_2	16759	7001	11679	631	0.0362852213916044	9675	3.98565097369095	0.417745688883585	0.696879288740378	0.0376514111820514	0.0570378508301102	0.311585315024334	4.06525005448979	1	0.00197694964551567	0.0281923776232188	1	11679	1	0.956521739130435	singlet	A619	A619_Re2	A619_Re2	-5.16400858432311	-4.10104109919422	1_2
CB:Z:CGCACAGCAGGTCTGC-1_A619_2	CB:Z:CGCACAGCAGGTCTGC-1_A619_2	16749	5978	7627	226	0.0133136966126657	9902	3.99572292199547	0.356916830855573	0.455370469878799	0.0134933428861425	-0.110136519113881	-0.360742249828924	4.07742843595021	1	0.00641368163572571	0.0163133096753437	1	7627	1	1.69565217391304	singlet	A619	A619_Re2	A619_Re2	3.06737771957856	2.09359986507542	1_4
CB:Z:ACCAAACGTGCGTTTA-1_A619_2	CB:Z:ACCAAACGTGCGTTTA-1_A619_2	16705	7393	11813	306	0.0179883604726354	9498	3.977632165246	0.442562107153547	0.707153546842263	0.0183178689015265	0.125240168332717	0.340187446254469	4.05555420368237	1	0.00528539774438972	0.0325702529266732	1	11813	1	1.52173913043478	singlet	A619	A619_Re2	A619_Re2	-3.71303888827819	-0.0349424091612585	1_3
CB:Z:GGTAGGAGTGCCGGTT-1_A619_2	CB:Z:GGTAGGAGTGCCGGTT-1_A619_2	16702	5544	6359	710	0.0407764759935677	9916	3.99633651809578	0.331936295054485	0.380732846365705	0.0425098790564004	-0.178789876562861	-0.568523199193568	4.0781703586792	1	0.000727819572900672	0.0149720084159788	1	6359	1	1.1304347826087	singlet	A619	A619_Re2	A619_Re2	5.0868640276764	3.25211391770489	1_1
CB:Z:ACTATTCTCAATGCAC-1_A619_2	CB:Z:ACTATTCTCAATGCAC-1_A619_2	16688	7422	12876	205	0.0121352039306222	9585	3.98159211721408	0.444750719079578	0.771572387344199	0.012284276126558	0.131255073620232	0.51952069946441	4.06034233445649	1	-0.00186447761509989	0.0284287146218049	1	12876	1	0.869565217391304	singlet	A619	A619_Re2	A619_Re2	-3.98378988772888	-0.257196685436893	1_3
CB:Z:TACTAGGCATTGAACC-1_A619_2	CB:Z:TACTAGGCATTGAACC-1_A619_2	16686	6575	9053	263	0.0155171396542569	9610	3.98272338766855	0.39404291022414	0.542550641256143	0.0157617164089656	-0.00810387986767576	-0.118044560353602	4.0617101972287	1	0.00134456768344864	0.0161823292886823	1	9053	1	1.08695652173913	singlet	A619	A619_Re2	A619_Re2	5.71720126598817	3.28366194092877	1_1
CB:Z:TTGTTCACAGAACGAC-1_A619_2	CB:Z:TTGTTCACAGAACGAC-1_A619_2	16627	6449	9731	275	0.0162702638740977	9810	3.99166900737995	0.387863114211824	0.585252901906538	0.0165393636855717	-0.0250876526727735	0.000832700742457334	4.07252669131223	1	0.00858253792162206	0.022235497058288	1	9731	1	1.65217391304348	singlet	A619	A619_Re2	A619_Re2	-3.09679838687438	-1.83465268290393	1_3
CB:Z:GCGAGAAGTGTGACCC-1_A619_2	CB:Z:GCGAGAAGTGTGACCC-1_A619_2	16621	7352	11700	714	0.0411883472743005	9536	3.97936624239616	0.442331989651645	0.703928764815595	0.0429577041092594	0.124607742381605	0.33121009355409	4.05765094329798	1	-0.00297200263440126	0.0261162235295714	1	11700	1	1.21739130434783	singlet	A619	A619_Re2	A619_Re2	-3.60610004931945	-0.122549912098575	1_3
CB:Z:ACAGAAAGTGCTTGAT-1_A619_2	CB:Z:ACAGAAAGTGCTTGAT-1_A619_2	16608	6805	10205	658	0.0381095795204448	9552	3.98009431378529	0.409742292870906	0.614462909441233	0.0396194605009634	0.0350423255283563	0.0821493720247723	4.05853128251729	1	0.00245698543272103	0.0212059099207332	1	10205	1	0.956521739130435	singlet	A619	A619_Re2	A619_Re2	6.06665805309754	3.85450265729077	1_1
CB:Z:AGCGATTTCTCCCTTT-1_A619_2	CB:Z:AGCGATTTCTCCCTTT-1_A619_2	16551	6433	9461	498	0.0292099243357382	9465	3.97612061829982	0.388677421303849	0.571627092018609	0.0300888163857169	-0.0228497136506824	-0.0370996928831144	4.05372653392579	1	0.00837504371586058	0.0257091850994447	1	9461	1	0.91304347826087	singlet	A619	A619_Re2	A619_Re2	-3.19981047183532	-0.935553571346927	1_4
CB:Z:CGCAGGTAGAATATCG-1_A619_2	CB:Z:CGCAGGTAGAATATCG-1_A619_2	16461	5732	7070	615	0.0360154602951511	9817	3.99197879099458	0.348216997752263	0.429500030374825	0.0373610351740477	-0.134046044375625	-0.432762019853799	4.07290126263797	1	0.00230780733084448	0.0190812932120372	1	7070	1	1.69565217391304	singlet	A619	A619_Re2	A619_Re2	5.33972028225403	3.43839106881268	1_1
CB:Z:CCCTAACAGATGCGCA-1_A619_2	CB:Z:CCCTAACAGATGCGCA-1_A619_2	16444	5166	6178	187	0.0112440622933077	9718	3.98757689472699	0.314157139382145	0.375699343225493	0.0113719289710533	-0.227651868124345	-0.582535784427069	4.06757875995276	1	0.00220881279663491	0.0117344497498968	1	6178	1	1	singlet	A619	A619_Re2	A619_Re2	4.7909062239502	3.40727637135632	1_1
CB:Z:ATGCATGAGGCAGATC-1_A619_2	CB:Z:ATGCATGAGGCAGATC-1_A619_2	16437	4956	6562	582	0.0341970738586286	9798	3.99113743512031	0.301514874977186	0.399221269088033	0.0354079211534952	-0.26239627489245	-0.517053955604559	4.07188394677503	1	0.00625090379523334	0.0133280315867403	1	6562	1	1.34782608695652	singlet	A619	A619_Re2	A619_Re2	3.20073607891541	2.10521284663327	1_4
CB:Z:GCACCTTCAATTGTGC-1_A619_2	CB:Z:GCACCTTCAATTGTGC-1_A619_2	16394	7121	11907	848	0.0491822294397402	9364	3.97146140502459	0.434366231548127	0.726302305721605	0.0517262413077955	0.102715656367617	0.393494975511566	4.04809289931453	1	0.0102357349467203	0.0330544953986581	1	11907	1	0.91304347826087	singlet	A619	A619_Re2	A619_Re2	-4.64353701144714	-3.45296361124866	1_2
CB:Z:AGGCCTGTCCTCTCTT-1_A619_2	CB:Z:AGGCCTGTCCTCTCTT-1_A619_2	16297	5566	6818	390	0.0233714867861209	9517	3.97850006931146	0.34153525188685	0.418359207216052	0.0239307848070197	-0.152409312919346	-0.463776549841177	4.056603619988	1	-0.00305882193418711	0.0175042543941517	1	6818	1	0.91304347826087	singlet	A619	A619_Re2	A619_Re2	4.5295696589325	3.08857713067181	1_1
CB:Z:TGTGACAAGGCAAGGG-1_A619_2	CB:Z:TGTGACAAGGCAAGGG-1_A619_2	16292	6738	10215	425	0.0254232218699527	9213	3.96440107116273	0.413577215811441	0.626994844095262	0.0260864227841886	0.04558174459936	0.117036566407815	4.03955597712153	1	0.00278246494510108	0.0257626287205835	1	10215	1	1.78260869565217	singlet	A619	A619_Re2	A619_Re2	-3.49146553546447	0.0352854522431605	1_3
CB:Z:AACTGGTAGAAGACTT-1_A619_2	CB:Z:AACTGGTAGAAGACTT-1_A619_2	16251	6429	10331	848	0.049593543482075	9455	3.97566153318106	0.395606424220048	0.635714725247677	0.0521814042212787	-0.0038069149790013	0.14131152451762	4.05317143638856	1	0.00198640992427722	0.0293389590429164	1	10331	1	1.91304347826087	singlet	A619	A619_Re2	A619_Re2	-4.59145351916808	-4.93765952265613	1_2
CB:Z:TCAAAGCTCAGGCCGT-1_A619_2	CB:Z:TCAAAGCTCAGGCCGT-1_A619_2	16240	5696	6738	648	0.0383704405495026	9460	3.97589113640179	0.350738916256158	0.414901477832512	0.0399014778325123	-0.127115121280792	-0.47340239616561	4.05344905850516	1	0.00150093942746418	0.0103417628672098	1	6738	1	1.47826086956522	singlet	A619	A619_Re2	A619_Re2	4.8804488512848	3.66500411355145	1_1
CB:Z:AGTGTACAGCTACGTT-1_A619_2	CB:Z:AGTGTACAGCTACGTT-1_A619_2	16188	7045	11305	210	0.0128064398097329	9215	3.96449533955509	0.435198912774895	0.698356807511737	0.0129725722757598	0.105004092546789	0.315698525474599	4.03966996067338	1	-0.000443653449954956	0.0295423349282938	1	11305	1	0.739130434782609	singlet	A619	A619_Re2	A619_Re2	-3.95538660556335	-0.280765315655399	1_3
CB:Z:ACAAACCAGGTGTCGA-1_A619_2	CB:Z:ACAAACCAGGTGTCGA-1_A619_2	16172	7202	11979	605	0.0360612743637122	9257	3.96647026372928	0.445337620578778	0.740724709374227	0.0374103388572842	0.13286803976046	0.433644977374046	4.04205791772216	1	-0.000228097375484344	0.0269868202702738	1	11979	1	0.434782608695652	singlet	A619	A619_Re2	A619_Re2	-4.25609585315246	-1.28261758959644	1_3
CB:Z:GTTATTCAGACACTTC-1_A619_2	CB:Z:GTTATTCAGACACTTC-1_A619_2	16153	6673	10160	505	0.0303157641973826	9351	3.9708580569965	0.413112115396521	0.628985327802885	0.0312635423760292	0.0443035212141831	0.122577801176528	4.04736336792524	1	0.00764554195531755	0.0298420298869881	1	10160	1	1.39130434782609	singlet	A619	A619_Re2	A619_Re2	-3.4438600209381	0.0139202865327113	1_3
CB:Z:TGGGTTAAGGGAGTTC-1_A619_2	CB:Z:TGGGTTAAGGGAGTTC-1_A619_2	16112	7114	12036	315	0.0191757472453887	9296	3.96829611504626	0.441534260178749	0.747020854021847	0.0195506454816286	0.12241536319941	0.451172584104318	4.04426562502523	1	0.00720862524058413	0.0362858157698394	1	12036	1	0.695652173913043	singlet	A619	A619_Re2	A619_Re2	-4.03314682513732	-0.990493318203617	1_3
CB:Z:TACATGGCACGTTGTA-1_A619_2	CB:Z:TACATGGCACGTTGTA-1_A619_2	16109	5357	7447	501	0.030162552679109	9444	3.97515597840669	0.332547023403067	0.462288161897076	0.0311006269787076	-0.177111427711592	-0.341484340113756	4.05256015059704	1	0.0021626838052863	0.0139719579421137	1	7447	1	0.956521739130435	singlet	A619	A619_Re2	A619_Re2	4.93795922726136	3.4818011316026	1_1
CB:Z:CCACAGGTCGAACCGC-1_A619_2	CB:Z:CCACAGGTCGAACCGC-1_A619_2	16049	5726	7791	571	0.0343561973525872	9537	3.97941178263444	0.35678235404075	0.485450806903857	0.0355785407190479	-0.11050609824982	-0.277002700120746	4.05770600775788	1	0.0012966334795071	0.0147630901893482	1	7791	1	1.95652173913043	singlet	A619	A619_Re2	A619_Re2	2.90957382648926	1.92851013862736	1_4
CB:Z:GGGTCTGGTTCAGTAC-1_A619_2	CB:Z:GGGTCTGGTTCAGTAC-1_A619_2	16004	6788	11194	215	0.0132560577100931	9324	3.96960226484854	0.424143964008998	0.699450137465634	0.0134341414646338	0.0746220641047805	0.318742206732075	4.04584494116703	1	0.00269709012242272	0.0250430755780628	1	11194	1	1.1304347826087	singlet	A619	A619_Re2	A619_Re2	-3.92193123370666	-4.63777281916492	1_2
CB:Z:AGGCGAAAGTGTCCCG-1_A619_2	CB:Z:AGGCGAAAGTGTCCCG-1_A619_2	15995	7197	12270	162	0.0100266138515814	9194	3.96350449941429	0.449953110346983	0.767114723351047	0.0101281650515786	0.145552670361734	0.507111171764439	4.03847189761386	1	0.00150075691610536	0.0304174036427953	1	12270	1	1	singlet	A619	A619_Re2	A619_Re2	-4.78761145144958	-2.76711299097889	1_2
CB:Z:TCAGGTACACCTCGTT-1_A619_2	CB:Z:TCAGGTACACCTCGTT-1_A619_2	15991	5772	7435	368	0.0224952625466104	9434	3.97469587190968	0.360953036082797	0.46494903383153	0.0230129447814396	-0.099043921164484	-0.334076836087565	4.05200381807194	1	0.000412900721329394	0.0104924855969107	1	7435	1	1.30434782608696	singlet	A619	A619_Re2	A619_Re2	3.58035710781556	2.3413147124017	1_4
CB:Z:GTGTGATGTGGTAGAC-1_A619_2	CB:Z:GTGTGATGTGGTAGAC-1_A619_2	15989	7009	12025	721	0.043147815679234	9099	3.95899366503033	0.438363875164175	0.752079554693852	0.0450935017824755	0.113702276443004	0.465255315824686	4.03301767364728	1	0.00119390367245512	0.0354311187348732	1	12025	1	0.695652173913043	singlet	A619	A619_Re2	A619_Re2	-4.80393644839782	-2.44243647730701	1_2
CB:Z:TGCACCTAGTTGCCGC-1_A619_2	CB:Z:TGCACCTAGTTGCCGC-1_A619_2	15980	5497	6796	628	0.0378131021194605	9534	3.97927514759102	0.343992490613267	0.425281602002503	0.0392991239048811	-0.14565614757632	-0.444505548261748	4.05754079705294	1	-0.00396764112258745	0.0223068608414252	1	6796	1	0.826086956521739	singlet	A619	A619_Re2	A619_Re2	4.68918326824647	3.04852352463848	1_1
CB:Z:CTCAGAAAGTGAAACT-1_A619_2	CB:Z:CTCAGAAAGTGAAACT-1_A619_2	15927	7283	11925	395	0.0242004656292121	8973	3.95293766775098	0.457273811766183	0.74872857411942	0.0248006529792177	0.165671963851335	0.455926643604357	4.02569513358241	1	-0.000899289037759743	0.03129923722375	1	11925	1	1.08695652173913	singlet	A619	A619_Re2	A619_Re2	-4.77604052096862	-4.77481057322376	1_2
CB:Z:CCATACCTCGCAGATT-1_A619_2	CB:Z:CCATACCTCGCAGATT-1_A619_2	15907	5233	6658	272	0.0168119166821188	9266	3.96689229586714	0.328974665241717	0.418557867605457	0.0170993902055699	-0.186929246822429	-0.463223506451413	4.04256821306998	1	0.0034033187716519	0.0206262123325817	1	6658	1	1.39130434782609	singlet	A619	A619_Re2	A619_Re2	5.61796215504151	3.76182732903607	1_1
CB:Z:CTCAACCCAAGCCTTA-1_A619_2	CB:Z:CTCAACCCAAGCCTTA-1_A619_2	15885	7107	10079	659	0.0398331721470019	8990	3.95375969173323	0.447403210576015	0.634497954044696	0.0414856783128738	0.138544847077666	0.137924199683108	4.02668907450851	1	0.00010613997920298	0.0187580709096289	1	10079	1	1.91304347826087	singlet	A619	A619_Re2	A619_Re2	3.11659601658326	1.82998431902587	1_4
CB:Z:AGCCGCAAGACTTGAA-1_A619_2	CB:Z:AGCCGCAAGACTTGAA-1_A619_2	15849	5551	7474	695	0.0420091876208897	9339	3.97030037540218	0.350242917534229	0.471575493722001	0.0438513470881444	-0.128478261680258	-0.315629676837816	4.04668905358369	1	-0.000706563991070975	0.0191835424514447	1	7474	1	1.34782608695652	singlet	A619	A619_Re2	A619_Re2	5.85822919338685	2.85668526017315	1_1
CB:Z:AACCTGAAGGCACCTC-1_A619_2	CB:Z:AACCTGAAGGCACCTC-1_A619_2	15848	7029	11536	420	0.0258175559380379	9157	3.96175321418678	0.443525996971227	0.72791519434629	0.0265017667844523	0.127889201672975	0.397985037143787	4.03635435104772	1	0.00296998951677679	0.0266608990391261	1	11536	1	1.1304347826087	singlet	A619	A619_Re2	A619_Re2	-4.47235485583801	-4.43209435618274	1_2
CB:Z:AATGTCGAGCCAGAAC-1_A619_2	CB:Z:AATGTCGAGCCAGAAC-1_A619_2	15841	7307	11385	798	0.0479596129575095	8961	3.95235647732379	0.461271384382299	0.718704627233129	0.0503756076005303	0.176658388799454	0.372344076340373	4.02499239380362	1	0.00996709873149388	0.031336791385717	1	11385	1	1.82608695652174	singlet	A619	A619_Re2	A619_Re2	-3.67730518847961	-0.316187879208256	1_3
CB:Z:CCGAAGCTCGGGAATG-1_A619_2	CB:Z:CCGAAGCTCGGGAATG-1_A619_2	15828	7011	11355	232	0.0144458281444583	9165	3.96213246929824	0.442949203942381	0.717399545109932	0.014657568865302	0.126304016379163	0.368710905966061	4.03681292304178	1	0.00307744239660409	0.030710552015254	1	11355	1	0.826086956521739	singlet	A619	A619_Re2	A619_Re2	-4.03255697757263	-2.29499747431629	1_2
CB:Z:TCACAGACAAGGGAGG-1_A619_2	CB:Z:TCACAGACAAGGGAGG-1_A619_2	15820	5693	6779	222	0.0138386734821095	9040	3.95616843047536	0.359860935524652	0.428508217446271	0.0140328697850822	-0.102045312751339	-0.435523091578585	4.02960157349612	1	-0.000939851113408601	0.0115938853814688	1	6779	1	1.1304347826087	singlet	A619	A619_Re2	A619_Re2	5.30920508831483	3.08509157025463	1_1
CB:Z:GCGAGTCTCAGTCAAC-1_A619_2	CB:Z:GCGAGTCTCAGTCAAC-1_A619_2	15818	7374	11807	447	0.0274823240086074	8932	3.9509487143994	0.466177772158301	0.746428119863447	0.0282589455051207	0.190142486836873	0.449522493166848	4.02329021331373	1	0.00104852026001068	0.0264908221418346	1	11807	1	1.69565217391304	singlet	A619	A619_Re2	A619_Re2	-4.59713503390808	-4.29171588099353	1_2
CB:Z:CTGGGACTCAAACCCA-1_A619_2	CB:Z:CTGGGACTCAAACCCA-1_A619_2	15817	6907	12131	503	0.0308210784313726	8904	3.94958515132665	0.43668205095783	0.766959600429917	0.0318012265284188	0.109080162677152	0.506679330739718	4.02164147657053	1	0.00891339617866912	0.0330591980229826	1	12131	1	1.8695652173913	singlet	A619	A619_Re2	A619_Re2	-4.77964159518737	-2.37601973688953	1_2
CB:Z:GGCGTTGGTTAGGCTT-1_A619_2	CB:Z:GGCGTTGGTTAGGCTT-1_A619_2	15724	6872	10940	678	0.0413364223875137	9101	3.95908911436739	0.437038921394047	0.695751717120326	0.043118799287713	0.110060940424102	0.308446309645229	4.03313308512496	1	0.00989720297203499	0.0251168657036599	1	10940	1	0.739130434782609	singlet	A619	A619_Re2	A619_Re2	4.78442290752869	1.66581844710953	1_4
CB:Z:CTTGCCATCCTCAAGA-1_A619_2	CB:Z:CTTGCCATCCTCAAGA-1_A619_2	15721	4801	6693	778	0.0471543729923026	9267	3.96693916302111	0.305387697983589	0.4257362763183	0.049487946059411	-0.251752696055216	-0.443239797068967	4.04262488195487	1	0.000608486324255249	0.0120803724089029	1	6693	1	1.1304347826087	singlet	A619	A619_Re2	A619_Re2	3.3880707356308	1.8454146644587	1_4
CB:Z:TAGCTTTCATGTGAGG-1_A619_2	CB:Z:TAGCTTTCATGTGAGG-1_A619_2	15653	6401	9748	721	0.0440332234029559	8941	3.95138609488029	0.408931195298026	0.622756021209992	0.0460614578675014	0.0328132071443352	0.105236262461436	4.02381906693556	1	0.0048619915182092	0.0137192918554887	1	9748	1	0.304347826086957	singlet	A619	A619_Re2	A619_Re2	5.65276053875428	3.65508268201001	1_1
CB:Z:TCGCCTAAGAGCGGTT-1_A619_2	CB:Z:TCGCCTAAGAGCGGTT-1_A619_2	15651	4978	6062	644	0.0395213255599877	9259	3.96656408409731	0.318062743594658	0.387323493706472	0.0411475305092326	-0.216918197550145	-0.550175737190681	4.04217135955049	1	2.86707093254826e-05	0.0141116706443803	1	6062	1	1.39130434782609	singlet	A619	A619_Re2	A619_Re2	5.26527074306946	3.36467657410748	1_1
CB:Z:CCGAAGCTCTACTGCC-1_A619_2	CB:Z:CCGAAGCTCTACTGCC-1_A619_2	15620	6686	10799	317	0.0198908201041601	9179	3.96279536985723	0.428040973111396	0.691357234314981	0.0202944942381562	0.0853321129611862	0.296212669742413	4.03761446169485	1	0.00799374639267059	0.0255906305013005	1	10799	1	0.695652173913043	singlet	A619	A619_Re2	A619_Re2	-4.64467665225524	-4.09278132593982	1_2
CB:Z:CAACCAATCGGCAATT-1_A619_2	CB:Z:CAACCAATCGGCAATT-1_A619_2	15616	6005	8753	692	0.0424331616384597	9096	3.95885045167968	0.384541495901639	0.560514856557377	0.0443135245901639	-0.0342163699658692	-0.0680346386252333	4.03284450885714	1	0.00469160997194452	0.0183593663777843	1	8753	1	0.956521739130435	singlet	A619	A619_Re2	A619_Re2	5.23974755733948	1.79450850733764	1_4
CB:Z:TGTACGAAGTGTCGCC-1_A619_2	CB:Z:TGTACGAAGTGTCGCC-1_A619_2	15611	6049	7649	584	0.0360605125038592	9176	3.96265340489321	0.387483184933701	0.489975017615784	0.0374095189289603	-0.0261318024357746	-0.264407915445094	4.03744280637717	1	0.0036003784418639	0.015197506681764	1	7649	1	1.08695652173913	singlet	A619	A619_Re2	A619_Re2	4.65633324116212	3.17412958466656	1_1
CB:Z:CAAGAAATCCATACGA-1_A619_2	CB:Z:CAAGAAATCCATACGA-1_A619_2	15591	5060	6039	645	0.0397265336289727	9152	3.96151601144895	0.324546212558527	0.387338849336155	0.0413700211660573	-0.199099848262919	-0.550132989215016	4.03606754006166	1	0.00296108320443196	0.0138836959945303	1	6039	1	1.1304347826087	singlet	A619	A619_Re2	A619_Re2	5.0544572207306	3.49647090756543	1_1
CB:Z:TTTGGCCCATTGAACC-1_A619_2	CB:Z:TTTGGCCCATTGAACC-1_A619_2	15536	4829	6674	726	0.0446439552330587	9307	3.96880971391286	0.310826467559217	0.429582904222451	0.04673017507724	-0.236805466951267	-0.432531310381462	4.04488663723916	1	0.000659891237938869	0.0177890401895033	1	6674	1	0.826086956521739	singlet	A619	A619_Re2	A619_Re2	3.52704575985413	2.40121404254086	1_1
CB:Z:AGGCGAATCTGTTGCC-1_A619_2	CB:Z:AGGCGAATCTGTTGCC-1_A619_2	15496	6386	9288	393	0.024734092768582	8914	3.95007262975016	0.412106350025813	0.599380485286526	0.0253613835828601	0.0415394023796308	0.0401619632344107	4.02223090554849	1	0.000618809964130399	0.0177969071275111	1	9288	1	1.65217391304348	singlet	A619	A619_Re2	A619_Re2	3.11483303040009	2.09148428761609	1_4
CB:Z:TATCTGTCAGGTTATC-1_A619_2	CB:Z:TATCTGTCAGGTTATC-1_A619_2	15482	6890	11426	489	0.030617995116148	8806	3.94477868112351	0.445032941480429	0.738018343883219	0.0315850665288722	0.132030698111235	0.426110825500217	4.01582978792378	1	0.00367820688802521	0.0292303492463713	1	11426	1	1.82608695652174	singlet	A619	A619_Re2	A619_Re2	-3.82446381122131	-0.415601989391971	1_3
CB:Z:CTCTACGGTTTCGATG-1_A619_2	CB:Z:CTCTACGGTTTCGATG-1_A619_2	15462	6326	9542	300	0.0190331176246669	8966	3.95259873452977	0.409132065709481	0.617125856939594	0.0194024058983314	0.0333652540767299	0.0895626541373857	4.02528531634222	1	0.002670597693033	0.0194356262312597	1	9542	1	1.43478260869565	singlet	A619	A619_Re2	A619_Re2	-3.3075565961029	0.322606900569271	1_3
CB:Z:TCCATCGCATAGGCGA-1_A619_2	CB:Z:TCCATCGCATAGGCGA-1_A619_2	15393	6739	10830	350	0.0222321031569586	8961	3.95235647732379	0.437796400961476	0.703566556226856	0.022737608003638	0.11214270183695	0.330201754315865	4.02499239380362	1	0.0055302794133312	0.0319529614328723	1	10830	1	1.78260869565217	singlet	A619	A619_Re2	A619_Re2	-3.76457497149963	0.224047044154476	1_3
CB:Z:GCTTTCGAGTCACGCC-1_A619_2	CB:Z:GCTTTCGAGTCACGCC-1_A619_2	15339	7213	12080	424	0.0268984330393961	8748	3.9419087743656	0.470239259404133	0.787535041397744	0.0276419584066758	0.201304566701087	0.563958548065566	4.01235967288775	1	0.00117892786678982	0.034949277048031	1	12080	1	0.695652173913043	singlet	A619	A619_Re2	A619_Re2	-4.13798185855407	-0.199942609432865	1_3
CB:Z:CAACGGCGTGAGGGTT-1_A619_2	CB:Z:CAACGGCGTGAGGGTT-1_A619_2	15336	6697	9975	515	0.0324900637183774	8811	3.94502520124246	0.436684924360981	0.650430359937402	0.0335811163275952	0.109088059576369	0.18227784153598	4.016127864915	1	0.00453420614522465	0.0285677428832925	1	9975	1	1.43478260869565	singlet	A619	A619_Re2	A619_Re2	-3.3963074353363	0.335146406527828	1_3
CB:Z:TGATTTCTCGCGATGC-1_A619_2	CB:Z:TGATTTCTCGCGATGC-1_A619_2	15324	5973	8485	714	0.044519266741489	8775	3.94324712513786	0.389780736100235	0.553706604019838	0.0465935787000783	-0.0198175022642576	-0.0869878837739873	4.01397792446527	1	0.0048048471305636	0.0224924340140432	1	8485	1	1.47826086956522	singlet	A619	A619_Re2	A619_Re2	3.79636457890015	2.25624562227375	1_4
CB:Z:CTCTAGCCAAGAAACT-1_A619_2	CB:Z:CTCTAGCCAAGAAACT-1_A619_2	15299	6936	11672	110	0.00713868518398339	8827	3.94581312658734	0.453362964899667	0.762925681417086	0.00719001241911236	0.154923885027362	0.495449451187094	4.01708057586248	1	0.00128074574494493	0.027634303246619	1	11672	1	0.826086956521739	singlet	A619	A619_Re2	A619_Re2	-4.21772524386901	-3.21707560694568	1_2
CB:Z:AACAGTCAGTGTCACT-1_A619_2	CB:Z:AACAGTCAGTGTCACT-1_A619_2	15239	7288	13085	583	0.0368474276324106	8493	3.92906112408477	0.478246604107881	0.858652142529037	0.0382571034844806	0.223310944087902	0.761938843975297	3.99682508302891	1	-0.00356560756548133	0.0251219626451919	1	13085	1	1.82608695652174	singlet	A619	A619_Re2	A619_Re2	-4.88272663623351	-4.48662974512928	1_2
CB:Z:CGCAGGTAGTTGCGCC-1_A619_2	CB:Z:CGCAGGTAGTTGCGCC-1_A619_2	15233	6368	10621	629	0.0396545202370445	9061	3.95717613040485	0.418039782052124	0.697236263375566	0.0412919319897591	0.0578460994435011	0.312579083650761	4.0308200223769	1	0.00446956264139822	0.0309819646570076	1	10621	1	1	singlet	A619	A619_Re2	A619_Re2	-4.0479335454132	-1.6022346226012	1_2
CB:Z:CAGCTGGGTTAGCTCA-1_A619_2	CB:Z:CAGCTGGGTTAGCTCA-1_A619_2	15195	5764	8639	194	0.0126064071739554	8827	3.94581312658734	0.379335307666996	0.568542283645936	0.0127673576834485	-0.0485244018137722	-0.04568737804929	4.01708057586248	1	0.00272496084316913	0.0201206731607738	1	8639	1	1.91304347826087	singlet	A619	A619_Re2	A619_Re2	4.51853469341736	2.30634574019558	1_4
CB:Z:TGTGTCCCATCGCCTT-1_A619_2	CB:Z:TGTGTCCCATCGCCTT-1_A619_2	15173	6513	11252	666	0.0420481090977966	8605	3.93475087466358	0.429249324457919	0.741580438937587	0.043893758650234	0.0886529935690868	0.436027211597287	4.00370478007147	1	0.000991108237101706	0.030797060870302	1	11252	1	1.30434782608696	singlet	A619	A619_Re2	A619_Re2	-4.67366644412536	-2.29128911173694	1_2
CB:Z:TGTAGCATCGCCAGAC-1_A619_2	CB:Z:TGTAGCATCGCCAGAC-1_A619_2	15129	6864	11456	144	0.009428403064231	8728	3.94091473758029	0.453698195518541	0.757221230748893	0.00951814396192742	0.155845190626595	0.479569039678105	4.01115774464197	1	0.00157673283643441	0.0232955966276376	1	11456	1	1.39130434782609	singlet	A619	A619_Re2	A619_Re2	-4.37251230746765	-4.67375590479725	1_2
CB:Z:CTACTTATCTTCACTA-1_A619_2	CB:Z:CTACTTATCTTCACTA-1_A619_2	15093	5359	7297	671	0.042565338746511	8779	3.94344504902503	0.355065262042006	0.483469157887763	0.0444576956204863	-0.115225137573124	-0.282519340314942	4.01421724187687	1	0.00402684697421441	0.0142982028710077	1	7297	1	1.47826086956522	singlet	A619	A619_Re2	A619_Re2	4.79981401890259	3.35581968152172	1_1
CB:Z:GATCGTATCACTGATG-1_A619_2	CB:Z:GATCGTATCACTGATG-1_A619_2	15039	5192	6508	737	0.0467165314401623	8720	3.94051648493257	0.345235720460137	0.432741538666135	0.049005917946672	-0.142239411292196	-0.423738103517241	4.01067620199352	1	0.00728404796262931	0.013111822663492	1	6508	1	1.56521739130435	singlet	A619	A619_Re2	A619_Re2	4.80921843975525	3.13439069115765	1_1
CB:Z:AGTCAACAGTATACGA-1_A619_2	CB:Z:AGTCAACAGTATACGA-1_A619_2	15024	6330	9516	686	0.0436664544875875	8663	3.937668314399	0.421325878594249	0.633386581469649	0.0456602768903088	0.0668771931844355	0.134830290232725	4.00723236906534	1	0.00269120322433743	0.0225645242241129	1	9516	1	1.73913043478261	singlet	A619	A619_Re2	A619_Re2	5.8479495379303	3.45544479214795	1_1
CB:Z:TTTGCGCCAACTACTG-1_A619_2	CB:Z:TTTGCGCCAACTACTG-1_A619_2	14986	6469	10988	182	0.0119989451476793	8601	3.93454894766615	0.431669558254371	0.73321766982517	0.0121446683571333	0.0953044592246266	0.412746404630136	4.00346062234473	1	0.00448338249414897	0.0252962864335829	1	10988	1	1.69565217391304	singlet	A619	A619_Re2	A619_Re2	-5.06079718143005	-3.48191620982044	1_2
CB:Z:GCCAGACCATAGGCGA-1_A619_2	CB:Z:GCCAGACCATAGGCGA-1_A619_2	14975	5648	8122	728	0.0463605680443227	8751	3.9420576838414	0.377161936560935	0.54237061769616	0.0486143572621035	-0.0544974211517793	-0.118545721355796	4.01253972508266	1	0.00812165824915069	0.0187391899719776	1	8122	1	1.69565217391304	singlet	A619	A619_Re2	A619_Re2	6.58896878689271	3.29640672528393	1_1
CB:Z:CTTCCAGAGTGCCCTG-1_A619_2	CB:Z:CTTCCAGAGTGCCCTG-1_A619_2	14961	6730	10410	505	0.0326522694943748	8630	3.93601079571521	0.449836240892988	0.695809103669541	0.0337544281799345	0.145231481078051	0.308606065960013	4.00522819924648	1	0.0073340219805532	0.0253774681197491	1	10410	1	0.91304347826087	singlet	A619	A619_Re2	A619_Re2	-3.10802647143859	0.389303544398617	1_3
CB:Z:TACCTCGGTTCCTATT-1_A619_2	CB:Z:TACCTCGGTTCCTATT-1_A619_2	14942	5280	7443	240	0.0158081939138453	8736	3.94131262536066	0.353366349886227	0.498126087538482	0.0160621068130103	-0.119894213706394	-0.241716450106855	4.01163884611522	1	0.00813769599705859	0.0188585405563738	1	7443	1	0.869565217391304	singlet	A619	A619_Re2	A619_Re2	2.95436147182923	1.95049617612011	1_4
CB:Z:TCAAGACGTTAGGAAT-1_A619_2	CB:Z:TCAAGACGTTAGGAAT-1_A619_2	14917	5591	8440	768	0.0489639783232388	8632	3.93611143167485	0.374807266876718	0.565797412348327	0.0514848830193739	-0.0609686986612786	-0.0533287248293206	4.00534988206972	1	0.00138882228593101	0.0201665556618375	1	8440	1	1	singlet	A619	A619_Re2	A619_Re2	5.81127789944153	2.85399518334515	1_1
CB:Z:TTCATCAGTTAGCTCA-1_A619_2	CB:Z:TTCATCAGTTAGCTCA-1_A619_2	14915	5121	7012	196	0.0129706836079677	8799	3.94443331770021	0.343345625209521	0.470130740864901	0.0131411330874958	-0.147433910957312	-0.319651671458169	4.01541219567805	1	0.0026082722552967	0.0139530562722477	1	7012	1	1.17391304347826	singlet	A619	A619_Re2	A619_Re2	3.16467598408204	1.96201013946183	1_4
CB:Z:TTATGTCAGAACTCCT-1_A619_2	CB:Z:TTATGTCAGAACTCCT-1_A619_2	14888	4601	6247	263	0.0173585901920665	8781	3.94354397715345	0.309040838259001	0.419599677592692	0.0176652337452982	-0.241712865559339	-0.460323249744186	4.01433685969546	1	0.00109337043959709	0.0103154860186777	1	6247	1	1.52173913043478	singlet	A619	A619_Re2	A619_Re2	3.13895908325654	2.16159839355595	1_4
CB:Z:CTTGCCAAGACACAAT-1_A619_2	CB:Z:CTTGCCAAGACACAAT-1_A619_2	14865	6132	10170	164	0.0109122363430701	8407	3.92464104741716	0.412512613521695	0.684157416750757	0.0110326269761184	0.0426559257890307	0.276169361041885	3.99148059772032	1	0.000357685298737102	0.0235733199883198	1	10170	1	1.39130434782609	singlet	A619	A619_Re2	A619_Re2	-5.06271406680602	-2.96637751734607	1_2
CB:Z:TTTGGTTGTAGTATCC-1_A619_2	CB:Z:TTTGGTTGTAGTATCC-1_A619_2	14861	5569	8365	759	0.0485915492957746	8484	3.92860065984452	0.374739250386919	0.562882713141781	0.0510732790525537	-0.0611556266128558	-0.0614428493116259	3.99626831794265	1	0.00324509208450714	0.0240144074589667	1	8365	1	1.17391304347826	singlet	A619	A619_Re2	A619_Re2	5.37044504612427	2.19136700951703	1_4
CB:Z:TGGCAATTCTTACTCA-1_A619_2	CB:Z:TGGCAATTCTTACTCA-1_A619_2	14805	6859	11875	608	0.0394472198793226	8281	3.91808278464219	0.463289429246876	0.80209388720027	0.0410672070246538	0.182204529063981	0.604488386237216	3.98355074905782	1	0.00518703643274615	0.0287773993423205	1	11875	1	1.56521739130435	singlet	A619	A619_Re2	A619_Re2	-4.99728104144592	-4.04311825907581	1_2
CB:Z:GTAGACTGTGCAAAGC-1_A619_2	CB:Z:GTAGACTGTGCAAAGC-1_A619_2	14792	6931	11082	511	0.0333921453309809	8380	3.92324401863028	0.468564088696593	0.749188750676041	0.034545700378583	0.196700738573116	0.45720771228406	3.98979139629042	1	0.000132037371089485	0.0362519382602777	1	11082	1	1	singlet	A619	A619_Re2	A619_Re2	-3.99292704135436	-0.277903339031864	1_3
CB:Z:CTAGGGCGTCGAGGAT-1_A619_2	CB:Z:CTAGGGCGTCGAGGAT-1_A619_2	14754	6255	10269	464	0.03049020896307	8567	3.93282876690085	0.423952826352176	0.696014640097601	0.0314490985495459	0.074096765449049	0.309178251302219	4.00138068538444	1	0.00103629943228825	0.030575175912647	1	10269	1	1.52173913043478	singlet	A619	A619_Re2	A619_Re2	-4.73500677615661	-3.5921929088866	1_2
CB:Z:TACTGCCTCTTAACGG-1_A619_2	CB:Z:TACTGCCTCTTAACGG-1_A619_2	14733	5577	7591	706	0.045728350281754	8657	3.93736741751729	0.378537975972307	0.515237901309984	0.047919636190864	-0.0507156877924532	-0.194079497810672	4.00686854303139	1	0.00030017825950284	0.0159651145702793	1	7591	1	0.826086956521739	singlet	A619	A619_Re2	A619_Re2	4.98906711071473	2.90922806584484	1_1
CB:Z:TACTGCCCATACTGCA-1_A619_2	CB:Z:TACTGCCCATACTGCA-1_A619_2	14708	5085	6231	612	0.0399477806788512	8451	3.92690810170544	0.345730214849062	0.423646994832744	0.0416100081588251	-0.140880405212035	-0.449056071356997	3.99422178056592	1	0.00489797746774291	0.0169139540799073	1	6231	1	1.52173913043478	singlet	A619	A619_Re2	A619_Re2	4.99767783611756	3.6939011605943	1_1
CB:Z:TGGGTTAAGAGAATTC-1_A619_2	CB:Z:TGGGTTAAGAGAATTC-1_A619_2	14658	6202	10302	250	0.0167695197209552	8473	3.92803720640688	0.423113658070678	0.702824396234138	0.0170555328148451	0.0717905010659213	0.328135682265215	3.99558702464256	1	0.00567659087947704	0.0235156778290096	1	10302	1	1.08695652173913	singlet	A619	A619_Re2	A619_Re2	-4.5431203511383	-4.34193160212391	1_2
CB:Z:TGGTCAAAGTGATCTC-1_A619_2	CB:Z:TGGTCAAAGTGATCTC-1_A619_2	14654	4732	5721	593	0.0388928969633371	8834	3.94615739492237	0.322915244984305	0.390405350075065	0.040466766753105	-0.203582194068165	-0.541596270000662	4.01749684399473	1	0.00886954352889411	0.0107627737773031	1	5721	1	1.21739130434783	singlet	A619	A619_Re2	A619_Re2	5.01707485645753	3.5178940089906	1_1
CB:Z:TCCGACTGTAACGGAC-1_A619_2	CB:Z:TCCGACTGTAACGGAC-1_A619_2	14609	6215	10348	742	0.0483356133150935	8402	3.92438267720197	0.425422684646451	0.708330481210213	0.050790608528989	0.0781363388064716	0.343463870781432	3.99116819232034	1	0.0108655349928767	0.0302606842109433	1	10348	1	1.69565217391304	singlet	A619	A619_Re2	A619_Re2	-4.56908604175109	-3.28915383494251	1_2
CB:Z:TTGAGTGTCTATACCT-1_A619_2	CB:Z:TTGAGTGTCTATACCT-1_A619_2	14603	6171	9632	468	0.0310530157255657	8389	3.92371019439656	0.422584400465658	0.659590495103746	0.0320482092720674	0.0703359561422503	0.207778406687782	3.99035506740327	1	0.00674542365883096	0.0276475831947388	1	9632	1	0.956521739130435	singlet	A619	A619_Re2	A619_Re2	-3.58064600497741	0.127150395747494	1_3
CB:Z:AAACTGCAGTCCGTGC-1_A619_2	CB:Z:AAACTGCAGTCCGTGC-1_A619_2	14578	6245	10227	342	0.0229222520107239	8516	3.93023565276629	0.428385238029908	0.701536561942653	0.0234600082315818	0.0862782472913693	0.324550527498568	3.99824525099317	1	0.0010061354896191	0.0300154932357187	1	10227	1	1.1304347826087	singlet	A619	A619_Re2	A619_Re2	-4.06701370746154	-3.00509049570911	1_2
CB:Z:CTCAACCAGGCAGATC-1_A619_2	CB:Z:CTCAACCAGGCAGATC-1_A619_2	14556	5371	7347	313	0.0210505077678391	8612	3.93510402115145	0.368988733168453	0.504740313272877	0.0215031602088486	-0.0769596236631772	-0.223303349076601	4.004131783121	1	0.00453261798652675	0.0160218026375434	1	7347	1	0.739130434782609	singlet	A619	A619_Re2	A619_Re2	5.12937167614442	3.55813775384076	1_1
CB:Z:GAGGCTCCATTATGGC-1_A619_2	CB:Z:GAGGCTCCATTATGGC-1_A619_2	14530	6128	9586	740	0.0484610347085789	8481	3.92844706320918	0.421748107364074	0.659738472126635	0.050929112181693	0.068037593541372	0.208190354507833	3.99608259832221	1	0.00156763489321479	0.0210606123105563	1	9586	1	1.73913043478261	singlet	A619	A619_Re2	A619_Re2	-4.70447298556823	-5.02808262980335	1_2
CB:Z:GATGGCCGTACGCCCA-1_A619_2	CB:Z:GATGGCCGTACGCCCA-1_A619_2	14529	5197	7251	660	0.0434524985186648	8315	3.91986225355554	0.357698396310827	0.499070823869502	0.0454263886021061	-0.107988563081371	-0.239086433199575	3.98570237360637	1	0.00684566671809631	0.0178051460718436	1	7251	1	1.08695652173913	singlet	A619	A619_Re2	A619_Re2	5.12177566021424	2.43766883933194	1_1
CB:Z:TCAATTCGTAGTCTGT-1_A619_2	CB:Z:TCAATTCGTAGTCTGT-1_A619_2	14484	6413	10444	245	0.0166338515853079	8384	3.92345126963965	0.442764429715548	0.72107152720243	0.0169152167909417	0.125796206172725	0.378933202568196	3.9900419914855	1	-0.000918569768618445	0.0286321884490376	1	10444	1	0.91304347826087	singlet	A619	A619_Re2	A619_Re2	-5.23179384738464	-3.75124003565662	1_2
CB:Z:TCAAGGTCATTGTTCT-1_A619_2	CB:Z:TCAAGGTCATTGTTCT-1_A619_2	14477	6467	11302	371	0.0249865301724138	8204	3.91402565169633	0.446708572218001	0.780686606341093	0.0256268563928991	0.136635790527789	0.544893440271994	3.97864511301239	1	0.00526943819106632	0.0353581736798313	1	11302	1	1.91304347826087	singlet	A619	A619_Re2	A619_Re2	-4.43622347384948	-1.00828959620349	1_3
CB:Z:TTGAGTGTCTTAGTGG-1_A619_2	CB:Z:TTGAGTGTCTTAGTGG-1_A619_2	14383	4950	6350	551	0.0368956743002544	8382	3.92334765649783	0.344156295626782	0.441493429743447	0.0383091149273448	-0.145205966513979	-0.399374034148649	3.98991670883637	1	0.00521440450042405	0.0107428745979848	1	6350	1	1.04347826086957	singlet	A619	A619_Re2	A619_Re2	3.17018047302704	2.11108503663189	1_4
CB:Z:GGTTGCGAGGCATGCA-1_A619_2	CB:Z:GGTTGCGAGGCATGCA-1_A619_2	14380	5531	8275	496	0.033342296316214	8319	3.92007112429752	0.384631432545202	0.575452016689847	0.0344923504867872	-0.0339691994252766	-0.0264516250316692	3.98595492728267	1	0.00323421748304382	0.027071387719896	1	8275	1	1.30434782608696	singlet	A619	A619_Re2	A619_Re2	-3.32564112216491	-0.0804764238631017	1_3
CB:Z:ATTTGTCTCCTGACCT-1_A619_2	CB:Z:ATTTGTCTCCTGACCT-1_A619_2	14369	6347	11129	88	0.0060870166701252	8229	3.91534706232419	0.441714802700257	0.774514579998608	0.0061242953580625	0.122911543520064	0.527711361950327	3.98024288160745	1	0.00466217380338442	0.0272679366392484	1	11129	1	1.82608695652174	singlet	A619	A619_Re2	A619_Re2	-4.69177528888244	-3.90623070872181	1_2
CB:Z:ATCCTGCGTCTGTGTA-1_A619_2	CB:Z:ATCCTGCGTCTGTGTA-1_A619_2	14245	5482	7845	397	0.0271137822701817	8257	3.91682228459591	0.384836784836785	0.550719550719551	0.0278694278694279	-0.0334048350581835	-0.0953034321706702	3.98202662979804	1	0.00459218815364397	0.0207133808431386	1	7845	1	1.39130434782609	singlet	A619	A619_Re2	A619_Re2	2.93906715839844	1.87263987758405	1_3
CB:Z:CATGCCTTCAACGTGT-1_A619_2	CB:Z:CATGCCTTCAACGTGT-1_A619_2	14229	6129	10312	516	0.0349949135300102	8180	3.91275330367132	0.430740037950664	0.724717126994167	0.0362639679527725	0.0927498827265647	0.389082054448477	3.97710666790421	1	0.00298249499809775	0.0338175730928777	1	10312	1	0.521739130434783	singlet	A619	A619_Re2	A619_Re2	-4.92172142535705	-2.16259147799366	1_2
CB:Z:GCTGAGCGTACGCAAG-1_A619_2	CB:Z:GCTGAGCGTACGCAAG-1_A619_2	14052	6004	9725	326	0.0226735290026429	8094	3.90816320005555	0.427270139481924	0.692072302875036	0.0231995445488187	0.0832136509266174	0.298203322944855	3.97155659644974	1	0.0077932523597009	0.0267363263640669	1	9725	1	0.695652173913043	singlet	A619	A619_Re2	A619_Re2	-3.90799042254943	0.227545598384213	1_3
CB:Z:GGAGTAGCATCCGTGG-1_A619_2	CB:Z:GGAGTAGCATCCGTGG-1_A619_2	14027	5979	10504	386	0.0267813779227087	7787	3.89137017469615	0.426249376203037	0.748841519925857	0.0275183574534826	0.08040831373072	0.4562410693026	3.95125150129654	1	0.00412080128035212	0.0223369085983672	1	10504	1	1.08695652173913	singlet	A619	A619_Re2	A619_Re2	-4.54968115359802	-1.95664479410999	1_3
CB:Z:CCAATGATCCATATCT-1_A619_2	CB:Z:CCAATGATCCATATCT-1_A619_2	14026	5869	8735	728	0.0493425511725634	8200	3.91381385238372	0.418437188079281	0.622771994866676	0.0519036075859119	0.0589382801017576	0.105280730939859	3.97838901828831	1	-0.000231732674129597	0.0240476129416392	1	8735	1	1.30434782608696	singlet	A619	A619_Re2	A619_Re2	5.22496751278382	3.33757648789532	1_1
CB:Z:TTGCAGAGTGCTGTCG-1_A619_2	CB:Z:TTGCAGAGTGCTGTCG-1_A619_2	13960	5583	8109	455	0.0315643426985779	8199	3.91376088641232	0.399928366762178	0.580873925501433	0.0325931232091691	0.00807096740836715	-0.0113577714600565	3.97832497508787	1	0.00213247294748106	0.0193896519248303	1	8109	1	1.60869565217391	singlet	A619	A619_Re2	A619_Re2	2.89393070667725	1.89633155041583	1_4
CB:Z:ATCCTGCTCCCACTTG-1_A619_2	CB:Z:ATCCTGCTCCCACTTG-1_A619_2	13949	4409	5346	543	0.037468948385316	8185	3.91301868374796	0.316080005735178	0.383253279805004	0.0389275216861424	-0.222367304489981	-0.561506656755878	3.97742754919823	1	-0.00143418876608322	0.0108984921891898	1	5346	1	1.73913043478261	singlet	A619	A619_Re2	A619_Re2	5.25881484478455	3.24151919209607	1_1
CB:Z:GGTGCTGCATAGACGG-1_A619_2	CB:Z:GGTGCTGCATAGACGG-1_A619_2	13834	5141	7324	323	0.0228155682701137	8034	3.90493182739565	0.371620644788203	0.529420268902703	0.0233482723724158	-0.0697264093460946	-0.154597723553262	3.96764941903946	1	0.000986566663098905	0.0170830428389975	1	7324	1	1.04347826086957	singlet	A619	A619_Re2	A619_Re2	3.49766758411866	1.90070276879914	1_4
CB:Z:GCCATAAAGAACGTTA-1_A619_2	CB:Z:GCCATAAAGAACGTTA-1_A619_2	13692	4875	7522	314	0.0224189633014422	7935	3.89954693109087	0.356047326906223	0.549371895997663	0.0229330996202162	-0.112526154224729	-0.0990551188448911	3.96113833306664	1	0.00650548716385842	0.0230604810807983	1	7522	1	1.1304347826087	singlet	A619	A619_Re2	A619_Re2	6.79446938961487	2.89943371140606	1_1
CB:Z:ACTATTCCAACTCCCT-1_A619_2	CB:Z:ACTATTCCAACTCCCT-1_A619_2	13666	6285	10823	291	0.0208497528122089	7843	3.89448221501009	0.459900482950388	0.791965461729841	0.0212937216449583	0.172890776015575	0.576292233134275	3.95501438936125	1	-0.00110475824410418	0.0317985679046144	1	10823	1	0.652173913043478	singlet	A619	A619_Re2	A619_Re2	-4.90904566318054	-2.85272338068836	1_2
CB:Z:AGCCCGAAGTCCGTGC-1_A619_2	CB:Z:AGCCCGAAGTCCGTGC-1_A619_2	13647	6316	8486	608	0.0426517011574886	7835	3.89403900080461	0.462812339708361	0.621821645782956	0.0445519161720525	0.180893356281953	0.102635088895688	3.95447848195785	1	-0.000826295874318883	0.0222020960100488	1	8486	1	1.17391304347826	singlet	A619	A619_Re2	A619_Re2	6.82673743694764	3.26610336625225	1_1
CB:Z:AGCGATTGTTGGGAAC-1_A619_2	CB:Z:AGCGATTGTTGGGAAC-1_A619_2	13636	5994	10252	577	0.040596636881728	7748	3.88918961204707	0.439571721912584	0.751833382223526	0.0423144617189792	0.117021770277019	0.464570005291148	3.94861489883038	1	0.00602934439392621	0.0267630113782617	1	10252	1	1.30434782608696	singlet	A619	A619_Re2	A619_Re2	-4.18594452411193	-0.868508836392093	1_3
CB:Z:CTAGGGCGTGTCCTTC-1_A619_2	CB:Z:CTAGGGCGTGTCCTTC-1_A619_2	13633	4292	5549	580	0.0408077112502638	8148	3.91105102032813	0.314824323333089	0.407027066676447	0.0425438274774444	-0.225818263808046	-0.49532368128541	3.97504837140781	1	-0.00176089808313961	0.0170498858496727	1	5549	1	1.26086956521739	singlet	A619	A619_Re2	A619_Re2	3.34486523598176	2.09849000894673	1_4
CB:Z:GTAGACTGTAGCAGCA-1_A619_2	CB:Z:GTAGACTGTAGCAGCA-1_A619_2	13511	5971	9186	506	0.0360990226153956	7793	3.89170467623918	0.441936200133225	0.67989045962549	0.0374509658796536	0.123520004332306	0.264290735214114	3.9516559600236	1	0.00109532672566447	0.0291426951726586	1	9186	1	1	singlet	A619	A619_Re2	A619_Re2	-3.56459948092956	-0.271597167614628	1_3
CB:Z:AAGGTTCTCGCTACCT-1_A619_2	CB:Z:AAGGTTCTCGCTACCT-1_A619_2	13385	5970	9790	249	0.0182631656153733	7697	3.88632148655948	0.446021666044079	0.73141576391483	0.0186029137093762	0.13474798413854	0.407730144691868	3.94514693759704	1	-0.000605080001167846	0.0258211151795858	1	9790	1	1.1304347826087	singlet	A619	A619_Re2	A619_Re2	-4.52321859866638	-2.44252850687854	1_2
CB:Z:GCTGCGAGTTCCATCC-1_A619_2	CB:Z:GCTGCGAGTTCCATCC-1_A619_2	13338	4732	6567	387	0.0281967213114754	7884	3.89674661560741	0.354775828460039	0.492352676563203	0.0290148448043185	-0.116020580365815	-0.257788837691722	3.95775236352668	1	0.00423538459002718	0.0173254256719889	1	6567	1	1.52173913043478	singlet	A619	A619_Re2	A619_Re2	3.27267852753144	1.96985294842369	1_4
CB:Z:AACTGGTGTTCAGTTG-1_A619_2	CB:Z:AACTGGTGTTCAGTTG-1_A619_2	13320	6344	10533	362	0.0264581201578717	7439	3.87151455870838	0.476276276276276	0.790765765765766	0.0271771771771772	0.217895943305215	0.572952443432628	3.92724330960217	1	0.00708272318358786	0.029080105961883	1	10533	1	0.521739130434783	singlet	A619	A619_Re2	A619_Re2	-4.37676378757018	-2.7601731029784	1_2
CB:Z:CGCTGGAGTCTGGGCT-1_A619_2	CB:Z:CGCTGGAGTCTGGGCT-1_A619_2	13161	4166	5099	104	0.00784018092725217	7736	3.88851646107495	0.316541296254084	0.387432565914444	0.00790213509611732	-0.221099551743025	-0.549872095061485	3.94780096600714	1	-0.00149636607459609	0.0147394275212109	1	5099	1	1.04347826086957	singlet	A619	A619_Re2	A619_Re2	5.30925348728638	3.30110202157147	1_1
CB:Z:GAGCATTGTCTGGTTA-1_A619_2	CB:Z:GAGCATTGTCTGGTTA-1_A619_2	13077	5587	9064	64	0.0048702534053725	7570	3.87909587950007	0.427238663301981	0.693125334556856	0.00489408885830083	0.0831271457591538	0.301134819317073	3.93641017720152	1	-0.00426273247539601	0.0261862883893373	1	9064	1	1.21739130434783	singlet	A619	A619_Re2	A619_Re2	-4.01795956164855	-1.66418578303211	1_3
CB:Z:CTAGGATCACTGAAGG-1_A619_2	CB:Z:CTAGGATCACTGAAGG-1_A619_2	13058	5769	9493	215	0.0161982972952611	7534	3.87702561586725	0.441798131413693	0.726987287486598	0.0164650022974422	0.123140553657988	0.395401871186007	3.93390694153332	1	0.00784916831887072	0.0292851212541167	1	9493	1	1.47826086956522	singlet	A619	A619_Re2	A619_Re2	-3.40299221545715	-0.145410081509281	1_3
CB:Z:TTGCTATAGCTGCTCG-1_A619_2	CB:Z:TTGCTATAGCTGCTCG-1_A619_2	13053	5715	9836	184	0.0139004306111657	7575	3.87938263717434	0.437830383819812	0.753543246763196	0.0140963763119589	0.112236096043505	0.469330034625084	3.93675690697399	1	0.0020741976834855	0.0262091312361339	1	9836	1	1.04347826086957	singlet	A619	A619_Re2	A619_Re2	-4.55113264590759	-2.90334107554309	1_2
CB:Z:GTCGTAAGTTTGTAGC-1_A619_2	CB:Z:GTCGTAAGTTTGTAGC-1_A619_2	13053	5676	9656	622	0.0454844606946984	7487	3.87430783312804	0.434842564927603	0.739753313414541	0.0476518807936873	0.104024751017403	0.430940743701906	3.9306207655201	1	0.0025536524189966	0.0238346299122118	1	9656	1	1.56521739130435	singlet	A619	A619_Re2	A619_Re2	-4.26384922534484	-0.987262746456791	1_3
CB:Z:AACCTGAGTACGTATC-1_A619_2	CB:Z:AACCTGAGTACGTATC-1_A619_2	12907	4869	7536	435	0.0326038075251087	7578	3.87955460093897	0.377237158131247	0.583869218253661	0.0337026419772217	-0.0542906916646456	-0.00301928555456935	3.93696483499941	1	0.00485939432468553	0.0208334201707452	1	7536	1	1.30434782608696	singlet	A619	A619_Re2	A619_Re2	-3.2737545636322	-0.351197740200687	1_3
CB:Z:TTTGAGGAGATCGAGC-1_A619_2	CB:Z:TTTGAGGAGATCGAGC-1_A619_2	12862	5811	9915	350	0.0264910687254012	7299	3.86326336365048	0.451795988182242	0.770875447053335	0.0272119421551858	0.150617403631119	0.517580512887318	3.91726647117118	1	0.00626049858700519	0.0275805676888288	1	9915	1	0.739130434782609	singlet	A619	A619_Re2	A619_Re2	-4.23755260974426	-1.82067134058826	1_3
CB:Z:TTGACGAGTATGAAGT-1_A619_2	CB:Z:TTGACGAGTATGAAGT-1_A619_2	12822	5869	9771	662	0.0490952239691486	7427	3.8708134239156	0.4577289034472	0.762049602246139	0.0516300109187334	0.166922680493191	0.493010566435814	3.92639554046123	1	-0.00312572849852809	0.0244301338896332	1	9771	1	0.869565217391304	singlet	A619	A619_Re2	A619_Re2	-4.5393943455841	-2.24175383723133	1_2
CB:Z:GACCAATGTAGTACAA-1_A619_2	CB:Z:GACCAATGTAGTACAA-1_A619_2	12802	5599	9750	450	0.0339571385451253	7373	3.8676442339031	0.437353538509608	0.761599750039056	0.0351507576941103	0.1109255944678	0.491758239335058	3.92256355049009	1	0.0022740403547245	0.0255830864666487	1	9750	1	0.869565217391304	singlet	A619	A619_Re2	A619_Re2	-4.8172697690155	-3.57010247385852	1_2
CB:Z:TATTGCTTCTACATCT-1_A619_2	CB:Z:TATTGCTTCTACATCT-1_A619_2	12781	4031	5237	342	0.0260611140745256	7505	3.87535069657929	0.315390032078867	0.409748845943197	0.0267584696033174	-0.224263541161375	-0.487746619565229	3.93188173197232	1	0.00341804139073695	0.0144309840861942	1	5237	1	1.17391304347826	singlet	A619	A619_Re2	A619_Re2	2.88046434849244	1.86150779002554	1_4
CB:Z:GCATGATAGGAAGGTA-1_A619_2	CB:Z:GCATGATAGGAAGGTA-1_A619_2	12768	5700	10471	397	0.0301557159134068	7200	3.85733249643127	0.446428571428571	0.820097117794486	0.03109335839599	0.135866271633728	0.654606921212282	3.91009523069189	1	0.00304635872580109	0.0377494187310319	1	10471	1	1.47826086956522	singlet	A619	A619_Re2	A619_Re2	-4.73025175601501	-4.15908934748523	1_2
CB:Z:CACCTTGGTATTCTTC-1_A619_2	CB:Z:CACCTTGGTATTCTTC-1_A619_2	12584	3717	4850	456	0.0349693251533742	7473	3.87349498225617	0.295375079465989	0.385410044500954	0.0362364907819453	-0.279270115359694	-0.555502518427412	3.92963791615583	1	0.00018743449012577	0.00728084787312888	1	4850	1	0.826086956521739	singlet	A619	A619_Re2	A619_Re2	4.78812173336487	3.34235618435986	1_1
CB:Z:GAACTTGGTACCGGCT-1_A619_2	CB:Z:GAACTTGGTACCGGCT-1_A619_2	12583	5664	9645	435	0.0334152711630051	7198	3.85721184231689	0.450131129301438	0.766510371135659	0.0345704521974092	0.146041915228626	0.505428737743185	3.90994934314509	1	-0.000782544110561528	0.032213750824621	1	9645	1	0.956521739130435	singlet	A619	A619_Re2	A619_Re2	-5.10301968127746	-3.8528335300719	1_2
CB:Z:CAGGGCTAGGCTCCTG-1_A619_2	CB:Z:CAGGGCTAGGCTCCTG-1_A619_2	12520	5808	9484	648	0.0492102065613609	7158	3.85479169405399	0.463897763578275	0.757507987220447	0.0517571884984026	0.183876398500031	0.480367330527834	3.90702304846551	1	0.00626150050056032	0.0213918367796903	1	9484	1	0.869565217391304	singlet	A619	A619_Re2	A619_Re2	-4.41438528567809	-3.26461770213001	1_2
CB:Z:GTCACGGGTGTCCTTC-1_A619_2	CB:Z:GTCACGGGTGTCCTTC-1_A619_2	12463	5684	8653	161	0.0127534854245881	7210	3.85793526471943	0.456069967102624	0.694295113536067	0.0129182379844339	0.162363468843121	0.304391324219117	3.91082406109525	1	0.00847913071556225	0.020238013611909	1	8653	1	0.956521739130435	singlet	A619	A619_Re2	A619_Re2	-4.06205126315612	-4.66829373515003	1_2
CB:Z:CCACGTTTCAATGCAC-1_A619_2	CB:Z:CCACGTTTCAATGCAC-1_A619_2	12413	5352	8646	99	0.00791240409207161	7184	3.85636632365925	0.431160879722871	0.69652783372271	0.00797550954644325	0.0939064712339872	0.310606912259175	3.9089269939001	1	-0.00140881981397606	0.0306124989419643	1	8646	1	1.26086956521739	singlet	A619	A619_Re2	A619_Re2	-3.95950123340148	-2.0781536308562	1_3
CB:Z:ACTTTCAAGCTAGTTC-1_A619_2	CB:Z:ACTTTCAAGCTAGTTC-1_A619_2	12396	5010	8157	481	0.0373534208278326	7268	3.861414918636	0.404162633107454	0.658034849951597	0.0388028396256857	0.0197078915820983	0.203447703064412	3.91503144495635	1	0.00727595586717789	0.0302880845938441	1	8157	1	1.52173913043478	singlet	A619	A619_Re2	A619_Re2	-4.06843802005309	-2.6592037884032	1_2
CB:Z:GCCAGCAAGTGAATAC-1_A619_2	CB:Z:GCCAGCAAGTGAATAC-1_A619_2	12345	5234	8202	452	0.0353207783074158	7178	3.85600345399722	0.423977318752531	0.664398541919806	0.0366140137707574	0.074164077276537	0.221163352309146	3.9084882341854	1	0.00637078029607445	0.0204070844004759	1	8202	1	1.26086956521739	singlet	A619	A619_Re2	A619_Re2	-4.0146631863739	0.11448798501141	1_3
CB:Z:TTGCCCATCATTCTTG-1_A619_2	CB:Z:TTGCCCATCATTCTTG-1_A619_2	12327	4832	6107	430	0.0337069844007212	7290	3.86272752831797	0.391985073416079	0.495416565263243	0.0348827776425732	-0.0137593792965293	-0.249259390036809	3.91661857198803	1	-0.00325547696396421	0.0159084222509932	1	6107	1	0.826086956521739	singlet	A619	A619_Re2	A619_Re2	6.09932712048035	3.28753123604901	1_1
CB:Z:AGATTCGTCCCTACGT-1_A619_2	CB:Z:AGATTCGTCCCTACGT-1_A619_2	12103	5237	8366	50	0.00411421048300831	6994	3.84472562797323	0.432702635710154	0.691233578451624	0.00413120713872594	0.0981436391529175	0.295868428708555	3.89485177942888	1	-0.00127942793939435	0.0208714693582217	1	8366	1	1.56521739130435	singlet	A619	A619_Re2	A619_Re2	-3.98943945437927	-1.72564699328296	1_3
CB:Z:CCCACATCATCGACCG-1_A619_2	CB:Z:CCCACATCATCGACCG-1_A619_2	12069	4653	7024	627	0.0493856332703214	7130	3.85308952985187	0.385533184190902	0.581986908608833	0.0519512801391996	-0.0314909388084729	-0.00825937850758292	3.90496489602718	1	-0.00346245810530326	0.0215363587575584	1	7024	1	0.565217391304348	singlet	A619	A619_Re2	A619_Re2	6.04264310329896	3.81494293534405	1_1
CB:Z:CAACCAAGTACGACCC-1_A619_2	CB:Z:CAACCAAGTACGACCC-1_A619_2	12040	5454	9022	392	0.0315315315315315	7110	3.85186960072977	0.452990033222591	0.749335548172757	0.0325581395348837	0.153898966589496	0.457616376464355	3.90348983263781	1	0.00713881465542964	0.0257243535502071	1	9022	1	0.739130434782609	singlet	A619	A619_Re2	A619_Re2	-4.86565729648132	-1.68703462756031	1_2
CB:Z:TCGTTCGCATGACTGT-1_A619_2	CB:Z:TCGTTCGCATGACTGT-1_A619_2	11981	4185	5608	523	0.0418266154830454	7053	3.8483738838446	0.349303063183374	0.468074451214423	0.0436524497120441	-0.13106123897158	-0.325376100983582	3.89926302642137	1	-0.00163632857374298	0.0110393343371073	1	5608	1	0.608695652173913	singlet	A619	A619_Re2	A619_Re2	3.38221016853791	1.88232318856962	1_4
CB:Z:AGGCCTGGTCTGCACG-1_A619_2	CB:Z:AGGCCTGGTCTGCACG-1_A619_2	11954	5098	8152	559	0.0446735395189003	6952	3.84210976344061	0.426468127823323	0.681947465283587	0.0467625899280576	0.0810095031247187	0.270017158006941	3.89168883665318	1	0.00449957712593859	0.0165635046190721	1	8152	1	1	singlet	A619	A619_Re2	A619_Re2	-3.99175640613098	-4.80844189799183	1_2
CB:Z:GAAGAGCTCTATAGGC-1_A619_2	CB:Z:GAAGAGCTCTATAGGC-1_A619_2	11907	4005	5119	591	0.0472875660105617	7128	3.85296769102882	0.336356764928193	0.429915175946922	0.0496346686822877	-0.166641214070243	-0.431606311284385	3.9048175760034	1	0.00244044751800855	0.0146617329974766	1	5119	1	0.91304347826087	singlet	A619	A619_Re2	A619_Re2	5.43919304340821	3.77494845711834	1_1
CB:Z:CAAGAAACACTGATTG-1_A619_2	CB:Z:CAAGAAACACTGATTG-1_A619_2	11852	4273	5819	330	0.0270891479231653	6911	3.83954089296897	0.360529868376645	0.490971987850152	0.0278434019574755	-0.100206901975728	-0.261632486485342	3.88858271621052	1	0.00146296632983814	0.0162974977609113	1	5819	1	0.130434782608696	singlet	A619	A619_Re2	A619_Re2	4.24747994869691	2.76793573224194	1_1
CB:Z:CCCTCTCCAAACGACG-1_A619_2	CB:Z:CCCTCTCCAAACGACG-1_A619_2	11844	4183	5675	262	0.0216421609119445	6967	3.84304581053457	0.353174603174603	0.479145558932793	0.0221209050996285	-0.12042118621161	-0.294555649260094	3.89282064732481	1	0.00139421915591162	0.00275268636605412	1	5675	1	1.08695652173913	singlet	A619	A619_Re2	A619_Re2	5.27856162518006	3.29825995289929	1_1
CB:Z:GTCACGGTCTGGCCAG-1_A619_2	CB:Z:GTCACGGTCTGGCCAG-1_A619_2	11843	4948	8077	529	0.0427578402845134	6873	3.83714634390906	0.417799544034451	0.682006248416786	0.0446677362154859	0.0571858595418648	0.270180802220782	3.88568737451539	1	-0.00301199472812333	0.0251318772198759	1	8077	1	0.565217391304348	singlet	A619	A619_Re2	A619_Re2	-4.23987814456481	-2.78117968714588	1_2
CB:Z:GAGGTCCAGATGGGAA-1_A619_2	CB:Z:GAGGTCCAGATGGGAA-1_A619_2	11793	5454	9550	516	0.0419205459419937	6646	3.82256033694269	0.462477741032816	0.809802425167472	0.0437547697786823	0.179973787436151	0.625947903055268	3.86805087048954	1	0.0039763485362097	0.0244762701553768	1	9550	1	1.1304347826087	singlet	A619	A619_Re2	A619_Re2	-5.10390135318298	-4.10391642725818	1_2
CB:Z:CTGCTCATCTCTGACC-1_A619_2	CB:Z:CTGCTCATCTCTGACC-1_A619_2	11790	4936	7628	470	0.0383360522022839	6882	3.83771466828491	0.418659881255301	0.646988973706531	0.0398642917726887	0.0595503019709631	0.172697492316321	3.88637455745489	1	0.0033866127518287	0.021957776717478	1	7628	1	1.65217391304348	singlet	A619	A619_Re2	A619_Re2	-3.88921209842224	-4.88116957819812	1_2
CB:Z:CATGTTTTCCAACGCG-1_A619_2	CB:Z:CATGTTTTCCAACGCG-1_A619_2	11749	5039	8999	429	0.0352274593529315	6762	3.83007516642975	0.42888756489914	0.765937526598008	0.0365137458507107	0.0876587791736409	0.503834016793227	3.87713734088598	1	0.00345503781646733	0.0288711536358862	1	8999	1	1.21739130434783	singlet	A619	A619_Re2	A619_Re2	-4.70581099063415	-1.61125685847156	1_3
CB:Z:ATCCAGAAGTCCAGAG-1_A619_2	CB:Z:ATCCAGAAGTCCAGAG-1_A619_2	11748	4513	5651	583	0.0472792149866191	6895	3.83853427051187	0.384150493701055	0.481018045624787	0.049625468164794	-0.0352909511539497	-0.289342902066088	3.88736557014319	1	0.00321336498674913	0.0168074688330591	1	5651	1	0.608695652173913	singlet	A619	A619_Re2	A619_Re2	5.48928335636597	3.33869181000836	1_1
CB:Z:CGTTCCACACATATCG-1_A619_2	CB:Z:CGTTCCACACATATCG-1_A619_2	11729	4025	5130	358	0.02961859849425	6968	3.84310814199961	0.343166510358939	0.437377440532015	0.0305226362008696	-0.147926167647052	-0.410832385924493	3.89289601470511	1	0.00275756134360613	0.00478268432176322	1	5130	1	0.304347826086957	singlet	A619	A619_Re2	A619_Re2	5.52604154079896	3.10737631642468	1_1
CB:Z:CATTCCGAGCTACGCC-1_A619_2	CB:Z:CATTCCGAGCTACGCC-1_A619_2	11687	4954	8161	213	0.0178991596638655	6915	3.83979218444533	0.423889792076666	0.698297253358432	0.0182253786258236	0.0739235299875466	0.315532734846095	3.88888656243415	1	0.00037263504869574	0.0213015702128622	1	8161	1	0.956521739130435	singlet	A619	A619_Re2	A619_Re2	-4.62513157397766	-1.99668075716846	1_2
CB:Z:CACTAAGCAAGGCGTA-1_A619_2	CB:Z:CACTAAGCAAGGCGTA-1_A619_2	11660	5310	9175	278	0.0232869827441783	6766	3.83033199345196	0.455403087478559	0.786878216123499	0.0238421955403087	0.160530700900476	0.562130036215568	3.87744788035175	1	-0.000655756721418564	0.0305989641298027	1	9175	1	1.34782608695652	singlet	A619	A619_Re2	A619_Re2	-4.3490285542633	-4.05065037882679	1_2
CB:Z:TAACGGTCAATGACTC-1_A619_2	CB:Z:TAACGGTCAATGACTC-1_A619_2	11589	5413	8705	283	0.0238376010781671	6772	3.8307169494369	0.467080852532574	0.751143325567348	0.0244197083441194	0.192624399163887	0.46264898181281	3.87791334549199	1	0.00724083316739275	0.0223856811167615	1	8705	1	0.956521739130435	singlet	A619	A619_Re2	A619_Re2	-4.56308266192932	-3.07928778803699	1_2
CB:Z:TGTGACATCACCGCGA-1_A619_2	CB:Z:TGTGACATCACCGCGA-1_A619_2	11579	3702	4639	584	0.048014470114281	6987	3.84429074325434	0.319716728560325	0.400639088004145	0.0504361343812074	-0.212372593646078	-0.513106941397102	3.89432594352924	1	0.00371314924776664	0.00967990573102077	1	4639	1	1.73913043478261	singlet	A619	A619_Re2	A619_Re2	5.33393052547913	2.99935994469769	1_1
CB:Z:GAGAACGTCCCAATAG-1_A619_2	CB:Z:GAGAACGTCCCAATAG-1_A619_2	11487	4305	4569	216	0.018456805947193	6818	3.83365699689287	0.374771480804388	0.397753982763124	0.0188038652389658	-0.0610670485940002	-0.521138680321524	3.8814682703534	1	-0.00349872040626998	0.00890433587644797	1	4569	1	1.17391304347826	singlet	A619	A619_Re2	A619_Re2	5.22940567463379	3.03229866349347	1_1
CB:Z:GTGATCAGTTCCGCGA-1_A619_2	CB:Z:GTGATCAGTTCCGCGA-1_A619_2	11467	5157	8707	518	0.0432206925323321	6646	3.82256033694269	0.449725298683178	0.759309322403419	0.0451731054329816	0.144926581485545	0.48538200163906	3.86805087048954	1	0.00811046521296219	0.0304896002670303	1	8707	1	0.739130434782609	singlet	A619	A619_Re2	A619_Re2	-4.59963652164001	-2.04574205553882	1_3
CB:Z:CAGCTGGCATGCGCTG-1_A619_2	CB:Z:CAGCTGGCATGCGCTG-1_A619_2	11428	5146	8555	199	0.0171153349961297	6587	3.81868766344151	0.450297514875744	0.7485999299965	0.0174133706685334	0.146499188379134	0.455568515937205	3.86336827147859	1	0.00397779395920667	0.0320858907541775	1	8555	1	1.21739130434783	singlet	A619	A619_Re2	A619_Re2	-3.83534094363708	-0.75798823511951	1_3
CB:Z:CCGTACTAGATCGAGC-1_A619_2	CB:Z:CCGTACTAGATCGAGC-1_A619_2	11406	3508	4869	524	0.0439228834870075	6893	3.83840827849419	0.307557425916184	0.426880589163598	0.0459407329475715	-0.245789689156179	-0.440054186405406	3.88721322833147	1	0.00241267090171243	0.0141974542199913	1	4869	1	0.956521739130435	singlet	A619	A619_Re2	A619_Re2	3.55982950657349	2.16549200737126	1_4
CB:Z:AGCTGTATCGCACCTT-1_A619_2	CB:Z:AGCTGTATCGCACCTT-1_A619_2	11373	3396	4750	334	0.0285299393525241	6785	3.83154985199576	0.298601951991559	0.417655851578299	0.029367800932032	-0.270401785444584	-0.465734595867758	3.87892044012497	1	0.00537113565928053	0.00985585005267885	1	4750	1	1.21739130434783	singlet	A619	A619_Re2	A619_Re2	2.82994655102234	1.83360102246724	1_4
CB:Z:TGTAGCAGTTTGTCTT-1_A619_2	CB:Z:TGTAGCAGTTTGTCTT-1_A619_2	11354	5348	9174	393	0.0334553503022048	6427	3.8080082999104	0.471023427866831	0.807997181610005	0.0346133521226	0.20345967651132	0.620922351563277	3.85045544082218	1	0.00622573977871121	0.0298762514966099	1	9174	1	1.60869565217391	singlet	A619	A619_Re2	A619_Re2	-4.64593168765563	-2.57050540125721	1_2
CB:Z:GCTCAGGGTAGTCCAT-1_A619_2	CB:Z:GCTCAGGGTAGTCCAT-1_A619_2	11295	4882	7844	426	0.0363450217558229	6558	3.81677141233335	0.432226648959717	0.694466578131917	0.0377158034528552	0.0968354971347083	0.304868658234205	3.86105125829866	1	0.00168448333772997	0.021684025169689	1	7844	1	1.47826086956522	singlet	A619	A619_Re2	A619_Re2	-3.93329712420959	-3.81106927073352	1_2
CB:Z:GAAGTCTCATACAACC-1_A619_2	CB:Z:GAAGTCTCATACAACC-1_A619_2	11285	5137	7908	545	0.0460693153000845	6544	3.81584329066327	0.455206025697829	0.700753212228622	0.0482941958351794	0.15998912112894	0.322369788889744	3.85992903056295	1	0.00236052004311269	0.0247518077480405	1	7908	1	1.17391304347826	singlet	A619	A619_Re2	A619_Re2	-3.97046562701721	-1.70415236628406	1_3
CB:Z:TAGTCCCGTCTGGATT-1_A619_2	CB:Z:TAGTCCCGTCTGGATT-1_A619_2	11284	4495	6632	449	0.0382681326174039	6619	3.8207923810882	0.398351648351648	0.587734845799362	0.0397908543069833	0.00373771317009183	0.00774209353991643	3.86591316682485	1	-0.000101427696768344	0.0167842894769032	1	6632	1	1.34782608695652	singlet	A619	A619_Re2	A619_Re2	5.80423692196351	3.30836556279309	1_1
CB:Z:GACCAATTCTGAGTAC-1_A619_2	CB:Z:GACCAATTCTGAGTAC-1_A619_2	11277	3962	5101	566	0.0477919446086296	6596	3.81928064697248	0.351334574798262	0.452336614347788	0.0501906535426088	-0.125478088387092	-0.369188089243387	3.86408527075436	1	0.00445282490676691	0.0116147587823275	1	5101	1	0.304347826086957	singlet	A619	A619_Re2	A619_Re2	5.09584406345826	3.552121618625	1_1
CB:Z:ACCGCAGCACTCAGCG-1_A619_2	CB:Z:ACCGCAGCACTCAGCG-1_A619_2	11265	5289	8775	283	0.0245064080360236	6513	3.81378107817408	0.469507323568575	0.77896138482024	0.0251220594762539	0.199293006462812	0.540090659200002	3.85743552984329	1	-0.00201405441052374	0.0184007681651092	1	8775	1	1.1304347826087	singlet	A619	A619_Re2	A619_Re2	-3.6833471921112	-0.415286084774662	1_3
CB:Z:TGTACAGGTTTGCATG-1_A619_2	CB:Z:TGTACAGGTTTGCATG-1_A619_2	11235	3897	5853	354	0.0305462076106653	6557	3.81670518366652	0.346862483311081	0.520961281708945	0.0315086782376502	-0.13776862121868	-0.178146388516772	3.86097117866124	1	0.0105488856793672	0.0187596138888583	1	5853	1	0.652173913043478	singlet	A619	A619_Re2	A619_Re2	5.26256159275513	3.08634529435284	1_1
CB:Z:GTAGTACAGTCGACCC-1_A619_2	CB:Z:GTAGTACAGTCGACCC-1_A619_2	11219	4488	6481	180	0.0157908588472673	6708	3.82659305393405	0.400035653801587	0.577680720206792	0.0160442107139674	0.00836582159103311	-0.0202472188514279	3.87292698426195	1	0.000886030842168119	0.0201108417857897	1	6481	1	1.56521739130435	singlet	A619	A619_Re2	A619_Re2	5.2382665011261	3.5526304038728	1_1
CB:Z:TAAGTGCTCCACGGCA-1_A619_2	CB:Z:TAAGTGCTCCACGGCA-1_A619_2	11139	5133	8155	193	0.0170314154606424	6413	3.80706123991724	0.46081335847024	0.732112397881318	0.0173265104587485	0.175399608086666	0.409669478503738	3.84931031402904	1	0.000101245923574432	0.0226621712704843	1	8155	1	1.08695652173913	singlet	A619	A619_Re2	A619_Re2	-3.87541529208679	-4.04447962916248	1_2
CB:Z:ATCGAGTGTATCTCAG-1_A619_2	CB:Z:ATCGAGTGTATCTCAG-1_A619_2	11128	4746	7353	551	0.0471786968062334	6470	3.8109042806687	0.426491732566499	0.660765636232926	0.0495147375988498	0.0810743754270452	0.211049839082942	3.85395708293851	1	0.00210436814826221	0.0192642139183212	1	7353	1	0.521739130434783	singlet	A619	A619_Re2	A619_Re2	-4.07545229465026	-4.20284917033069	1_2
CB:Z:GTAGGAGAGACTTGAA-1_A619_2	CB:Z:GTAGGAGAGACTTGAA-1_A619_2	11045	4718	6775	119	0.0106592619132927	6477	3.81137389705389	0.427161611588954	0.613399728383884	0.0107741059302852	0.082915386538352	0.0791896211773497	3.85452491423649	1	0.00799484641133262	0.0232279227095222	1	6775	1	0.304347826086957	singlet	A619	A619_Re2	A619_Re2	5.53623321979981	2.91151247346051	1_1
CB:Z:TACATGGCAAGACTAA-1_A619_2	CB:Z:TACATGGCAAGACTAA-1_A619_2	11015	4841	7422	192	0.0171321495493888	6353	3.80297885533526	0.439491602360418	0.673808443032229	0.0174307762142533	0.116801579793622	0.247359231740163	3.8443741452557	1	0.0034192121083051	0.0262232209953411	1	7422	1	0.695652173913043	singlet	A619	A619_Re2	A619_Re2	-3.19551846057433	0.345172026988339	1_3
CB:Z:GTTCAAGTCGATGTAC-1_A619_2	CB:Z:GTTCAAGTCGATGTAC-1_A619_2	10963	3939	4963	66	0.00598422341100734	6488	3.8121108412031	0.359299461826142	0.452704551673812	0.00602024993158807	-0.103588396327645	-0.368163801983027	3.85541598185248	1	-0.000738755653048958	0.0150626225623724	1	4963	1	0.304347826086957	singlet	A619	A619_Re2	A619_Re2	3.43803587883454	1.84083401863671	1_4
CB:Z:CCTTAATAGTGAGCAC-1_A619_2	CB:Z:CCTTAATAGTGAGCAC-1_A619_2	10924	4584	7495	381	0.0337019018133569	6330	3.80140371001736	0.419626510435738	0.68610399121201	0.0348773343097766	0.0622068638307069	0.281588358466117	3.84246957625305	1	0.00499617155375596	0.0164345642182593	1	7495	1	1.04347826086957	singlet	A619	A619_Re2	A619_Re2	-4.49595924884338	-4.81937338984363	1_2
CB:Z:TTGACGACAACTCCCT-1_A619_2	CB:Z:TTGACGACAACTCCCT-1_A619_2	10888	5067	8716	399	0.0353504031186321	6164	3.78986263004638	0.465374724467303	0.80051432770022	0.0366458486407054	0.187935491734061	0.600091108335667	3.82851481098795	1	-0.00398892119667545	0.0209429032846457	1	8716	1	0.739130434782609	singlet	A619	A619_Re2	A619_Re2	-5.11513802081603	-2.68964984095447	1_2
CB:Z:GTGCTGGAGGAAGGTA-1_A619_2	CB:Z:GTGCTGGAGGAAGGTA-1_A619_2	10871	4256	5915	243	0.0218643152780277	6344	3.80236317430955	0.391500321957502	0.544108177720541	0.0223530493974795	-0.0150916091343755	-0.113708591575257	3.84362970156294	1	0.0031844162242498	0.0156583273448412	1	5915	1	0.869565217391304	singlet	A619	A619_Re2	A619_Re2	5.28746465176087	3.6195351871217	1_1
CB:Z:GACCTTCAGCGCGTTC-1_A619_2	CB:Z:GACCTTCAGCGCGTTC-1_A619_2	10852	4514	6743	453	0.0400707651481645	6498	3.81277970700896	0.415960191669738	0.621360117950608	0.0417434574272024	0.0521308152315772	0.101350258448928	3.85622473331579	1	0.00344055105740571	0.017065138205195	1	6743	1	1.21739130434783	singlet	A619	A619_Re2	A619_Re2	5.74267724483948	3.51473782384045	1_1
CB:Z:AACTGGTGTAAAGGCC-1_A619_2	CB:Z:AACTGGTGTAAAGGCC-1_A619_2	10831	4390	7284	454	0.040230394328755	6239	3.79511498563036	0.405318068507063	0.672514079955683	0.0419167205244206	0.0228833446680607	0.243755901727652	3.83486563685932	1	0.00544135685398174	0.0235037925585714	1	7284	1	1.1304347826087	singlet	A619	A619_Re2	A619_Re2	-4.27476021319885	-1.13355352557056	1_3
CB:Z:CGAGTTAAGAAGACTT-1_A619_2	CB:Z:CGAGTTAAGAAGACTT-1_A619_2	10811	4189	6665	394	0.0351628737170906	6332	3.80154090619032	0.387475719174914	0.616501711220054	0.0364443622236611	-0.0261523203866568	0.0878251177040987	3.84263546544139	1	-0.000449996850687618	0.0173906621627613	1	6665	1	0.391304347826087	singlet	A619	A619_Re2	A619_Re2	5.68098643749695	3.14417574727185	1_1
CB:Z:GCCCGAAAGACCCATT-1_A619_2	CB:Z:GCCCGAAAGACCCATT-1_A619_2	10803	3438	4772	179	0.0162993990165726	6273	3.79747528753733	0.318244931963344	0.441729149310377	0.0165694714431177	-0.216417493990463	-0.39871782307044	3.83771956899994	1	0.0065363142455066	0.0105021572457874	1	4772	1	0.173913043478261	singlet	A619	A619_Re2	A619_Re2	5.35811093777161	3.62432096326001	1_1
CB:Z:ACGTTAGTCCCGAAGC-1_A619_2	CB:Z:ACGTTAGTCCCGAAGC-1_A619_2	10765	4368	6937	441	0.0393539175441728	6194	3.79197120102077	0.405759405480725	0.644403158383651	0.0409660938225732	0.0240962596050941	0.165498935645028	3.83106436554145	1	0.011198110451634	0.0207041354706563	1	6937	1	1.8695652173913	singlet	A619	A619_Re2	A619_Re2	-4.42735525638122	-4.19289567149036	1_2
CB:Z:GATGGCCGTATTCTTC-1_A619_2	CB:Z:GATGGCCGTATTCTTC-1_A619_2	10679	4334	6003	229	0.020993766043271	6272	3.79740604967638	0.405843243749415	0.562131285700908	0.0214439554265381	0.0243266701404853	-0.0635347206721292	3.83763585082976	1	0.0057010906417997	0.0152900197281939	1	6003	1	0.565217391304348	singlet	A619	A619_Re2	A619_Re2	3.94571212261658	2.6266552003587	1_4
CB:Z:CCACAGGGTTTGGATC-1_A619_2	CB:Z:CCACAGGGTTTGGATC-1_A619_2	10651	4894	7858	169	0.0156192236598891	6119	3.78668045319665	0.459487372077739	0.737771101305042	0.0158670547366444	0.171755434138529	0.425422535932583	3.82466711813063	1	0.000362365842105674	0.0207623230139202	1	7858	1	1.8695652173913	singlet	A619	A619_Re2	A619_Re2	-4.70743128329772	-4.98217036402576	1_2
CB:Z:ACCATCCGTTTAGAAG-1_A619_2	CB:Z:ACCATCCGTTTAGAAG-1_A619_2	10640	5147	8952	341	0.0310536381021765	6025	3.77995705124691	0.483740601503759	0.841353383458647	0.0320488721804511	0.238409954375206	0.713781461501222	3.81653759331774	1	0.00648206411810909	0.0259371697379752	1	8952	1	1.04347826086957	singlet	A619	A619_Re2	A619_Re2	-3.94454142123718	-0.338875552776981	1_3
CB:Z:GCTGCGAGTCAATCCA-1_A619_2	CB:Z:GCTGCGAGTCAATCCA-1_A619_2	10621	3529	4404	428	0.0387365372431894	6329	3.80133509567455	0.332266264946804	0.414650221259768	0.040297523773656	-0.177883028881724	-0.47410186014586	3.84238661200272	1	0.00524953862695145	0.00793650508314495	1	4404	1	1.34782608695652	singlet	A619	A619_Re2	A619_Re2	5.17652562588196	3.40224263989575	1_1
CB:Z:CTCGCTACAATTCGTG-1_A619_2	CB:Z:CTCGCTACAATTCGTG-1_A619_2	10520	3512	3994	478	0.0434624477177669	6161	3.78965120879341	0.333840304182509	0.379657794676806	0.0454372623574145	-0.17355713775	-0.571515996257856	3.82825917339036	1	0.000916629749613471	0.0118481585848942	1	3994	1	0.608695652173913	singlet	A619	A619_Re2	A619_Re2	5.68915966480713	3.43044684254773	1_1
CB:Z:TAGCCGGCATTCGTCC-1_A619_2	CB:Z:TAGCCGGCATTCGTCC-1_A619_2	10461	3921	5633	250	0.0233404910839324	6452	3.80969435871692	0.374820762833381	0.538476245100851	0.023898288882516	-0.0609316080742593	-0.129387122742204	3.85249411960504	1	0.00206377471854285	0.0193669970666348	1	5633	1	1.21739130434783	singlet	A619	A619_Re2	A619_Re2	3.30896309345704	1.50577370249875	1_4
CB:Z:ACCGCAGGTCTGGGAA-1_A619_2	CB:Z:ACCGCAGGTCTGGGAA-1_A619_2	10399	4550	6994	280	0.0262196834909636	6096	3.78504495833154	0.437542071353015	0.672564669679777	0.0269256659294163	0.111443734382506	0.243896736609654	3.82268957816104	1	0.00300461172428308	0.026696926385409	1	6994	1	1.56521739130435	singlet	A619	A619_Re2	A619_Re2	6.4556475016449	3.79656920754559	1_1
CB:Z:CCGAAGCAGTTCAGGG-1_A619_2	CB:Z:CCGAAGCAGTTCAGGG-1_A619_2	10336	4431	7237	281	0.0264669869077894	6020	3.77959649125782	0.428695820433437	0.700174148606811	0.0271865325077399	0.0871318128408269	0.320757754858927	3.81610162631775	1	0.00461008722871867	0.0201384063830887	1	7237	1	0.739130434782609	singlet	A619	A619_Re2	A619_Re2	-3.86067625552673	-4.45305373347156	1_2
CB:Z:TGCTTCGTCCGGACTG-1_A619_2	CB:Z:TGCTTCGTCCGGACTG-1_A619_2	10311	4638	7349	458	0.0425294827746309	5989	3.77735431308421	0.449810881582776	0.712733973426438	0.0444185820967898	0.145161786744728	0.355722591653574	3.81339052214257	1	0.000570032388203152	0.0265656171754469	1	7349	1	1.78260869565217	singlet	A619	A619_Re2	A619_Re2	-3.08653923541564	-2.39891268885486	1_2
CB:Z:ACGGATTGTAACACTC-1_A619_2	CB:Z:ACGGATTGTAACACTC-1_A619_2	10310	3249	3925	279	0.0263480970818774	6276	3.7976829349149	0.315130940834142	0.380698351115422	0.0270611057225994	-0.224975594897039	-0.568619229258768	3.8379706434591	1	0.00544674284451381	0.0130780852667791	1	3925	1	0.782608695652174	singlet	A619	A619_Re2	A619_Re2	3.34152034252625	1.96273202621586	1_4
CB:Z:CAGTATGAGCTAGTTC-1_A619_2	CB:Z:CAGTATGAGCTAGTTC-1_A619_2	10261	3431	4306	520	0.0482330025044059	6261	3.79664370378512	0.334372868141507	0.419647207874476	0.0506773218984504	-0.172093506059607	-0.460190931931696	3.83671406898697	1	-0.00288106839273797	0.0145447374557303	1	4306	1	0.608695652173913	singlet	A619	A619_Re2	A619_Re2	5.42629841297608	3.614257672664	1_1
CB:Z:GAGGATGCACGACGAA-1_A619_2	CB:Z:GAGGATGCACGACGAA-1_A619_2	10244	4307	6402	322	0.0304751088396744	6061	3.78254428401001	0.420441233893011	0.624951190941039	0.031433033971105	0.0644459471385906	0.111347315162001	3.81966591631577	1	-0.00142272510098693	0.0215061132043842	1	6402	1	1.39130434782609	singlet	A619	A619_Re2	A619_Re2	3.15141645401459	2.06452649259217	1_4
CB:Z:AACTGGTGTAAGTCTC-1_A619_2	CB:Z:AACTGGTGTAAGTCTC-1_A619_2	10235	3523	4809	482	0.0449752729308575	6098	3.78518742002936	0.344211040547142	0.469858329262335	0.0470933072789448	-0.145055512471842	-0.32041002815195	3.82286183409873	1	0.00198496802575215	0.0088738568703696	1	4809	1	1	singlet	A619	A619_Re2	A619_Re2	4.7395089003418	3.42082724892743	1_1
CB:Z:TTGAGTGGTAACCCAT-1_A619_2	CB:Z:TTGAGTGGTAACCCAT-1_A619_2	10202	4787	8021	117	0.011338307975579	5870	3.76863810124761	0.469221721231131	0.786218388551264	0.0114683395412664	0.198508092979893	0.560293166378041	3.80285141397536	1	0.00728581199372734	0.0243750291543727	1	8021	1	1.69565217391304	singlet	A619	A619_Re2	A619_Re2	-4.48833319217224	-3.75163771784656	1_2
CB:Z:GGTCATAAGGATTGAT-1_A619_2	CB:Z:GGTCATAAGGATTGAT-1_A619_2	10172	4383	7815	520	0.0486344930789375	5830	3.76566855475901	0.430888714117184	0.768285489579237	0.0511207235548565	0.0931584855718175	0.510370425032795	3.79926082069497	1	-0.00362577752043189	0.0228255348667038	1	7815	1	1.47826086956522	singlet	A619	A619_Re2	A619_Re2	-4.50178238421935	-4.18504073298328	1_2
CB:Z:GATGATCCACGCGACT-1_A619_2	CB:Z:GATGATCCACGCGACT-1_A619_2	10159	4159	5879	323	0.0308147300133562	5872	3.76878604690801	0.409390688059848	0.578698690816025	0.0317944679594448	0.034076019162212	-0.0174133277164206	3.80303030078387	1	0.00169536762997635	0.0170409114959471	1	5879	1	0.956521739130435	singlet	A619	A619_Re2	A619_Re2	4.10417202442628	2.27894217693455	1_4
CB:Z:ACTACGACAAGCAATA-1_A619_2	CB:Z:ACTACGACAAGCAATA-1_A619_2	10088	4829	8193	394	0.0375882465178401	5752	3.75981887737483	0.478687549563838	0.812153053132435	0.039056304520222	0.224522783027001	0.632491730245549	3.79218774997904	1	0.00478037201179614	0.0203833022975046	1	8193	1	1.04347826086957	singlet	A619	A619_Re2	A619_Re2	-4.29254051715392	-3.50492121851795	1_2
CB:Z:CAGCTAATCTTTCGAT-1_A619_2	CB:Z:CAGCTAATCTTTCGAT-1_A619_2	9811	3920	5725	473	0.0459937767405679	5669	3.75350645699097	0.399551523799817	0.583528692284171	0.0482111915197228	0.00703529968678116	-0.00396726334236063	3.78455515884087	1	0.00581089730163649	0.0134858515159906	1	5725	1	1.04347826086957	singlet	A619	A619_Re2	A619_Re2	5.22765758961182	2.71880612694867	1_1
CB:Z:TCGCAGGAGGCACCTC-1_A619_2	CB:Z:TCGCAGGAGGCACCTC-1_A619_2	9707	3536	5314	214	0.0215704062090515	5767	3.7609499514109	0.364273204903678	0.547439991758525	0.0220459462243742	-0.089919187465178	-0.104433276374509	3.79355537525418	1	0.00630838114630273	0.0166376106482651	1	5314	1	1.95652173913043	singlet	A619	A619_Re2	A619_Re2	4.19386652439576	2.13989586555607	1_4
CB:Z:GGCATTAGTGACCAGA-1_A619_2	CB:Z:GGCATTAGTGACCAGA-1_A619_2	9652	4341	7180	484	0.047750591949487	5598	3.74803289413014	0.449751346871115	0.743887277248239	0.0501450476585164	0.144998169043618	0.442449134371046	3.77793686271271	1	0.00161990343048832	0.0246789330864984	1	7180	1	0.91304347826087	singlet	A619	A619_Re2	A619_Re2	-4.93281408816833	-4.47973754084461	1_2
CB:Z:CCACGTTCAGCGTGAA-1_A619_2	CB:Z:CCACGTTCAGCGTGAA-1_A619_2	9644	4174	6197	503	0.0495713018626195	5578	3.74647850993003	0.432807963500622	0.642575694732476	0.0521567814184985	0.0984331087826271	0.160411526447121	3.77605739677894	1	-0.00266499235949535	0.0134580872582101	1	6197	1	0.434782608695652	singlet	A619	A619_Re2	A619_Re2	6.51133969753724	2.94745705449231	1_1
CB:Z:TAGGTCATCGCTTCAC-1_A619_2	CB:Z:TAGGTCATCGCTTCAC-1_A619_2	9552	3032	3865	210	0.0215119852489244	5758	3.76027166054206	0.317420435510888	0.40462730318258	0.0219849246231156	-0.218683436167067	-0.50200429507691	3.79273522758344	1	0.00677420432040916	0.0153254650323749	1	3865	1	0.91304347826087	singlet	A619	A619_Re2	A619_Re2	2.95155123203736	1.8229735562133	1_4
CB:Z:CGTTCCAAGTCCAGAG-1_A619_2	CB:Z:CGTTCCAAGTCCAGAG-1_A619_2	9439	4174	6706	261	0.0269072164948454	5521	3.74201774714014	0.442207861002225	0.710456616166967	0.0276512342409154	0.124266602839755	0.349382740099588	3.77066371630946	1	0.00117418140246594	0.0224143396515258	1	6706	1	1.65217391304348	singlet	A619	A619_Re2	A619_Re2	-3.42242046863098	-1.2787060943877	1_3
CB:Z:GCGTTGGGTAATGTGA-1_A619_2	CB:Z:GCGTTGGGTAATGTGA-1_A619_2	9413	4202	7062	107	0.0112394957983193	5514	3.74146676176975	0.44640390948688	0.750239031127165	0.0113672580473813	0.135798493860192	0.4601315496058	3.76999749863073	1	0.00561437261291284	0.0226976315095818	1	7062	1	1.30434782608696	singlet	A619	A619_Re2	A619_Re2	-5.02774092227477	-4.27023722803943	1_2
CB:Z:CCTATTAAGCCAGAAC-1_A619_2	CB:Z:CCTATTAAGCCAGAAC-1_A619_2	9341	4390	7416	56	0.00595934872831755	5402	3.73255457985143	0.469971095171823	0.793919280590943	0.00599507547371802	0.200567577909397	0.581731397978199	3.75922143547349	1	0.00373951869499316	0.020332116729738	1	7416	1	0.695652173913043	singlet	A619	A619_Re2	A619_Re2	-4.60953852206725	-1.71810032999866	1_2
CB:Z:TCAGTCCTCGCCTTAC-1_A619_2	CB:Z:TCAGTCCTCGCCTTAC-1_A619_2	9333	3662	5467	490	0.0498829278224575	5558	3.74491854244135	0.392371156112718	0.585770920390014	0.0525018750669667	-0.0126983182533101	0.00227479344609574	3.77417117987546	1	-0.00355721157147668	0.0214064068275714	1	5467	1	0.260869565217391	singlet	A619	A619_Re2	A619_Re2	5.49963382214051	3.02975938641674	1_1
CB:Z:CATGCCTGTATCGCGC-1_A619_2	CB:Z:CATGCCTGTATCGCGC-1_A619_2	9324	3123	4118	125	0.0132289131124987	5652	3.75220215317652	0.334942084942085	0.441655941655942	0.0134062634062634	-0.170529142317082	-0.398921623181206	3.78297807475421	1	0.00600411208082167	0.00941303456993373	1	4118	1	0.956521739130435	singlet	A619	A619_Re2	A619_Re2	3.09480157822114	2.03528294884808	1_4
CB:Z:GATTGACAGCGGACTA-1_A619_2	CB:Z:GATTGACAGCGGACTA-1_A619_2	9257	2924	3707	395	0.04092416079569	5581	3.74671202251666	0.315869072053581	0.400453710705412	0.0426704115804256	-0.222947008046223	-0.513623006476729	3.77633974586075	1	0.00623183962900604	0.0101759253687499	1	3707	1	0.130434782608696	singlet	A619	A619_Re2	A619_Re2	4.46591332882386	3.23474929654248	1_1
CB:Z:TTCTAACGTAACCGAG-1_A619_2	CB:Z:TTCTAACGTAACCGAG-1_A619_2	9250	4212	7306	202	0.0213711383834109	5297	3.7240299729356	0.455351351351351	0.789837837837838	0.0218378378378378	0.16038851584638	0.570369218823755	3.74891400421169	1	0.00399710319816605	0.0245289945760467	1	7306	1	1.39130434782609	singlet	A619	A619_Re2	A619_Re2	-4.28600069552917	-4.10197188532703	1_2
CB:Z:TGATCAGCAAACCCTA-1_A619_2	CB:Z:TGATCAGCAAACCCTA-1_A619_2	9159	3737	5576	250	0.0265703050271017	5305	3.72468538823736	0.408013975324817	0.60880008734578	0.0272955562834371	0.0302924353249692	0.066384848776388	3.74970649215131	1	0.00377035830277336	0.0180892785908966	1	5576	1	0.782608695652174	singlet	A619	A619_Re2	A619_Re2	6.82761720150452	2.37298492514737	1_2
CB:Z:GCTCACTGTCCCGTGA-1_A619_2	CB:Z:GCTCACTGTCCCGTGA-1_A619_2	9142	2760	3669	432	0.0451222059745143	5424	3.73431968085901	0.301903303434697	0.401334500109385	0.0472544301028221	-0.261328767055579	-0.511171009080058	3.76135568723258	1	-0.00207567639366929	0.0109091434839172	1	3669	1	0.347826086956522	singlet	A619	A619_Re2	A619_Re2	6.17534450024109	2.98400078141339	1_1
CB:Z:CGTACAATCGGTCCGA-1_A619_2	CB:Z:CGTACAATCGGTCCGA-1_A619_2	9118	3579	4886	298	0.0316482582837723	5342	3.72770388368535	0.392520289537179	0.535863127878921	0.0326826058346129	-0.0122884587379406	-0.13666168417138	3.75335627150788	1	0.00421821488533234	0.0147007914154929	1	4886	1	0.739130434782609	singlet	A619	A619_Re2	A619_Re2	3.17244080036622	1.80702120424457	1_4
CB:Z:TCTAGTTCAAGGACCA-1_A619_2	CB:Z:TCTAGTTCAAGGACCA-1_A619_2	9060	3084	4347	463	0.0486191326262732	5382	3.73094369342774	0.340397350993377	0.479801324503311	0.0511037527593819	-0.15553657637771	-0.292730087480531	3.75727365052026	1	0.00553395578564068	0.0071175654614707	1	4347	1	0.91304347826087	singlet	A619	A619_Re2	A619_Re2	5.02785948246461	3.03340778672345	1_1
CB:Z:TAAGCCACAGGACCTC-1_A619_2	CB:Z:TAAGCCACAGGACCTC-1_A619_2	9027	3679	5501	443	0.046779303062302	5346	3.72802895442052	0.407555112440456	0.609394040101916	0.0490749972305306	0.0290313543829537	0.0680383321235114	3.75374932708112	1	-0.0010600640348014	0.0166081920697123	1	5501	1	1.08695652173913	singlet	A619	A619_Re2	A619_Re2	4.76577833622437	3.52457521283276	1_1
CB:Z:ATTACCTTCGCCAGAC-1_A619_2	CB:Z:ATTACCTTCGCCAGAC-1_A619_2	8992	3772	5803	330	0.0354001287277408	5322	3.72607487021537	0.419483985765125	0.645351423487544	0.0366992882562278	0.0618151669818153	0.168138776174005	3.75138656844331	1	0.0063674329614294	0.0196816513376397	1	5803	1	1.52173913043478	singlet	A619	A619_Re2	A619_Re2	5.01755383938294	1.81746228770561	1_2
CB:Z:GATTAGCCACTGCTTC-1_A619_2	CB:Z:GATTAGCCACTGCTTC-1_A619_2	8899	3867	5433	407	0.0437352245862884	5171	3.71357453777207	0.434543207101922	0.610518035734352	0.0457354758961681	0.103202033683584	0.071167382441522	3.73627193398789	1	0.00512224025632407	0.0155481650471245	1	5433	1	0.782608695652174	singlet	A619	A619_Re2	A619_Re2	5.80532220333558	3.04580269181378	1_1
CB:Z:CTCTACGTCACAACAC-1_A619_2	CB:Z:CTCTACGTCACAACAC-1_A619_2	8897	4015	6864	436	0.0467159541412193	5124	3.70960912107265	0.451275710913791	0.771496009890974	0.0490052826795549	0.149187539133096	0.519308075066765	3.73147719559617	1	0.00604061405097729	0.0290563480906143	1	6864	1	1.43478260869565	singlet	A619	A619_Re2	A619_Re2	-4.18582245379943	-1.66141440546863	1_3
CB:Z:GGGTTATTCTCGACAA-1_A619_2	CB:Z:GGGTTATTCTCGACAA-1_A619_2	8763	3594	5506	163	0.0182612592426619	5079	3.7057782128286	0.410133515919206	0.628323633458861	0.0186009357525961	0.0361175136664771	0.120735734501316	3.72684509656971	1	0.00442752555143348	0.0151473595904048	1	5506	1	0.695652173913043	singlet	A619	A619_Re2	A619_Re2	2.54886374205094	1.7690116854871	1_3
CB:Z:TGCTTTAGTCCCGTGA-1_A619_2	CB:Z:TGCTTTAGTCCCGTGA-1_A619_2	8679	3763	5842	422	0.046368530930667	5054	3.7036352375839	0.433575296693167	0.673119022928909	0.0486231132618965	0.100541950657347	0.245439980338037	3.724253942485	1	0.00280059894570626	0.0166553699144153	1	5842	1	0.826086956521739	singlet	A619	A619_Re2	A619_Re2	-3.82354303866882	-0.102907439831424	1_3
CB:Z:GCATTCCAGGCTCAGA-1_A619_2	CB:Z:GCATTCCAGGCTCAGA-1_A619_2	8570	3487	5435	386	0.043099598034837	5059	3.70406467940857	0.406884480746791	0.634189031505251	0.0450408401400233	0.0271882747249181	0.137064201527957	3.72477319717116	1	0.00982168664664444	0.016636837250522	1	5435	1	0.739130434782609	singlet	A619	A619_Re2	A619_Re2	5.78309157818299	2.28876460516102	1_1
CB:Z:GCGGTGTGTACAACGG-1_A619_2	CB:Z:GCGGTGTGTACAACGG-1_A619_2	8569	2753	3636	409	0.0455558030741813	5173	3.71374247840908	0.32127436106897	0.424320224063485	0.0477301902205625	-0.208091792696024	-0.447181893132676	3.73647499749442	1	0.00747351353865973	0.0176217049985967	1	3636	1	1.08695652173913	singlet	A619	A619_Re2	A619_Re2	5.06130650967103	3.61460922085888	1_1
CB:Z:CTGTATTCATTTGGCA-1_A619_2	CB:Z:CTGTATTCATTTGGCA-1_A619_2	8556	3367	4619	249	0.0282793867120954	5021	3.70079022137435	0.393525011687705	0.539855072463768	0.0291023842917251	-0.00952720695830838	-0.125548655693121	3.72081392357174	1	0.00175580005226091	0.0152116033524317	1	4619	1	0.695652173913043	singlet	A619	A619_Re2	A619_Re2	3.11275795429688	1.81670378227926	1_4
CB:Z:CAGCTAACATGTCCCT-1_A619_2	CB:Z:CAGCTAACATGTCCCT-1_A619_2	8484	3747	5889	334	0.0378770696303017	4969	3.69626899674553	0.441654879773692	0.694130127298444	0.0393682225365394	0.122746858898018	0.303932025068477	3.71534713635905	1	0.00370971210584352	0.0161194589369308	1	5889	1	1.17391304347826	singlet	A619	A619_Re2	A619_Re2	6.85041430920106	3.23115012967236	1_1
CB:Z:AACCTGACATCCCGGA-1_A619_2	CB:Z:AACCTGACATCCCGGA-1_A619_2	8475	3116	4098	444	0.0497813656239489	5107	3.70816585785554	0.367669616519174	0.48353982300885	0.0523893805309735	-0.0805849176745208	-0.282322618269741	3.72973209033209	1	-0.00377159120334442	0.0197310632623143	1	4098	1	0.217391304347826	singlet	A619	A619_Re2	A619_Re2	5.52613953083497	2.97575269066937	1_1
CB:Z:GTGTGATGTGCATTGT-1_A619_2	CB:Z:GTGTGATGTGCATTGT-1_A619_2	8389	2568	3595	284	0.0327453015104347	5048	3.70311934623608	0.306115150792705	0.428537370365955	0.0338538562403147	-0.249753456402025	-0.435441933832079	3.72363015834355	1	0.00234049959426926	0.0147883849252087	1	3595	1	0.739130434782609	singlet	A619	A619_Re2	A619_Re2	5.21289685696107	2.76373527371533	1_1
CB:Z:CCTTGCATCTTACTCA-1_A619_2	CB:Z:CCTTGCATCTTACTCA-1_A619_2	8354	2956	3665	341	0.0392179413456009	4994	3.69844853801533	0.353842470672732	0.438711994254249	0.0408187694517596	-0.118585703320344	-0.407117170643886	3.71798250383611	1	-0.0064507965262801	0.0146301670076148	1	3665	1	1.04347826086957	singlet	A619	A619_Re2	A619_Re2	5.54376843899232	3.12611363255627	1_1
CB:Z:CTGTATTGTGCAAGCA-1_A619_2	CB:Z:CTGTATTGTGCAAGCA-1_A619_2	8299	3014	4065	227	0.0266244428806005	4939	3.69363902616155	0.363176286299554	0.489818050367514	0.0273526930955537	-0.0929338203626057	-0.264844890824661	3.71216713741217	1	-0.000469847641961229	0.0116546421512474	1	4065	1	0.130434782608696	singlet	A619	A619_Re2	A619_Re2	4.5425525042389	2.82619855725415	1_1
CB:Z:TGGCGCAAGAAAGGGT-1_A619_2	CB:Z:TGGCGCAAGAAAGGGT-1_A619_2	8281	3597	6429	213	0.025076524605604	4797	3.6809697184659	0.434367829972226	0.776355512619249	0.0257215312160367	0.102720049275032	0.532836266919548	3.69684818845689	1	0.0112847621633102	0.0208175392837827	1	6429	1	1.26086956521739	singlet	A619	A619_Re2	A619_Re2	-4.34442421466369	-4.30433823740833	1_2
CB:Z:GCCAGCAAGTCACGCC-1_A619_2	CB:Z:GCCAGCAAGTCACGCC-1_A619_2	8169	3654	5972	217	0.0258764607679466	4820	3.68304703823885	0.447300771208226	0.731056432855919	0.0265638389031705	0.138263315624952	0.406729816103651	3.69935995597648	1	0.00671345862104695	0.0193527240754823	1	5972	1	0.608695652173913	singlet	A619	A619_Re2	A619_Re2	-4.49212929278869	-4.0784423557555	1_2
CB:Z:GGAACCCTCGCCACTT-1_A619_2	CB:Z:GGAACCCTCGCCACTT-1_A619_2	8141	3550	5827	350	0.0412201154163232	4768	3.67833624673218	0.436064365557057	0.71575973467633	0.0429922613929493	0.107382593940118	0.36414589769497	3.69366395613472	1	0.00491378874511986	0.0161639267636242	1	5827	1	1	singlet	A619	A619_Re2	A619_Re2	-3.85023685962219	0.212949851390194	1_3
CB:Z:GACCTTCGTCAGACGA-1_A619_2	CB:Z:GACCTTCGTCAGACGA-1_A619_2	8009	3544	5299	377	0.0449558788456952	4722	3.67412598274271	0.442502185041828	0.661630665501311	0.0470720439505556	0.125075485950093	0.213457962414759	3.68857316343378	1	0.00144485391106866	0.0211426821078181	1	5299	1	1.95652173913043	singlet	A619	A619_Re2	A619_Re2	3.55997148483735	1.9069683792556	1_3
CB:Z:GCGCCAACAGTAGGCA-1_A619_2	CB:Z:GCGCCAACAGTAGGCA-1_A619_2	7947	3423	6299	319	0.0385918219211227	4601	3.6628522332648	0.430728576821442	0.792626148232037	0.0401409336856675	0.0927183844029292	0.578131494115498	3.67494163778648	1	0.00522459077007742	0.0274238973884174	1	6299	1	1.65217391304348	singlet	A619	A619_Re2	A619_Re2	-3.77579494983215	-2.04224040186756	1_3
CB:Z:GATTGACTCGCCGAAC-1_A619_2	CB:Z:GATTGACTCGCCGAAC-1_A619_2	7924	3226	4779	244	0.0298726738491675	4688	3.67098760301003	0.407117617364967	0.603104492680464	0.0307925290257446	0.0278289980348397	0.0505290911697987	3.68477842736121	1	0.00178317125524116	0.0226586598061594	1	4779	1	0.826086956521739	singlet	A619	A619_Re2	A619_Re2	-3.11382862597961	0.344287613269161	1_3
CB:Z:CTCTCGAGTTCCCTTG-1_A619_2	CB:Z:CTCTCGAGTTCCCTTG-1_A619_2	7795	2494	3436	167	0.0209746294900779	4555	3.65848838130902	0.319948685054522	0.440795381654907	0.0214239897370109	-0.211735113640223	-0.401317304683161	3.66966513594717	1	0.00515092959698516	0.01435317379853	1	3436	1	0.739130434782609	singlet	A619	A619_Re2	A619_Re2	5.1184995505188	3.12038240754254	1_1
CB:Z:GTGCACGGTTCTTATC-1_A619_2	CB:Z:GTGCACGGTTCTTATC-1_A619_2	7776	3446	5747	111	0.0140737923164701	4623	3.66492389343808	0.443158436213992	0.739068930041152	0.0142746913580247	0.126879043994549	0.42903551386796	3.67744656206567	1	-0.00285741270089967	0.0163374555039252	1	5747	1	1	singlet	A619	A619_Re2	A619_Re2	-4.21389719516296	-4.26922585642688	1_2
CB:Z:GGCGAAAGTAACACTC-1_A619_2	CB:Z:GGCGAAAGTAACACTC-1_A619_2	7734	2770	3663	283	0.0352999875265062	4548	3.6578204560157	0.358158779415568	0.473622963537626	0.0365916731316266	-0.106723304157186	-0.309929800527964	3.66885752169388	1	0.0013140122876211	0.00895724775266028	1	3663	1	1.34782608695652	singlet	A619	A619_Re2	A619_Re2	5.06077936619263	3.12292526089795	1_1
CB:Z:TGTGGCGAGGATATCA-1_A619_2	CB:Z:TGTGGCGAGGATATCA-1_A619_2	7693	3453	5671	127	0.0162404092071611	4416	3.64502906472114	0.448849603535682	0.737163655271026	0.016508514233719	0.142519931265707	0.423731489142843	3.65339095674688	1	0.000785057930548791	0.0187388335633421	1	5671	1	1.04347826086957	singlet	A619	A619_Re2	A619_Re2	-4.02714201480407	-4.87125518000476	1_2
CB:Z:AACCTTTCAATGACTC-1_A619_2	CB:Z:AACCTTTCAATGACTC-1_A619_2	7666	3371	5201	217	0.0275275910186477	4585	3.66133934000604	0.43973388990347	0.678450300026089	0.0283068092877642	0.117467452352604	0.260281527595819	3.67311234015141	1	-0.00025517931647676	0.0126276175931791	1	5201	1	0.0869565217391304	singlet	A619	A619_Re2	A619_Re2	5.9266438814972	3.32354185902722	1_1
CB:Z:GTCACTCTCGCGTGAC-1_A619_2	CB:Z:GTCACTCTCGCGTGAC-1_A619_2	7641	3342	5531	263	0.0332742914979757	4403	3.64374868545953	0.437377306635257	0.723858133752127	0.0344195785891899	0.110990915789932	0.386690734589564	3.65184280076052	1	0.000416986229882403	0.0118631892582307	1	5531	1	0.826086956521739	singlet	A619	A619_Re2	A619_Re2	-3.96275946170349	-4.24329163706653	1_2
CB:Z:CTTAATCCACGCTAAT-1_A619_2	CB:Z:CTTAATCCACGCTAAT-1_A619_2	7605	3243	5505	113	0.014641098730241	4462	3.64952956594782	0.426429980276134	0.723865877712032	0.0148586456278764	0.0809046632120044	0.386712292716219	3.65883268649414	1	0.00638400748697498	0.023493529429299	1	5505	1	1.82608695652174	singlet	A619	A619_Re2	A619_Re2	-4.2739667561676	-1.65191056406849	1_2
CB:Z:GCTCACTCAAACTACC-1_A619_2	CB:Z:GCTCACTCAAACTACC-1_A619_2	7498	3259	5423	245	0.0316414826294718	4374	3.64087877870162	0.434649239797279	0.723259535876234	0.0326753801013604	0.103493440585087	0.385024319863499	3.64837268572449	1	0.000852985434865164	0.0176735238377038	1	5423	1	0.695652173913043	singlet	A619	A619_Re2	A619_Re2	-4.02286383182067	-4.24314953959339	1_2
CB:Z:CATGCCTGTCCAACCG-1_A619_2	CB:Z:CATGCCTGTCCAACCG-1_A619_2	7447	2691	3766	331	0.042555926973515	4424	3.64581511829664	0.361353565194038	0.505706996105814	0.0444474284946959	-0.0979431574153904	-0.220612236105581	3.65434140446577	1	0.00753198690889819	0.013891933327377	1	3766	1	0.739130434782609	singlet	A619	A619_Re2	A619_Re2	3.59297338455659	2.4197984727586	1_4
CB:Z:TAACTTCTCCTCAAGA-1_A619_2	CB:Z:TAACTTCTCCTCAAGA-1_A619_2	7377	3324	5458	136	0.0181019566085452	4306	3.63407402548747	0.450589670597804	0.73986715466992	0.0184356784600786	0.14730211235871	0.431257662207698	3.64014479595774	1	-0.00201957216653896	0.0186818387096223	1	5458	1	0.826086956521739	singlet	A619	A619_Re2	A619_Re2	-4.02987810641784	-1.95838024294727	1_2
CB:Z:ACCAAACTCTACTGCC-1_A619_2	CB:Z:ACCAAACTCTACTGCC-1_A619_2	7329	3165	4884	165	0.022017614091273	4327	3.63618689519872	0.431846090871879	0.666393778141629	0.0225133033155956	0.0957896192303083	0.226717817428262	3.64269954827992	1	-0.00467655441873925	0.0175092164362372	1	4884	1	1	singlet	A619	A619_Re2	A619_Re2	-3.1143078473236	-0.124677082661319	1_4
CB:Z:TTAGGTGAGTTGCCGC-1_A619_2	CB:Z:TTAGGTGAGTTGCCGC-1_A619_2	7234	3205	5356	207	0.0278188415535546	4291	3.63255851453267	0.443046723804258	0.74039259054465	0.0286148742051424	0.126572027681608	0.432720403915471	3.63831233316534	1	0.00213279755306838	0.0209496259350422	1	5356	1	1.47826086956522	singlet	A619	A619_Re2	A619_Re2	-4.24930616885681	-3.67331196940296	1_2
CB:Z:ATAGTCGAGGAGTACC-1_A619_2	CB:Z:ATAGTCGAGGAGTACC-1_A619_2	7190	2950	4490	209	0.0282470604135694	4232	3.62654565902713	0.41029207232267	0.624478442280946	0.0290681502086231	0.0365532701101963	0.110031247463413	3.6310419574844	1	0.00332208538748455	0.0157219366941775	1	4490	1	1.1304347826087	singlet	A619	A619_Re2	A619_Re2	-3.43581148654479	0.307137945529293	1_3
CB:Z:TAAGCCACAACTTGGT-1_A619_2	CB:Z:TAAGCCACAACTTGGT-1_A619_2	7036	3132	5301	273	0.0373512108359557	4098	3.61257195406518	0.445139283683911	0.753411028993746	0.0388004548038658	0.132322955625875	0.468961958414106	3.61414581144622	1	0.000673932676878211	0.0160622355756092	1	5301	1	1.04347826086957	singlet	A619	A619_Re2	A619_Re2	-4.96498104602355	-3.31296040690296	1_2
CB:Z:TATCGAGGTCCGTCGA-1_A619_2	CB:Z:TATCGAGGTCCGTCGA-1_A619_2	7014	3306	5732	243	0.0334849111202976	4031	3.60541279815305	0.471343028229256	0.817222697462218	0.03464499572284	0.20433802588289	0.646604927614417	3.60548939969782	1	0.00389466860109951	0.0267826856862257	1	5732	1	1.04347826086957	singlet	A619	A619_Re2	A619_Re2	-3.85820051700134	-4.02603699839466	1_2
CB:Z:TCGAGCGCAAGAAACT-1_A619_2	CB:Z:TCGAGCGCAAGAAACT-1_A619_2	6965	2647	3995	313	0.0430063204176972	4139	3.61689542640076	0.380043072505384	0.573582196697775	0.0449389806173726	-0.0465792700989603	-0.0316569484973292	3.61937348872816	1	0.00222786806938758	0.0140894750876762	1	3995	1	0.0869565217391304	singlet	A619	A619_Re2	A619_Re2	5.86442855328065	3.0007961782182	1_1
CB:Z:TAGACTGGTAGAACGC-1_A619_2	CB:Z:TAGACTGGTAGAACGC-1_A619_2	6839	2609	2833	122	0.017526217497486	4105	3.61331316145546	0.381488521713701	0.414241848223424	0.0178388653311888	-0.0426067795982324	-0.475238714900775	3.61504203391155	1	0.00155465235373733	0.011195751002727	1	2833	1	1.30434782608696	singlet	A619	A619_Re2	A619_Re2	5.24536446064454	3.03410742604382	1_1
CB:Z:GCTGCGAAGGGATCCA-1_A619_2	CB:Z:GCTGCGAAGGGATCCA-1_A619_2	6799	2889	4897	270	0.0381949356344603	3965	3.59824319165362	0.424915428739521	0.720252978379173	0.0397117223121047	0.0767422605779704	0.376654474447012	3.59682035174093	1	0.00539284116284673	0.0215188897980872	1	4897	1	1.21739130434783	singlet	A619	A619_Re2	A619_Re2	-3.69294210940856	0.0342523845399134	1_3
CB:Z:TAGGTGTCACACACAT-1_A619_2	CB:Z:TAGGTGTCACACACAT-1_A619_2	6798	2811	4698	352	0.0492307692307692	3957	3.59736605026603	0.413503971756399	0.691085613415711	0.0517799352750809	0.0453804498660576	0.295456514258607	3.59575976623256	1	0.000918266882063242	0.0165598930556087	1	4698	1	1	singlet	A619	A619_Re2	A619_Re2	-3.76737066775817	-0.174030324581791	1_3
CB:Z:ACATGGTCATCGACGC-1_A619_2	CB:Z:ACATGGTCATCGACGC-1_A619_2	6795	2340	3298	196	0.0280360463453011	4066	3.60916737430202	0.344370860927152	0.485356880058867	0.0288447387785136	-0.144616282274225	-0.277264179628055	3.61002920264179	1	0.00563964951934696	0.00938946203651496	1	3298	1	0.347826086956522	singlet	A619	A619_Re2	A619_Re2	4.99070671528321	2.32688371264584	1_1
CB:Z:AGTTACGTCCCATAGA-1_A619_2	CB:Z:AGTTACGTCCCATAGA-1_A619_2	6776	3065	5336	268	0.0380465644520159	3906	3.59173223895184	0.452331759149941	0.787485242030697	0.0395513577331759	0.152089849060196	0.563819913429629	3.58894770751404	1	0.00323825311540491	0.0233475818015503	1	5336	1	0.739130434782609	singlet	A619	A619_Re2	A619_Re2	-4.29911467105407	-1.90893008387439	1_2
CB:Z:AGTGTACAGCAGGACT-1_A619_2	CB:Z:AGTGTACAGCAGGACT-1_A619_2	6771	2905	4518	247	0.0351952123111998	3985	3.60042832573213	0.429035592970019	0.667257421355782	0.0364791020528725	0.0880656008744823	0.229122082174413	3.59946248169888	1	0.00452284536374006	0.0103926364694266	1	4518	1	0.391304347826087	singlet	A619	A619_Re2	A619_Re2	-3.71674725085754	-4.66101958430164	1_2
CB:Z:TCAATTCAGGGAGATA-1_A619_2	CB:Z:TCAATTCAGGGAGATA-1_A619_2	6768	3067	4754	173	0.024924362483792	3897	3.59073040579269	0.453161938534279	0.7024231678487	0.0255614657210402	0.154371409490827	0.327018717242556	3.58773635237173	1	0.00493902324418654	0.0100287975449883	1	4754	1	1.39130434782609	singlet	A619	A619_Re2	A619_Re2	-2.96808573276061	0.0286892446244471	1_3
CB:Z:TAGCACACAAGAGATT-1_A619_2	CB:Z:TAGCACACAAGAGATT-1_A619_2	6710	2745	4348	324	0.0460619846460051	3982	3.60010125569139	0.409090909090909	0.647988077496274	0.0482861400894188	0.0332521444113198	0.175478860802823	3.5990670086881	1	0.00474975506291944	0.010197707641433	1	4348	1	2	singlet	A619	A619_Re2	A619_Re2	4.09426787823182	2.63658479773648	1_4
CB:Z:TCACCACGTCTGTGTA-1_A619_2	CB:Z:TCACCACGTCTGTGTA-1_A619_2	6678	2171	2883	177	0.0258205689277899	3903	3.59139855128125	0.325097334531297	0.431716082659479	0.0265049415992812	-0.197585214065486	-0.426592832976269	3.58854423287158	1	0.00412232520174609	0.0126776874454314	1	2883	1	0.391304347826087	singlet	A619	A619_Re2	A619_Re2	5.24165538280945	2.92043326222546	1_1
CB:Z:GCACGGTGTGAGTAAT-1_A619_2	CB:Z:GCACGGTGTGAGTAAT-1_A619_2	6666	2896	4796	145	0.0212890911760388	3848	3.58523506336578	0.434443444344434	0.71947194719472	0.0217521752175218	0.102927858289414	0.374480190307851	3.58109172172955	1	0.000331778833482931	0.0144342960700538	1	4796	1	1.69565217391304	singlet	A619	A619_Re2	A619_Re2	-4.06782766849059	-3.9664137569701	1_2
CB:Z:AGCGTATCAAGGAGTC-1_A619_2	CB:Z:AGCGTATCAAGGAGTC-1_A619_2	6572	2118	2846	232	0.0340975896531452	4428	3.64620761220669	0.322276323797931	0.433049300060864	0.0353012781497261	-0.205338124562976	-0.422881337830383	3.65481598400221	1	0.00264932604447818	0.0180624649574215	1	2846	1	0.304347826086957	singlet	A619	A619_Re2	A619_Re2	5.32503393619996	3.22032509171612	1_1
CB:Z:TTGCGAAGTAGATTAG-1_A619_2	CB:Z:TTGCGAAGTAGATTAG-1_A619_2	6542	2833	4643	217	0.0321053410267791	3777	3.57714698482752	0.433047997554265	0.709721797615408	0.0331702843167227	0.0990927881352187	0.347337105618382	3.57131211377858	1	-0.000388369092946909	0.0201468674925865	1	4643	1	1.04347826086957	singlet	A619	A619_Re2	A619_Re2	-3.93244740039367	-4.13633706248157	1_2
CB:Z:AACGGGACATCCATAG-1_A619_2	CB:Z:AACGGGACATCCATAG-1_A619_2	6541	2494	3029	110	0.0165388663358893	3865	3.58714949825434	0.381287264944198	0.463079039902156	0.0168170004586455	-0.0431598883484096	-0.339282643770916	3.58340653884827	1	0.00282684120741322	0.0109164717603538	1	3029	1	1.56521739130435	singlet	A619	A619_Re2	A619_Re2	5.12616971462708	3.2541832717622	1_1
CB:Z:CGCTAGGAGTCGACCC-1_A619_2	CB:Z:CGCTAGGAGTCGACCC-1_A619_2	6432	2180	3388	263	0.0392830470500373	3828	3.58297192910481	0.338930348258706	0.526741293532338	0.0408893034825871	-0.159568301874871	-0.162055625072344	3.57835527874028	1	0.000453965668176057	0.0154609284051789	1	3388	1	1	singlet	A619	A619_Re2	A619_Re2	5.15193227261048	2.37586317383892	1_1
CB:Z:TGCCTCATCTTGTGCC-1_A619_2	CB:Z:TGCCTCATCTTGTGCC-1_A619_2	6356	2566	3554	127	0.0195896961283356	3808	3.58069693971244	0.403713027061045	0.559156702328508	0.0199811202013845	0.0184722509672953	-0.0718155544927974	3.57560450125403	1	0.00499364716892548	0.0148767690707186	1	3554	1	0.652173913043478	singlet	A619	A619_Re2	A619_Re2	3.99534514873963	2.67159006917126	1_4
CB:Z:GCACGCAGTTCCTATT-1_A619_2	CB:Z:GCACGCAGTTCCTATT-1_A619_2	6186	2912	4822	183	0.0287329251059821	3611	3.55762748842683	0.470740381506628	0.77950210151956	0.0295829291949564	0.202681787554238	0.54159594063628	3.54771033725075	1	-0.00101808701526742	0.022028705170179	1	4822	1	0.91304347826087	singlet	A619	A619_Re2	A619_Re2	-3.61346241504211	-0.60809924280994	1_3
CB:Z:CATTGGACAGCAACGA-1_A619_2	CB:Z:CATTGGACAGCAACGA-1_A619_2	6150	1904	2856	145	0.0230341540905481	3679	3.56572978783113	0.309593495934959	0.464390243902439	0.0235772357723577	-0.240194010828735	-0.335632430926964	3.55750714019977	1	0.0035404870033402	0.0128724023366485	1	2856	1	1.1304347826087	singlet	A619	A619_Re2	A619_Re2	4.68418911427003	2.88381049954541	1_1
CB:Z:TACTGCCTCGAGAAGC-1_A619_2	CB:Z:TACTGCCTCGAGAAGC-1_A619_2	6129	2225	2906	66	0.0106537530266344	3526	3.5472823079633	0.36302822646435	0.474139337575461	0.0107684777288302	-0.0933407293605176	-0.308492285736382	3.53520158024043	1	0.00819154402183062	0.0135509873488762	1	2906	1	1	singlet	A619	A619_Re2	A619_Re2	5.25843337505799	3.95649979436047	1_1
CB:Z:TGATGCAGTAAGTCTC-1_A619_2	CB:Z:TGATGCAGTAAGTCTC-1_A619_2	6082	2502	4046	316	0.0493904345107846	3614	3.55798814822491	0.41137783623808	0.66524169681026	0.0519565932259125	0.0395372468664731	0.223510580360549	3.54814642493366	1	0.00656846214058728	0.0142029892562461	1	4046	1	1.17391304347826	singlet	A619	A619_Re2	A619_Re2	6.692693266568	3.25954804741986	1_1
CB:Z:ACTAACGAGACGTCAG-1_A619_2	CB:Z:ACTAACGAGACGTCAG-1_A619_2	6080	2921	4886	98	0.0158627387504047	3522	3.54678935163126	0.480427631578947	0.803618421052632	0.0161184210526316	0.229305005214911	0.608732480251365	3.53460552771182	1	-0.00315706264945265	0.0203333757456146	1	4886	1	1.1304347826087	singlet	A619	A619_Re2	A619_Re2	-4.29147430926818	-3.11925007975452	1_2
CB:Z:CGCTAGGAGACCTATC-1_A619_2	CB:Z:CGCTAGGAGACCTATC-1_A619_2	6055	2239	2358	92	0.0149666503985684	3616	3.55822842180333	0.369777043765483	0.389430222956235	0.0151940545004129	-0.0747931301327872	-0.544310890710232	3.5484369489916	1	-0.002454752513477	0.003399842523532	1	2358	1	0.869565217391304	singlet	A619	A619_Re2	A619_Re2	5.16770914524537	3.04208336197979	1_1
CB:Z:CTACTTAAGAGAATTC-1_A619_2	CB:Z:CTACTTAAGAGAATTC-1_A619_2	6034	2842	4728	63	0.0103329506314581	3521	3.54666602507018	0.470997679814385	0.783559827643354	0.0104408352668213	0.20338891380782	0.552892095934093	3.53445640880656	1	-0.00347701149119345	0.0191053740123069	1	4728	1	0.869565217391304	singlet	A619	A619_Re2	A619_Re2	-4.62677237063903	-4.26009108698719	1_2
CB:Z:TGGTCAATCGGTCGAC-1_A619_2	CB:Z:TGGTCAATCGGTCGAC-1_A619_2	5954	2089	2947	130	0.0213675213675214	3528	3.54752857645978	0.350856567013772	0.494961370507222	0.0218340611353712	-0.126791784760672	-0.250526590064089	3.5354993529852	1	0.00558463573940704	0.00646724043794967	1	2947	1	1.21739130434783	singlet	A619	A619_Re2	A619_Re2	2.86294201343995	1.81020881594367	1_4
CB:Z:TTCGATTGTAGGGTTG-1_A619_2	CB:Z:TTCGATTGTAGGGTTG-1_A619_2	5848	2497	3973	240	0.0394218134034166	3488	3.54257647626053	0.426983584131327	0.67937756497948	0.0410396716826265	0.0824261183024126	0.262862906574134	3.529511577489	1	-0.000180242725292182	0.0175160465175092	1	3973	1	0.695652173913043	singlet	A619	A619_Re2	A619_Re2	-4.2419261601593	-4.97220208323352	1_2
CB:Z:CCTATTACACGGTGTC-1_A619_2	CB:Z:CCTATTACACGGTGTC-1_A619_2	5788	2127	2916	191	0.0319451413279813	3851	3.58557351862273	0.367484450587422	0.503800967519005	0.0329993089149965	-0.0810938043934107	-0.225918359353382	3.58150096104471	1	0.00371888630249229	0.0153929919523167	1	2916	1	0.0869565217391304	singlet	A619	A619_Re2	A619_Re2	5.21385339230042	3.04332552277691	1_1
CB:Z:CGCAGGTTCCTTGACC-1_A619_2	CB:Z:CGCAGGTTCCTTGACC-1_A619_2	5749	2205	2734	233	0.0389501838849883	3287	3.51679970408162	0.383544964341625	0.475560967124717	0.0405287876152374	-0.0369551117584251	-0.304534663246734	3.49834388729421	1	0.00553562525334999	0.0130299987545109	1	2734	1	1.21739130434783	singlet	A619	A619_Re2	A619_Re2	5.99895575970154	4.17473767125256	1_1
CB:Z:TCTATTGTCGTGGGTC-1_A619_2	CB:Z:TCTATTGTCGTGGGTC-1_A619_2	5481	2126	3398	285	0.0494276795005203	3546	3.5497387312649	0.387885422368181	0.619959861339172	0.0519978106185003	-0.0250263437463122	0.0974521352989148	3.53817173646946	1	0.0056960910279773	0.012072616913723	1	3398	1	0.956521739130435	singlet	A619	A619_Re2	A619_Re2	6.41088489025574	2.38244048678524	1_1
CB:Z:ACTACCCCATTGATGC-1_A619_2	CB:Z:ACTACCCCATTGATGC-1_A619_2	5479	2342	3845	123	0.0219564441270975	3246	3.51134851549021	0.427450264646833	0.701770396057675	0.0224493520715459	0.0837086842369727	0.325201489736192	3.49175264475883	1	-0.0013878864625793	0.0141065374089501	1	3845	1	1.65217391304348	singlet	A619	A619_Re2	A619_Re2	4.84903315037232	1.65777757191307	1_4
CB:Z:GCATTCCGTATTTGCG-1_A619_2	CB:Z:GCATTCCGTATTTGCG-1_A619_2	5430	1978	2497	279	0.0488702049395691	3203	3.50555693866382	0.36427255985267	0.459852670349908	0.0513812154696133	-0.0899209602421006	-0.348264415925674	3.48474982566995	1	0.00202102973052888	0.00709311673034078	1	2497	1	0.304347826086957	singlet	A619	A619_Re2	A619_Re2	5.06347659557801	2.90930590951092	1_1
CB:Z:TGTACAGGTTCTGATG-1_A619_2	CB:Z:TGTACAGGTTCTGATG-1_A619_2	5403	2258	3334	73	0.0133308984660336	3199	3.50501424008411	0.41791597260781	0.617064593744216	0.0135110124005182	0.0575058371647544	0.089392105769183	3.48409362786968	1	0.000980472699144502	0.0106260091217404	1	3334	1	0.434782608695652	singlet	A619	A619_Re2	A619_Re2	3.96561292141419	2.2245790156091	1_4
CB:Z:ACTACCCAGAGTGGTC-1_A619_2	CB:Z:ACTACCCAGAGTGGTC-1_A619_2	5388	1945	2844	80	0.0146305779078274	3472	3.54057971650445	0.360987379361544	0.527839643652561	0.0148478099480327	-0.0989495364238761	-0.158997968357502	3.52709721819534	1	0.00319826991166089	0.013773811030956	1	2844	1	0.0869565217391304	singlet	A619	A619_Re2	A619_Re2	5.48167255848389	2.13087279522068	1_1
CB:Z:GGAATCTAGACGTCAG-1_A619_2	CB:Z:GGAATCTAGACGTCAG-1_A619_2	5326	2302	3315	47	0.00874744090824493	3133	3.49596039488171	0.432219301539617	0.622418325197146	0.00882463387157341	0.0968153044109632	0.104296162886409	3.47314627416762	1	0.00036054032009713	0.0141916068616436	1	3315	1	2	singlet	A619	A619_Re2	A619_Re2	5.84193232983094	3.39270541989453	1_1
CB:Z:CTCGCTACACATCATG-1_A619_2	CB:Z:CTCGCTACACATCATG-1_A619_2	5275	2402	3777	95	0.0176908752327747	3103	3.49178177558417	0.455355450236967	0.716018957345972	0.0180094786729858	0.160399780707212	0.364867538200922	3.46809374428514	1	0.00091009602933891	0.0120255395579477	1	3777	1	1.65217391304348	singlet	A619	A619_Re2	A619_Re2	-3.30584045917053	0.00691411816723275	1_3
CB:Z:GTTGGGCCAGAACGAC-1_A619_2	CB:Z:GTTGGGCCAGAACGAC-1_A619_2	5210	2250	3734	207	0.0382130330441204	3103	3.49178177558417	0.431861804222649	0.716698656429942	0.0397312859884837	0.0958328038239342	0.366759727612941	3.46809374428514	1	0.00449278797321199	0.0130191491846625	1	3734	1	0.739130434782609	singlet	A619	A619_Re2	A619_Re2	-3.70729872256774	-4.20399930155628	1_2
CB:Z:GCCAGACAGATCACCT-1_A619_2	CB:Z:GCCAGACAGATCACCT-1_A619_2	5200	2196	3628	184	0.0341753343239227	3051	3.48444220764241	0.422307692307692	0.697692307692308	0.0353846153846154	0.0695754863016866	0.313848648739048	3.45921918938802	1	0.00452713147497398	0.00914728588450772	1	3628	1	0.304347826086957	singlet	A619	A619_Re2	A619_Re2	5.30959228008729	1.54603586518414	1_2
CB:Z:ACAATCGTCGACTCGG-1_A619_2	CB:Z:ACAATCGTCGACTCGG-1_A619_2	5196	2263	3926	251	0.0460804112355425	2989	3.47552591503928	0.435527328714396	0.755581216320246	0.048306389530408	0.105906669539774	0.475003463512673	3.44843815584311	1	0.00263511478247073	0.0187722151976576	1	3926	1	1.17391304347826	singlet	A619	A619_Re2	A619_Re2	-3.04579159289855	-3.86393239176624	1_2
CB:Z:TGTTAGGCAATGGTCT-1_A619_2	CB:Z:TGTTAGGCAATGGTCT-1_A619_2	5190	2206	3681	264	0.0484048404840484	2943	3.46879026209961	0.42504816955684	0.709248554913295	0.0508670520231214	0.077107068717078	0.346019662574288	3.44029381788542	1	-0.00347945395432031	0.0244434407029739	1	3681	1	0.869565217391304	singlet	A619	A619_Re2	A619_Re2	-3.69475456744689	-0.364889880779911	1_3
CB:Z:TCAGGTAAGATGGGTC-1_A619_2	CB:Z:TCAGGTAAGATGGGTC-1_A619_2	5116	1768	2671	28	0.00544323483670296	3394	3.53071183798166	0.345582486317435	0.522087568412823	0.00547302580140735	-0.141286403696931	-0.175010960168798	3.51516558538485	1	-0.00202880981450041	0.0115843053935644	1	2671	1	0.347826086956522	singlet	A619	A619_Re2	A619_Re2	5.76160672634583	2.76265583359845	1_1
CB:Z:AGCTATGGTTGGGAAC-1_A619_2	CB:Z:AGCTATGGTTGGGAAC-1_A619_2	5009	2168	3282	246	0.0468125594671741	2980	3.47421626407626	0.432820922339788	0.655220602914753	0.0491115991215812	0.0984687232235857	0.195613223702144	3.44685460631272	1	-0.000554433267313082	0.0105412258329681	1	3282	1	0.521739130434783	singlet	A619	A619_Re2	A619_Re2	6.38825849026185	2.44882974946148	1_1
CB:Z:GACCGACCAAAGAAGG-1_A619_2	CB:Z:GACCGACCAAAGAAGG-1_A619_2	4939	1960	2908	247	0.0476282298495951	2909	3.46374372124706	0.396841465883782	0.588783154484714	0.0500101235067828	-0.000412682065829385	0.0106604417350641	3.43419185055002	1	0.00551927262305661	0.0117064774225871	1	2908	1	0.869565217391304	singlet	A619	A619_Re2	A619_Re2	5.26294735401612	2.76802966916211	1_1
CB:Z:TTACCGCTCTCGGCGA-1_A619_2	CB:Z:TTACCGCTCTCGGCGA-1_A619_2	4820	2060	3395	98	0.0199267995119967	2864	3.45697301363582	0.427385892116183	0.704356846473029	0.0203319502074689	0.083531770883638	0.332401814418189	3.42600512663587	1	-0.000547072697040157	0.0195601294364822	1	3395	1	1.1304347826087	singlet	A619	A619_Re2	A619_Re2	-4.85023495227355	-3.85669448054187	1_2
CB:Z:CTAGGGCGTAGGTCTT-1_A619_2	CB:Z:CTAGGGCGTAGGTCTT-1_A619_2	4796	2221	3436	120	0.0244100895036615	2787	3.4451369687133	0.463094245204337	0.716430358632194	0.0250208507089241	0.181668109831524	0.366012823189879	3.41169370786256	1	-0.000926192272416901	0.00837744486809643	1	3436	1	1.52173913043478	singlet	A619	A619_Re2	A619_Re2	-2.9806351330902	0.103309849139523	1_3
CB:Z:GCCAGACGTTCTGAAC-1_A619_2	CB:Z:GCCAGACGTTCTGAAC-1_A619_2	4751	2006	2843	149	0.0304081632653061	2812	3.44901531634779	0.422226899600084	0.598400336771206	0.0313618185645127	0.0693534458026814	0.0374333636428696	3.4163831676871	1	0.0051358178769656	0.0129337049242306	1	2843	1	0.391304347826087	singlet	A619	A619_Re2	A619_Re2	5.57067182987671	3.58743546330578	1_1
CB:Z:GAAGTCTAGGTCCTCG-1_A619_2	CB:Z:GAAGTCTAGGTCCTCG-1_A619_2	4735	1572	1996	225	0.0453629032258065	2816	3.44963265047007	0.331995776135164	0.421541710665259	0.0475184794086589	-0.178626406254384	-0.454916894925766	3.41712961020274	1	-0.00186265995954069	0.00293644731049104	1	1996	1	1.04347826086957	singlet	A619	A619_Re2	A619_Re2	5.02034619778138	2.47671375596173	1_1
CB:Z:TCACCTGTCATCATGG-1_A619_2	CB:Z:TCACCTGTCATCATGG-1_A619_2	4637	2235	3842	199	0.0411497105045492	2677	3.42764837118693	0.481992667673064	0.828552943713608	0.0429156782402415	0.233606153246543	0.678146785618992	3.39054756955401	1	-0.00240733641021769	0.0181512197975831	1	3842	1	1.52173913043478	singlet	A619	A619_Re2	A619_Re2	-3.85538145572204	-4.13510062373035	1_2
CB:Z:ACAAACCCAGGGCTTC-1_A619_2	CB:Z:ACAAACCCAGGGCTTC-1_A619_2	4560	2142	3494	128	0.0273037542662116	2677	3.42764837118693	0.469736842105263	0.766228070175439	0.0280701754385965	0.199923786293392	0.504642850428446	3.39054756955401	1	0.00370718852801875	0.0149005775077463	1	3494	1	0.739130434782609	singlet	A619	A619_Re2	A619_Re2	-3.58228394061584	-0.488333961132694	1_3
CB:Z:CCTATTATCTATCTCA-1_A619_2	CB:Z:CCTATTATCTATCTCA-1_A619_2	4524	1906	3375	131	0.0281417830290011	2684	3.42878251149695	0.42130857648099	0.746021220159151	0.0289566755083996	0.0668296422361435	0.448389739967118	3.39191890237934	1	0.00235305440300371	0.0127853770702354	1	3375	1	0.608695652173913	singlet	A619	A619_Re2	A619_Re2	-4.09448906451721	-2.08310486948841	1_3
CB:Z:TAGCCGGAGGATGTCG-1_A619_2	CB:Z:TAGCCGGAGGATGTCG-1_A619_2	4470	2047	3536	95	0.0208105147864184	2588	3.41296427199666	0.457941834451902	0.791051454138702	0.0212527964205817	0.167507873240622	0.573747760841694	3.37279245843399	1	0.000955906464053588	0.0122092157780876	1	3536	1	0.695652173913043	singlet	A619	A619_Re2	A619_Re2	-4.86045786410827	-2.81162383234851	1_2
CB:Z:TGCGTAAAGTCGAAAT-1_A619_2	CB:Z:TGCGTAAAGTCGAAAT-1_A619_2	4444	1966	3048	156	0.0339130434782609	2640	3.42160392686983	0.442394239423942	0.685868586858686	0.0351035103510351	0.124778821813313	0.280933024899531	3.38323899862171	1	0.000318029384339873	0.0169687169728736	1	3048	1	0.260869565217391	singlet	A619	A619_Re2	A619_Re2	5.30803159206849	1.70536595755465	1_1
CB:Z:ATCCTGCTCCTAAGTG-1_A619_2	CB:Z:ATCCTGCTCCTAAGTG-1_A619_2	4401	1520	2039	215	0.04657712305026	2637	3.42111012979343	0.345376050897523	0.463303794592138	0.0488525335151102	-0.141853744797467	-0.338656957412474	3.38264192951665	1	0.00296915187590059	0.0126216556849866	1	2039	1	0.260869565217391	singlet	A619	A619_Re2	A619_Re2	5.01591638058167	2.74575511538632	1_1
CB:Z:CCGTAGGTCTATCTAC-1_A619_2	CB:Z:CCGTAGGTCTATCTAC-1_A619_2	4384	1922	2905	175	0.0383856108795789	2599	3.41480627950101	0.438412408759124	0.662636861313869	0.0399178832116788	0.113835660060907	0.2162590741241	3.37501970080683	1	-0.00356994089763143	0.00795341958873188	1	2905	1	0.869565217391304	singlet	A619	A619_Re2	A619_Re2	-2.90501734286804	-3.7461440769469	1_2
CB:Z:CAAAGCTGTGTAGGAC-1_A619_2	CB:Z:CAAAGCTGTGTAGGAC-1_A619_2	4302	1846	2986	158	0.0354260089686099	2522	3.40174508223706	0.429102742910274	0.694095769409577	0.0367271036727104	0.0882501473104642	0.303836377398697	3.35922690304805	1	-0.000307920521778321	0.012908985376934	1	2986	1	0.217391304347826	singlet	A619	A619_Re2	A619_Re2	2.8835165831421	1.07034746729977	1_4
CB:Z:TGTAGCATCAGGCGCT-1_A619_2	CB:Z:TGTAGCATCAGGCGCT-1_A619_2	4016	1822	3209	178	0.0424415832141154	2326	3.36660971039243	0.453685258964143	0.799053784860558	0.0443227091633466	0.155809637430288	0.59602515656056	3.31674336876642	1	0.000639979744206492	0.0238130464003731	1	3209	1	1.04347826086957	singlet	A619	A619_Re2	A619_Re2	-3.70652243167419	-2.15602256930225	1_3
CB:Z:TGATTTCAGGAAACTT-1_A619_2	CB:Z:TGATTTCAGGAAACTT-1_A619_2	4013	1879	3089	132	0.0318455971049457	2360	3.37291200297011	0.468228258160977	0.769748317966608	0.0328930974333416	0.195777784238289	0.514442739460548	3.32436371398321	1	0.000223223992618876	0.0199270325526373	1	3089	1	1	singlet	A619	A619_Re2	A619_Re2	-3.61005970508117	-0.6385796276366	1_3
CB:Z:GTTACTTTCTACTGCC-1_A619_2	CB:Z:GTTACTTTCTACTGCC-1_A619_2	3982	1714	2554	180	0.0432484382508409	2370	3.3747483460101	0.430436966348569	0.641386238071321	0.0452034153691612	0.0919169589175247	0.157100241566251	3.32658410723357	1	-0.00214991180880216	0.00432516956962633	1	2554	1	0.565217391304348	singlet	A619	A619_Re2	A619_Re2	5.90979579418641	2.4458246024812	1_1
CB:Z:TGGACATAGGTAAGCC-1_A619_2	CB:Z:TGGACATAGGTAAGCC-1_A619_2	3973	1383	1536	70	0.0173138758347762	2457	3.39040515648008	0.348099672791342	0.386609614900579	0.0176189277623962	-0.134368485517159	-0.552163078280043	3.3455153611074	1	0.00243932648144795	0.00367953737954882	1	1536	1	0.869565217391304	singlet	A619	A619_Re2	A619_Re2	3.52176943748932	1.41770614111073	1_4
CB:Z:TGGAAGGAGCGTAGCA-1_A619_2	CB:Z:TGGAAGGAGCGTAGCA-1_A619_2	3848	1153	1681	198	0.0489372219476026	2330	3.36735592102602	0.299636174636175	0.436850311850312	0.0514553014553015	-0.267559458223582	-0.412299840175664	3.31764564084635	1	-0.000595960598711667	-0.00029287326675137	1	1681	1	0.652173913043478	singlet	A619	A619_Re2	A619_Re2	4.21662167042237	2.93890974843151	1_4
CB:Z:ACTAGGTAGCAACTGG-1_A619_2	CB:Z:ACTAGGTAGCAACTGG-1_A619_2	3840	1348	1655	188	0.0466732869910626	2287	3.35926616460675	0.351041666666667	0.430989583333333	0.0489583333333333	-0.126283080194243	-0.428615307870219	3.30786400410467	1	-0.00501121613763479	0.00403783704927578	1	1655	1	1.52173913043478	singlet	A619	A619_Re2	A619_Re2	5.71896556347352	1.80870827832467	1_2
CB:Z:TCAAGACTCAGGTCTA-1_A619_2	CB:Z:TCAAGACTCAGGTCTA-1_A619_2	3731	1663	2766	57	0.0150475184794087	2185	3.33945144130644	0.445725006700616	0.741356204770839	0.015277405521308	0.133932682973284	0.435402974304434	3.28390525733711	1	0.00411864226477486	0.0154363594423522	1	2766	1	1.47826086956522	singlet	A619	A619_Re2	A619_Re2	-3.96979424029846	-2.63909651911609	1_2
CB:Z:AATGTCGTCGGAGTTT-1_A619_2	CB:Z:AATGTCGTCGGAGTTT-1_A619_2	3730	1315	1660	91	0.0238157550379482	2233	3.34888872307144	0.35254691689008	0.445040214477212	0.0243967828418231	-0.122146240117591	-0.389500269892953	3.29531623898721	1	0.00354313641496427	0.00783430540331559	1	1660	1	0.782608695652174	singlet	A619	A619_Re2	A619_Re2	-3.46691605121154	-3.21316506541126	1_1
CB:Z:TAAGTGCAGTAGCAAT-1_A619_2	CB:Z:TAAGTGCAGTAGCAAT-1_A619_2	3681	1615	2764	60	0.0160384923817161	2164	3.33525725643453	0.438739472969302	0.750882912252105	0.0162999185004075	0.114734522131316	0.461924026712132	3.27883390651785	1	0.000909803924064733	0.0152304202796103	1	2764	1	1.04347826086957	singlet	A619	A619_Re2	A619_Re2	-3.95951744586486	-2.5715162960326	1_3
CB:Z:TTACTTGAGTAACACA-1_A619_2	CB:Z:TTACTTGAGTAACACA-1_A619_2	3678	1679	3055	161	0.041938004688721	2133	3.32899085544943	0.456498096791735	0.830614464382817	0.043773790103317	0.163540086543202	0.683885777586065	3.27125695921101	1	0.00471368685797222	0.0145921863125603	1	3055	1	0.521739130434783	singlet	A619	A619_Re2	A619_Re2	-3.94416090518493	-4.09039618647449	1_2
CB:Z:ACCCAAAAGTAGTGTA-1_A619_2	CB:Z:ACCCAAAAGTAGTGTA-1_A619_2	3672	1232	1682	175	0.0454899922017156	2222	3.34674405460485	0.335511982570806	0.458061002178649	0.0476579520697168	-0.168962907472263	-0.353252175396677	3.29272303756256	1	-0.00154090638312798	0.00990308985811621	1	1682	1	0.173913043478261	singlet	A619	A619_Re2	A619_Re2	5.13778880566102	2.0132965388263	1_1
CB:Z:GTTCAAGGTAATGTGA-1_A619_2	CB:Z:GTTCAAGGTAATGTGA-1_A619_2	3571	1693	2956	143	0.0385029617662897	2088	3.31973049433022	0.474096891626995	0.827779333520022	0.0400448053766452	0.211906397102631	0.6759931605048	3.26005989914266	1	0.000173988140059202	0.0172835252121583	1	2956	1	0.695652173913043	singlet	A619	A619_Re2	A619_Re2	-3.97423597842712	-4.12514950907581	1_2
CB:Z:GACTAGTCAGTAGTTC-1_A619_2	CB:Z:GACTAGTCAGTAGTTC-1_A619_2	3541	1559	2418	115	0.0314551422319475	2083	3.31868926994775	0.440271109855973	0.682857949731714	0.0324767014967523	0.118943879988968	0.272551822350593	3.25880091455177	1	0.00176887887152734	0.0155699932493876	1	2418	1	0.304347826086957	singlet	A619	A619_Re2	A619_Re2	5.57764652698975	1.69704444133885	1_2
CB:Z:TTGCAGAGTTCAGAAA-1_A619_2	CB:Z:TTGCAGAGTTCAGAAA-1_A619_2	3489	1182	1518	83	0.0232362821948488	2089	3.31993843998031	0.33877901977644	0.435081685296647	0.0237890513040986	-0.159984194010571	-0.417223454930461	3.26031133425464	1	0.00552809178900019	0.00563834232916826	1	1518	1	0.91304347826087	singlet	A619	A619_Re2	A619_Re2	4.51508739918213	2.35397157990582	1_4
CB:Z:GTAGACTGTTTAGAAG-1_A619_2	CB:Z:GTAGACTGTTTAGAAG-1_A619_2	3405	1491	2395	135	0.038135593220339	2014	3.3040594662176	0.437885462555066	0.703377386196769	0.039647577092511	0.112387467500441	0.329675130790186	3.24111145416832	1	-0.000556616302638383	0.0139869915431062	1	2395	1	1.1304347826087	singlet	A619	A619_Re2	A619_Re2	-4.20363899737853	-5.00749137080066	1_2
CB:Z:CTAGGGCCAAACGTTC-1_A619_2	CB:Z:CTAGGGCCAAACGTTC-1_A619_2	3306	1170	1810	55	0.0163641773281761	2008	3.30276370847298	0.353901996370236	0.547489413188143	0.0166364186327889	-0.118422110392606	-0.104295693864755	3.23954470346457	1	0.00518145244517169	0.0113533674922762	1	1810	1	1.47826086956522	singlet	A619	A619_Re2	A619_Re2	-3.02501293689269	-1.52131201899402	1_4
CB:Z:ACGTGGCCAATGATGA-1_A619_2	CB:Z:ACGTGGCCAATGATGA-1_A619_2	3247	1123	1457	94	0.0281352888356779	1929	3.28533222764388	0.345857714813674	0.448721897135818	0.028949799815214	-0.140530000372244	-0.379250968239742	3.21846762715933	1	-0.00271978881213711	0.00308462747721821	1	1457	1	0.739130434782609	singlet	A619	A619_Re2	A619_Re2	-3.82940622836608	-0.848649045590091	1_4
CB:Z:AGGACGAAGCTATCGT-1_A619_2	CB:Z:AGGACGAAGCTATCGT-1_A619_2	3181	1154	1373	137	0.041289933694997	1955	3.29114676173189	0.362779000314367	0.431625275070732	0.0430682175416536	-0.0940256711126351	-0.426845628900243	3.22549820475935	1	0.00263707559226018	0.00463707184671639	1	1373	1	0.217391304347826	singlet	A619	A619_Re2	A619_Re2	5.98880580395203	2.52852670275814	1_1
CB:Z:AACCTTTCAGATTTGC-1_A619_2	CB:Z:AACCTTTCAGATTTGC-1_A619_2	3175	1043	1700	148	0.0445380680108336	1879	3.27392678010053	0.328503937007874	0.535433070866142	0.0466141732283465	-0.188222936996119	-0.137858904154951	3.20467686029771	1	0.00141408888776986	0.00990392553374259	1	1700	1	0.173913043478261	singlet	A619	A619_Re2	A619_Re2	-3.95300814181823	-3.31581570780628	1_1
CB:Z:CACCTTGAGGATATCA-1_A619_2	CB:Z:CACCTTGAGGATATCA-1_A619_2	3086	1338	2111	78	0.0246523388116308	1835	3.26363606858811	0.433570965651329	0.684057031756319	0.0252754374594945	0.100530047767599	0.275889902928611	3.19223396379861	1	0.00528807400665883	0.011643537347774	1	2111	1	1.34782608695652	singlet	A619	A619_Re2	A619_Re2	5.77361229389649	2.04658787870057	1_2
CB:Z:GTGTCCTCACTAGCCG-1_A619_2	CB:Z:GTGTCCTCACTAGCCG-1_A619_2	2887	1248	2030	99	0.0331547220361688	1694	3.22891340599469	0.432282646345688	0.703152060962937	0.0342916522341531	0.0969893932955384	0.329047856115594	3.15024945220272	1	-0.00503308985837484	0.00846123883260412	1	2030	1	1.1304347826087	singlet	A619	A619_Re2	A619_Re2	-3.67607256442565	-4.19210698283069	1_2
CB:Z:ACCGGGTGTCCAGACC-1_A619_2	CB:Z:ACCGGGTGTCCAGACC-1_A619_2	2884	960	1251	70	0.023696682464455	1717	3.23477029516092	0.332871012482663	0.43377253814147	0.0242718446601942	-0.176221016942655	-0.420867941798573	3.15733124296268	1	-0.0020748269714148	0.00424524154231489	1	1251	1	0.347826086956522	singlet	A619	A619_Re2	A619_Re2	-3.18350311786193	-1.27802278673999	1_1
CB:Z:CTTCTAAAGCCTGGTC-1_A619_2	CB:Z:CTTCTAAAGCCTGGTC-1_A619_2	2882	1097	1662	137	0.0453792646571713	1932	3.28600712207947	0.380638445523942	0.576682859125607	0.0475364330326162	-0.0449430219022048	-0.0230251278070398	3.21928366807154	1	0.00825118908390653	0.00883301206562817	1	1662	1	0.695652173913043	singlet	A619	A619_Re2	A619_Re2	4.8567774626587	2.34747675978787	1_4
CB:Z:ATCCCTGAGTCGCGTC-1_A619_2	CB:Z:ATCCCTGAGTCGCGTC-1_A619_2	2741	1002	1301	17	0.00616388687454677	1834	3.263399331334	0.365560014593214	0.474644290404962	0.00620211601605254	-0.086382681831832	-0.307086566028819	3.19194771564689	1	0.00220085105593196	0.00986527234782526	1	1301	1	0.91304347826087	singlet	A619	A619_Re2	A619_Re2	5.27155092686158	1.80192693867929	1_2
CB:Z:AGCCGCAAGCCTGGTC-1_A619_2	CB:Z:AGCCGCAAGCCTGGTC-1_A619_2	2723	999	1522	135	0.0472358292512246	1788	3.2523675144599	0.366874770473742	0.55894234300404	0.0495776716856408	-0.0827693724079362	-0.072412301573517	3.17860872004918	1	0.00566141317860674	0.0108903476777556	1	1522	1	0.869565217391304	singlet	A619	A619_Re2	A619_Re2	5.21076658695679	2.53242734992154	1_2
CB:Z:TCCGACTAGGATGCCA-1_A619_2	CB:Z:TCCGACTAGGATGCCA-1_A619_2	2684	919	1331	125	0.044499822000712	1611	3.20709554041922	0.342399403874814	0.495901639344262	0.0465722801788376	-0.150034386464913	-0.247909010049849	3.12386862879131	1	-0.00156684420490533	0.00275929240453698	1	1331	1	0.130434782608696	singlet	A619	A619_Re2	A619_Re2	3.63447586029511	1.62446534061081	1_4
CB:Z:TGGGTGCTCAGGCGCT-1_A619_2	CB:Z:TGGGTGCTCAGGCGCT-1_A619_2	2669	1003	1320	140	0.0498398006407974	1641	3.21510858105309	0.375796178343949	0.494567253653054	0.0524541026601723	-0.0582508989717194	-0.251623757555031	3.13355750551573	1	-0.00130029851319935	0.00910540928669643	1	1320	1	0.260869565217391	singlet	A619	A619_Re2	A619_Re2	-3.10464664966125	-3.91186358607166	1_2
CB:Z:GGTGAAGTCATAGGTC-1_A619_2	CB:Z:GGTGAAGTCATAGGTC-1_A619_2	2653	1005	1389	30	0.0111815132314573	1735	3.23929947912689	0.378816434225405	0.523558235959291	0.0113079532604599	-0.0499504082109107	-0.170916822592841	3.16280765411715	1	0.0072149948030238	0.0111065830155974	1	1389	1	0.391304347826087	singlet	A619	A619_Re2	A619_Re2	4.89243725269776	2.86399100148327	1_1
CB:Z:TTACGTTAGGTAGGAA-1_A619_2	CB:Z:TTACGTTAGGTAGGAA-1_A619_2	2633	1174	1907	82	0.0302025782688766	1556	3.19200959265367	0.445879225218382	0.72426889479681	0.0311431826813521	0.134356517718453	0.387834237233526	3.10562762704804	1	-0.0034500502029295	0.0150452359345952	1	1907	1	1.65217391304348	singlet	A619	A619_Re2	A619_Re2	4.81744197338563	1.60148851000912	1_4
CB:Z:CCGCATTAGGCTCAGA-1_A619_2	CB:Z:CCGCATTAGGCTCAGA-1_A619_2	2578	786	988	100	0.0373412994772218	1554	3.1914510144649	0.30488750969744	0.383242823894492	0.0387897595034911	-0.253127350525168	-0.561535764582607	3.10495222859953	1	0.000487792862248496	0.00710201591865477	1	988	1	0.173913043478261	singlet	A619	A619_Re2	A619_Re2	5.68377736538392	2.85358438813336	1_1
CB:Z:CGCAGGTCAGCAATGG-1_A619_2	CB:Z:CGCAGGTCAGCAATGG-1_A619_2	2566	1096	2054	106	0.0396706586826347	1514	3.18012587516405	0.427123928293063	0.800467653936087	0.0413094310210444	0.0828118225154154	0.599961174951329	3.09125856553374	1	0.00490528540255261	0.0156486614939717	1	2054	1	1.73913043478261	singlet	A619	A619_Re2	A619_Re2	-3.71310469180602	-2.24688031351917	1_2
CB:Z:GCGCATGTCTGGGCGT-1_A619_2	CB:Z:GCGCATGTCTGGGCGT-1_A619_2	2551	1038	1683	101	0.0380844645550528	1505	3.17753649992986	0.406899255194042	0.659741277930223	0.0395923167385339	0.0272288789543979	0.208198165481789	3.08812765199122	1	-0.000210387993005714	0.0090758012734749	1	1683	1	0.130434782608696	singlet	A619	A619_Re2	A619_Re2	2.86308101147156	1.00343350493557	1_2
CB:Z:CAAGGCCAGACGTCAG-1_A619_2	CB:Z:CAAGGCCAGACGTCAG-1_A619_2	2513	1125	1999	23	0.00906940063091483	1478	3.16967443405881	0.447672105053721	0.795463589335456	0.00915240748109829	0.139283842783802	0.586030542591111	3.07862132467998	1	0.00149586410341603	0.0108583500945218	1	1999	1	1.1304347826087	singlet	A619	A619_Re2	A619_Re2	-3.58426710635681	-2.3703763691222	1_2
CB:Z:ATGTCGAAGACGACTG-1_A619_2	CB:Z:ATGTCGAAGACGACTG-1_A619_2	2453	1077	1841	18	0.00728450020234723	1450	3.16136800223497	0.439054219323278	0.750509580105993	0.00733795352629433	0.115599531357592	0.460884721009505	3.06857769734322	1	-0.00401623417631773	0.0102146714797763	1	1841	1	1.17391304347826	singlet	A619	A619_Re2	A619_Re2	5.06238201588135	1.93083547973282	1_3
CB:Z:CGCAATAAGATGGGTC-1_A619_2	CB:Z:CGCAATAAGATGGGTC-1_A619_2	2350	849	1224	42	0.0175585284280936	1572	3.19645254170339	0.361276595744681	0.520851063829787	0.0178723404255319	-0.0981546905530875	-0.178453220038068	3.11099976823669	1	0.00243324934988452	0.00513428106171241	1	1224	1	0.478260869565217	singlet	A619	A619_Re2	A619_Re2	4.48443153828126	2.12525091492779	1_4
CB:Z:GATTAGCTCGATAGTC-1_A619_2	CB:Z:GATTAGCTCGATAGTC-1_A619_2	2244	725	916	45	0.0196592398427261	1514	3.18012587516405	0.323083778966132	0.408199643493761	0.0200534759358289	-0.203119016505089	-0.492059387584234	3.09125856553374	1	-0.00181888122380704	0.00263048680583973	1	916	1	0.652173913043478	singlet	A619	A619_Re2	A619_Re2	-4.32806679278869	-3.3037202564513	1_2
CB:Z:GTTATGGAGAATAGTC-1_A619_2	CB:Z:GTTATGGAGAATAGTC-1_A619_2	2201	786	1219	48	0.0213428190306803	1479	3.16996817399689	0.357110404361654	0.553839164016356	0.0218082689686506	-0.109604526076926	-0.0866188548495942	3.07897649697713	1	0.000617082883516872	0.00310193910328149	1	1219	1	0.217391304347826	singlet	A619	A619_Re2	A619_Re2	5.89178517788392	2.31401885473378	1_2
CB:Z:CAGGGCTAGTTGCCGC-1_A619_2	CB:Z:CAGGGCTAGTTGCCGC-1_A619_2	2163	870	1248	66	0.0296096904441454	1304	3.1152775913959	0.402219140083218	0.576976421636616	0.0305131761442441	0.0143666402032276	-0.0222078898730839	3.01284800256172	1	0.00367296531735148	0.0122018259773821	1	1248	1	0.260869565217391	singlet	A619	A619_Re2	A619_Re2	6.8109360071991	2.35860959612973	1_2
CB:Z:TCCGACTGTGAGAGTC-1_A619_2	CB:Z:TCCGACTGTGAGAGTC-1_A619_2	2108	838	1343	50	0.0231696014828545	1362	3.13417710757677	0.39753320683112	0.637096774193548	0.023719165085389	0.00148841160557132	0.145158960013623	3.03570013707523	1	0.00596471854918064	0.00724915599692927	1	1343	1	0.0869565217391304	singlet	A619	A619_Re2	A619_Re2	5.35923388927918	2.09561888301022	1_2
CB:Z:TTACGGATCTGGAAGG-1_A619_2	CB:Z:TTACGGATCTGGAAGG-1_A619_2	2094	615	804	82	0.0376838235294118	1190	3.07554696139253	0.293696275071633	0.383954154727794	0.0391595033428844	-0.28388392985472	-0.559555516700922	2.96480816426877	1	0.00333789995684709	0.00760417815767528	1	804	1	1.17391304347826	singlet	A619	A619_Re2	A619_Re2	6.00301125973206	4.18308661305554	1_1
CB:Z:TGCGTAAAGAGTGGTC-1_A619_2	CB:Z:TGCGTAAAGAGTGGTC-1_A619_2	1946	692	863	52	0.026026026026026	1295	3.11226976841727	0.355601233299075	0.443473792394656	0.02672147995889	-0.113752141693976	-0.393860975018595	3.0092111276998	1	0.00472453562905983	0.00993723137641724	1	863	1	0.217391304347826	singlet	A619	A619_Re2	A619_Re2	-2.8741898205902	-3.40942456400745	1_2
CB:Z:TGCTTCGGTAGGTCTT-1_A619_2	CB:Z:TGCTTCGGTAGGTCTT-1_A619_2	1932	854	1122	54	0.027190332326284	1151	3.06107532362979	0.442028985507246	0.580745341614907	0.0279503105590062	0.123775003964799	-0.0117157314373144	2.94730994846154	1	-0.00151892040741412	0.00535174867300007	1	1122	1	0.608695652173913	singlet	A619	A619_Re2	A619_Re2	6.29513171642762	2.01072531365998	1_2
CB:Z:GGGTCTGGTTAAGGGC-1_A619_2	CB:Z:GGGTCTGGTTAAGGGC-1_A619_2	1918	797	1188	92	0.045771144278607	1166	3.066698550423	0.415537017726799	0.619395203336809	0.0479666319082377	0.0509678172799297	0.0958802045450284	2.95410920902718	1	-0.00350474896620658	0.0130539011267449	1	1188	1	0.260869565217391	singlet	A619	A619_Re2	A619_Re2	-3.66266771823425	-3.81802155650013	1_1
CB:Z:TTGCACCGTTCCTGTC-1_A619_2	CB:Z:TTGCACCGTTCCTGTC-1_A619_2	1909	729	1015	97	0.0483549351944167	1264	3.10174707394637	0.381875327396543	0.531691985332635	0.0508119434258774	-0.0415437315908202	-0.148273575298253	2.99648773165133	1	7.67426901845237e-05	0.00730751805677756	1	1015	1	0.565217391304348	singlet	A619	A619_Re2	A619_Re2	4.24735549419861	1.99404315077908	1_2
CB:Z:CTGTTCGTCTGGACAT-1_A619_2	CB:Z:CTGTTCGTCTGGACAT-1_A619_2	1812	741	1222	93	0.0488188976377953	1065	3.02734960777476	0.408940397350993	0.67439293598234	0.0513245033112583	0.0328384969073998	0.248986380279395	2.90653088364801	1	0.00701325823833306	0.00753690013800374	1	1222	1	1.52173913043478	singlet	A619	A619_Re2	A619_Re2	-3.50376745730895	-1.90693523562305	1_2
CB:Z:GTGTCCTTCTTGCGCT-1_A619_2	CB:Z:GTGTCCTTCTTGCGCT-1_A619_2	1805	655	757	89	0.0469904963041183	1121	3.04960561259497	0.362880886426593	0.419390581717452	0.0493074792243767	-0.0937456601578081	-0.46090534410117	2.9334414781319	1	0.00214724317406909	0.00590320585933676	1	757	1	1.30434782608696	singlet	A619	A619_Re2	A619_Re2	5.77874616116028	2.88394604050763	1_1
CB:Z:GTTGGGCTCATAGGTC-1_A619_2	CB:Z:GTTGGGCTCATAGGTC-1_A619_2	1712	648	829	64	0.036036036036036	1119	3.04883008652835	0.378504672897196	0.484228971962617	0.0373831775700935	-0.0508072137684345	-0.280404121710934	2.93250375963035	1	-0.00134460368154949	-0.00122311632637361	1	829	1	0.739130434782609	singlet	A619	A619_Re2	A619_Re2	5.98328402966004	2.6769333871568	1_2
CB:Z:CCAGATAAGCGTAGCA-1_A619_2	CB:Z:CCAGATAAGCGTAGCA-1_A619_2	1646	740	1295	69	0.0402332361516035	958	2.98136550907854	0.449574726609964	0.786755771567436	0.0419198055893074	0.144512768169189	0.561789167295769	2.85092973498196	1	-0.00283730889611178	0.0102090718564948	1	1295	1	0.826086956521739	singlet	A619	A619_Re2	A619_Re2	-3.70101019412536	-2.19103505289905	1_3
CB:Z:AGCTATGTCAGTAGTC-1_A619_2	CB:Z:AGCTATGTCAGTAGTC-1_A619_2	1570	532	833	11	0.00695762175838077	1051	3.02160271602824	0.338853503184713	0.530573248407643	0.00700636942675159	-0.159779493194987	-0.151387986093007	2.89958209501399	1	0.00736017490125976	0.00961109955807774	1	833	1	0.347826086956522	singlet	A619	A619_Re2	A619_Re2	-3.58253380328674	-2.94329812205188	1_2
CB:Z:ATGTTTCGTTTGGATC-1_A619_2	CB:Z:ATGTTTCGTTTGGATC-1_A619_2	1472	629	919	67	0.0435347628330084	881	2.94497590841205	0.427309782608696	0.624320652173913	0.0455163043478261	0.083322601101838	0.109591981357441	2.80692966422005	1	-0.002643991799245	0.00230865340378723	1	919	1	1.56521739130435	singlet	A619	A619_Re2	A619_Re2	6.64582065075379	4.11314747655041	1_1
CB:Z:TGTAAGCGTGAGAGTC-1_A619_2	CB:Z:TGTAAGCGTGAGAGTC-1_A619_2	1235	473	678	48	0.0374123148869836	814	2.9106244048892	0.382995951417004	0.548987854251012	0.0388663967611336	-0.0384639497136319	-0.100124238612628	2.7653939353827	1	-0.00113487469252522	0.00308106070132211	1	678	1	0.565217391304348	singlet	A619	A619_Re2	A619_Re2	-3.88347813159484	-3.24261595881336	1_1
CB:Z:TTAGGTGGTTCTTATC-1_A619_2	CB:Z:TTAGGTGGTTCTTATC-1_A619_2	1087	500	792	22	0.0198376916140667	670	2.82607480270083	0.459981600735971	0.728610855565777	0.0202391904323827	0.173113709917931	0.399921662960872	2.66316174786092	1	-0.0013383189121456	0.00392868302063526	1	792	1	1.39130434782609	singlet	A619	A619_Re2	A619_Re2	-3.99453302890319	-2.63810994303577	1_2
