cellID	total	tss	acrs	ptmt	pPtMt	nSites	log10nSites	pTSS	FRiP	pOrg	tss_z	acr_z	sites_z	qc_check	background	cellbulk	is_cell	acr	lib_ID	doubletscore	d.type	SampleName	library	sampleID	umap1	umap2	LouvainClusters
CB:Z:GCTCAGGTCACTCCCA-1_A619	CB:Z:GCTCAGGTCACTCCCA-1_A619	130407	59737	98960	4880	0.0360714628900042	58860	4.76982025776359	0.458081237970354	0.758854969441824	0.0374213040711005	0.136685898075088	0.355654588328563	4.97839108810757	1	0.0168028028750997	0.130823695695559	1	98960	1	0.714285714285714	singlet	A619	A619_Re1	A619_Re1	-0.401551067153822	1.66239426906452	3_3
CB:Z:AATGGCTAGTTCCAGT-1_A619	CB:Z:AATGGCTAGTTCCAGT-1_A619	107390	48069	76024	4724	0.0421356833223326	51352	4.71055736267622	0.447611509451532	0.7079243877456	0.0439891982493714	0.108877372847832	0.215725805710961	4.9075246742546	1	0.0151362057503948	0.116924082338864	1	76024	1	1.71428571428571	singlet	A619	A619_Re1	A619_Re1	-1.01864433221043	0.27711509044514	3_2
CB:Z:CCATACCTCATTCTCA-1_A619	CB:Z:CCATACCTCATTCTCA-1_A619	100310	47356	75257	3119	0.0301559523924625	47823	4.67963681650119	0.472096500847373	0.750244242847174	0.0310936098095903	0.173911676239396	0.331997122623006	4.8705499665801	1	0.0130396219869732	0.121321770691306	1	75257	1	2.28571428571429	singlet	A619	A619_Re1	A619_Re1	1.19007468291103	0.762166245535472	3_1
CB:Z:ATTACCTGTACATGGG-1_A619	CB:Z:ATTACCTGTACATGGG-1_A619	99279	42318	58425	2744	0.0268958960234457	50744	4.70538469838941	0.426253286193455	0.588493034780769	0.027639279203054	0.0521480422626282	-0.112404823670418	4.9013392159247	1	0.0137600916417123	0.0781520352872533	1	58425	1	3.21428571428571	singlet	A619	A619_Re1	A619_Re1	3.05699145861446	1.09914229686604	3_1
CB:Z:TTCGTTAGTCCATTGA-1_A619	CB:Z:TTCGTTAGTCCATTGA-1_A619	95092	42143	66807	3945	0.0398335975443521	46951	4.67164484665233	0.44318134017583	0.702551213561604	0.0414861397383586	0.0971104513041741	0.20096332514784	4.86099319008488	1	0.0142506827264034	0.103524780737891	1	66807	1	2.28571428571429	singlet	A619	A619_Re1	A619_Re1	0.913448453624835	0.602753623083689	3_1
CB:Z:ATGGATCCAGTAACGG-1_A619	CB:Z:ATGGATCCAGTAACGG-1_A619	93256	43519	72982	3112	0.0322928773036693	43310	4.63658818372984	0.466661662520374	0.782598438706357	0.0333705069915072	0.159476264810083	0.420888375940118	4.81907252489789	1	0.0170278379248983	0.117314434982747	1	72982	1	1.64285714285714	singlet	A619	A619_Re1	A619_Re1	-2.14492261342228	-1.37999512378826	3_2
CB:Z:TGTGACAAGACACAAT-1_A619	CB:Z:TGTGACAAGACACAAT-1_A619	83933	37719	56706	2333	0.0270442584564023	42400	4.62736585659273	0.449394159627322	0.675610308222034	0.0277959801270061	0.113612249429942	0.126944769670367	4.80804449039802	1	0.00662617265030757	0.0931774517266681	1	56706	1	2.64285714285714	singlet	A619	A619_Re1	A619_Re1	1.95042097636043	0.058124287680247	3_1
CB:Z:TCAAGGTAGGCCTCTG-1_A619	CB:Z:TCAAGGTAGGCCTCTG-1_A619	79438	36366	60538	3827	0.0459616885846394	37965	4.57938340421394	0.457790981646064	0.762078602180317	0.0481759359500491	0.135914951598119	0.364511329989083	4.75066720022441	1	0.0056250262185491	0.102566555621997	1	60538	1	2.64285714285714	singlet	A619	A619_Re1	A619_Re1	-3.88848936490239	-0.338087813302419	3_2
CB:Z:TACCCTGGTGTGCTTA-1_A619	CB:Z:TACCCTGGTGTGCTTA-1_A619	78033	37366	60894	873	0.0110637974298532	36598	4.56345735280707	0.478848692219958	0.780362154473108	0.0111875744877167	0.191846093907077	0.414744316321637	4.7316228698997	1	0.0117619570548925	0.1096502508835	1	60894	1	2.64285714285714	singlet	A619	A619_Re1	A619_Re1	0.373793483455767	0.0402743655000712	3_4
CB:Z:GTCTACCCAAGCGAAC-1_A619	CB:Z:GTCTACCCAAGCGAAC-1_A619	74638	32217	50903	3832	0.0488339492799796	38426	4.58462517841852	0.431643398804898	0.681998445831882	0.0513411399019266	0.0664646582344375	0.144495802648377	4.75693530001194	1	0.0111240851725361	0.0887417570437405	1	50903	1	3.5	singlet	A619	A619_Re1	A619_Re1	0.89898419447719	-2.23263909046306	3_4
CB:Z:AACAGTCCAGATTTGC-1_A619	CB:Z:AACAGTCCAGATTTGC-1_A619	72668	32640	52750	1500	0.0202243555172042	36467	4.56190003704463	0.449166070347333	0.725904111851159	0.0206418230858149	0.113006424122703	0.265124041939582	4.72976063581279	1	0.016125271818175	0.0987534270181241	1	52750	1	1.35714285714286	singlet	A619	A619_Re1	A619_Re1	-3.8542684309882	-0.307176367684743	3_2
CB:Z:TGTGACAGTTAGTAGA-1_A619	CB:Z:TGTGACAGTTAGTAGA-1_A619	71790	32715	52604	2642	0.0354954858125537	36320	4.56014583984905	0.455704137066444	0.732748293634211	0.0368017829781307	0.130372107766649	0.283928029505015	4.72766297142669	1	0.0165316947150023	0.100495671926966	1	52604	1	2.28571428571429	singlet	A619	A619_Re1	A619_Re1	0.989048064430346	0.19944642360554	3_1
CB:Z:ACTGCGGAGTCCAGAG-1_A619	CB:Z:ACTGCGGAGTCCAGAG-1_A619	71739	31424	47762	3552	0.0471769534207276	37134	4.56977173307646	0.4380323115739	0.665774543832504	0.0495128172960314	0.0834341757908968	0.0999215845563711	4.73917358919439	1	0.0137363724067655	0.0931766350481242	1	47762	1	2.71428571428571	singlet	A619	A619_Re1	A619_Re1	0.4441218680936	-0.340471999093435	3_1
CB:Z:TCACAGAAGAGATTAC-1_A619	CB:Z:TCACAGAAGAGATTAC-1_A619	71728	32582	51719	1228	0.0168320631613575	35068	4.5449109978823	0.454243809948695	0.721043386125362	0.0171202319875084	0.126493349743368	0.251769483424906	4.70944518752989	1	0.0125619123416794	0.0987098120850546	1	51719	1	2.78571428571429	singlet	A619	A619_Re1	A619_Re1	-2.71496236256779	-0.824341551705739	3_2
CB:Z:CCGTACTTCACCCTTG-1_A619	CB:Z:CCGTACTTCACCCTTG-1_A619	69183	29951	48878	2416	0.0337434880375424	35025	4.54437814395781	0.432924273304135	0.706503042654988	0.0349218738707486	0.0698667742263611	0.211820743534464	4.70880800221047	1	0.0152874068674178	0.0899749545643733	1	48878	1	2.42857142857143	singlet	A619	A619_Re1	A619_Re1	-1.59354615143956	-1.36435534183635	3_2
CB:Z:TAGCCCTCACATTGCA-1_A619	CB:Z:TAGCCCTCACATTGCA-1_A619	68567	30599	47795	2930	0.0409807404506483	34398	4.53653319215832	0.446264237898698	0.697055434830166	0.0427319264369157	0.105298900407252	0.185863995789841	4.69942702951145	1	0.005965854436993	0.0872091553131025	1	47795	1	2.42857142857143	singlet	A619	A619_Re1	A619_Re1	-2.0038274519843	-1.03845764820232	3_2
CB:Z:CAGTATGAGGCCAATG-1_A619	CB:Z:CAGTATGAGGCCAATG-1_A619	68382	31991	50034	2260	0.0319922991987769	34407	4.53664680745835	0.467827790939136	0.731683776432394	0.0330496329443421	0.162573605060412	0.281003331000409	4.69956289038798	1	0.0132767613569801	0.0955630458791379	1	50034	1	0.714285714285714	singlet	A619	A619_Re1	A619_Re1	2.84211957522212	0.0138604479585673	3_1
CB:Z:AAGGTTCGTGTCCCAG-1_A619	CB:Z:AAGGTTCGTGTCCCAG-1_A619	68352	29370	43118	2102	0.0298350696908621	35799	4.55387089534366	0.4296875	0.630822799625468	0.030752574906367	0.0612696179657054	0.00389371967897288	4.72015940931472	1	0.00587813505851711	0.0784177218814722	1	43118	1	1.28571428571429	singlet	A619	A619_Re1	A619_Re1	1.72858846255123	0.405861123159983	3_1
CB:Z:GGAGGATCATTTAGGC-1_A619	CB:Z:GGAGGATCATTTAGGC-1_A619	67389	26529	39166	3295	0.0466159243959029	36486	4.56212625379631	0.393669589992432	0.581192776269124	0.0488952202881776	-0.0343971376027726	-0.132461855267292	4.73003114520862	1	0.0107802961117491	0.0759999608099526	1	39166	1	1.5	singlet	A619	A619_Re1	A619_Re1	-1.5927014344138	-1.1707980794157	3_2
CB:Z:AACGAGGCAACGGACA-1_A619	CB:Z:AACGAGGCAACGGACA-1_A619	67231	30786	48315	2098	0.0302615067287859	34012	4.53163217040451	0.457913760021419	0.718641698026208	0.0312058425428746	0.136241061825551	0.2451709863972	4.69356640060705	1	0.00709530206600136	0.0958034294503456	1	48315	1	1.07142857142857	singlet	A619	A619_Re1	A619_Re1	1.89226830073177	1.74219010646687	3_1
CB:Z:TGCATGATCCACGGCA-1_A619	CB:Z:TGCATGATCCACGGCA-1_A619	66794	30780	50584	2248	0.0325598910807914	33020	4.51877706892677	0.460819834116837	0.757313531155493	0.0336557175794233	0.143959851730125	0.35141957714858	4.67819430411901	1	0.0131896602195915	0.0958104502952022	1	50584	1	1.71428571428571	singlet	A619	A619_Re1	A619_Re1	2.34091389246761	1.98688624675617	3_3
CB:Z:TCACAAGTCCTGGAAT-1_A619	CB:Z:TCACAAGTCCTGGAAT-1_A619	66155	29330	46140	1530	0.0226047130087907	34289	4.53515481959104	0.443352732219787	0.69745295140201	0.0231275035900537	0.0975656837363776	0.186956149229209	4.69777877522599	1	0.0156990222228111	0.0897800446703294	1	46140	1	2.35714285714286	singlet	A619	A619_Re1	A619_Re1	-2.84865248135747	-0.618464247628591	3_2
CB:Z:AGCGTGCGTCAGAAAT-1_A619	CB:Z:AGCGTGCGTCAGAAAT-1_A619	65963	31865	52519	3178	0.0459640444887983	31530	4.4987239707479	0.483073844427937	0.796188772493671	0.0481785243242424	0.203068471980524	0.458227020009967	4.65421486213456	1	0.0110585996557208	0.104214904442098	1	52519	1	1.28571428571429	singlet	A619	A619_Re1	A619_Re1	2.95858872004329	1.2970700102602	3_1
CB:Z:TCAGCTCGTAATGCAA-1_A619	CB:Z:TCAGCTCGTAATGCAA-1_A619	64397	29691	52477	598	0.00920070774674975	31665	4.50057949236334	0.461061850707331	0.814898209543923	0.00928614687019582	0.144602669206249	0.50963009970612	4.65643368999504	1	0.0165232176602336	0.104683214778057	1	52477	1	1.21428571428571	singlet	A619	A619_Re1	A619_Re1	-0.695545374671827	2.65180431182728	3_3
CB:Z:TTACTCACAGCGTAGA-1_A619	CB:Z:TTACTCACAGCGTAGA-1_A619	63991	28450	45375	1913	0.0290270696771061	32709	4.51466726680549	0.444593770999047	0.709084089950149	0.0298948289603225	0.100861992531683	0.218912019421407	4.67327981356719	1	0.00922728143174773	0.0837386649028424	1	45375	1	2.57142857142857	singlet	A619	A619_Re1	A619_Re1	-2.70097029141606	-0.945604102059743	3_2
CB:Z:CACAGATAGAAGGGCG-1_A619	CB:Z:CACAGATAGAAGGGCG-1_A619	63839	28573	44059	2885	0.0432378154786883	32738	4.51505214436441	0.447579066088128	0.690158053854227	0.045191810648663	0.108791200404291	0.166913846565755	4.67374004913842	1	0.014719276087119	0.0801978601346673	1	44059	1	1.64285714285714	singlet	A619	A619_Re1	A619_Re1	0.0511435649591583	-2.10566212360515	3_4
CB:Z:TAACAGCTCGCTTCAC-1_A619	CB:Z:TAACAGCTCGCTTCAC-1_A619	62639	29156	41539	399	0.00632951553031505	30906	4.49004280026422	0.465460815147113	0.663149156276441	0.00636983349031753	0.156286707944937	0.0927084864062181	4.64383394133551	1	0.00736029306001514	0.0783540244274857	1	41539	1	1.35714285714286	singlet	A619	A619_Re1	A619_Re1	2.46114075251399	0.470072491720774	3_1
CB:Z:TCACAGACAGGGTAAC-1_A619	CB:Z:TCACAGACAGGGTAAC-1_A619	62162	28727	46177	1918	0.0299313358302122	31006	4.49144574269727	0.462131205559667	0.742849329172163	0.0308548630996429	0.147442970302366	0.311680031522843	4.64551157620174	1	0.0138917699945464	0.0946604491312441	1	46177	1	3.14285714285714	singlet	A619	A619_Re1	A619_Re1	-3.42824160985173	-0.626364008828542	3_2
CB:Z:TAAACCGTCTGGCTAA-1_A619	CB:Z:TAAACCGTCTGGCTAA-1_A619	61406	30172	51499	1674	0.0265377298668358	29454	4.46914428248351	0.491352636550174	0.838663974204475	0.0272611796892812	0.225057676301205	0.574925142609076	4.61884354881793	1	0.0145572208181192	0.11044414758073	1	51499	1	2.07142857142857	singlet	A619	A619_Re1	A619_Re1	1.38526535101711	-2.2899010342802	3_4
CB:Z:TGCTTTAAGACGTCAG-1_A619	CB:Z:TGCTTTAAGACGTCAG-1_A619	61287	27224	43427	2200	0.0346527635578937	31430	4.49734438101758	0.444205133225643	0.708584202196224	0.0358966828201739	0.0998297362218343	0.217538607170407	4.65256515236874	1	0.0105014870013232	0.0917593945989205	1	43427	1	1.85714285714286	singlet	A619	A619_Re1	A619_Re1	2.74540698595821	1.66852973277912	3_1
CB:Z:AGCCAGCTCCACACCT-1_A619	CB:Z:AGCCAGCTCCACACCT-1_A619	60982	28752	49699	2292	0.0362234092992382	29866	4.47517706076101	0.471483388540881	0.814978190285658	0.037584861106556	0.172283195709879	0.509849842097648	4.62605752919243	1	0.0179499462956626	0.103938347090615	1	49699	1	1.14285714285714	singlet	A619	A619_Re1	A619_Re1	-2.30309927396	-1.45301939670696	3_2
CB:Z:GATGATCCAAGCCCTG-1_A619	CB:Z:GATGATCCAAGCCCTG-1_A619	59972	26809	40119	2184	0.0351373962288436	31362	4.49640375048139	0.447025278463283	0.668962182351764	0.0364169945974788	0.107320291477822	0.108679434213096	4.6514403488511	1	0.00885083082519858	0.0736992665819958	1	40119	1	1.57142857142857	singlet	A619	A619_Re1	A619_Re1	0.918021321972002	0.286718113974192	3_1
CB:Z:TCAAGCAGTTGGCGAA-1_A619	CB:Z:TCAAGCAGTTGGCGAA-1_A619	58918	25469	41396	761	0.0127515541480253	29787	4.47402676541533	0.432278760310941	0.702603618588547	0.0129162564920737	0.068152234606398	0.201107304882196	4.62468200904782	1	0.00782908424359224	0.076429501343378	1	41396	1	1.64285714285714	singlet	A619	A619_Re1	A619_Re1	-0.915551363746534	-1.0710928601469	3_3
CB:Z:CCGCATTAGATTACGA-1_A619	CB:Z:CCGCATTAGATTACGA-1_A619	58387	27348	42853	2043	0.0338077114016217	29775	4.47385177015482	0.468391936561221	0.733947625327556	0.0349906657303852	0.164072025743946	0.287223122908923	4.62447275017622	1	0.00604108555272167	0.0900403413527649	1	42853	1	1.57142857142857	singlet	A619	A619_Re1	A619_Re1	0.351290226657977	0.0590460139070537	3_4
CB:Z:CCAATGATCACAAGCT-1_A619	CB:Z:CCAATGATCACAAGCT-1_A619	57871	25193	39138	1914	0.0320147194112236	30173	4.47961849276275	0.435330303606297	0.676297281885573	0.0330735601596655	0.0762574035760056	0.128832189472533	4.63136858188183	1	0.00776050837827283	0.0814334679623294	1	39138	1	1.92857142857143	singlet	A619	A619_Re1	A619_Re1	-2.22612035206975	-0.366380946084401	3_2
CB:Z:TGCACCTTCTTAACGG-1_A619	CB:Z:TGCACCTTCTTAACGG-1_A619	57237	26453	42606	1002	0.0172049657446041	28838	4.4599651374939	0.462166081380925	0.744378636196866	0.0175061586037004	0.147535603569173	0.315881712773835	4.60786715141629	1	0.00897445067554045	0.0856076966061806	1	42606	1	1.28571428571429	singlet	A619	A619_Re1	A619_Re1	2.55544006892024	-0.636125819131276	3_1
CB:Z:TTACTTGGTATTCGAC-1_A619	CB:Z:TTACTTGGTATTCGAC-1_A619	57204	26448	40573	2632	0.0439868975198877	28739	4.45847165238423	0.462345290539123	0.7092685826166	0.0460107684777288	0.148011598948399	0.219418902189257	4.60608124585584	1	0.00581811395183541	0.0803935232019714	1	40573	1	2.57142857142857	singlet	A619	A619_Re1	A619_Re1	-2.20932161740483	-1.25623156253948	3_2
CB:Z:GGTGCTGTCCTGGGAC-1_A619	CB:Z:GGTGCTGTCCTGGGAC-1_A619	57049	25172	40422	2376	0.0399831720656289	30031	4.4775697939789	0.441234728040807	0.708548791389858	0.0416484075093341	0.091940077252245	0.217441318059202	4.62891875327217	1	0.0137178970236143	0.0830610640470418	1	40422	1	2.21428571428571	singlet	A619	A619_Re1	A619_Re1	-1.75391006402196	-1.25019098941936	3_2
CB:Z:CGGTGCAGTTAGCTCA-1_A619	CB:Z:CGGTGCAGTTAGCTCA-1_A619	54622	25166	40969	2146	0.0378029875986471	27635	4.44145946891779	0.460730108747391	0.750045769104024	0.0392881988942184	0.143721533210665	0.331451827667882	4.58573812167506	1	0.0132919764931658	0.089112796907569	1	40969	1	2.14285714285714	singlet	A619	A619_Re1	A619_Re1	0.106105231423964	2.46708534534321	3_3
CB:Z:TAACAGCAGCTAACAA-1_A619	CB:Z:TAACAGCAGCTAACAA-1_A619	54528	26008	42243	1904	0.0337397221434647	26644	4.42559942498482	0.476965962441315	0.774702904929577	0.0349178403755869	0.186845397045512	0.399195860506257	4.56677272291377	1	0.00691503516500194	0.0952144752002926	1	42243	1	1.57142857142857	singlet	A619	A619_Re1	A619_Re1	-2.23181688718022	1.02121446903096	3_3
CB:Z:GTAGTACGTAGCGGTA-1_A619	CB:Z:GTAGTACGTAGCGGTA-1_A619	54280	24845	40586	1630	0.0291539974959757	27789	4.44387291877104	0.457719233603537	0.747715549005158	0.0300294767870302	0.135724382449453	0.32504968477444	4.58862411865278	1	0.0145875232667736	0.0830356548221091	1	40586	1	1.35714285714286	singlet	A619	A619_Re1	A619_Re1	-1.59453058175267	-1.90048004810467	3_2
CB:Z:CAGTGCGCAAGACACG-1_A619	CB:Z:CAGTGCGCAAGACACG-1_A619	53699	25419	38593	2008	0.0360457393146283	27086	4.43274487412905	0.473360770219185	0.718691223300248	0.0373936199929235	0.177269687543783	0.245307054179549	4.57531723218004	1	0.004782452272001	0.093605757198933	1	38593	1	2.28571428571429	singlet	A619	A619_Re1	A619_Re1	-3.84031379155339	-0.38700844471111	3_2
CB:Z:GGAACTTAGCGCACAA-1_A619	CB:Z:GGAACTTAGCGCACAA-1_A619	53519	24553	38312	742	0.0136746466154328	27099	4.43295326495208	0.458771651189297	0.715857919617332	0.0138642351314486	0.138519696667066	0.237522718679495	4.57556642537735	1	0.00855536047769789	0.0767798567915896	1	38312	1	1.21428571428571	singlet	A619	A619_Re1	A619_Re1	2.64404165812313	1.71366427715168	3_1
CB:Z:AATACGCCAATAGCGG-1_A619	CB:Z:AATACGCCAATAGCGG-1_A619	53064	25498	42024	1315	0.0241821291307306	25901	4.41331653188427	0.480514096185738	0.79194934418815	0.0247813960500528	0.196269554182356	0.446579439675536	4.55208487169603	1	0.0156454250911562	0.0944422489873714	1	42024	1	1.71428571428571	singlet	A619	A619_Re1	A619_Re1	-3.81685697964848	-0.820127741738698	3_2
CB:Z:TTCAACTTCCTATCAT-1_A619	CB:Z:TTCAACTTCCTATCAT-1_A619	52887	20859	32744	1789	0.0327200234106372	28434	4.45383795908305	0.394406943105111	0.619131355531605	0.0338268383534706	-0.0324386625001505	-0.0282278364590219	4.60054028761097	1	0.0142482441840679	0.0682594185450364	1	32744	1	1.5	singlet	A619	A619_Re1	A619_Re1	-1.6519546502036	-1.06615521137371	3_2
CB:Z:GGTGAAGCATTTAGGC-1_A619	CB:Z:GGTGAAGCATTTAGGC-1_A619	52506	23321	34710	2301	0.041983688215009	27960	4.44653716707364	0.44415876280806	0.661067306593532	0.043823563021369	0.0997065722902344	0.0869887266465549	4.59181001975568	1	0.00700657417856196	0.072767063122784	1	34710	1	3.57142857142857	singlet	A619	A619_Re1	A619_Re1	1.78887820311366	-0.085134760781667	3_1
CB:Z:GCTCAGGAGGCCAATG-1_A619	CB:Z:GCTCAGGAGGCCAATG-1_A619	52033	21101	31181	2112	0.039006371779481	28621	4.45668480366886	0.405531105260123	0.599254319374243	0.040589625814387	-0.00289190363590537	-0.0828388261417079	4.60394453686838	1	0.0162846368335799	0.0705505438545734	1	31181	1	1.78571428571429	singlet	A619	A619_Re1	A619_Re1	2.50612461634456	0.872758610800364	3_1
CB:Z:TCGCCTATCGATAGCT-1_A619	CB:Z:TCGCCTATCGATAGCT-1_A619	51909	21865	32109	1861	0.0346103775339409	26903	4.42980071163065	0.421217900556744	0.618563254926891	0.0358512011404573	0.0387736125192293	-0.0297886595121746	4.57179661041908	1	0.00894931906744367	0.0657407166883205	1	32109	1	1.64285714285714	singlet	A619	A619_Re1	A619_Re1	-0.0496308759552341	2.63161884124623	3_3
CB:Z:CGCAATATCAGTGTGT-1_A619	CB:Z:CGCAATATCAGTGTGT-1_A619	51257	23048	36650	1627	0.0307654489070418	26372	4.42114306707167	0.449655656788341	0.715024289365355	0.0317420059699163	0.114306809024873	0.235232368512122	4.56144382185882	1	0.00711810204750069	0.0866886543462819	1	36650	1	1.57142857142857	singlet	A619	A619_Re1	A619_Re1	-0.513563811103712	2.52648709590779	3_3
CB:Z:CAGTATGAGACTTGAA-1_A619	CB:Z:CAGTATGAGACTTGAA-1_A619	50902	21871	34516	1165	0.0223750168052701	26794	4.42803755303531	0.429668775293702	0.678087305017485	0.022887116419787	0.0612198834891585	0.133750172919094	4.56968823001476	1	0.0112014883963405	0.0744752133606421	1	34516	1	1.28571428571429	singlet	A619	A619_Re1	A619_Re1	-0.483975052158247	-0.240363852425954	3_2
CB:Z:TTGTTCAGTTCTACCC-1_A619	CB:Z:TTGTTCAGTTCTACCC-1_A619	50728	22036	32664	1603	0.0306319390036498	27011	4.43154066291543	0.434395205803501	0.643904746885349	0.0315999053777007	0.0737737010815	0.0398356016166484	4.57387723958256	1	0.0116234053649137	0.0698559425626086	1	32664	1	1.57142857142857	singlet	A619	A619_Re1	A619_Re1	1.6978396184045	1.42331789310322	3_1
CB:Z:TTACCCGGTTCAGTTG-1_A619	CB:Z:TTACCCGGTTCAGTTG-1_A619	50722	22068	33330	1674	0.0319490037407436	26911	4.42992983624063	0.435077481171878	0.6571113126454	0.0330034304640984	0.0755858848224	0.0761198655660676	4.5719510172876	1	0.00621726723284602	0.070208097421469	1	33330	1	1.21428571428571	singlet	A619	A619_Re1	A619_Re1	0.382336557586779	2.50216470535145	3_3
CB:Z:ATTACCTGTCGATTAC-1_A619	CB:Z:ATTACCTGTCGATTAC-1_A619	49980	23163	34377	714	0.0140845070422535	25866	4.41272927323753	0.463445378151261	0.68781512605042	0.0142857142857143	0.150933528973549	0.160476789999171	4.55138262935305	1	0.00488638221197173	0.0763578804697877	1	34377	1	1.57142857142857	singlet	A619	A619_Re1	A619_Re1	2.37180483408748	0.553845151022532	3_1
CB:Z:GAAGTGGTCGCAACTA-1_A619	CB:Z:GAAGTGGTCGCAACTA-1_A619	49192	22063	33195	1033	0.0205674464907914	25763	4.41099643351638	0.448507887461376	0.674804846316474	0.0209993494877216	0.111258232146627	0.124731810380757	4.54931050417862	1	0.0108959275549081	0.0727344091071744	1	33195	1	1.78571428571429	singlet	A619	A619_Re1	A619_Re1	1.41037070818721	-1.60411717121258	3_4
CB:Z:CACCACTTCACCCGGA-1_A619	CB:Z:CACCACTTCACCCGGA-1_A619	48988	22178	35316	1713	0.0337863158517583	25257	4.4023817642391	0.45272311586511	0.720911243569854	0.0349677472033968	0.122454251718018	0.251406429512924	4.53900910534702	1	0.00882576075074698	0.0795002475990962	1	35316	1	2.07142857142857	singlet	A619	A619_Re1	A619_Re1	1.0531383759576	-2.2996575993742	3_4
CB:Z:ACAGGCCCATTCCCGT-1_A619	CB:Z:ACAGGCCCATTCCCGT-1_A619	48609	23608	35583	330	0.00674308833445718	23982	4.37988539864375	0.485671377728404	0.732024933654262	0.00678886625933469	0.209967750236386	0.281940640435078	4.51210801062126	1	0.00268277610927393	0.0764438422663694	1	35583	1	0.714285714285714	singlet	A619	A619_Re1	A619_Re1	2.73229348727046	-0.11066796009197	3_1
CB:Z:ACAAGCTCACGAACGA-1_A619	CB:Z:ACAAGCTCACGAACGA-1_A619	48569	22724	36847	1221	0.0245229965856598	23674	4.37427164327598	0.467870452346147	0.758652638514279	0.0251394922687311	0.162686917531786	0.3550986959858	4.50539509673855	1	0.00648128230293048	0.0903152990840705	1	36847	1	1.28571428571429	singlet	A619	A619_Re1	A619_Re1	-2.85451209477604	0.203837616995433	3_2
CB:Z:TACATTCCAGCACATT-1_A619	CB:Z:TACATTCCAGCACATT-1_A619	48420	22349	36018	817	0.0165932124215529	24713	4.39292546917228	0.461565468814539	0.743866171003717	0.0168731928954977	0.145940323455261	0.314473744747104	4.52770129261305	1	0.00979251442012909	0.0830859603505714	1	36018	1	2.07142857142857	singlet	A619	A619_Re1	A619_Re1	1.85086691447078	-1.94997336094036	3_4
CB:Z:CCATACCAGACGACTG-1_A619	CB:Z:CCATACCAGACGACTG-1_A619	48009	22349	37369	1581	0.031881427707199	24732	4.39325923782684	0.465516882251245	0.778374888041826	0.0329313253764919	0.156435627133899	0.409284418491985	4.52810041229105	1	0.0113561322297575	0.0866504139160435	1	37369	1	1.5	singlet	A619	A619_Re1	A619_Re1	-0.201116948644529	2.90046678359852	3_3
CB:Z:CGTACAATCAGGTTTG-1_A619	CB:Z:CGTACAATCAGGTTTG-1_A619	47970	22344	37815	577	0.0118853894164418	24607	4.39105866925485	0.465791119449656	0.788305190744215	0.0120283510527413	0.157164025395283	0.436567342069367	4.52546897818875	1	0.00276187323223333	0.0897262995685697	1	37815	1	1.57142857142857	singlet	A619	A619_Re1	A619_Re1	2.49206984110652	2.17869280155049	3_1
CB:Z:CTGGGACCAGTATACC-1_A619	CB:Z:CTGGGACCAGTATACC-1_A619	47474	22154	35167	1386	0.0283667621776504	24538	4.38983916212527	0.466655432447234	0.740763365210431	0.0291949277499263	0.159459717184635	0.3059489680237	4.52401069477526	1	0.0113620319884683	0.078463631063427	1	35167	1	1.92857142857143	singlet	A619	A619_Re1	A619_Re1	0.941316486080279	-1.64826800052776	3_3
CB:Z:AACCGATAGTGGTGTG-1_A619	CB:Z:AACCGATAGTGGTGTG-1_A619	47463	21432	35159	1031	0.0212603621066524	24990	4.39776625612645	0.451551735035712	0.740766491793608	0.0217221835956429	0.119342960600348	0.305957558127388	4.5334898929027	1	0.0113247640102387	0.0787822867076918	1	35159	1	2.42857142857143	singlet	A619	A619_Re1	A619_Re1	-1.45798122815312	-1.8552634877409	3_2
CB:Z:TAACTTCGTGATGTGG-1_A619	CB:Z:TAACTTCGTGATGTGG-1_A619	46616	21911	37142	1239	0.0258907115243966	23774	4.3761022583701	0.470031748755792	0.796765059207139	0.0265788570447915	0.168427512010731	0.459810333916243	4.50758414144644	1	0.0166062922290735	0.0813752584413483	1	37142	1	1.71428571428571	singlet	A619	A619_Re1	A619_Re1	1.54458940096675	-2.25104262058391	3_4
CB:Z:CCGTGAGAGCCCATTA-1_A619	CB:Z:CCGTGAGAGCCCATTA-1_A619	46610	22312	38764	669	0.0141500454747351	23515	4.3713449830821	0.478695558892941	0.831667024243725	0.0143531431023386	0.191439358242459	0.555701433445811	4.50189540418724	1	0.00833077515217192	0.0962250942295631	1	38764	1	1.14285714285714	singlet	A619	A619_Re1	A619_Re1	-0.663496791641126	2.71001134689198	3_3
CB:Z:TGGCCTTCACAGCTTA-1_A619	CB:Z:TGGCCTTCACAGCTTA-1_A619	46570	21086	34964	1738	0.0359774778504596	24059	4.38127757215148	0.452780760146017	0.750783766373202	0.03732016319519	0.122607360028031	0.333479431830486	4.51377276803496	1	0.0108895973601243	0.0861265812737226	1	34964	1	2.28571428571429	singlet	A619	A619_Re1	A619_Re1	-1.47854196957768	-1.88675905887737	3_2
CB:Z:CCACAGGTCCTTTGCG-1_A619	CB:Z:CCACAGGTCCTTTGCG-1_A619	46569	21511	30320	958	0.0201569634102721	24393	4.38726521578418	0.461916725718826	0.651076896647985	0.020571624900685	0.146873292869562	0.0595406619480347	4.52093277652009	1	0.00311420849162543	0.0697755072507756	1	30320	1	1.64285714285714	singlet	A619	A619_Re1	A619_Re1	2.43894612856685	0.742077572897532	3_1
CB:Z:ATGTCGAAGTGGACGT-1_A619	CB:Z:ATGTCGAAGTGGACGT-1_A619	46325	21914	36038	1368	0.0286834545950139	24227	4.38429963930838	0.473049109552078	0.777938478143551	0.0295304910955208	0.176441889238602	0.408085407922028	4.51738654798137	1	0.0095825450987789	0.0828793060081416	1	36038	1	1.21428571428571	singlet	A619	A619_Re1	A619_Re1	2.81440866061031	1.67519639308796	3_1
CB:Z:AAGGAGCAGGACTTTC-1_A619	CB:Z:AAGGAGCAGGACTTTC-1_A619	46005	22162	37498	2122	0.0440916741122447	22886	4.35956989360376	0.481730246712314	0.81508531681339	0.046125421149875	0.199499757576611	0.510144165942229	4.48781478320344	1	0.00828171522625806	0.0938416586931542	1	37498	1	1.28571428571429	singlet	A619	A619_Re1	A619_Re1	1.78682828017055	2.27305815990315	3_3
CB:Z:TTGCTATGTGGCCTTG-1_A619	CB:Z:TTGCTATGTGGCCTTG-1_A619	46003	21269	32757	1256	0.0265769483061427	24586	4.39068787728551	0.462339412647001	0.712062256809339	0.0273025672238767	0.147995986746893	0.227094357992053	4.52502558612844	1	0.0082660161586575	0.0755258823992358	1	32757	1	1.5	singlet	A619	A619_Re1	A619_Re1	1.86166083880245	1.47363041217671	3_1
CB:Z:ACTTCCGGTCATAAGA-1_A619	CB:Z:ACTTCCGGTCATAAGA-1_A619	45833	21374	30401	1410	0.0298456914251847	24099	4.38199902168307	0.466345209783344	0.66329936944996	0.0307638601008007	0.15863573834322	0.0931211882800927	4.51463547548461	1	0.00119056983014644	0.0721159844144352	1	30401	1	1.28571428571429	singlet	A619	A619_Re1	A619_Re1	2.30435693331539	-0.291280047341726	3_1
CB:Z:CAACGTAGTCAGAGTG-1_A619	CB:Z:CAACGTAGTCAGAGTG-1_A619	45729	21563	36813	361	0.00783250162725103	22988	4.36150118846166	0.471538848433161	0.805025257495244	0.00789433401124013	0.17243050209044	0.482504743682235	4.49012422050768	1	0.00479095692378989	0.0897505347351023	1	36813	1	2	singlet	A619	A619_Re1	A619_Re1	0.0473064116436142	2.95574818427906	3_3
CB:Z:GAGACTTCACCCATCT-1_A619	CB:Z:GAGACTTCACCCATCT-1_A619	45685	22039	34592	1464	0.0310504994803707	23817	4.37688705666405	0.482412170296596	0.757185071686549	0.0320455291671227	0.201311006947832	0.351066642300669	4.50852260117927	1	0.00962443775863947	0.0843610823198362	1	34592	1	1.42857142857143	singlet	A619	A619_Re1	A619_Re1	0.81375402279674	2.08252476032124	3_3
CB:Z:ACATGCATCACAAGCT-1_A619	CB:Z:ACATGCATCACAAGCT-1_A619	45634	20742	31728	298	0.00648785160672298	23360	4.36847283844036	0.454529517465048	0.695271069816365	0.00653021869658588	0.12725221418401	0.18096155769055	4.49846090118959	1	0.00638027289856827	0.0714620237833738	1	31728	1	1.78571428571429	singlet	A619	A619_Re1	A619_Re1	0.158187255938639	2.70535479362355	3_3
CB:Z:AACAAAGAGGCTTAAA-1_A619	CB:Z:AACAAAGAGGCTTAAA-1_A619	45405	19461	28449	577	0.0125483884998478	24481	4.38882915389884	0.428609184010572	0.626560951437066	0.0127078515581984	0.0584055152966565	-0.00781545796720165	4.52280292959835	1	0.0106621001912448	0.0626085621143334	1	28449	1	2.07142857142857	singlet	A619	A619_Re1	A619_Re1	2.6439644105035	1.36329649265156	3_1
CB:Z:TAGTCCCTCTGTCGGG-1_A619	CB:Z:TAGTCCCTCTGTCGGG-1_A619	45171	20271	32230	1965	0.0416878818737271	23737	4.37542582979234	0.448761373447566	0.713510880874898	0.0435013614929933	0.111931513352444	0.231074367550422	4.50677526993481	1	0.00375641086617275	0.0751729338637737	1	32230	1	2.92857142857143	singlet	A619	A619_Re1	A619_Re1	-2.93795120648564	-0.890863196298024	3_2
CB:Z:TCAATTCGTACCCATA-1_A619	CB:Z:TCAATTCGTACCCATA-1_A619	45022	20558	31337	250	0.00552217706308535	23876	4.37796157021964	0.456621207409711	0.696037492781307	0.00555284083337035	0.132807927733715	0.183067259783139	4.50980750165888	1	0.00143391675584138	0.0770629884065719	1	31337	1	1.85714285714286	singlet	A619	A619_Re1	A619_Re1	2.01224911280452	-1.88275744144573	3_4
CB:Z:GGTGAAGGTGCGCTCA-1_A619	CB:Z:GGTGAAGGTGCGCTCA-1_A619	44381	20387	35682	642	0.0142593785398574	22957	4.36091513422368	0.459363241026565	0.803992699578648	0.0144656497149681	0.140091011614181	0.479667851437157	4.48942341839351	1	0.0110676451464246	0.0821650580477554	1	35682	1	1.57142857142857	singlet	A619	A619_Re1	A619_Re1	-0.097038752655397	3.11804209525929	3_3
CB:Z:TTGCGGGCACATCATG-1_A619	CB:Z:TTGCGGGCACATCATG-1_A619	44179	20655	34314	795	0.0176768799750967	21847	4.33939180867959	0.467529821861065	0.776703863826705	0.0179949749881165	0.161782172827037	0.404693377581811	4.46368588239816	1	0.0117840108197871	0.0845182402873401	1	34314	1	2.64285714285714	singlet	A619	A619_Re1	A619_Re1	1.91696214743434	-1.89207197849407	3_4
CB:Z:AATGTCGTCTTATCAC-1_A619	CB:Z:AATGTCGTCTTATCAC-1_A619	44122	20584	33416	2002	0.0434047350620068	21498	4.33239805854975	0.466524636235891	0.757354607678709	0.0453741897466117	0.159112310875463	0.351532432484144	4.45532277441374	1	0.00421600058862603	0.0858766504580712	1	33416	1	2.5	singlet	A619	A619_Re1	A619_Re1	-2.88256108693303	-1.33406140033855	3_2
CB:Z:TAGGAGGTCACCCGGA-1_A619	CB:Z:TAGGAGGTCACCCGGA-1_A619	44112	18853	30725	1435	0.0315059169648934	22781	4.35757278405168	0.427389372506347	0.696522488211824	0.0325308306129851	0.0551655880218729	0.18439975625004	4.48542664486125	1	0.0114611058929299	0.067253804750645	1	30725	1	1.85714285714286	singlet	A619	A619_Re1	A619_Re1	-0.527309715072523	3.01176129157887	3_3
CB:Z:CTTAATCGTTCCCAAA-1_A619	CB:Z:CTTAATCGTTCCCAAA-1_A619	44088	20332	32743	1681	0.0367279162752081	23073	4.36310406607464	0.461168571947015	0.742673743422246	0.0381282888767919	0.144886130260726	0.311197619985166	4.49204093733546	1	0.0103051638386661	0.0764101414793083	1	32743	1	2.28571428571429	singlet	A619	A619_Re1	A619_Re1	-1.60373425416173	-1.52624394123211	3_4
CB:Z:CATTCATTCCTGTAGA-1_A619	CB:Z:CATTCATTCCTGTAGA-1_A619	43975	20872	34838	1555	0.0341533055128487	22349	4.34925809551279	0.474633314383172	0.792222853894258	0.0353610005685048	0.18064967742828	0.447330891532851	4.4754839622065	1	0.00942347513522128	0.0888308212638966	1	34838	1	1.14285714285714	singlet	A619	A619_Re1	A619_Re1	-1.98030006817998	-1.88990046207561	3_2
CB:Z:ATTTGTCTCCTAAGTG-1_A619	CB:Z:ATTTGTCTCCTAAGTG-1_A619	43934	21404	34471	1026	0.0228202846975089	22393	4.35011228009836	0.487185323439705	0.784608731278736	0.0233532116356353	0.213988923987903	0.426411536740363	4.47650539388409	1	0.00827806764136462	0.0890793944262624	1	34471	1	1.35714285714286	singlet	A619	A619_Re1	A619_Re1	-0.586452841083417	2.53818760688648	3_3
CB:Z:CTTCCAGGTAACTGAA-1_A619	CB:Z:CTTCCAGGTAACTGAA-1_A619	43909	19665	31436	1117	0.0248078887753742	23206	4.36560028790801	0.447858070099524	0.715935229679565	0.0254389760641326	0.109532259742694	0.237735123535909	4.49502591282901	1	0.00947625920937682	0.0745333839411395	1	31436	1	1.42857142857143	singlet	A619	A619_Re1	A619_Re1	-1.8603719466132	-0.94313170139446	3_2
CB:Z:CGTAAACAGGGCTTCC-1_A619	CB:Z:CGTAAACAGGGCTTCC-1_A619	43871	18455	28657	1972	0.0430163819994328	23646	4.37375768524925	0.420665131863874	0.65321054910989	0.0449499669485537	0.0373054099662332	0.0654027468011838	4.5047805070839	1	0.0108407758719367	0.0644979238733584	1	28657	1	1	singlet	A619	A619_Re1	A619_Re1	0.936599910934557	-2.16982056324138	3_4
CB:Z:ATTGTGGAGAGCCTGA-1_A619	CB:Z:ATTGTGGAGAGCCTGA-1_A619	43782	20590	33276	1114	0.0248129009265859	21923	4.34089998385871	0.470284591841396	0.760038371933671	0.025444246493993	0.169099085615711	0.358905917186703	4.46548935430498	1	0.0108172804944517	0.0816460392369952	1	33276	1	1.5	singlet	A619	A619_Re1	A619_Re1	1.44741380282222	-2.26677204792156	3_4
CB:Z:TGCACCTCATATTGGC-1_A619	CB:Z:TGCACCTCATATTGGC-1_A619	43616	19777	28501	1757	0.0387234699050096	23065	4.36295345894429	0.453434519442406	0.65345286133529	0.0402833822450477	0.124343802558849	0.0660684854121373	4.49186084172567	1	0.00668440702066156	0.0714953481993457	1	28501	1	1	singlet	A619	A619_Re1	A619_Re1	0.0577862977284092	1.78656099613056	3_1
CB:Z:GCACCTTAGGATTAAC-1_A619	CB:Z:GCACCTTAGGATTAAC-1_A619	43282	18782	29579	1382	0.0309421457997492	22716	4.35633186001142	0.433944826948847	0.683401876068573	0.0319301326186405	0.072577454997473	0.148351644815669	4.48394275116238	1	0.00680540675177521	0.0737646885483839	1	29579	1	2	singlet	A619	A619_Re1	A619_Re1	-1.682440280239	-1.30019356434002	3_2
CB:Z:TAATCGGTCAACACGT-1_A619	CB:Z:TAATCGGTCAACACGT-1_A619	43264	19612	28784	337	0.00772918052338249	22342	4.34912204747635	0.453309911242604	0.665310650887574	0.00778938609467456	0.124012832155795	0.0986470659295056	4.47532127632286	1	0.00673117385451823	0.0707523474477503	1	28784	1	1.21428571428571	singlet	A619	A619_Re1	A619_Re1	2.43099439211666	-0.427761809274099	3_1
CB:Z:GGGACCTAGTTGCTTG-1_A619	CB:Z:GGGACCTAGTTGCTTG-1_A619	43005	21499	34726	1367	0.0308077165780222	21847	4.33939180867959	0.499918614114638	0.807487501453319	0.0317870015114522	0.247809670564404	0.489269614376547	4.46368588239816	1	-0.00116597782065338	0.0837836231805508	1	34726	1	1.42857142857143	singlet	A619	A619_Re1	A619_Re1	2.81062471934139	-0.425703780099294	3_1
CB:Z:AGCGTATGTACCCACG-1_A619	CB:Z:AGCGTATGTACCCACG-1_A619	42925	19587	31227	945	0.0215409163437429	22563	4.35339684339754	0.456307513104252	0.727478159580664	0.0220151426907397	0.13197472790515	0.269448645649891	4.48043306602604	1	0.0149171919550042	0.073155893573195	1	31227	1	1.57142857142857	singlet	A619	A619_Re1	A619_Re1	-0.698288797656904	2.71288703258381	3_3
CB:Z:TTGCAGATCAATCGTG-1_A619	CB:Z:TTGCAGATCAATCGTG-1_A619	42767	20068	29225	1921	0.0429869316147512	21891	4.34026560097233	0.469240302102088	0.683353987887858	0.044917810461337	0.166325359677364	0.148220074851098	4.46473076092034	1	0.00495221871998229	0.0749408401206733	1	29225	1	0.928571428571429	singlet	A619	A619_Re1	A619_Re1	2.98899066515743	-0.20050646488323	3_1
CB:Z:GTCACTCTCAAACCCA-1_A619	CB:Z:GTCACTCTCAAACCCA-1_A619	42734	19992	29561	429	0.00993906818339782	21919	4.34082073665592	0.467824214910844	0.691744278560397	0.0100388449478167	0.162564106812888	0.17127190580443	4.46539459070861	1	0.00424506833568242	0.0741635429209942	1	29561	1	1.07142857142857	singlet	A619	A619_Re1	A619_Re1	3.1334606415826	0.605687125280955	3_1
CB:Z:GCCCGAAAGGGTCCCT-1_A619	CB:Z:GCCCGAAAGGGTCCCT-1_A619	42698	19745	32516	1932	0.043289267308985	22576	4.35364699641027	0.462433837650475	0.761534498102956	0.0452480209845894	0.14824678791012	0.36301643598578	4.48073219833978	1	0.00734421797150156	0.0810513333545901	1	32516	1	1.42857142857143	singlet	A619	A619_Re1	A619_Re1	2.49427044459163	2.02628539378987	3_3
CB:Z:GTGGATTTCTCCACTG-1_A619	CB:Z:GTGGATTTCTCCACTG-1_A619	42525	20192	32280	1852	0.0417333303287739	22098	4.34435296923856	0.47482657260435	0.759082892416226	0.0435508524397413	0.181162988361734	0.356280793317321	4.46961842512738	1	0.0114166273055107	0.0804262625851008	1	32280	1	2.78571428571429	singlet	A619	A619_Re1	A619_Re1	1.21546018191158	1.18511389072285	3_1
CB:Z:CAGTATGCAGGTAGCA-1_A619	CB:Z:CAGTATGCAGGTAGCA-1_A619	42435	19555	30240	1283	0.0293471796514022	22085	4.34409740359441	0.4608224343113	0.712619300106045	0.0302344762578061	0.143966758076663	0.228624801740728	4.46931282040324	1	0.00404022391707028	0.0739180453071458	1	30240	1	1.35714285714286	singlet	A619	A619_Re1	A619_Re1	0.0497820421355862	2.74521051223622	3_3
CB:Z:CACTGAACAACTGCGC-1_A619	CB:Z:CACTGAACAACTGCGC-1_A619	42290	19647	30700	1687	0.038360961411647	22634	4.35476131155159	0.464577914400568	0.725939938519745	0.0398912272404824	0.153941645449828	0.265222473607816	4.48206469345078	1	0.00878650567361235	0.0816289403529162	1	30700	1	2.71428571428571	singlet	A619	A619_Re1	A619_Re1	2.88195836611568	0.706079466894725	3_1
CB:Z:AAACTGCGTTGTGACT-1_A619	CB:Z:AAACTGCGTTGTGACT-1_A619	42260	17052	24604	566	0.0132162704898893	22637	4.35481887084772	0.40350212967345	0.58220539517274	0.0133932796971131	-0.00828104230230494	-0.129679744289575	4.48213352270549	1	0.0114207878562659	0.054347713698954	1	24604	1	1.28571428571429	singlet	A619	A619_Re1	A619_Re1	0.110664204438319	2.62187610442982	3_3
CB:Z:GTTACGAAGTCGATAA-1_A619	CB:Z:GTTACGAAGTCGATAA-1_A619	41842	19152	32413	859	0.020116624903398	21271	4.32778790759305	0.457721906218632	0.774652263276134	0.0205296113952488	0.135731481151597	0.399056725537048	4.44980996804239	1	0.00864021112511452	0.0774620594590367	1	32413	1	2.71428571428571	singlet	A619	A619_Re1	A619_Re1	1.59117686816036	-2.22604395572796	3_4
CB:Z:CCCTCTCAGTTTACGC-1_A619	CB:Z:CCCTCTCAGTTTACGC-1_A619	41633	17078	25459	1651	0.0381434248221052	22603	4.35416608503142	0.410203444383061	0.61151010016093	0.0396560420820023	0.00951824244734152	-0.0491667880774656	4.48135292314572	1	0.00401556212478955	0.0607335031367027	1	25459	1	1.35714285714286	singlet	A619	A619_Re1	A619_Re1	-2.06981360844792	-1.10442711536541	3_2
CB:Z:AAAGGATCATGTAGAA-1_A619	CB:Z:AAAGGATCATGTAGAA-1_A619	41611	18836	29690	477	0.011333396692644	21603	4.33451406564056	0.452668765470669	0.713513253706953	0.0114633149888251	0.122309892261877	0.231080886767162	4.45785309011958	1	0.00925655627396699	0.0711557953332064	1	29690	1	1.42857142857143	singlet	A619	A619_Re1	A619_Re1	3.1024924523431	0.272234662130931	3_1
CB:Z:GGTACCGGTAGCAGGT-1_A619	CB:Z:GGTACCGGTAGCAGGT-1_A619	41334	18951	25667	2055	0.0473622346677729	21865	4.33974948168088	0.458484540571926	0.620965790874341	0.049716940049354	0.137757105465984	-0.0231878330710628	4.46411358683103	1	0.00437358684831738	0.0595666623502092	1	25667	1	1.92857142857143	singlet	A619	A619_Re1	A619_Re1	2.29945671625911	0.648026450232127	3_1
CB:Z:TAGCACACACCGTCTT-1_A619	CB:Z:TAGCACACACCGTCTT-1_A619	41190	19131	30325	785	0.0187016081000596	21419	4.33079919083665	0.464457392571012	0.736222384073804	0.0190580237921826	0.153621528807683	0.293472888992685	4.45341085261367	1	0.00734573727760324	0.0757714683503029	1	30325	1	1.35714285714286	singlet	A619	A619_Re1	A619_Re1	2.26800501414119	1.86694000537739	3_3
CB:Z:GAGCATTTCGTTACAG-1_A619	CB:Z:GAGCATTTCGTTACAG-1_A619	41159	19877	32028	653	0.0156175260690711	20230	4.3059958827708	0.482932044024393	0.778153016351223	0.0158653028499235	0.2026918375633	0.40867483905014	4.42375112215795	1	0.00501892631611934	0.07725299564354	1	32028	1	2	singlet	A619	A619_Re1	A619_Re1	-3.58362352780522	-0.952997939034841	3_2
CB:Z:CGTTCCAAGCTCCGGT-1_A619	CB:Z:CGTTCCAAGCTCCGGT-1_A619	40985	17084	25627	1683	0.039444079872504	21859	4.33963029007408	0.416835427595462	0.625277540563621	0.0410638038306698	0.0271333766064761	-0.0113415539813915	4.46397105782156	1	0.00990879957362971	0.0624667654493157	1	25627	1	2	singlet	A619	A619_Re1	A619_Re1	2.69647681780635	1.48521326358662	3_4
CB:Z:TTTGCGCTCGGTCTAA-1_A619	CB:Z:TTTGCGCTCGGTCTAA-1_A619	40963	19215	30811	651	0.0156437737299947	21138	4.32506389356489	0.46908185435637	0.752166589361131	0.015892390694041	0.165904508446497	0.33727865679184	4.44655259924229	1	0.00463345372638515	0.0816490419697162	1	30811	1	1.57142857142857	singlet	A619	A619_Re1	A619_Re1	-3.49322545460881	-1.14789702121868	3_2
CB:Z:AGTGTACGTTCTTTGT-1_A619	CB:Z:AGTGTACGTTCTTTGT-1_A619	40908	18465	28443	1051	0.0250482613980314	21626	4.33497619865434	0.451378703432092	0.695291874449985	0.0256917962256771	0.118883373352623	0.181018717199795	4.45840570756025	1	0.0121848354004629	0.0725898731031189	1	28443	1	1.57142857142857	singlet	A619	A619_Re1	A619_Re1	2.63809716769039	1.14255712802754	3_1
CB:Z:GGCGTTGAGCATACCT-1_A619	CB:Z:GGCGTTGAGCATACCT-1_A619	40560	18874	31359	173	0.0042471705987774	20804	4.31814684510279	0.465335305719921	0.773150887573965	0.00426528599605523	0.155953343802205	0.394931783954615	4.43828121091013	1	0.00635383768296458	0.079553898584389	1	31359	1	1.92857142857143	singlet	A619	A619_Re1	A619_Re1	-3.66572773389042	-0.89471747104778	3_2
CB:Z:GACCCAGTCATCGCAA-1_A619	CB:Z:GACCCAGTCATCGCAA-1_A619	40530	19509	29354	1999	0.0470032213313269	21412	4.33065723471139	0.481347150259067	0.724253639279546	0.0493214902541327	0.198482219503352	0.260589465463173	4.45324110185298	1	0.00545003599624078	0.0840099680114701	1	29354	1	2.07142857142857	singlet	A619	A619_Re1	A619_Re1	2.94529593058406	1.33263848598347	3_1
CB:Z:TTGCTTATCCGCTATC-1_A619	CB:Z:TTGCTTATCCGCTATC-1_A619	40346	18304	28992	1493	0.0356844092832047	20613	4.31414120326057	0.453675705150449	0.718584246269766	0.0370049075496951	0.124984413137671	0.245013141069886	4.43349127494566	1	0.00271622607636815	0.0680176511407529	1	28992	1	3.21428571428571	singlet	A619	A619_Re1	A619_Re1	-2.91507136754216	-0.694880740090749	3_2
CB:Z:TACGCAACACCGATCG-1_A619	CB:Z:TACGCAACACCGATCG-1_A619	40174	18695	31018	698	0.0170777060090037	21291	4.32819605994855	0.465350724349081	0.772091402399562	0.0173744212674864	0.155994297045377	0.392020910649853	4.45029803555406	1	0.00788335718480107	0.0779304478663334	1	31018	1	1	singlet	A619	A619_Re1	A619_Re1	2.78370463915645	1.68984936054096	3_1
CB:Z:TGCACCTTCCATGACA-1_A619	CB:Z:TGCACCTTCCATGACA-1_A619	40093	17956	28064	1868	0.0445175281809299	21372	4.32984516551087	0.447858728456339	0.69997256378919	0.0465916743571197	0.109534008396641	0.193878636313868	4.45227003164191	1	0.0107679440842386	0.0777427002529012	1	28064	1	1.07142857142857	singlet	A619	A619_Re1	A619_Re1	2.53276836939632	1.82606552417622	3_1
CB:Z:ACCATCCGTCTGCGCA-1_A619	CB:Z:ACCATCCGTCTGCGCA-1_A619	40063	18740	31979	1146	0.0278094590987406	20605	4.31397261886061	0.467763272845269	0.798217806954047	0.0286049472081472	0.162402239295034	0.46380167304698	4.43328968216421	1	0.00631477408006978	0.0910719421430646	1	31979	1	1.64285714285714	singlet	A619	A619_Re1	A619_Re1	-3.56829750470341	-1.21320988361492	3_2
CB:Z:TCCATCGAGAGGCAGG-1_A619	CB:Z:TCCATCGAGAGGCAGG-1_A619	39905	19139	29982	1173	0.028555431131019	20006	4.30116026446921	0.479614083448189	0.751334419245709	0.0293948126801153	0.193879040725204	0.334992318263914	4.41796870252943	1	0.00786158344777431	0.0820023945605824	1	29982	1	2.14285714285714	singlet	A619	A619_Re1	A619_Re1	-3.7320829623145	-0.329915301247976	3_2
CB:Z:GTTACGAAGTGATAAC-1_A619	CB:Z:GTTACGAAGTGATAAC-1_A619	39878	18628	29695	542	0.013409203364671	21093	4.32413835265502	0.467124730427805	0.744646170821004	0.0135914539345002	0.160706214140915	0.31661674844429	4.44544583986005	1	0.00306379383400875	0.0802799475045507	1	29695	1	1.57142857142857	singlet	A619	A619_Re1	A619_Re1	2.44872200556575	1.44909308727131	3_1
CB:Z:CGCAATACACCGAAAG-1_A619	CB:Z:CGCAATACACCGAAAG-1_A619	39656	18253	31619	901	0.0222156471139384	20998	4.32217793138498	0.460283437563042	0.797332055678838	0.0227203954004438	0.142535135026994	0.46136812342877	4.44310157326889	1	0.0112901089474997	0.0880974675800077	1	31619	1	1.42857142857143	singlet	A619	A619_Re1	A619_Re1	-3.84792745045842	-0.73306729023113	3_2
CB:Z:TGCTCGTTCAGTCAAC-1_A619	CB:Z:TGCTCGTTCAGTCAAC-1_A619	39603	17515	28007	1537	0.0373602333495382	21206	4.32645875707122	0.442264474913517	0.707193899452062	0.0388101911471353	0.0946751760502657	0.213718832018006	4.44822057334924	1	0.0104178405423247	0.075421347877204	1	28007	1	2.28571428571429	singlet	A619	A619_Re1	A619_Re1	-1.23297524384678	-1.37131239597454	3_2
CB:Z:TAGGAGGGTGAGTAAT-1_A619	CB:Z:TAGGAGGGTGAGTAAT-1_A619	39554	18923	28253	1230	0.0301588858375834	20991	4.3220331286318	0.478409263285635	0.71428932598473	0.0310967285230318	0.190678931780213	0.233213099780168	4.44292841851804	1	0.00889539875345166	0.0764823106200844	1	28253	1	1.28571428571429	singlet	A619	A619_Re1	A619_Re1	2.71890366144954	0.610704167440989	3_1
CB:Z:ACATGGTGTAGCGGTA-1_A619	CB:Z:ACATGGTGTAGCGGTA-1_A619	39553	17422	24515	1154	0.028348932616012	20601	4.31388830211387	0.440472277703335	0.619801279296134	0.029176042272394	0.0899149417001616	-0.026387260253231	4.43318885642055	1	0.00269536473314824	0.0652878193262603	1	24515	1	2.42857142857143	singlet	A619	A619_Re1	A619_Re1	-3.37307035855473	0.368314488485911	3_3
CB:Z:TAACGGTAGAACAGGA-1_A619	CB:Z:TAACGGTAGAACAGGA-1_A619	39540	17953	26560	1022	0.0251959962526503	21062	4.32349960843175	0.454046535154274	0.671724835609509	0.0258472432979262	0.125969370436025	0.116269661818517	4.44468203120026	1	0.00959589355902947	0.0620111685938078	1	26560	1	1.71428571428571	singlet	A619	A619_Re1	A619_Re1	2.58940947123348	1.49779890354023	3_1
CB:Z:CTGAATGAGTAGAAGG-1_A619	CB:Z:CTGAATGAGTAGAAGG-1_A619	39476	16531	25985	2054	0.049458222971346	21339	4.32917406341751	0.418760766035059	0.658248049447766	0.0520316141453035	0.0322472458412226	0.079242983182519	4.45146752952629	1	0.0115992953034987	0.0675085210357183	1	25985	1	1.07142857142857	singlet	A619	A619_Re1	A619_Re1	0.0652287385660309	2.7981903391634	3_3
CB:Z:ACTAACGGTCTCTAAG-1_A619	CB:Z:ACTAACGGTCTCTAAG-1_A619	39346	13857	21641	1071	0.0264987505257689	22066	4.34372361384262	0.35218319524221	0.550017790880903	0.027220047781223	-0.14458867245732	-0.218113297057494	4.46886584360258	1	0.00689844515192455	0.0574737559617841	1	21641	1	2.35714285714286	singlet	A619	A619_Re1	A619_Re1	-1.20837378434361	-1.058551566049	3_2
CB:Z:TTACTTGCAAAGAAGG-1_A619	CB:Z:TTACTTGCAAAGAAGG-1_A619	39119	17072	25371	1581	0.0388452088452088	20955	4.32128766516986	0.43641197372121	0.648559523505202	0.040415143536389	0.0791304150990884	0.0526243270558704	4.44203699527373	1	0.00636736604909835	0.0654282442300641	1	25371	1	1.14285714285714	singlet	A619	A619_Re1	A619_Re1	-1.58628976277531	-1.60200335209026	3_2
CB:Z:GTAATCGAGCTGGAGT-1_A619	CB:Z:GTAATCGAGCTGGAGT-1_A619	39076	17731	27185	1334	0.0330116307844593	20777	4.3175828397802	0.45375678165626	0.695695567611833	0.0341386016992527	0.125199759510132	0.182127840457514	4.4376067748309	1	0.00861835151519783	0.0678494128736302	1	27185	1	1.28571428571429	singlet	A619	A619_Re1	A619_Re1	2.52984750338375	1.72314093883381	3_1
CB:Z:ACTCGGGTCCAAGAGG-1_A619	CB:Z:ACTCGGGTCCAAGAGG-1_A619	39053	19120	30552	1138	0.0283147968450648	19821	4.29712556152798	0.489591068547871	0.782321460579213	0.0291398868204747	0.220378795837064	0.420127394799668	4.41314401537931	1	0.0094405446528771	0.0774289626434674	1	30552	1	1.92857142857143	singlet	A619	A619_Re1	A619_Re1	1.60103845663845	-1.99733521167888	3_4
CB:Z:ACTCGGGTCCAAACCA-1_A619	CB:Z:ACTCGGGTCCAAACCA-1_A619	39010	18179	29462	1101	0.0274488294981427	20522	4.31221968327397	0.466008715713919	0.755242245578057	0.0282235324275827	0.157741980324415	0.34572884164839	4.43119352640677	1	0.00960514415752304	0.0740751465697719	1	29462	1	1.78571428571429	singlet	A619	A619_Re1	A619_Re1	2.36567986079036	2.25225280101643	3_2
CB:Z:TACGCCTTCTTGCGCT-1_A619	CB:Z:TACGCCTTCTTGCGCT-1_A619	38988	18878	31018	167	0.00426510024262546	19491	4.28983412148503	0.484200266748743	0.795578126603057	0.00428336924181799	0.206060349321792	0.456549306282022	4.40442493058087	1	0.00931383920914505	0.0897325872567074	1	31018	1	1.64285714285714	singlet	A619	A619_Re1	A619_Re1	-2.89860022000493	-1.389775053903	3_2
CB:Z:CGCTAGGAGTCTCCAA-1_A619	CB:Z:CGCTAGGAGTCTCCAA-1_A619	38871	19477	31915	566	0.0143520044628141	19478	4.28954436149765	0.501067633968769	0.821049111162563	0.0145609837668185	0.250861568953438	0.526529340728549	4.40407843635116	1	0.00531983217490308	0.0835179237273568	1	31915	1	2.42857142857143	singlet	A619	A619_Re1	A619_Re1	-1.57334279946507	-1.84251429264202	3_2
CB:Z:TACTAGGTCTGTTTAC-1_A619	CB:Z:TACTAGGTCTGTTTAC-1_A619	38864	18898	29784	526	0.0133536430566134	19791	4.29646773880012	0.486259777686291	0.766364759160148	0.0135343762865377	0.211530592581647	0.376287294612323	4.41235739269397	1	-0.00144599352118561	0.0758248287615699	1	29784	1	1.28571428571429	singlet	A619	A619_Re1	A619_Re1	2.89303648539363	-0.106847540780446	3_1
CB:Z:TCGCAGGTCATTGCCC-1_A619	CB:Z:TCGCAGGTCATTGCCC-1_A619	38839	18784	31897	408	0.0103956990343211	19830	4.2973227142053	0.483637580782203	0.821262133422591	0.010504904863668	0.204565805612524	0.52711460687952	4.41337977003158	1	0.00951557664461217	0.0886327466667141	1	31897	1	1.14285714285714	singlet	A619	A619_Re1	A619_Re1	-3.72224366597355	-0.74226500217571	3_2
CB:Z:AACTTGGCACATAAAG-1_A619	CB:Z:AACTTGGCACATAAAG-1_A619	38838	18504	29297	738	0.0186476652516677	19108	4.28121523261132	0.476440599412946	0.754338534425048	0.0190020083423451	0.185449986362075	0.343245948320512	4.39411848596697	1	0.00517813817989209	0.0800582440790784	1	29297	1	1.78571428571429	singlet	A619	A619_Re1	A619_Re1	-2.57044398717106	-1.67727162067547	3_2
CB:Z:TGTACGACATTTCACT-1_A619	CB:Z:TGTACGACATTTCACT-1_A619	38715	18675	32541	796	0.0201462883753891	19674	4.29389266705301	0.48237117396358	0.840526927547462	0.0205605062637221	0.2012021170603	0.580043497528178	4.40927812868126	1	0.0100006876452367	0.0927231985748072	1	32541	1	1.21428571428571	singlet	A619	A619_Re1	A619_Re1	-3.76442396573247	-0.815123812600515	3_2
CB:Z:AGGACGATCGCATACA-1_A619	CB:Z:AGGACGATCGCATACA-1_A619	38641	16723	24529	744	0.0188904405230418	20742	4.31685062992605	0.432778654796719	0.634792060246888	0.0192541600890246	0.0694799985874533	0.0147990301653136	4.43673120021588	1	0.00216370304701281	0.0555592941293701	1	24529	1	1.78571428571429	singlet	A619	A619_Re1	A619_Re1	2.21778643198787	1.6048846083437	3_1
CB:Z:TACAGCACACAAACGG-1_A619	CB:Z:TACAGCACACAAACGG-1_A619	38546	18021	31226	1159	0.0291902783024808	20120	4.30362797638389	0.467519327556686	0.810097026928864	0.0300679707362632	0.161754299026149	0.496439132391883	4.4209195859373	1	0.0107564135170126	0.0780401987182245	1	31226	1	1.57142857142857	singlet	A619	A619_Re1	A619_Re1	0.0876151404577393	2.9379927950655	3_3
CB:Z:ATTCGTTCAACGCACC-1_A619	CB:Z:ATTCGTTCAACGCACC-1_A619	38460	19105	30540	1104	0.0279041552926903	19625	4.29280966541729	0.4967498699948	0.794071762870515	0.0287051482059282	0.239393205835943	0.452410660379032	4.40798307817779	1	0.00862678919513249	0.0813456349793755	1	30540	1	1.92857142857143	singlet	A619	A619_Re1	A619_Re1	-0.15446014634789	2.80684529121266	3_3
CB:Z:CGCACAGGTGCGCTCA-1_A619	CB:Z:CGCACAGGTGCGCTCA-1_A619	38176	16778	25457	1752	0.0438789821679022	20338	4.30830824299823	0.43949077954736	0.66683256496228	0.0458927074601844	0.087307995762464	0.102828435484489	4.42651623642737	1	0.00527842382070577	0.0631349654407878	1	25457	1	1.21428571428571	singlet	A619	A619_Re1	A619_Re1	2.29044735499202	0.498656018332102	3_1
CB:Z:TAGACTGTCCGTCAAA-1_A619	CB:Z:TAGACTGTCCGTCAAA-1_A619	38028	18272	29249	1230	0.0313311936420602	19793	4.2965116246613	0.480488061428421	0.769143788787209	0.0323445881981698	0.196200403563567	0.383922515330835	4.41240987129118	1	0.00651075059522799	0.0735678626169775	1	29249	1	1.42857142857143	singlet	A619	A619_Re1	A619_Re1	2.8539150960046	-0.352626578256032	3_1
CB:Z:CTACTTAAGGGAGTTC-1_A619	CB:Z:CTACTTAAGGGAGTTC-1_A619	37951	18307	26054	1215	0.0310218046264617	20434	4.31035338904499	0.482385180891149	0.686516824326105	0.032014966667545	0.201239320699149	0.156909782246592	4.42896181668339	1	-0.00027858788115395	0.0643419413507419	1	26054	1	1.5	singlet	A619	A619_Re1	A619_Re1	2.18322932787715	-0.0310447377408956	3_1
CB:Z:GTAGACTTCGCATAAC-1_A619	CB:Z:GTAGACTTCGCATAAC-1_A619	37872	17837	26446	89	0.00234451147230052	19556	4.2912800285918	0.47098119983101	0.698299535276722	0.00235002112378538	0.170949338066657	0.18928208871442	4.40615394249077	1	0.00436075814742701	0.0735286073411324	1	26446	1	1.42857142857143	singlet	A619	A619_Re1	A619_Re1	2.52400767870723	0.479147656515696	3_1
CB:Z:CACAGATAGCGCACAA-1_A619	CB:Z:CACAGATAGCGCACAA-1_A619	37796	18027	27355	352	0.00922722029988466	19041	4.27968975303362	0.476955233358027	0.723753836384803	0.00931315483119907	0.186816899651074	0.259216286357792	4.39229432150592	1	0.00317118871434558	0.0703225085420256	1	27355	1	1	singlet	A619	A619_Re1	A619_Re1	2.27626979418575	0.913728459433177	3_1
CB:Z:GCTTGCTCAGGCTACC-1_A619	CB:Z:GCTTGCTCAGGCTACC-1_A619	37790	17607	26682	1735	0.0438962681846932	20361	4.30879910391113	0.465916909235247	0.706059804181	0.0459116168298492	0.157498134194729	0.210602971853703	4.42710320661415	1	0.0117718147880852	0.0640586358470325	1	26682	1	3.14285714285714	singlet	A619	A619_Re1	A619_Re1	-2.78982365063847	-0.414202944680593	3_2
CB:Z:GCAGATTGTATCATGC-1_A619	CB:Z:GCAGATTGTATCATGC-1_A619	37731	17234	27280	1062	0.0273760730028613	17972	4.25459640992099	0.45675969362063	0.72301290715857	0.028146616840264	0.133175759362115	0.25718062681534	4.36228776790518	1	0.0141950221850503	0.0724543007907115	1	27280	1	1.71428571428571	singlet	A619	A619_Re1	A619_Re1	1.26518487997829	-2.17786862079754	3_4
CB:Z:CTCAGCTGTATTCGCA-1_A619	CB:Z:CTCAGCTGTATTCGCA-1_A619	37721	17289	28282	1958	0.0493460016633484	20065	4.30243916406986	0.45833885633997	0.749768033721269	0.0519074255719626	0.137370155256884	0.330688766012107	4.4194980073034	1	0.0105838214005879	0.0718452089969231	1	28282	1	2.28571428571429	singlet	A619	A619_Re1	A619_Re1	-2.19056498936833	-1.77554346744671	3_2
CB:Z:GCCAGCATCGTTTGAG-1_A619	CB:Z:GCCAGCATCGTTTGAG-1_A619	37713	17079	25604	1393	0.0356211323070629	19830	4.2973227142053	0.452867711399252	0.67891708429454	0.0369368652719222	0.122838310249404	0.136029942758996	4.41337977003158	1	0.0055573352523623	0.0678346015837674	1	25604	1	1.92857142857143	singlet	A619	A619_Re1	A619_Re1	2.74182045527278	-0.502291933938405	3_1
CB:Z:TAGACTGGTCCCGTGA-1_A619	CB:Z:TAGACTGGTCCCGTGA-1_A619	37661	18823	30750	1267	0.0325472667488697	19120	4.28148788794008	0.499800854995884	0.81649451687422	0.0336422293619394	0.247496891926572	0.514015860362543	4.39444452649096	1	0.0032668312249082	0.0834194558400647	1	30750	1	1.85714285714286	singlet	A619	A619_Re1	A619_Re1	-3.75469648770512	-0.0702102345670674	3_2
CB:Z:CAAGCTAAGGGACGTT-1_A619	CB:Z:CAAGCTAAGGGACGTT-1_A619	37654	16032	22258	861	0.0223549266519538	20364	4.3088630883653	0.425771498379986	0.59111913740904	0.0228660965634461	0.0508683712051657	-0.105189760901362	4.42717971905592	1	0.00368753411777281	0.0506287735673669	1	22258	1	1	singlet	A619	A619_Re1	A619_Re1	0.260356426914324	2.27410696323262	3_3
CB:Z:GGGAACAAGTCACACT-1_A619	CB:Z:GGGAACAAGTCACACT-1_A619	37527	17730	29332	796	0.0207708164809644	19548	4.29110233035613	0.472459828923175	0.781623897460495	0.0212113944626536	0.174876707753208	0.418210881091199	4.40594145140861	1	0.0103101189361245	0.076017963902704	1	29332	1	2.35714285714286	singlet	A619	A619_Re1	A619_Re1	-2.38719451359929	0.210620625570872	3_2
CB:Z:TGTGGCGAGGCGATTG-1_A619	CB:Z:TGTGGCGAGGCGATTG-1_A619	37454	17682	29207	499	0.0131478407504018	19549	4.29112454661221	0.47209910823944	0.779809900144177	0.0133230095583916	0.173918601703409	0.413227029980721	4.40596801754911	1	0.00582311716073756	0.0860910197398088	1	29207	1	2.78571428571429	singlet	A619	A619_Re1	A619_Re1	-2.63593447140873	-1.71876408283367	3_2
CB:Z:CACGTTCGTAACTCCA-1_A619	CB:Z:CACGTTCGTAACTCCA-1_A619	37404	17410	29485	645	0.0169518252779311	19394	4.28766739127413	0.465458239760453	0.788284675435782	0.0172441450112287	0.15627986749012	0.436510977464086	4.40183396030163	1	0.0129928149521821	0.0763997854016068	1	29485	1	2	singlet	A619	A619_Re1	A619_Re1	0.330796451051821	-1.84618784610882	3_3
CB:Z:GAACGTTGTCATTGCA-1_A619	CB:Z:GAACGTTGTCATTGCA-1_A619	37377	17176	28621	879	0.0229767879548306	19773	4.29607256635984	0.459533937983252	0.765738288252134	0.0235171362067582	0.140544397833097	0.374566102578297	4.41188484653073	1	0.00990881788101659	0.0781212553972144	1	28621	1	1.35714285714286	singlet	A619	A619_Re1	A619_Re1	2.64604270525752	1.93282626445637	3_1
CB:Z:TCAAGCACATGGGAAC-1_A619	CB:Z:TCAAGCACATGGGAAC-1_A619	37363	16167	24408	494	0.0130491058456824	19637	4.29307514012286	0.432700800256939	0.6532666006477	0.0132216363782352	0.0692732100418257	0.0655567451100244	4.40830053213148	1	0.00738016353256499	0.0679582136869782	1	24408	1	2	singlet	A619	A619_Re1	A619_Re1	-0.144690468232046	2.84091089542256	3_3
CB:Z:ATGTACGGTTTCGTTT-1_A619	CB:Z:ATGTACGGTTTCGTTT-1_A619	37178	16413	24996	1165	0.0303836423858331	19517	4.29041306212293	0.441470762278767	0.672333100220561	0.0313357361880682	0.0925670050707654	0.117940833120691	4.40511722627081	1	0.00661840847098907	0.0578634771300504	1	24996	1	1.42857142857143	singlet	A619	A619_Re1	A619_Re1	-1.36476850442113	-1.73872877781048	3_2
CB:Z:TGTGGCGTCGCGTTCT-1_A619	CB:Z:TGTGGCGTCGCGTTCT-1_A619	37070	16035	24091	1278	0.0333263794722019	19776	4.29613845340872	0.432560021580793	0.649878608038845	0.0344753169678986	0.0688992894229656	0.0562484343567322	4.41196363409025	1	0.00792537140918122	0.0618123131700542	1	24091	1	1.14285714285714	singlet	A619	A619_Re1	A619_Re1	-0.396828591148267	2.03722260768757	3_3
CB:Z:CGGACCAGTTCATTTC-1_A619	CB:Z:CGGACCAGTTCATTTC-1_A619	36999	17220	28447	635	0.0168730403358665	19756	4.29569901748951	0.465417984269845	0.768858617800481	0.0171626260169194	0.156172945345567	0.383139024789754	4.41143815777548	1	0.010912118673327	0.0730115540673333	1	28447	1	1.71428571428571	singlet	A619	A619_Re1	A619_Re1	0.14551666446506	2.90603016193257	3_3
CB:Z:TTTGCGCAGTCTTAGC-1_A619	CB:Z:TTTGCGCAGTCTTAGC-1_A619	36989	16455	25379	1365	0.0355895082651092	19129	4.28169226716094	0.444861985995837	0.68612290140312	0.0369028630133283	0.101574395292762	0.155827502146451	4.39468892262495	1	0.0039851706796344	0.0615134182219883	1	25379	1	2.57142857142857	singlet	A619	A619_Re1	A619_Re1	-0.00496265410901125	-2.18030668918743	3_4
CB:Z:GTAGACTTCCGATGCG-1_A619	CB:Z:GTAGACTTCCGATGCG-1_A619	36913	17351	28496	259	0.00696761002905413	19044	4.27975817280247	0.470051201473736	0.771977352152358	0.00701649825264812	0.168479180150616	0.391707564292578	4.39237613768531	1	0.0128793639932884	0.0765103532098501	1	28496	1	1.57142857142857	singlet	A619	A619_Re1	A619_Re1	-3.31816089085759	-1.4494698209013	3_2
CB:Z:TTTGAGGCAGTCCTGG-1_A619	CB:Z:TTTGAGGCAGTCCTGG-1_A619	36828	17315	26617	502	0.0134476292526118	19474	4.28945516567028	0.470158574997285	0.722738134028457	0.0136309329857717	0.168764373728748	0.256425703774757	4.40397177621573	1	0.00286110499444192	0.0738939603729284	1	26617	1	1.64285714285714	singlet	A619	A619_Re1	A619_Re1	1.71742999621211	-2.22255303089275	3_4
CB:Z:ACTGCAATCCAAGTCA-1_A619	CB:Z:ACTGCAATCCAAGTCA-1_A619	36712	17153	30776	1591	0.0415372164060256	18884	4.27609399175922	0.467231422967967	0.838308999782088	0.0433373283939856	0.160989598966923	0.573949871227309	4.38799451964487	1	0.00826220080554606	0.0847019184802689	1	30776	1	2.78571428571429	singlet	A619	A619_Re1	A619_Re1	-0.584968268195997	2.79307840640888	3_3
CB:Z:ACGTTAGCAAGGGTAC-1_A619	CB:Z:ACGTTAGCAAGGGTAC-1_A619	36634	16583	30348	220	0.00596950127530254	19253	4.28449841082805	0.4526669214391	0.828410765955124	0.00600535022110608	0.122304994350885	0.546755055002108	4.39804450183098	1	0.0143451018211441	0.0877466796346098	1	30348	1	1	singlet	A619	A619_Re1	A619_Re1	-0.422115176240812	2.98100672538624	3_3
CB:Z:CCCTAGTTCTCTGCGT-1_A619	CB:Z:CCCTAGTTCTCTGCGT-1_A619	36632	14782	21003	1056	0.0280195287624708	19756	4.29569901748951	0.403526970954357	0.573351168377375	0.0288272548591396	-0.00821506166245052	-0.154006212498506	4.41143815777548	1	0.0102401880637739	0.0520276350691278	1	21003	1	1.28571428571429	singlet	A619	A619_Re1	A619_Re1	-2.3770009272498	0.0335438090120341	3_2
CB:Z:AAACGAATCCAGTTAG-1_A619	CB:Z:AAACGAATCCAGTTAG-1_A619	36603	17283	26258	1068	0.0283507207135462	18773	4.2735336801513	0.472174411933448	0.717372892932273	0.0291779362347349	0.174118614976986	0.241685018904579	4.38493290576772	1	0.00690885886332525	0.0678591099883162	1	26258	1	2.28571428571429	singlet	A619	A619_Re1	A619_Re1	-2.43870961598576	-1.11252667133465	3_2
CB:Z:TGGCGCAGTTGGTAAA-1_A619	CB:Z:TGGCGCAGTTGGTAAA-1_A619	36353	17499	29274	11	0.00030249697503025	18297	4.26237988807736	0.481363298764889	0.805270541633428	0.000302588507138338	0.19852511136351	0.483178647449057	4.37159523058368	1	0.00800881245250827	0.0814744826693667	1	29274	1	1.57142857142857	singlet	A619	A619_Re1	A619_Re1	-0.166127770463834	2.82347176845417	3_3
CB:Z:GCCCAGAAGTATACCC-1_A619	CB:Z:GCCCAGAAGTATACCC-1_A619	36217	16441	26787	85	0.00234146878959837	18133	4.25846966155069	0.453958085981721	0.739625037965596	0.00234696413286578	0.125734441608421	0.302821480759953	4.36691939200223	1	0.00258617607011283	0.0684955017826449	1	26787	1	1.71428571428571	singlet	A619	A619_Re1	A619_Re1	-2.72043526105107	-1.48804499332561	3_2
CB:Z:ACTGTCCGTCAGTGTT-1_A619	CB:Z:ACTGTCCGTCAGTGTT-1_A619	36146	16214	26838	1323	0.0353091889295151	19094	4.28089691822888	0.448569689592209	0.742488795440713	0.0366015603386267	0.1114223840739	0.310689486265863	4.39373784646687	1	0.00854447728054672	0.0722828886790862	1	26838	1	1.71428571428571	singlet	A619	A619_Re1	A619_Re1	-3.42192113331975	0.23472474391804	3_2
CB:Z:TGCTATTAGTGAGCTG-1_A619	CB:Z:TGCTATTAGTGAGCTG-1_A619	36139	15712	24658	1086	0.0291739422431162	19521	4.29050206145352	0.434765765516478	0.682309969838678	0.0300506378151028	0.0747579404634477	0.145351696564673	4.4052236514359	1	0.00357662845584083	0.0656612004104023	1	24658	1	2.07142857142857	singlet	A619	A619_Re1	A619_Re1	2.69498145647823	1.7063205080782	3_1
CB:Z:AACCGATCAGATAAGT-1_A619	CB:Z:AACCGATCAGATAAGT-1_A619	36097	17195	28078	728	0.0197691785471826	18132	4.25844571038665	0.476355375793002	0.777848574673796	0.0201678809873397	0.185223624887571	0.407838403417917	4.36689075126335	1	0.00810033386966101	0.0787688494606634	1	28078	1	1.71428571428571	singlet	A619	A619_Re1	A619_Re1	-3.11305940083684	-1.00138642017498	3_2
CB:Z:CTCCCAAGTCGCTACG-1_A619	CB:Z:CTCCCAAGTCGCTACG-1_A619	36058	16606	23977	863	0.0233742314671867	18917	4.27685226384427	0.460535803427811	0.664956459038216	0.0239336624327472	0.143205441091215	0.0976739446211859	4.38890125940697	1	0.0073195524810692	0.066734604064278	1	23977	1	3.28571428571429	singlet	A619	A619_Re1	A619_Re1	-3.78505647114934	-0.724239603921315	3_2
CB:Z:ATTGTGGGTCCCTTTG-1_A619	CB:Z:ATTGTGGGTCCCTTTG-1_A619	36036	16730	29756	1679	0.0445180962481771	18642	4.27049250363862	0.464257964257964	0.825729825729826	0.0465922965922966	0.15309182956434	0.539389329155228	4.38129627490401	1	0.0112920861742303	0.0888852610268651	1	29756	1	1.21428571428571	singlet	A619	A619_Re1	A619_Re1	-2.17969143323124	0.856384261206248	3_2
CB:Z:GCGCCAATCCAAGAGG-1_A619	CB:Z:GCGCCAATCCAAGAGG-1_A619	36030	16652	27352	1419	0.0378915324841785	19163	4.28246349959931	0.462170413544269	0.759145156813766	0.0393838467943381	0.147547110178291	0.356451861093461	4.39561116034341	1	0.00974694830443156	0.0786851675340556	1	27352	1	1.78571428571429	singlet	A619	A619_Re1	A619_Re1	2.90090286799251	1.59739826495991	3_1
CB:Z:CGCAATAAGAGCCTGA-1_A619	CB:Z:CGCAATAAGAGCCTGA-1_A619	35920	17454	27957	409	0.0112582234578436	18651	4.27070212208782	0.485913140311804	0.778312917594655	0.0113864142538975	0.210609893047194	0.409114158327226	4.38154693609345	1	0.00846439525004804	0.0783296991650111	1	27957	1	2	singlet	A619	A619_Re1	A619_Re1	1.70119130678951	-2.11692024891033	3_4
CB:Z:AACTGTGGTGATGTGG-1_A619	CB:Z:AACTGTGGTGATGTGG-1_A619	35857	15751	22120	549	0.0150799318793605	19570	4.291590825658	0.439272666424966	0.616894888027442	0.0153108179713863	0.0867286680124103	-0.0343723996035763	4.40652559280393	1	0.0105072960061519	0.0586300287457764	1	22120	1	2.28571428571429	singlet	A619	A619_Re1	A619_Re1	1.95318317480861	1.11212299640522	3_1
CB:Z:GATGGCCGTGACAAGC-1_A619	CB:Z:GATGGCCGTGACAAGC-1_A619	35790	17250	27728	1132	0.0306592275608039	18943	4.27744875926448	0.48197820620285	0.774741547918413	0.0316289466331377	0.200158359921028	0.399302029849004	4.38961454705934	1	-0.000559695330559026	0.0758778462494981	1	27728	1	1.71428571428571	singlet	A619	A619_Re1	A619_Re1	-0.452242880384336	2.41793797786579	3_3
CB:Z:CGGACTGGTGAGGGTT-1_A619	CB:Z:CGGACTGGTGAGGGTT-1_A619	35677	15786	21584	412	0.0114162210091718	19018	4.27916484306227	0.442469938615915	0.604983602881408	0.0115480561706422	0.0952209058216879	-0.0670979561235647	4.39166663554474	1	0.00697615586199267	0.0482900892605944	1	21584	1	1.14285714285714	singlet	A619	A619_Re1	A619_Re1	-0.0370741964084011	2.66603849704609	3_3
CB:Z:GAGCATTAGGCCAGTA-1_A619	CB:Z:GAGCATTAGGCCAGTA-1_A619	35673	16208	24607	207	0.00576923076923077	19191	4.28309760543723	0.45434922770723	0.689793401171755	0.00580270793036751	0.12677334863659	0.165911984732703	4.39636942243421	1	0.0106520878473439	0.0681913413356328	1	24607	1	1.21428571428571	singlet	A619	A619_Re1	A619_Re1	-0.124009317974458	2.65510390575276	3_3
CB:Z:CTGGCAGGTCCGTCGA-1_A619	CB:Z:CTGGCAGGTCCGTCGA-1_A619	35595	15836	26093	711	0.0195835399107586	19093	4.28087417255722	0.444893945778902	0.733052394999298	0.0199747155499368	0.101659283304139	0.284763530149063	4.3937106472526	1	0.00509322358126102	0.064787591913055	1	26093	1	1.92857142857143	singlet	A619	A619_Re1	A619_Re1	0.246923849661936	2.96298251922474	3_3
CB:Z:ACGGATTTCCGATTGA-1_A619	CB:Z:ACGGATTTCCGATTGA-1_A619	35561	16304	26286	317	0.00883549807681588	18887	4.27616298031914	0.458479795281348	0.739180562976294	0.0089142600039369	0.13774450155438	0.301600311825972	4.38807701598312	1	0.00624890199557103	0.06432471284415	1	26286	1	1.64285714285714	singlet	A619	A619_Re1	A619_Re1	2.67073094912349	1.87361429508076	3_1
CB:Z:TGGGTTACAAATTGAG-1_A619	CB:Z:TGGGTTACAAATTGAG-1_A619	35506	16722	28291	1118	0.0305264307557886	18656	4.27081853307892	0.47096265419929	0.79679490790289	0.0314876358925252	0.170900079228035	0.459892341455132	4.38168614004999	1	0.0109783818308612	0.0793641842964361	1	28291	1	1.35714285714286	singlet	A619	A619_Re1	A619_Re1	2.08416116305171	2.0599307852541	3_3
CB:Z:TTCGCGTAGAGTTTGA-1_A619	CB:Z:TTCGCGTAGAGTTTGA-1_A619	35501	17129	25923	812	0.0223611378845042	17771	4.24971186687466	0.482493450888707	0.73020478296386	0.0228725951381651	0.201526895391563	0.276939883290627	4.35644684419578	1	0.00979198962955942	0.0676774868852137	1	25923	1	1.07142857142857	singlet	A619	A619_Re1	A619_Re1	0.611476422031512	-1.87192703907146	3_4
CB:Z:GCTCGAGTCATACTTC-1_A619	CB:Z:GCTCGAGTCATACTTC-1_A619	35448	15146	23190	1757	0.0472248353715898	18897	4.27639286306954	0.427273753103137	0.654197698036561	0.049565560821485	0.054858492657828	0.0681148805128133	4.38835190917055	1	0.00954135179042717	0.0579195774522104	1	23190	1	1.71428571428571	singlet	A619	A619_Re1	A619_Re1	0.741470099170794	-2.25506807987346	3_4
CB:Z:GACCAATCAGAGAGAA-1_A619	CB:Z:GACCAATCAGAGAGAA-1_A619	35445	16053	25967	1759	0.0472798623803892	18956	4.27774670002736	0.45289885738468	0.732599802510932	0.0496261814078149	0.12292103674226	0.283520058863057	4.38997082383885	1	0.00741321670669166	0.0707981275748419	1	25967	1	1.35714285714286	singlet	A619	A619_Re1	A619_Re1	-2.50893819264592	0.602810366705516	3_2
CB:Z:CAGTATGCATCACAGT-1_A619	CB:Z:CAGTATGCATCACAGT-1_A619	35376	16511	26649	1040	0.0285588752196837	18809	4.27436570644743	0.466728855721393	0.753307327001357	0.0293984622342831	0.159654735896728	0.340412766475389	4.38592784062116	1	0.00907818559371137	0.0783482039134591	1	26649	1	1	singlet	A619	A619_Re1	A619_Re1	2.9519830948907	0.800984128073313	3_1
CB:Z:GTAGACTAGAAATCTG-1_A619	CB:Z:GTAGACTAGAAATCTG-1_A619	35330	16233	23818	1431	0.0389271238540845	18527	4.26780510151397	0.459467874327767	0.674157939428248	0.0405038211151995	0.140368926919324	0.12295447169108	4.37808268652171	1	0.0021403210823333	0.0647466967951146	1	23818	1	1.92857142857143	singlet	A619	A619_Re1	A619_Re1	0.985019624908556	1.7972674208437	3_3
CB:Z:CATAACGCAGTAGTTC-1_A619	CB:Z:CATAACGCAGTAGTTC-1_A619	35317	17848	27839	1270	0.0347117828736983	18700	4.2718416065365	0.505365687912337	0.788260611037178	0.0359600192541835	0.262277580486397	0.436444861941957	4.38290952859589	1	0.00501004378528167	0.0736450887496569	1	27839	1	1.35714285714286	singlet	A619	A619_Re1	A619_Re1	2.44953620501338	-0.905850188180349	3_1
CB:Z:TACTGCCAGCTTCAAC-1_A619	CB:Z:TACTGCCAGCTTCAAC-1_A619	35236	17271	25971	923	0.0255261484001217	18158	4.25906801176232	0.490152117152912	0.737058689976161	0.0261948007719378	0.221868990569329	0.295770590352364	4.36763489760929	1	0.000488748373792657	0.0698638215736693	1	25971	1	3.35714285714286	singlet	A619	A619_Re1	A619_Re1	-3.71212875775517	-0.295826212808034	3_2
CB:Z:TCCCACACAAGGTCGA-1_A619	CB:Z:TCCCACACAAGGTCGA-1_A619	35107	16593	26519	1088	0.0300594004696781	18354	4.26373072736832	0.472640783889253	0.755376420656849	0.0309909704617313	0.175357340152617	0.346097479798745	4.37321056064983	1	0.00592997754114905	0.0732235248676163	1	26519	1	2.92857142857143	singlet	A619	A619_Re1	A619_Re1	-3.86035931042851	-0.419742838784597	3_2
CB:Z:AGGCCCAAGGCATGCA-1_A619	CB:Z:AGGCCCAAGGCATGCA-1_A619	35103	16747	27560	998	0.0276446635827262	18556	4.26848436384672	0.47708173090619	0.785118081075692	0.0284306184656582	0.187152888330528	0.427810945398988	4.3788949466301	1	0.00773930535874805	0.0749640799861764	1	27560	1	1.71428571428571	singlet	A619	A619_Re1	A619_Re1	2.46596920557796	2.07519100482807	3_1
CB:Z:AAACGAAAGCAGTAGC-1_A619	CB:Z:AAACGAAAGCAGTAGC-1_A619	35053	15164	22774	555	0.015586385082004	19311	4.28580476384863	0.432602059738111	0.64970188001027	0.015833166918666	0.0690109464880152	0.0557628844755145	4.39960663533219	1	0.0103357011997933	0.0529805849125915	1	22774	1	2	singlet	A619	A619_Re1	A619_Re1	2.85589301653682	1.34114216144429	3_1
CB:Z:CAACGTACACCCTTTG-1_A619	CB:Z:CAACGTACACCCTTTG-1_A619	34893	16555	28017	800	0.0224133583615835	18365	4.26399093268131	0.47445046284355	0.802940417848852	0.0229272346889061	0.180164007561742	0.476776769173471	4.37352171347775	1	0.00837697912686473	0.07669393041879	1	28017	1	2.07142857142857	singlet	A619	A619_Re1	A619_Re1	1.06112670965969	-2.32298351947918	3_4
CB:Z:TGTGTCCAGAGGTCCA-1_A619	CB:Z:TGTGTCCAGAGGTCCA-1_A619	34852	15036	22764	1054	0.0293544254442155	18642	4.27049250363862	0.431424308504533	0.653161941925858	0.0302421668770802	0.0658827350132393	0.0652692014172196	4.38129627490401	1	0.00519193582692328	0.0598551157843729	1	22764	1	2.07142857142857	singlet	A619	A619_Re1	A619_Re1	-0.251756279985319	2.89587066943989	3_3
CB:Z:TCCATCGAGATAGGTT-1_A619	CB:Z:TCCATCGAGATAGGTT-1_A619	34846	15716	24279	932	0.0260495276426854	18238	4.26097721137248	0.451013028755094	0.696751420536073	0.026746254950353	0.117912109058427	0.185028734368236	4.36991791347449	1	0.0063249922728574	0.0668442033821346	1	24279	1	3.14285714285714	singlet	A619	A619_Re1	A619_Re1	1.79834473200618	-2.10666491214885	3_4
CB:Z:TCACCTGCATGGATGG-1_A619	CB:Z:TCACCTGCATGGATGG-1_A619	34817	15384	23397	847	0.0237494392104083	18800	4.27415784926368	0.441853117729845	0.671999310681564	0.024327196484476	0.0935825749767046	0.117023765962084	4.38567928554831	1	0.00522830694634103	0.0631569007107589	1	23397	1	1.14285714285714	singlet	A619	A619_Re1	A619_Re1	2.90215146609127	0.792760594442942	3_1
CB:Z:ACAATCGGTACATGGG-1_A619	CB:Z:ACAATCGGTACATGGG-1_A619	34788	15077	20783	477	0.013526159081242	18639	4.27042260833278	0.433396573531103	0.597418650109233	0.0137116246981718	0.0711212454146871	-0.0878822196586615	4.38121269428138	1	0.00686099894749786	0.0479851511822354	1	20783	1	2.28571428571429	singlet	A619	A619_Re1	A619_Re1	-1.86499679021061	-0.804095522805593	3_2
CB:Z:TACATTCCAGGCTACC-1_A619	CB:Z:TACATTCCAGGCTACC-1_A619	34785	15830	24786	1121	0.0312204088453183	18939	4.27735704404702	0.455081213166595	0.71254851228978	0.0322265344257582	0.128717566777122	0.228430316372131	4.38950487424386	1	0.00202545383224465	0.0680450190938859	1	24786	1	1.28571428571429	singlet	A619	A619_Re1	A619_Re1	3.09589231081783	0.590824587896922	3_1
CB:Z:CTTAATCTCAGCACTA-1_A619	CB:Z:CTTAATCTCAGCACTA-1_A619	34784	15371	23894	1201	0.0333750173683479	18129	4.25837384896812	0.441898574057038	0.68692502299908	0.0345273689052438	0.0937033110033566	0.158031284131574	4.36680481956834	1	0.00544359536831577	0.0651914776172982	1	23894	1	1.42857142857143	singlet	A619	A619_Re1	A619_Re1	-0.303102283994566	2.75265024478779	3_3
CB:Z:GTGACATAGCGAATAT-1_A619	CB:Z:GTGACATAGCGAATAT-1_A619	34648	16460	27487	202	0.00579626972740316	17729	4.24868424001548	0.475063495728469	0.793321403832833	0.00583006234126068	0.181792277140534	0.450349092983333	4.35521801070424	1	0.00647092955043775	0.0808427262218235	1	27487	1	1.42857142857143	singlet	A619	A619_Re1	A619_Re1	-3.57714283398808	-1.16497685138836	3_2
CB:Z:CAATCCCCAACGTAGG-1_A619	CB:Z:CAATCCCCAACGTAGG-1_A619	34326	16305	26223	1742	0.0482976599756016	17737	4.24888016602429	0.475004369865408	0.763939870651984	0.0507487036065956	0.181635233617241	0.369625055823167	4.35545229850952	1	0.00548966991194366	0.0771456262528605	1	26223	1	2.21428571428571	singlet	A619	A619_Re1	A619_Re1	-0.637579321185957	2.3896689253603	3_3
CB:Z:GAACTTGAGTACTCTG-1_A619	CB:Z:GAACTTGAGTACTCTG-1_A619	34301	14601	22810	1220	0.0343458799020298	18550	4.26834391395106	0.425672720911927	0.664995189644617	0.0355674761668756	0.0506060095109272	0.097780354688049	4.3787269970148	1	0.00997402437506472	0.0621359965989384	1	22810	1	1	singlet	A619	A619_Re1	A619_Re1	-1.80696642331303	-1.52186752979412	3_2
CB:Z:TTCAACTGTACAACGG-1_A619	CB:Z:TTCAACTGTACAACGG-1_A619	34248	15961	25259	1498	0.0419067867733453	18511	4.267429880814	0.466041812660593	0.737532118663864	0.0437397804251343	0.157829888742945	0.297071307872568	4.37763399859698	1	0.0112166707073639	0.0678493625488431	1	25259	1	2	singlet	A619	A619_Re1	A619_Re1	2.64175808497249	1.78882835681782	3_1
CB:Z:TAGCGGCAGATATGTG-1_A619	CB:Z:TAGCGGCAGATATGTG-1_A619	34151	15494	26622	599	0.0172374100719424	18055	4.25659749276285	0.453690960733214	0.779537934467512	0.0175397499341161	0.125024933315193	0.412479820253637	4.36468065749682	1	0.0106328193915615	0.0715171044140742	1	26622	1	1.78571428571429	singlet	A619	A619_Re1	A619_Re1	-1.11134421757878	-1.38346363727703	3_2
CB:Z:TGCACCTGTCCTTCAC-1_A619	CB:Z:TGCACCTGTCCTTCAC-1_A619	33968	15754	25305	331	0.00965042712615528	17862	4.25193008503037	0.463789448893076	0.744965850211964	0.0097444653791804	0.15184741130455	0.3174950487997	4.35909938362381	1	0.00800048412031012	0.0630637132575687	1	25305	1	2.21428571428571	singlet	A619	A619_Re1	A619_Re1	1.75226998396694	-1.88801981632366	3_4
CB:Z:AGGCGAACAAGACTAA-1_A619	CB:Z:AGGCGAACAAGACTAA-1_A619	33913	16402	27684	284	0.00830482206041466	17816	4.25081020402598	0.483649338011972	0.816324123492466	0.0083743697107304	0.204597033854978	0.513547714551502	4.35776023286842	1	0.0105241798481419	0.0841871230368084	1	27684	1	1.14285714285714	singlet	A619	A619_Re1	A619_Re1	1.73719215460597	-2.1424048108305	3_4
CB:Z:GAAGAGCGTACGGATG-1_A619	CB:Z:GAAGAGCGTACGGATG-1_A619	33731	16379	26592	671	0.0195046799604674	16982	4.22998883654481	0.485577065607305	0.78835492573597	0.0198926803237378	0.209717248898733	0.436703986038824	4.33286209647582	1	-0.000357824200613285	0.0764437166372379	1	26592	1	2.42857142857143	singlet	A619	A619_Re1	A619_Re1	-3.4870489828986	-0.774530665322683	3_2
CB:Z:CTAACTTCAATTAGGA-1_A619	CB:Z:CTAACTTCAATTAGGA-1_A619	33723	14999	25029	1091	0.0313379674843454	18030	4.2559957267224	0.444770631319871	0.742193755004003	0.0323518073718234	0.101331749191036	0.309878879990483	4.36396106725065	1	0.00632255969405728	0.0737495136098947	1	25029	1	2	singlet	A619	A619_Re1	A619_Re1	-0.726820289413343	2.51635323341236	3_3
CB:Z:GCGGGTTTCGGTTAGT-1_A619	CB:Z:GCGGGTTTCGGTTAGT-1_A619	33713	16037	26993	703	0.0204265457926546	17982	4.25483799332929	0.475691869605197	0.800670364547801	0.0208524901373357	0.183461293750823	0.47053993102409	4.36257665270852	1	0.00609822774768761	0.0815253043630913	1	26993	1	1.42857142857143	singlet	A619	A619_Re1	A619_Re1	2.05471146174251	-2.05845810596599	3_4
CB:Z:GGTACCGAGTTGCTTG-1_A619	CB:Z:GGTACCGAGTTGCTTG-1_A619	33598	14812	21133	521	0.015270084117354	17542	4.24407910667239	0.440859574974701	0.62899577355795	0.0155068754092505	0.0909436375180015	-0.00112592716039179	4.34971120438202	1	0.00242715122788457	0.063548648483459	1	21133	1	3.35714285714286	singlet	A619	A619_Re1	A619_Re1	-3.65587651662053	-0.405174986764333	3_2
CB:Z:AATGCCAGTGCAAGAC-1_A619	CB:Z:AATGCCAGTGCAAGAC-1_A619	33567	15192	24951	850	0.0246970973646744	17812	4.25071268645919	0.452587362588256	0.743319331486281	0.0253224893496589	0.122093679004287	0.312971335282817	4.35764362161889	1	0.00795567414286008	0.0697655106970872	1	24951	1	1.85714285714286	singlet	A619	A619_Re1	A619_Re1	-3.40215098790349	-1.26070858661785	3_2
CB:Z:CACCTTGGTGGATTTC-1_A619	CB:Z:CACCTTGGTGGATTTC-1_A619	33510	15162	24708	1733	0.0491728853956814	18035	4.25611614665438	0.452461951656222	0.737332139659803	0.0517159056997911	0.121760576473407	0.296521877301479	4.36410506508814	1	0.0112700241014253	0.0715501915581537	1	24708	1	2	singlet	A619	A619_Re1	A619_Re1	-0.438811152498136	-0.166824595376394	3_2
CB:Z:TGTAGCACAGGCAGAT-1_A619	CB:Z:TGTAGCACAGGCAGAT-1_A619	33459	15038	23344	640	0.0187688788527523	18055	4.25659749276285	0.449445590125228	0.697689709794076	0.0191278878627574	0.113748853382557	0.187606629009194	4.36468065749682	1	0.00181077927123623	0.0761322498816375	1	23344	1	1.64285714285714	singlet	A619	A619_Re1	A619_Re1	3.02938401766597	0.895328982428172	3_1
CB:Z:GCACCTTCATCCGTAA-1_A619	CB:Z:GCACCTTCATCCGTAA-1_A619	33440	15424	23540	933	0.0271433974340325	17739	4.24892913371877	0.461244019138756	0.703947368421053	0.0279007177033493	0.145086524676979	0.204799178643361	4.3555108539496	1	0.0138531309508712	0.0717543387491446	1	23540	1	1.42857142857143	singlet	A619	A619_Re1	A619_Re1	2.56216228075801	-0.745595232888601	3_1
CB:Z:ACTGCGGGTAGAGAGA-1_A619	CB:Z:ACTGCGGGTAGAGAGA-1_A619	33371	15726	25163	788	0.0230685910009075	17569	4.24474704283614	0.47124749033592	0.754037937131042	0.0236133169518444	0.17165662920704	0.342420074906003	4.35050992068736	1	0.0105052505717275	0.0670808569226381	1	25163	1	1.28571428571429	singlet	A619	A619_Re1	A619_Re1	-2.47661650113286	-1.93942619983806	3_2
CB:Z:GAAGTCTCATTGCACA-1_A619	CB:Z:GAAGTCTCATTGCACA-1_A619	33325	15268	24950	463	0.0137030898543862	17899	4.25282876804059	0.458154538634659	0.748687171792948	0.0138934733683421	0.136880591124561	0.327719161331175	4.36017402640039	1	0.00715557310918543	0.0703773219171652	1	24950	1	2	singlet	A619	A619_Re1	A619_Re1	1.84680783816158	-2.30159069721355	3_4
CB:Z:GCCCGAACATTATGGC-1_A619	CB:Z:GCCCGAACATTATGGC-1_A619	33178	13959	20836	366	0.0109110422132125	17792	4.25022476990196	0.420730604617518	0.628006510338176	0.0110314063536078	0.0374793113924388	-0.00384386976817485	4.35706017228489	1	0.00444557664516509	0.0565003763643445	1	20836	1	1.92857142857143	singlet	A619	A619_Re1	A619_Re1	0.999201954086413	-2.24761606876507	3_4
CB:Z:AGTCCGGAGAGCGGTT-1_A619	CB:Z:AGTCCGGAGAGCGGTT-1_A619	33165	15658	26921	834	0.0245301332392129	17113	4.23332615034986	0.472124227348108	0.811729232624755	0.0251469923111714	0.173985320278376	0.500923521699859	4.33685284753375	1	0.0102074709511534	0.0740714470759149	1	26921	1	2	singlet	A619	A619_Re1	A619_Re1	-1.52024471692265	-1.63063980762615	3_2
CB:Z:AGCCAGCAGAGCCACA-1_A619	CB:Z:AGCCAGCAGAGCCACA-1_A619	33079	16195	27690	16	0.000483456715515939	17205	4.23565467695695	0.489585537652287	0.837086973608634	0.000483690558964902	0.220364105289062	0.570592426071899	4.3396372935174	1	0.00811604631097584	0.0762935558659592	1	27690	1	2.14285714285714	singlet	A619	A619_Re1	A619_Re1	0.787200689991106	-2.04759527866497	3_4
CB:Z:TGGCCTTGTCAGAAAT-1_A619	CB:Z:TGGCCTTGTCAGAAAT-1_A619	33068	15349	25989	399	0.0119221920100397	17472	4.24234262102464	0.464164751421314	0.785925970726987	0.0120660457239627	0.152844248023439	0.430030574777449	4.34763471941818	1	0.0111718292712916	0.0777479589420086	1	25989	1	1.42857142857143	singlet	A619	A619_Re1	A619_Re1	-0.396377801219831	2.7829007941042	3_3
CB:Z:CTCCCAACATTAGCCA-1_A619	CB:Z:CTCCCAACATTAGCCA-1_A619	33054	15605	26185	717	0.0212312338989073	17403	4.24062412018726	0.472106250378169	0.792188539964906	0.0216917770920312	0.173937571855754	0.447236616026836	4.34557974064319	1	0.0159408849794417	0.0731230394956054	1	26185	1	2.35714285714286	singlet	A619	A619_Re1	A619_Re1	-2.50974857739628	-1.82063843433513	3_2
CB:Z:TACCCTGCAACTTGGT-1_A619	CB:Z:TACCCTGCAACTTGGT-1_A619	32961	13904	19042	1416	0.0411903307443931	18064	4.25681392458089	0.421831861897394	0.577713054822366	0.0429598616546828	0.0404043481585863	-0.1420221856165	4.36493946609478	1	0.00390321835256739	0.0403708274259507	1	19042	1	2.14285714285714	singlet	A619	A619_Re1	A619_Re1	-2.97167098454655	-0.542418257638356	3_2
CB:Z:ATCGAGTAGCTTACCA-1_A619	CB:Z:ATCGAGTAGCTTACCA-1_A619	32922	15658	26819	135	0.00408385515927035	16948	4.22911845532895	0.475609015248162	0.814622440920965	0.00410060142154183	0.183241225248221	0.5088724416074	4.33182129691039	1	0.0116218158308156	0.0784130127787673	1	26819	1	1.85714285714286	singlet	A619	A619_Re1	A619_Re1	0.198366806586375	-2.19291378681316	3_4
CB:Z:GAGAACGAGTAGTCGG-1_A619	CB:Z:GAGAACGAGTAGTCGG-1_A619	32879	13125	18135	1246	0.0365128205128205	18380	4.26434550705009	0.399190972961465	0.551567870069041	0.0378965296998084	-0.0197318559474121	-0.213854545507183	4.37394571257402	1	0.00910441990708091	0.0451968450812057	1	18135	1	3.71428571428571	singlet	A619	A619_Re1	A619_Re1	-2.68236005238713	-0.720528857156179	3_2
CB:Z:AATACGCAGTCGCCTG-1_A619	CB:Z:AATACGCAGTCGCCTG-1_A619	32834	15101	24245	1507	0.0438834046766256	17084	4.23258956275479	0.459919595541207	0.738411402814156	0.0458975452275081	0.141568738427049	0.299487089444812	4.33597203802766	1	0.00806675611962635	0.074085224891475	1	24245	1	1.57142857142857	singlet	A619	A619_Re1	A619_Re1	-3.69963085583867	-0.78623415653362	3_2
CB:Z:CGGACCAAGGCTTCGC-1_A619	CB:Z:CGGACCAAGGCTTCGC-1_A619	32788	15116	25042	1153	0.0339707138858608	17483	4.24261595756927	0.461022325240942	0.763755032328901	0.0351653043796511	0.144497686070609	0.369117223384018	4.3479615745383	1	0.00584131873041008	0.0760472715884801	1	25042	1	1.57142857142857	singlet	A619	A619_Re1	A619_Re1	-2.42992985181035	-1.89628340427532	3_2
CB:Z:GTGCCAGCACCTATTT-1_A619	CB:Z:GTGCCAGCACCTATTT-1_A619	32766	15128	24821	767	0.0228729907851967	17847	4.25156522364463	0.461698101690777	0.757523042177867	0.0234084111579076	0.146292608108887	0.351995196380276	4.35866308333975	1	0.00980222735729885	0.0713289289558678	1	24821	1	1.57142857142857	singlet	A619	A619_Re1	A619_Re1	-3.50040852955998	-0.92074228946819	3_2
CB:Z:CCTTGGTTCCTTACGC-1_A619	CB:Z:CCTTGGTTCCTTACGC-1_A619	32633	15832	25573	1000	0.0297327030000297	17161	4.23454259131153	0.485153065914871	0.783654582784298	0.0306438268010909	0.208591068203389	0.423790069778539	4.33830746443173	1	0.00564065203419462	0.0752222207559673	1	25573	1	1.64285714285714	singlet	A619	A619_Re1	A619_Re1	2.92338740893184	0.152073605612376	3_1
CB:Z:GCTGAGCCATACAACC-1_A619	CB:Z:GCTGAGCCATACAACC-1_A619	32614	15541	24128	390	0.0118167494849109	16870	4.22711508258913	0.476513153860305	0.739804991721347	0.0119580548230821	0.185642697393322	0.303315893137172	4.32942566906479	1	0.00900163600874036	0.0668678773988432	1	24128	1	3.5	singlet	A619	A619_Re1	A619_Re1	0.689613342960467	-2.21511580173626	3_4
CB:Z:TGCTATTTCCGTTTCG-1_A619	CB:Z:TGCTATTTCCGTTTCG-1_A619	32550	15013	26092	542	0.0163785809259035	17399	4.24052428811236	0.461228878648233	0.801597542242704	0.0166513056835637	0.145046310194636	0.473087297297889	4.34546036171098	1	0.0079591481162132	0.0687128951079787	1	26092	1	2.5	singlet	A619	A619_Re1	A619_Re1	-1.2069979899329	-1.7054226559843	3_2
CB:Z:GTAGTACAGTAGGTCG-1_A619	CB:Z:GTAGTACAGTAGGTCG-1_A619	32488	15108	24453	423	0.0128528455531585	17277	4.23746833324957	0.465033243043585	0.752677911844373	0.0130201920709185	0.155151038609669	0.338683485290204	4.34180605893513	1	0.00855351568389984	0.0727537314244571	1	24453	1	2.28571428571429	singlet	A619	A619_Re1	A619_Re1	-2.63272368840397	-1.54217173282757	3_2
CB:Z:TAGCCGGTCGGTTAGT-1_A619	CB:Z:TAGCCGGTCGGTTAGT-1_A619	32383	13888	19580	400	0.0122014458713358	17736	4.24885568010643	0.428866998116296	0.60463823611154	0.0123521600839947	0.059090292370874	-0.0680468310441865	4.35542301831344	1	0.0017299404414635	0.043711159553688	1	19580	1	1.5	singlet	A619	A619_Re1	A619_Re1	1.63417315550624	1.62566588695393	3_1
CB:Z:ATTTGTCTCGGTACTA-1_A619	CB:Z:ATTTGTCTCGGTACTA-1_A619	32353	16088	26690	99	0.00305065943547393	16927	4.22857999420492	0.49726455042809	0.824962136432479	0.00305999443637375	0.240760242601739	0.537280147888715	4.33117740651653	1	0.00680541137996586	0.0745651243864347	1	26690	1	1.5	singlet	A619	A619_Re1	A619_Re1	2.93615639277278	-0.180079237862966	3_1
CB:Z:GATGATCGTTCGGGAA-1_A619	CB:Z:GATGATCGTTCGGGAA-1_A619	32325	14072	20467	681	0.0206326122523178	18008	4.25546548199246	0.435328692962104	0.633163186388244	0.0210672853828306	0.0762531255625313	0.0103237948845327	4.3633270019992	1	0.000939660439403924	0.058148381502863	1	20467	1	2.21428571428571	singlet	A619	A619_Re1	A619_Re1	2.77576005526363	1.21160171802387	3_1
CB:Z:CAACGGCTCACACGTA-1_A619	CB:Z:CAACGGCTCACACGTA-1_A619	32282	14185	21137	780	0.0235920391990805	17188	4.23522534501187	0.439408958552754	0.654761167213927	0.0241620717427669	0.0870906719618972	0.0696629789912823	4.33912389950829	1	0.0050635208408598	0.0605954124770431	1	21137	1	2	singlet	A619	A619_Re1	A619_Re1	0.702408493240466	2.31451915080891	3_3
CB:Z:TTGCAGATCTTGTCGC-1_A619	CB:Z:TTGCAGATCTTGTCGC-1_A619	32118	14441	22915	715	0.021776870831176	17442	4.24159628215407	0.449623264213214	0.713462855719534	0.022261660128277	0.114220771479488	0.23094242125605	4.34674224936253	1	0.00776512736360446	0.066540531508506	1	22915	1	1.57142857142857	singlet	A619	A619_Re1	A619_Re1	0.166314975102534	2.28310392673359	3_3
CB:Z:AGCTATGCAGTGCGAA-1_A619	CB:Z:AGCTATGCAGTGCGAA-1_A619	32065	14105	22300	468	0.0143853932929641	17141	4.23403615491585	0.439887728052394	0.695462342117574	0.0145953531888352	0.0883623261107929	0.181487067106803	4.33770186912368	1	0.00214422808524182	0.0661851221681152	1	22300	1	1.85714285714286	singlet	A619	A619_Re1	A619_Re1	-0.864156901161085	2.23079131420002	3_3
CB:Z:TGATCAGGTGAGTAAT-1_A619	CB:Z:TGATCAGGTGAGTAAT-1_A619	32032	13382	19100	787	0.0239800115786587	17259	4.23701562874516	0.41776973026973	0.596278721278721	0.0245691808191808	0.0296149671692666	-0.091014107185013	4.34126471608114	1	0.00446642190395858	0.050142813761143	1	19100	1	2.07142857142857	singlet	A619	A619_Re1	A619_Re1	2.18502652712642	0.589137538031199	3_1
CB:Z:TTGTCTAAGAGGAACA-1_A619	CB:Z:TTGTCTAAGAGGAACA-1_A619	32015	13256	18779	262	0.00811723518294761	17473	4.24236747691144	0.414055911291582	0.586568795876933	0.00818366390754334	0.0197507353930913	-0.117691557069327	4.34766444202214	1	0.0108252020475208	0.0493258367960484	1	18779	1	2.5	singlet	A619	A619_Re1	A619_Re1	2.22636401720821	-0.292385832711599	3_1
CB:Z:CGATGATCATCCCAAA-1_A619	CB:Z:CGATGATCATCCCAAA-1_A619	32005	14988	22727	171	0.00531452013923421	16861	4.22688332839092	0.4683018278394	0.710107795656929	0.00534291516950476	0.163832689006662	0.221724590739809	4.32914853800499	1	0.000606800111688576	0.072643888492887	1	22727	1	1.78571428571429	singlet	A619	A619_Re1	A619_Re1	0.59928834505855	2.47991989429341	3_3
CB:Z:CCACGTTCAAAGCATA-1_A619	CB:Z:CCACGTTCAAAGCATA-1_A619	31960	15053	22607	631	0.0193611733300604	16052	4.2055291510618	0.470994993742178	0.707352941176471	0.0197434292866083	0.170985975915098	0.214155789817048	4.30361326899959	1	0.00684184743339108	0.0608638696929458	1	22607	1	3.71428571428571	singlet	A619	A619_Re1	A619_Re1	-2.68260300091923	-1.05104281131878	3_2
CB:Z:AGGCCCAGTCTGGTTA-1_A619	CB:Z:AGGCCCAGTCTGGTTA-1_A619	31931	15704	26983	874	0.0266422801402225	16473	4.21677269842904	0.491810466317998	0.845040869374589	0.0273715198396543	0.226273712669812	0.592445287644063	4.31705827332696	1	0.00954939370814862	0.0827304851738871	1	26983	1	1.85714285714286	singlet	A619	A619_Re1	A619_Re1	-3.7442990534705	-0.292195097848317	3_2
CB:Z:AGTGCCGGTCAACAGG-1_A619	CB:Z:AGTGCCGGTCAACAGG-1_A619	31908	13641	22530	492	0.0151851851851852	16866	4.22701209599108	0.427510342233923	0.706092515983452	0.0154193305754043	0.0554868943207858	0.210692845610137	4.32930251796211	1	0.0150183891048549	0.0684701449767766	1	22530	1	2.35714285714286	singlet	A619	A619_Re1	A619_Re1	1.40994930334865	-2.26941277210369	3_4
CB:Z:AATGCCACATCGTGAT-1_A619	CB:Z:AATGCCACATCGTGAT-1_A619	31858	15303	26006	340	0.0105596620908131	16714	4.22308039783116	0.480350304476113	0.816309875070626	0.0106723585912487	0.195834508910557	0.51350856784915	4.32460100365816	1	0.0066310241140776	0.0768688138581802	1	26006	1	1	singlet	A619	A619_Re1	A619_Re1	-3.68540155820073	-0.890191332742116	3_2
CB:Z:TCCGACTCATTGTTCT-1_A619	CB:Z:TCCGACTCATTGTTCT-1_A619	31748	15490	26034	1615	0.0484069178431196	16174	4.2088174387746	0.487904749905506	0.820020158750157	0.0508693461005418	0.215899784330405	0.523702354394519	4.30754539478553	1	0.0109471460223059	0.0787597517991731	1	26034	1	2.35714285714286	singlet	A619	A619_Re1	A619_Re1	-2.24451076916874	0.920195324972727	3_3
CB:Z:GCTTGCTTCGTTGTAG-1_A619	CB:Z:GCTTGCTTCGTTGTAG-1_A619	31665	14033	20774	892	0.0273981017907055	17515	4.24341014165371	0.443170693194379	0.65605558187273	0.028169903679141	0.0970821719794768	0.0732193072596102	4.34891125777468	1	0.000118338923567605	0.0607013340104168	1	20774	1	1.14285714285714	singlet	A619	A619_Re1	A619_Re1	2.82817947932064	0.705724700049021	3_1
CB:Z:GCGCATGTCAAGTTGC-1_A619	CB:Z:GCGCATGTCAAGTTGC-1_A619	31659	14134	22441	390	0.0121688664232893	17303	4.23812140778151	0.446444928772229	0.70883477052339	0.0123187719132	0.105778831353494	0.218227028936173	4.34258700374029	1	0.0124088135404075	0.0675436562431309	1	22441	1	1.64285714285714	singlet	A619	A619_Re1	A619_Re1	1.88586914606868	-1.96364237491741	3_4
CB:Z:GCGTAGCGTCTCTGCT-1_A619	CB:Z:GCGTAGCGTCTCTGCT-1_A619	31381	13643	20619	1388	0.0423571058012146	17006	4.23060217474053	0.434753513272362	0.657053631178101	0.0442305853860616	0.0747253974190916	0.0759613891216616	4.33359552467479	1	0.00597613704532267	0.0630330258028041	1	20619	1	1.28571428571429	singlet	A619	A619_Re1	A619_Re1	2.33371651240169	2.25502727802143	3_1
CB:Z:GGAGGATTCCACGAGC-1_A619	CB:Z:GGAGGATTCCACGAGC-1_A619	31247	13384	20683	129	0.00411142274349822	17081	4.23251329268606	0.428329119595481	0.661919544276251	0.0041283963260473	0.0576616394322255	0.08933019963728	4.33588083448036	1	0.00967594564147998	0.0556928383783632	1	20683	1	1.64285714285714	singlet	A619	A619_Re1	A619_Re1	1.30093896456539	-1.70882679645672	3_4
CB:Z:CGCTGGAGTCGATAGG-1_A619	CB:Z:CGCTGGAGTCGATAGG-1_A619	31216	14459	24250	588	0.0184882404728965	16636	4.2210489116929	0.463191952844695	0.776845207585853	0.0188364941055869	0.150260408938184	0.405081711260507	4.32217175788476	1	0.0136116030251623	0.0742989945173196	1	24250	1	1.85714285714286	singlet	A619	A619_Re1	A619_Re1	-0.549037157813917	2.75030551727162	3_3
CB:Z:TAAGTGCTCCTTTGAT-1_A619	CB:Z:TAAGTGCTCCTTTGAT-1_A619	31158	14738	24949	197	0.0062828894913092	16424	4.21547893636254	0.47300853713332	0.80072533538738	0.00632261377495346	0.176334125304846	0.470690960178003	4.31551119605547	1	0.00818188023083693	0.0760462993278575	1	24949	1	2.42857142857143	singlet	A619	A619_Re1	A619_Re1	-3.66886174611271	-0.757065073892019	3_2
CB:Z:GCGCCAAAGTACGACG-1_A619	CB:Z:GCGCCAAAGTACGACG-1_A619	31116	14571	23973	650	0.0204621293206573	16308	4.21240070278012	0.468279984573853	0.770439645198612	0.0208895744954364	0.163774671360843	0.387482804729772	4.31183025244538	1	0.00179975637434797	0.0691655516450459	1	23973	1	2.5	singlet	A619	A619_Re1	A619_Re1	-2.08855593136967	-2.03365923587932	3_2
CB:Z:ATGTCTTTCAGTGTAC-1_A619	CB:Z:ATGTCTTTCAGTGTAC-1_A619	31084	13845	23764	535	0.0169202062051298	16594	4.21995108575532	0.445405996654227	0.764509072191481	0.0172114271007592	0.103019335731337	0.371188903629991	4.32085898052017	1	0.011574814955456	0.0721966363500555	1	23764	1	2.64285714285714	singlet	A619	A619_Re1	A619_Re1	-2.00795257023991	-1.75654865924968	3_2
CB:Z:TTCGCGTGTATACGCT-1_A619	CB:Z:TTCGCGTGTATACGCT-1_A619	31053	15177	21353	581	0.0183663147246633	16516	4.21790487420266	0.488745048787557	0.687630824719029	0.0187099475090973	0.218131692504331	0.159970432913163	4.31841212613502	1	-0.00124506577686811	0.0623285086157866	1	21353	1	1.21428571428571	singlet	A619	A619_Re1	A619_Re1	2.74808299609004	0.616681082800486	3_1
CB:Z:ATGTCTTTCTCTATTG-1_A619	CB:Z:ATGTCTTTCTCTATTG-1_A619	30992	14139	23509	1527	0.0469571635044128	16239	4.21055928181072	0.456214506969541	0.7585505937016	0.0492707795560145	0.131727695382888	0.354818333854936	4.30962828610029	1	0.0136974597984346	0.0724635049173605	1	23509	1	1.07142857142857	singlet	A619	A619_Re1	A619_Re1	0.874374628742327	-2.05892063800945	3_4
CB:Z:TGCTCGTGTGGTCGAA-1_A619	CB:Z:TGCTCGTGTGGTCGAA-1_A619	30960	14251	24294	569	0.0180468774778775	16034	4.20504187926137	0.460303617571059	0.78468992248062	0.0183785529715762	0.14258873491366	0.426634604800073	4.30303059066406	1	0.00983080731103583	0.0780059701610977	1	24294	1	2	singlet	A619	A619_Re1	A619_Re1	1.26469636030971	-2.26480271045818	3_4
CB:Z:TCCGACTTCCCAATGA-1_A619	CB:Z:TCCGACTTCCCAATGA-1_A619	30892	14858	24348	598	0.018990155604954	15888	4.20106923115131	0.480965945875955	0.788165220769131	0.0193577625275152	0.197469706935766	0.43618278278172	4.2982801085176	1	0.00745941566570928	0.0778604526820655	1	24348	1	1.64285714285714	singlet	A619	A619_Re1	A619_Re1	-0.172370507637868	2.76085375125752	3_3
CB:Z:GCAGATTGTGGCCTCA-1_A619	CB:Z:GCAGATTGTGGCCTCA-1_A619	30789	14701	23170	334	0.0107316132763551	16636	4.2210489116929	0.477475721848712	0.752541492091331	0.0108480301406346	0.188199363131162	0.338308680029153	4.32217175788476	1	0.00328425527572229	0.0735939071336702	1	23170	1	1.71428571428571	singlet	A619	A619_Re1	A619_Re1	2.55856669016658	1.92921279247151	3_1
CB:Z:TTGCGAACATTACTTC-1_A619	CB:Z:TTGCGAACATTACTTC-1_A619	30736	13952	20933	256	0.00826019617965927	16904	4.22798948404426	0.453930244664237	0.681058042686101	0.00832899531494014	0.125660492605997	0.141912100224876	4.33047127602175	1	0.0112884210001586	0.0535926592711912	1	20933	1	1.78571428571429	singlet	A619	A619_Re1	A619_Re1	2.79815924235164	1.54427932079182	3_1
CB:Z:TTTGGCCCACTCAAGT-1_A619	CB:Z:TTTGGCCCACTCAAGT-1_A619	30516	13700	20266	1448	0.045300963584032	16747	4.22393702031998	0.448944815834316	0.664110630488924	0.0474505177611745	0.112418752561228	0.0953500803482108	4.32562535057405	1	0.00433023434618895	0.061983866500757	1	20266	1	2.21428571428571	singlet	A619	A619_Re1	A619_Re1	2.29496109553157	-1.15151859943523	3_4
CB:Z:CGGACCAAGATGCGAC-1_A619	CB:Z:CGGACCAAGATGCGAC-1_A619	30478	14413	23274	1591	0.049611774610995	16138	4.20784971113053	0.472898484152503	0.763632784303432	0.0522015880307107	0.176041814851153	0.368781354112323	4.30638818861765	1	0.0063047644387691	0.0711884707074304	1	23274	1	2.42857142857143	singlet	A619	A619_Re1	A619_Re1	-2.52816545895756	-1.58026196186199	3_2
CB:Z:ATCCCTGTCTATATCC-1_A619	CB:Z:ATCCCTGTCTATATCC-1_A619	30344	14304	25301	824	0.0264373716632444	16009	4.20436420462101	0.471394674400211	0.833805694700765	0.027155286053256	0.172047563103513	0.561577304945941	4.30222022911404	1	0.0142828986494807	0.0811036065883764	1	25301	1	0.928571428571429	singlet	A619	A619_Re1	A619_Re1	-0.48305132917584	2.62538359935627	3_3
CB:Z:TGCATTTGTAATGTAG-1_A619	CB:Z:TGCATTTGTAATGTAG-1_A619	30330	14647	23913	739	0.0237857671634105	15439	4.18861916720785	0.482921200131883	0.788427299703264	0.0243653148697659	0.202663035225408	0.436902829264238	4.28339235484623	1	0.00116570842008889	0.076275886673979	1	23913	1	2	singlet	A619	A619_Re1	A619_Re1	-0.454010932962308	2.94227336223469	3_3
CB:Z:TCACCACGTTTGTCTT-1_A619	CB:Z:TCACCACGTTTGTCTT-1_A619	30286	13967	21080	956	0.0305998335573907	15795	4.19851963024117	0.461170177639834	0.696031169517269	0.0315657399458496	0.144890395122911	0.18304988698649	4.29523130246465	1	0.0030748012935188	0.0565635231777528	1	21080	1	2.71428571428571	singlet	A619	A619_Re1	A619_Re1	-0.510697244922529	-2.0456497830595	3_4
CB:Z:CATGCCTCACTCCTCA-1_A619	CB:Z:CATGCCTCACTCCTCA-1_A619	30265	13630	21894	223	0.0073143531881396	15999	4.20409283840254	0.450355195770692	0.723409879398645	0.00736824715017347	0.11616484645184	0.258271284735134	4.30189573010475	1	0.0115102459062834	0.0584986589051724	1	21894	1	1.42857142857143	singlet	A619	A619_Re1	A619_Re1	-0.137732579628835	1.87600086505757	3_3
CB:Z:GTTGGGCTCCATTGAG-1_A619	CB:Z:GTTGGGCTCCATTGAG-1_A619	30260	13869	15579	447	0.0145569414140098	16442	4.21595464386913	0.458327825512227	0.514838070059484	0.0147719762062128	0.137340856402477	-0.31476751429635	4.31608004583889	1	-0.000737920490956474	0.0370275993563437	1	15579	1	1.64285714285714	singlet	A619	A619_Re1	A619_Re1	2.28693616457759	0.087261422232249	3_1
CB:Z:TATCGAGCAAGGAACC-1_A619	CB:Z:TATCGAGCAAGGAACC-1_A619	30209	13377	20383	627	0.0203333765728369	15665	4.19493039921772	0.442815055116025	0.674732695554305	0.0207554040186699	0.0961375657792406	0.124533580398318	4.29093930946049	1	0.0030555437602836	0.0577051694948432	1	20383	1	1.71428571428571	singlet	A619	A619_Re1	A619_Re1	0.643510580738177	-0.15411974613323	3_2
CB:Z:GGGTCTGAGTTACACC-1_A619	CB:Z:GGGTCTGAGTTACACC-1_A619	30201	14163	24407	982	0.0314915178141936	15831	4.19950834889679	0.468957981523791	0.808152047945432	0.0325154796198801	0.165575491243847	0.491095416842123	4.29641360962885	1	0.00672856665566193	0.0677322099230237	1	24407	1	2.21428571428571	singlet	A619	A619_Re1	A619_Re1	-2.07921612195195	-1.96886278812542	3_2
CB:Z:TACCTATAGTAGTTCC-1_A619	CB:Z:TACCTATAGTAGTTCC-1_A619	30108	14140	24953	939	0.0302444680645473	16125	4.20749972330731	0.469642619901687	0.828783047694965	0.0311877241929055	0.167393951347092	0.54777787722231	4.30596967410047	1	0.00957334088735899	0.0807507381807306	1	24953	1	1.92857142857143	singlet	A619	A619_Re1	A619_Re1	-0.446796178142438	2.90503762538777	3_3
CB:Z:GCGAGAAGTGCAACAG-1_A619	CB:Z:GCGAGAAGTGCAACAG-1_A619	30083	14020	23200	1118	0.0358321848658697	15748	4.19722540611819	0.466043945085264	0.771199680882891	0.0371638466908221	0.157835552651531	0.389570958143794	4.29368367266725	1	0.0112649374997401	0.071492234903525	1	23200	1	2.57142857142857	singlet	A619	A619_Re1	A619_Re1	-2.13210475377263	-1.68229128543987	3_2
CB:Z:TTGAGCATCTGTTTAC-1_A619	CB:Z:TTGAGCATCTGTTTAC-1_A619	29972	15206	25065	292	0.00964842717420037	15623	4.19376443276439	0.507340184171894	0.83628052849326	0.00974242626451355	0.267522017240063	0.56837676547106	4.28954504984662	1	0.00946366776654858	0.0822861841012034	1	25065	1	2	singlet	A619	A619_Re1	A619_Re1	1.21895933218776	-2.14115645115032	3_4
CB:Z:GCCCAGAGTCCTTCAC-1_A619	CB:Z:GCCCAGAGTCCTTCAC-1_A619	29900	13114	19462	1414	0.0451555214919844	15969	4.20327772089242	0.438595317725752	0.650903010033445	0.0472909698996656	0.0849295699406828	0.0590629186850344	4.30092101473308	1	0.00873091478289728	0.0557358837471878	1	19462	1	1.14285714285714	singlet	A619	A619_Re1	A619_Re1	-0.84495848349751	-1.01303030674114	3_2
CB:Z:AGCTGGCCATCGTGAT-1_A619	CB:Z:AGCTGGCCATCGTGAT-1_A619	29881	13519	20273	418	0.0137958348460345	15869	4.20054956014077	0.452427964258224	0.678457882935645	0.01398882232857	0.12167030293738	0.134768313989275	4.29765868729197	1	0.00580119728471514	0.0539719817525604	1	20273	1	3.14285714285714	singlet	A619	A619_Re1	A619_Re1	-3.00366485051335	-1.11204697315349	3_2
CB:Z:AAACTCGTCTGAGTCA-1_A619	CB:Z:AAACTCGTCTGAGTCA-1_A619	29879	14716	24248	863	0.0280723440244616	15912	4.20172477011638	0.492519829980923	0.811539877505941	0.0288831620870846	0.228157845317595	0.500403279629659	4.29906400028541	1	0.00590495528074284	0.0775810339236776	1	24248	1	1.57142857142857	singlet	A619	A619_Re1	A619_Re1	3.1440099484521	0.972504122809031	3_1
CB:Z:TCTCAGCCATGATTGC-1_A619	CB:Z:TCTCAGCCATGATTGC-1_A619	29853	13059	20561	1163	0.0374967758576219	16338	4.21319889172361	0.437443473017787	0.688741500016749	0.0389575587043178	0.0818701684899431	0.163021948075907	4.31278472468165	1	0.0123007031813591	0.0672633418027357	1	20561	1	1.5	singlet	A619	A619_Re1	A619_Re1	2.16998183794795	2.31355498607502	3_3
CB:Z:GAGCGCTTCGAGGTCC-1_A619	CB:Z:GAGCGCTTCGAGGTCC-1_A619	29828	14403	24877	1017	0.0329713081536716	15547	4.19164659856273	0.482868445755666	0.834015019444817	0.0340954807563363	0.202522914934873	0.562152412388885	4.28701254928645	1	0.00742312529190274	0.065293893843784	1	24877	1	1.42857142857143	singlet	A619	A619_Re1	A619_Re1	-2.05845773152531	-1.76367403690471	3_2
CB:Z:TACCCTGGTACGTAAA-1_A619	CB:Z:TACCCTGGTACGTAAA-1_A619	29828	13272	21180	918	0.0298575424445456	16367	4.2139690824147	0.444951052702159	0.710071074158509	0.030776451656162	0.101810964344693	0.22162370057915	4.31370571668146	1	0.013177127766922	0.06359627935733	1	21180	1	1.21428571428571	singlet	A619	A619_Re1	A619_Re1	2.37020027705013	-1.17034031574383	3_4
CB:Z:GCCCAGAGTTCCGGCA-1_A619	CB:Z:GCCCAGAGTTCCGGCA-1_A619	29705	12833	20463	482	0.0159671381720608	16012	4.20444558143307	0.432014812321158	0.688873926948325	0.016226224541323	0.0674511653934421	0.163385783294436	4.30231753929156	1	0.00619269263338276	0.058455362495921	1	20463	1	2.64285714285714	singlet	A619	A619_Re1	A619_Re1	-1.0444506400031	-2.03200365726604	3_4
CB:Z:TAGGTCACAAGCACTT-1_A619	CB:Z:TAGGTCACAAGCACTT-1_A619	29639	13300	20900	1416	0.0455965222991467	15856	4.2001936371412	0.448733088160869	0.705151995681366	0.047774891190661	0.111856385128512	0.208108821306564	4.29723307550654	1	0.0102660213859717	0.0638481769682784	1	20900	1	2.28571428571429	singlet	A619	A619_Re1	A619_Re1	1.592652679165	-2.07799984638347	3_4
CB:Z:TTAGCGAAGGTACATA-1_A619	CB:Z:TTAGCGAAGGTACATA-1_A619	29568	13962	23582	1246	0.040436165379373	15254	4.18338374205269	0.472199675324675	0.797551406926407	0.0421401515151515	0.174185716779197	0.46197077810138	4.27713184723528	1	0.00789696759426193	0.0651887346929477	1	23582	1	1.35714285714286	singlet	A619	A619_Re1	A619_Re1	1.1223191029626	-1.6155755681242	3_4
CB:Z:CTACTTATCACATCCC-1_A619	CB:Z:CTACTTATCACATCCC-1_A619	29528	13715	24014	1536	0.0494463044038115	15675	4.19520754950275	0.464474397182335	0.81326198862097	0.052018423191547	0.153666694559794	0.505134678797561	4.29127072504134	1	0.0108305809132118	0.0718455344927602	1	24014	1	2.07142857142857	singlet	A619	A619_Re1	A619_Re1	0.118494339962592	2.91474090392933	3_3
CB:Z:GGAATCTGTGCACTTA-1_A619	CB:Z:GGAATCTGTGCACTTA-1_A619	29522	12701	21388	1073	0.0350710900473934	15631	4.19398676308569	0.430221529706659	0.7244766614728	0.0363457760314342	0.0626880481134446	0.261202205843499	4.28981091185925	1	0.0131633968162001	0.0627366204755309	1	21388	1	0.714285714285714	singlet	A619	A619_Re1	A619_Re1	-1.69528055123509	-1.32390190784588	3_2
CB:Z:TCACCACGTAACCCAT-1_A619	CB:Z:TCACCACGTAACCCAT-1_A619	29517	13875	22265	1361	0.0440766889047218	14823	4.17093610860908	0.470068096351255	0.754311074973744	0.0461090219195718	0.168524054440037	0.343170505090446	4.26224699994922	1	0.00607124428054649	0.0708341400629691	1	22265	1	1.57142857142857	singlet	A619	A619_Re1	A619_Re1	-0.0553430274826389	2.75874279315815	3_3
CB:Z:GCGCATGAGGCGACTA-1_A619	CB:Z:GCGCATGAGGCGACTA-1_A619	29311	14212	22528	1407	0.0458037632658376	15639	4.19420897964668	0.484869161748149	0.76858517280202	0.0480024564156801	0.207836993618912	0.382387750712898	4.29007663783758	1	0.00601318716424708	0.0681752029689593	1	22528	1	3.07142857142857	singlet	A619	A619_Re1	A619_Re1	2.03733003207027	-1.8406503361906	3_4
CB:Z:TTTGAGGCACGTGAAG-1_A619	CB:Z:TTTGAGGCACGTGAAG-1_A619	29300	12626	20618	1077	0.0354544556737005	15703	4.19598263068836	0.430921501706485	0.703686006825939	0.0367576791808874	0.0645472356731333	0.204081103007676	4.2921975650816	1	0.0077100855593382	0.0604374800383138	1	20618	1	2.92857142857143	singlet	A619	A619_Re1	A619_Re1	1.23173213072597	-2.15241409961834	3_4
CB:Z:TCGGGACTCATTCGGA-1_A619	CB:Z:TCGGGACTCATTCGGA-1_A619	29283	12718	18575	477	0.0160282258064516	15840	4.19975517725347	0.434313424171021	0.634327083973637	0.0162893146194037	0.0735564818302207	0.0135215351574965	4.29670876632766	1	0.0094476706774795	0.050786399370566	1	18575	1	1.28571428571429	singlet	A619	A619_Re1	A619_Re1	-0.116673707286726	2.51536546523915	3_3
CB:Z:TGGACATTCAAGTTGC-1_A619	CB:Z:TGGACATTCAAGTTGC-1_A619	29237	13599	22675	236	0.00800732874156007	15581	4.19259532756921	0.465129801279201	0.775558367821596	0.00807196360775729	0.155407505826196	0.401546194570153	4.28814703693354	1	0.00598636672962613	0.0777960510992454	1	22675	1	2.35714285714286	singlet	A619	A619_Re1	A619_Re1	-2.05410110882939	0.693743451193431	3_2
CB:Z:TTAGCGATCATCGCCT-1_A619	CB:Z:TTAGCGATCATCGCCT-1_A619	29203	13473	23668	878	0.029187859446162	15343	4.18591028504071	0.461356709927062	0.810464678286477	0.0300654042392905	0.145385841380737	0.497449232908806	4.28015308068569	1	0.00751296381298158	0.070777836507216	1	23668	1	0.714285714285714	singlet	A619	A619_Re1	A619_Re1	-3.23849713734807	-1.27185942356243	3_2
CB:Z:ACAAAGAGTGTTTCTT-1_A619	CB:Z:ACAAAGAGTGTTTCTT-1_A619	29160	13521	20955	764	0.0255313460767277	15603	4.19320810849449	0.463683127572016	0.718621399176955	0.0262002743484225	0.151565012469322	0.245115216500805	4.28887979874999	1	0.0081556805112988	0.0651839146721548	1	20955	1	1.64285714285714	singlet	A619	A619_Re1	A619_Re1	-3.61126935414494	-0.643328921243093	3_2
CB:Z:GCGTAGCGTCCGTCGA-1_A619	CB:Z:GCGTAGCGTCCGTCGA-1_A619	29131	12875	21938	348	0.0118050137385936	15692	4.1956782994575	0.441969036421681	0.753080910370396	0.0119460368679414	0.0938904652778198	0.339790700076781	4.29183364659732	1	0.005604655302599	0.0694728051089282	1	21938	1	1.57142857142857	singlet	A619	A619_Re1	A619_Re1	-0.698636888782392	2.68451116855488	3_3
CB:Z:GAACTTGCACCGATCG-1_A619	CB:Z:GAACTTGCACCGATCG-1_A619	29102	13888	22366	1000	0.0332203840276394	15221	4.18244318595724	0.477218060614391	0.768538244794172	0.0343618995258058	0.187514992096915	0.382258818766903	4.27600713273367	1	0.0067283341463683	0.0695110992359411	1	22366	1	3.14285714285714	singlet	A619	A619_Re1	A619_Re1	2.20473301478206	-1.4197256726469	3_4
CB:Z:ATTTGTCCAAGAAACT-1_A619	CB:Z:ATTTGTCCAAGAAACT-1_A619	28994	12889	21436	1086	0.0361037234042553	14967	4.17513475865884	0.444540249706836	0.739325377664344	0.0374560253845623	0.100719835244417	0.301998181678016	4.26726773461991	1	0.010181528231185	0.0637596197756025	1	21436	1	2	singlet	A619	A619_Re1	A619_Re1	-0.208243741909872	2.03545664127217	3_3
CB:Z:CCTTGCACAGGCAGAT-1_A619	CB:Z:CCTTGCACAGGCAGAT-1_A619	28969	12720	18564	182	0.00624335357277623	15922	4.20199761958311	0.43909006179019	0.640822948669267	0.00628257792813007	0.0862436539469871	0.0313685419780691	4.29939027295906	1	0.00625065633235773	0.0580186780768234	1	18564	1	1.57142857142857	singlet	A619	A619_Re1	A619_Re1	2.17279183932125	-1.29231716816082	3_1
CB:Z:TTGTCTAGTCTCAAAC-1_A619	CB:Z:TTGTCTAGTCTCAAAC-1_A619	28904	12561	18267	1204	0.0399893715955892	15733	4.19681154266268	0.434576529200111	0.631988652089676	0.0416551342374758	0.0742553120649983	0.00709683086669463	4.29318877583722	1	0.0057837225410086	0.0514383931077433	1	18267	1	1.57142857142857	singlet	A619	A619_Re1	A619_Re1	2.5998102433282	0.33412717159138	3_1
CB:Z:TCTCTGGTCTCTTCCT-1_A619	CB:Z:TCTCTGGTCTCTTCCT-1_A619	28707	13574	23140	318	0.0109560723514212	15160	4.18069920129603	0.472846344097259	0.806075173302679	0.0110774375587836	0.17590332625147	0.485389325713158	4.27392168046928	1	0.0082766265116969	0.0795120791226235	1	23140	1	1.71428571428571	singlet	A619	A619_Re1	A619_Re1	1.52350544997035	-2.2284848851408	3_4
CB:Z:ATGTCGAAGCGTCTGC-1_A619	CB:Z:ATGTCGAAGCGTCTGC-1_A619	28652	12527	18689	1189	0.0398445092322643	15851	4.20005666597221	0.437212061985202	0.652275582856345	0.041497975708502	0.0812555203139233	0.0628339819198507	4.29706928574344	1	0.00865954940519778	0.0512739822117526	1	18689	1	1.64285714285714	singlet	A619	A619_Re1	A619_Re1	-3.17678892544926	-0.736137167855642	3_2
CB:Z:AGGCCTGAGGTCGGTA-1_A619	CB:Z:AGGCCTGAGGTCGGTA-1_A619	28449	13910	23929	573	0.019743642753773	14876	4.17248616968693	0.488945129881542	0.841119195753805	0.020141305494042	0.218663125591598	0.581670719647708	4.26410055890342	1	0.00519412122484386	0.0736948826911033	1	23929	1	1.21428571428571	singlet	A619	A619_Re1	A619_Re1	-0.629783391277204	2.06196640308247	3_3
CB:Z:TTGACGATCCAACAAC-1_A619	CB:Z:TTGACGATCCAACAAC-1_A619	28436	12467	19218	1327	0.0445855592514195	15741	4.197032318918	0.438423125615417	0.675833450555634	0.0466661977774652	0.084472212461395	0.127557840129237	4.29345277950184	1	0.00372294030780913	0.0530976530642327	1	19218	1	2.14285714285714	singlet	A619	A619_Re1	A619_Re1	1.39904713698207	-2.22663428012981	3_4
CB:Z:GCACGCATCCCTACCA-1_A619	CB:Z:GCACGCATCCCTACCA-1_A619	28433	13130	21007	826	0.0282306298916573	15167	4.18089968676623	0.461787359758028	0.738824605212253	0.0290507508880526	0.146529685432374	0.300622338770753	4.27416142046648	1	0.00543661921871473	0.0647245136931481	1	21007	1	1.07142857142857	singlet	A619	A619_Re1	A619_Re1	-1.88627493313969	-1.97001768772259	3_2
CB:Z:CTGAATGAGTCCCGCA-1_A619	CB:Z:CTGAATGAGTCCCGCA-1_A619	28373	11847	16265	860	0.0294188075120583	15257	4.18346914623151	0.417544848976139	0.573256264758749	0.0303105064674162	0.0290176625577173	-0.154266954618035	4.27723397332736	1	0.00362235101802569	0.0453450235006326	1	16265	1	1.5	singlet	A619	A619_Re1	A619_Re1	-0.906055807392011	-0.371138827248952	3_2
CB:Z:GCTTGCTGTCAGCTTA-1_A619	CB:Z:GCTTGCTGTCAGCTTA-1_A619	28356	12360	18439	1220	0.0412496618880173	15471	4.18951838612638	0.435886584849767	0.650268020877416	0.0430244040062068	0.0777349357741603	0.057318323264772	4.28446763846055	1	0.00104018723358036	0.0540282027462954	1	18439	1	1.57142857142857	singlet	A619	A619_Re1	A619_Re1	2.91967165537654	0.654112322882273	3_1
CB:Z:ATCCAGAGTCAGTGTT-1_A619	CB:Z:ATCCAGAGTCAGTGTT-1_A619	28314	12978	20598	735	0.0253020758029536	14953	4.17472833331189	0.458359821996186	0.727484636575546	0.0259588895952532	0.137425841894674	0.269466440813005	4.26678173226051	1	0.013197049058708	0.0714233240366526	1	20598	1	2.71428571428571	singlet	A619	A619_Re1	A619_Re1	1.70544648238002	-1.93391348545208	3_4
CB:Z:GGAGGATTCCCTATTA-1_A619	CB:Z:GGAGGATTCCCTATTA-1_A619	28274	12979	20032	208	0.007302857945369	15175	4.18112869974729	0.459043644337554	0.708495437504421	0.00735658201881587	0.139242134532703	0.217294731391851	4.27443527358604	1	0.0121076103595597	0.0647434142348327	1	20032	1	0.857142857142857	singlet	A619	A619_Re1	A619_Re1	0.860181511123766	2.09598468120442	3_3
CB:Z:GACCCAGCACTGATAC-1_A619	CB:Z:GACCCAGCACTGATAC-1_A619	28199	11668	17834	1006	0.0344461564800548	15293	4.18449268852842	0.413773538068726	0.632433774247314	0.035675023937019	0.0190007271309685	0.00831977785767638	4.2784579225101	1	0.00798094327285211	0.0538134500160797	1	17834	1	2.92857142857143	singlet	A619	A619_Re1	A619_Re1	-1.16553831032933	-1.63864161197796	3_2
CB:Z:AACCTGAGTACTAGAA-1_A619	CB:Z:AACCTGAGTACTAGAA-1_A619	28124	12898	18317	996	0.0342032967032967	15068	4.17805561153123	0.458611861755085	0.651294268240649	0.0354145925188451	0.138095281792854	0.0601378776350361	4.27076048279147	1	0.00638535170978711	0.0474527222755355	1	18317	1	2	singlet	A619	A619_Re1	A619_Re1	1.06720757551967	-1.89142729465618	3_4
CB:Z:GTTACTTTCATTGCCC-1_A619	CB:Z:GTTACTTTCATTGCCC-1_A619	28120	14491	23623	644	0.0223890974829648	14471	4.16049854352235	0.515327169274538	0.840078236130868	0.0229018492176387	0.288736156299857	0.578810744207795	4.24976578711	1	0.0069139269328089	0.0864666522151392	1	23623	1	2.07142857142857	singlet	A619	A619_Re1	A619_Re1	1.55536902018367	-2.16929032032146	3_4
CB:Z:TGTTAGGAGTTTGGAA-1_A619	CB:Z:TGTTAGGAGTTTGGAA-1_A619	27941	13799	23042	676	0.0236223223957787	14977	4.17542482979032	0.493862066497262	0.82466626105007	0.0241938370137075	0.231722944255782	0.536467247649052	4.26761460091491	1	0.00455291660621472	0.0705115045037776	1	23042	1	1.5	singlet	A619	A619_Re1	A619_Re1	1.6810930974084	-2.1683509511198	3_4
CB:Z:TGCTCGTGTTTCTCTA-1_A619	CB:Z:TGCTCGTGTTTCTCTA-1_A619	27761	13453	22563	527	0.0186298076923077	14711	4.16764219548217	0.484600698822089	0.812758906379453	0.0189834660134721	0.207123932335755	0.50375248987948	4.25830814730789	1	0.00563074739824924	0.0655257812147456	1	22563	1	1.42857142857143	singlet	A619	A619_Re1	A619_Re1	-2.3441332571906	0.780935986593821	3_3
CB:Z:ACTACGAGTATCACAC-1_A619	CB:Z:ACTACGAGTATCACAC-1_A619	27679	12952	19243	921	0.0322027972027972	15014	4.17649641153037	0.467935980346111	0.695220203042017	0.0332743234943459	0.162860965697105	0.180821804214876	4.26889599553722	1	-0.000232642803576832	0.0563295501639987	1	19243	1	2.35714285714286	singlet	A619	A619_Re1	A619_Re1	2.12269055910884	-0.532706992074392	3_1
CB:Z:AACTGGTTCGTGAGTT-1_A619	CB:Z:AACTGGTTCGTGAGTT-1_A619	27590	13924	22201	621	0.0220126900854277	14487	4.16097846012001	0.504675607104023	0.804675607104023	0.0225081551286698	0.26044466480646	0.481544099763478	4.25033967011343	1	0.00980950471861658	0.0717969783017621	1	22201	1	2.71428571428571	singlet	A619	A619_Re1	A619_Re1	1.89358162947475	-1.8223455113615	3_4
CB:Z:GCTCACTCAAACGACG-1_A619	CB:Z:GCTCACTCAAACGACG-1_A619	27575	12184	18922	1298	0.0449554947528833	14991	4.17583060416225	0.441849501359927	0.686201269265639	0.0470716228467815	0.093572969578256	0.15604281324704	4.26809982484009	1	0.00206794415241691	0.0581505151566534	1	18922	1	2.42857142857143	singlet	A619	A619_Re1	A619_Re1	-3.85452067784489	-0.65561892215862	3_2
CB:Z:GCACGGTGTTGAATAG-1_A619	CB:Z:GCACGGTGTTGAATAG-1_A619	27493	12578	20071	1094	0.0382691433168923	14639	4.16551141078555	0.457498272287491	0.73004037391336	0.039791947041065	0.135137489645073	0.276488179078311	4.25576016057996	1	0.00800740827000627	0.0613755262361016	1	20071	1	2.14285714285714	singlet	A619	A619_Re1	A619_Re1	0.0134717651876706	2.16024897868977	3_3
CB:Z:TTGAGCAGTCAGAAGC-1_A619	CB:Z:TTGAGCAGTCAGAAGC-1_A619	27458	13224	19417	433	0.0155247212362411	14834	4.17125827467578	0.481608274455532	0.707152742370165	0.0157695389321873	0.199175788471428	0.213605755352198	4.26263224528322	1	0.00532543285725648	0.0582212199477782	1	19417	1	3.42857142857143	singlet	A619	A619_Re1	A619_Re1	2.01914179392635	-1.53803946201458	3_4
CB:Z:AGCTGTATCGAACCGC-1_A619	CB:Z:AGCTGTATCGAACCGC-1_A619	27382	13711	22528	601	0.0214773255190651	14442	4.15962734065867	0.500730406836608	0.822730260755241	0.0219487254400701	0.24996586385515	0.531148200519008	4.24872400502028	1	0.00371741459103732	0.0682802870331645	1	22528	1	1.71428571428571	singlet	A619	A619_Re1	A619_Re1	0.0844609520631928	2.75130365665303	3_3
CB:Z:CAAGCTAGTAGCAGCA-1_A619	CB:Z:CAAGCTAGTAGCAGCA-1_A619	27360	13224	22385	325	0.0117392089579195	14375	4.15760785336167	0.483333333333333	0.818165204678363	0.0118786549707602	0.203757697470845	0.518605977003309	4.24630910742965	1	0.0133359582147936	0.0705597412181557	1	22385	1	1.35714285714286	singlet	A619	A619_Re1	A619_Re1	-1.19887304238499	-1.31110455219402	3_2
CB:Z:CTCAACCCACATCATG-1_A619	CB:Z:CTCAACCCACATCATG-1_A619	27358	13752	22281	642	0.0229285714285714	14158	4.15100190799283	0.502668323707873	0.81442356897434	0.0234666276774618	0.255113142517249	0.508326052611611	4.23840973535699	1	0.00658319583893681	0.0762745435724742	1	22281	1	1.35714285714286	singlet	A619	A619_Re1	A619_Re1	0.0578833340901036	-2.07691885654583	3_4
CB:Z:CTCACCACAAGACTTC-1_A619	CB:Z:CTCACCACAAGACTTC-1_A619	27256	12740	21899	429	0.0154957558244537	14525	4.16211614106237	0.467420017610801	0.803456119753449	0.0157396536542413	0.161490523023699	0.478193629874851	4.25170010598777	1	0.00495547717253608	0.0731252526589696	1	21899	1	1.07142857142857	singlet	A619	A619_Re1	A619_Re1	-2.10363662175358	0.854606135443309	3_2
CB:Z:GAGGTCCGTGCGCTCA-1_A619	CB:Z:GAGGTCCGTGCGCTCA-1_A619	27256	12601	21509	1104	0.0389280677009873	14685	4.16687395085882	0.46232022307015	0.789147343704139	0.0405048429703551	0.147945017533029	0.438881107876377	4.25738948241077	1	0.00929594242733787	0.0694190780973324	1	21509	1	2.92857142857143	singlet	A619	A619_Re1	A619_Re1	0.830279410560717	-2.09015824024334	3_4
CB:Z:TGCTTCGAGATCGATA-1_A619	CB:Z:TGCTTCGAGATCGATA-1_A619	27243	12593	21822	1005	0.0355777400169924	14388	4.15800042914647	0.462247182762545	0.801013104283669	0.0368902103292589	0.147751016013983	0.471481588323055	4.24677854851911	1	0.0138681760590801	0.0701315277874272	1	21822	1	2.78571428571429	singlet	A619	A619_Re1	A619_Re1	-2.33100449971379	0.77115200336323	3_2
CB:Z:CTACTTATCTTATCAC-1_A619	CB:Z:CTACTTATCTTATCAC-1_A619	27190	12483	20137	1116	0.0394262700487529	14285	4.15488024471876	0.459102611254138	0.740603162927547	0.0410445016550202	0.13939875588009	0.305508821658393	4.24304744019871	1	0.00133942790408201	0.0626003523497446	1	20137	1	1.71428571428571	singlet	A619	A619_Re1	A619_Re1	-0.318312852899442	2.15601323421345	3_3
CB:Z:TAGCACATCAGTGTGT-1_A619	CB:Z:TAGCACATCAGTGTGT-1_A619	27161	12340	20963	428	0.0155134292652869	14405	4.15851326261643	0.454327896616472	0.771805161812893	0.0157578881484481	0.126716691372327	0.391234481445742	4.24739179343174	1	0.011906115869052	0.0637764811674803	1	20963	1	2.42857142857143	singlet	A619	A619_Re1	A619_Re1	-1.24409961632908	-1.7296245259489	3_2
CB:Z:CCCGTTACAGCAATGG-1_A619	CB:Z:CCCGTTACAGCAATGG-1_A619	27151	11875	16713	862	0.0307714275514939	14699	4.16728778990093	0.437368789363191	0.615557438031748	0.0317483702257744	0.0816718020958991	-0.0380469649330205	4.25788435004732	1	0.00318398202232649	0.0529370585078527	1	16713	1	1.57142857142857	singlet	A619	A619_Re1	A619_Re1	-3.54367697171391	0.00142978008137007	3_2
CB:Z:TCCGACTCAGGTCTGC-1_A619	CB:Z:TCCGACTCAGGTCTGC-1_A619	27047	12100	19355	1358	0.0478084844217567	14882	4.17266130020153	0.447369394017821	0.715606167042556	0.0502088956261323	0.108234292835379	0.236831043262955	4.2643099795115	1	0.0024721808606975	0.0615872530748219	1	19355	1	1.21428571428571	singlet	A619	A619_Re1	A619_Re1	-0.816282092849622	-2.02017332737102	3_4
CB:Z:TAACTTCTCTCTGTTA-1_A619	CB:Z:TAACTTCTCTCTGTTA-1_A619	27022	13041	21749	1143	0.040582282975324	14282	4.15478902873875	0.482606764858264	0.80486270446303	0.0422988675893716	0.201827867319855	0.482058138771179	4.24293836437007	1	0.00778133628084774	0.0755311328927501	1	21749	1	1.21428571428571	singlet	A619	A619_Re1	A619_Re1	-1.69565880231083	-1.45046354953899	3_2
CB:Z:CAGCTGGGTGATAAGT-1_A619	CB:Z:CAGCTGGGTGATAAGT-1_A619	26970	11129	15474	1022	0.036510431551872	14890	4.17289469775218	0.41264367816092	0.573748609566185	0.0378939562476826	0.0159997192544976	-0.152914266169601	4.26458907568781	1	0.00149808917765438	0.0492922430573842	1	15474	1	1.85714285714286	singlet	A619	A619_Re1	A619_Re1	2.6833862073022	1.15039537723408	3_1
CB:Z:GGTGTCGTCGACTGGC-1_A619	CB:Z:GGTGTCGTCGACTGGC-1_A619	26923	11541	17395	811	0.0292420855267902	14864	4.17213569664957	0.428666939048397	0.646101846005274	0.0301229432084092	0.0585589177868444	0.0458720024371815	4.26368146416844	1	0.00241654570787169	0.051467351886003	1	17395	1	1.07142857142857	singlet	A619	A619_Re1	A619_Re1	0.347417832096209	1.64764593417988	3_3
CB:Z:GTCACGGGTTTGATCG-1_A619	CB:Z:GTCACGGGTTTGATCG-1_A619	26897	12973	20993	859	0.0309482634385358	13888	4.14263970783242	0.482321448488679	0.780495966092873	0.031936647209726	0.201070041799634	0.415111955889658	4.22841023843036	1	0.00177318969120063	0.0750303321122213	1	20993	1	2.5	singlet	A619	A619_Re1	A619_Re1	-3.76503217152775	-0.32452990238323	3_2
CB:Z:GGTGAAGGTCCACCAG-1_A619	CB:Z:GGTGAAGGTCCACCAG-1_A619	26835	13511	22250	1137	0.0406477906477907	14061	4.14801620823987	0.503484255636296	0.829141047139929	0.0423700391280045	0.257280329906537	0.548761459675981	4.23483944345644	1	0.00790155253884264	0.069850238112244	1	22250	1	2.14285714285714	singlet	A619	A619_Re1	A619_Re1	1.66632402010738	-2.14077212040081	3_4
CB:Z:GCATGATTCTCTATCA-1_A619	CB:Z:GCATGATTCTCTATCA-1_A619	26673	12725	19748	898	0.0325704544630227	14230	4.15320490008428	0.477074194878716	0.74037416113673	0.0336670040865295	0.187132871974827	0.30487965268488	4.24104406749749	1	0.00322156903442668	0.0709354134714503	1	19748	1	1	singlet	A619	A619_Re1	A619_Re1	2.93832600184261	1.58837292964802	3_1
CB:Z:AACGGGAAGATGCGCA-1_A619	CB:Z:AACGGGAAGATGCGCA-1_A619	26666	13105	22534	653	0.0239027782861745	13854	4.14157518330082	0.491449786244656	0.845046126153154	0.0244881122028051	0.225315714484809	0.592459730334497	4.22713728279933	1	0.00571082131301428	0.0723205497785952	1	22534	1	2	singlet	A619	A619_Re1	A619_Re1	-3.44341909817875	-1.10606218998089	3_2
CB:Z:ATCCTCGAGGCGTCCT-1_A619	CB:Z:ATCCTCGAGGCGTCCT-1_A619	26592	13996	19683	786	0.0287091825553364	13906	4.1432022250496	0.526323706377858	0.740185018050541	0.029557761732852	0.317943931735522	0.30435999316187	4.22908289503705	1	-0.000578832562732045	0.0617967386390893	1	19683	1	2.42857142857143	singlet	A619	A619_Re1	A619_Re1	-1.38512885502995	-0.183991209908864	3_2
CB:Z:ATTCGTTGTATCCCTC-1_A619	CB:Z:ATTCGTTGTATCCCTC-1_A619	26507	12322	19435	690	0.0253704452696989	14001	4.14615905560482	0.464858339306598	0.73320255026974	0.0260308597728902	0.15468647881009	0.285176072937636	4.23261866522699	1	0.00674133663304155	0.0616466657079218	1	19435	1	1.21428571428571	singlet	A619	A619_Re1	A619_Re1	1.41274392672359	-2.07690931980266	3_4
CB:Z:ATCCCTGAGAGCCACA-1_A619	CB:Z:ATCCCTGAGAGCCACA-1_A619	26507	12132	18653	411	0.015268593506204	14626	4.16512556908823	0.457690421398121	0.703700909193798	0.0155053382125476	0.135647854682785	0.204122046388317	4.25529877209456	1	0.00664649544027363	0.0524434355226244	1	18653	1	1.35714285714286	singlet	A619	A619_Re1	A619_Re1	2.32115376063167	-0.6923144025053	3_1
CB:Z:TAGTCCCTCCGAGGAA-1_A619	CB:Z:TAGTCCCTCCGAGGAA-1_A619	26489	13454	19992	397	0.0147660492449602	13952	4.14463646758849	0.507908943334969	0.754728377817207	0.0149873532409679	0.269032691896639	0.344317020149256	4.23079795848741	1	-9.9966943020383e-05	0.0713442304032466	1	19992	1	2.28571428571429	singlet	A619	A619_Re1	A619_Re1	-3.22552049092473	-0.746924178048513	3_2
CB:Z:ATCCTCGAGAGTGGAA-1_A619	CB:Z:ATCCTCGAGAGTGGAA-1_A619	26454	13186	18915	1025	0.0373012118344918	14182	4.15173748103852	0.498450139865427	0.715014742572012	0.0387465033643305	0.243909273039163	0.235206139257989	4.2392893316676	1	0.00146057136511029	0.0636360764518406	1	18915	1	1.21428571428571	singlet	A619	A619_Re1	A619_Re1	2.61948120661556	0.0348555880342509	3_1
CB:Z:TGTAAGCCATCTGCAA-1_A619	CB:Z:TGTAAGCCATCTGCAA-1_A619	26441	12561	21891	272	0.010182308239434	13979	4.14547610488496	0.475057675579592	0.827918762527892	0.0102870541961348	0.181776818310195	0.545403304475738	4.23180199455501	1	0.00720579509596524	0.0765320368310626	1	21891	1	2.21428571428571	singlet	A619	A619_Re1	A619_Re1	-0.734962999145399	2.46820257480488	3_3
CB:Z:GATTGACCAATAGTGA-1_A619	CB:Z:GATTGACCAATAGTGA-1_A619	26353	12584	20209	1365	0.0492459773432427	14304	4.15545750145184	0.477516791257162	0.766857663264145	0.0517967593822335	0.188308447113512	0.377641519695217	4.24373772227969	1	0.00130271967887815	0.0676143574311829	1	20209	1	2.14285714285714	singlet	A619	A619_Re1	A619_Re1	-3.68160164288701	-0.423423067971608	3_2
CB:Z:TCACAAGGTATGTCCA-1_A619	CB:Z:TCACAAGGTATGTCCA-1_A619	26326	12107	20053	1174	0.0426909090909091	14032	4.14711957602197	0.459887563625313	0.761718453240143	0.0445946972574641	0.141483658824497	0.36352184192354	4.2337672530119	1	0.00792944533256989	0.0657872025082366	1	20053	1	1.42857142857143	singlet	A619	A619_Re1	A619_Re1	-1.36638331345738	-1.69246508304729	3_2
CB:Z:TGTAAGCCAGGTAGCA-1_A619	CB:Z:TGTAAGCCAGGTAGCA-1_A619	26300	12214	19483	840	0.0309506263817244	14474	4.16058856829003	0.464410646387833	0.740798479087452	0.0319391634980989	0.153497366809414	0.306045441338964	4.24987343849009	1	0.00824383294230102	0.0648507322820025	1	19483	1	1.42857142857143	singlet	A619	A619_Re1	A619_Re1	1.81333160467922	2.19410560901509	3_3
CB:Z:GCTCAGGAGTTTACGC-1_A619	CB:Z:GCTCAGGAGTTTACGC-1_A619	26290	12386	20977	1042	0.0381238109176057	13914	4.14345199902163	0.471129707112971	0.797907949790795	0.0396348421453024	0.17134378654633	0.462950358685446	4.22938157409493	1	0.00621215151227341	0.0626709588985993	1	20977	1	1.5	singlet	A619	A619_Re1	A619_Re1	-1.17129361561955	-1.94271876041546	3_2
CB:Z:CCCTCTCGTACGACCC-1_A619	CB:Z:CCCTCTCGTACGACCC-1_A619	26259	11851	18218	584	0.0217561375405134	14541	4.16259427444242	0.451311931147416	0.693781179785978	0.022239993906851	0.118706020257026	0.176868172316913	4.25227185662428	1	0.00553160408997869	0.0532183687999553	1	18218	1	1.21428571428571	singlet	A619	A619_Re1	A619_Re1	1.68154311247646	-1.92143799488201	3_4
CB:Z:AACGTACGTCATAGAA-1_A619	CB:Z:AACGTACGTCATAGAA-1_A619	26227	12075	17440	442	0.0165735498143912	14202	4.15234950831273	0.460403401075228	0.664963587143021	0.0168528615548862	0.14285376872881	0.0976935286705805	4.24002119227008	1	-0.000143076782368542	0.0535883052329825	1	17440	1	2.07142857142857	singlet	A619	A619_Re1	A619_Re1	2.04593575068294	-1.64541603748455	3_4
CB:Z:GAGGTCCAGGGTATCG-1_A619	CB:Z:GAGGTCCAGGGTATCG-1_A619	26185	12367	20947	1133	0.0414744856870928	14153	4.15084850666952	0.472293297689517	0.799961810196677	0.0432690471644071	0.174434386063205	0.468593219549981	4.23822629845862	1	0.00739539775340921	0.0655907029800299	1	20947	1	2.71428571428571	singlet	A619	A619_Re1	A619_Re1	-1.38047492436589	-1.89055134479656	3_2
CB:Z:AGACAAAGTAGCTGTT-1_A619	CB:Z:AGACAAAGTAGCTGTT-1_A619	26113	12207	18332	212	0.00805318138651472	14002	4.14619007331593	0.467468310803048	0.702025810898786	0.00811856163596676	0.161618794014918	0.199519812182867	4.23265575612424	1	0.00723489823918698	0.0631309224987673	1	18332	1	2.71428571428571	singlet	A619	A619_Re1	A619_Re1	-3.57042372159184	-0.914422766610524	3_2
CB:Z:TTGCGAACACAACGGA-1_A619	CB:Z:TTGCGAACACAACGGA-1_A619	26070	13013	21362	1270	0.0464520848573519	13533	4.13139408181737	0.49915611814346	0.819409282700422	0.0487149980820867	0.245784413805162	0.522024008317901	4.21496274846142	1	0.00145619330462413	0.0704215419269748	1	21362	1	1.85714285714286	singlet	A619	A619_Re1	A619_Re1	-1.78564810685338	-2.13514734928264	3_2
CB:Z:AGTGCCGGTTGAAGCG-1_A619	CB:Z:AGTGCCGGTTGAAGCG-1_A619	25800	11711	19790	752	0.0283217836697801	13854	4.14157518330082	0.453914728682171	0.767054263565891	0.0291472868217054	0.125619280784893	0.378181667480094	4.22713728279933	1	0.000455442317091635	0.0641255789678153	1	19790	1	2.21428571428571	singlet	A619	A619_Re1	A619_Re1	-0.487495898525129	2.90473972137318	3_3
CB:Z:GCTTAAGCAATCACTG-1_A619	CB:Z:GCTTAAGCAATCACTG-1_A619	25787	12181	20537	347	0.0132777225070789	13936	4.14413813766359	0.472369798735797	0.7964090433164	0.0134563927560399	0.174637579610351	0.458832201161333	4.23020205687576	1	0.0055774482169446	0.068460391954805	1	20537	1	1.78571428571429	singlet	A619	A619_Re1	A619_Re1	-1.23923504285039	-1.48276592914715	3_2
CB:Z:CACATGATCATCGCCT-1_A619	CB:Z:CACATGATCATCGCCT-1_A619	25670	11745	19465	816	0.030808729139923	13596	4.13341115591102	0.457537982080249	0.758278145695364	0.0317880794701987	0.135242962367856	0.354069798955676	4.21737476034984	1	0.00970740425319062	0.0624670570084652	1	19465	1	1.85714285714286	singlet	A619	A619_Re1	A619_Re1	1.45931732722103	-1.34355665866985	3_4
CB:Z:GGTCATAAGGTTGTTC-1_A619	CB:Z:GGTCATAAGGTTGTTC-1_A619	25428	10945	15618	202	0.00788138899726883	14054	4.1477999492012	0.430431020921818	0.614204813591317	0.00794399874154475	0.0632444753150826	-0.0417632211583535	4.2345808414676	1	0.00884096108969994	0.0492465326004902	1	15618	1	2.14285714285714	singlet	A619	A619_Re1	A619_Re1	2.86308348246395	1.1594135599886	3_1
CB:Z:ACCATCCTCATCGCTC-1_A619	CB:Z:ACCATCCTCATCGCTC-1_A619	25382	11142	17779	136	0.00532957128301591	13896	4.14288980543904	0.43897250019699	0.700457016783547	0.0053581278071074	0.0859313999545012	0.195209642469269	4.22870930448963	1	0.0131827176541982	0.0580490024045023	1	17779	1	1.07142857142857	singlet	A619	A619_Re1	A619_Re1	-0.642503380100141	2.29189275081501	3_3
CB:Z:CATTGGATCTCTGCAC-1_A619	CB:Z:CATTGGATCTCTGCAC-1_A619	25341	11953	20315	414	0.0160745486313337	13496	4.13020506958107	0.471686200228878	0.801665285505702	0.0163371611222919	0.172821881496422	0.473273417935162	4.21354093076099	1	0.0120274258885102	0.0750618300401537	1	20315	1	2.35714285714286	singlet	A619	A619_Re1	A619_Re1	1.29496753283321	-2.1328342122282	3_4
CB:Z:GGTAGGAAGACGTCAG-1_A619	CB:Z:GGTAGGAAGACGTCAG-1_A619	25243	11843	19389	281	0.0110092461996552	13620	4.13417710757677	0.469159767064137	0.768094125103989	0.0111317989145506	0.166111451491443	0.381038625996389	4.21829068333429	1	0.0069684705539651	0.0668302486851166	1	19389	1	1.64285714285714	singlet	A619	A619_Re1	A619_Re1	1.87166225977718	2.1714129286562	3_3
CB:Z:ACAAAGACACTGGGCT-1_A619	CB:Z:ACAAAGACACTGGGCT-1_A619	25108	11796	20102	611	0.0237567557058984	13255	4.12237973206911	0.469810418989963	0.800621315915246	0.0243348733471404	0.16783964057113	0.470405172786233	4.20418341277534	1	0.00753221300892267	0.0639701980477547	1	20102	1	1.92857142857143	singlet	A619	A619_Re1	A619_Re1	-0.61887502602757	2.58770714576588	3_3
CB:Z:ACGTGGCCATTTGTTC-1_A619	CB:Z:ACGTGGCCATTTGTTC-1_A619	25072	11853	18588	708	0.0274631497284717	13368	4.12606643688533	0.472758455647734	0.741384811742183	0.0282386726228462	0.175669886753839	0.307656355878969	4.20859196468417	1	0.00818524387836602	0.0598047567850983	1	18588	1	2.5	singlet	A619	A619_Re1	A619_Re1	-0.707477807323347	-1.30656983081951	3_2
CB:Z:CAGTGTACACGGCCAT-1_A619	CB:Z:CAGTGTACACGGCCAT-1_A619	25018	11770	20045	1215	0.0463157092212099	13117	4.11783451854375	0.470461267887121	0.801223119354065	0.0485650331761132	0.169568352824099	0.472058592397092	4.19874825841334	1	0.0109955066833707	0.0674241083370817	1	20045	1	2.14285714285714	singlet	A619	A619_Re1	A619_Re1	-3.00840628079594	-1.34803749744549	3_2
CB:Z:ATGTCGACAAGTAACA-1_A619	CB:Z:ATGTCGACAAGTAACA-1_A619	24900	11849	19555	893	0.0346217966114837	13092	4.11700599663597	0.475863453815261	0.785341365461847	0.035863453815261	0.183917036593208	0.428424406138915	4.19775751409826	1	0.00830073157127977	0.0676413492078847	1	19555	1	1.71428571428571	singlet	A619	A619_Re1	A619_Re1	-2.14163100651921	-1.90284372989788	3_2
CB:Z:TGATTTCTCCAAGTCA-1_A619	CB:Z:TGATTTCTCCAAGTCA-1_A619	24551	11324	18275	170	0.00687674446826585	13512	4.13071963656295	0.461243941183659	0.744368864812024	0.00692436153313511	0.145086317621343	0.315854866467749	4.2141562486026	1	0.00988380514477385	0.0556907019817682	1	18275	1	1.07142857142857	singlet	A619	A619_Re1	A619_Re1	2.42676889963924	-0.899469630166433	3_4
CB:Z:TGTGGCGTCAAGGCCC-1_A619	CB:Z:TGTGGCGTCAAGGCCC-1_A619	24472	10457	17716	734	0.0291200507815599	13612	4.13392194042377	0.427304674730304	0.723929388689114	0.0299934619156587	0.0549406232352921	0.259698606005632	4.21798555512483	1	0.0130844937809784	0.066394195966292	1	17716	1	1.28571428571429	singlet	A619	A619_Re1	A619_Re1	-1.9476671212119	-1.40010763828411	3_2
CB:Z:ATTGTCTGTTGCCTGG-1_A619	CB:Z:ATTGTCTGTTGCCTGG-1_A619	24460	10609	17738	1034	0.04055856279909	13239	4.12185518216685	0.433728536385936	0.725183973834832	0.0422730989370401	0.0720029681266519	0.263145505025509	4.20355615738383	1	0.00925040482604598	0.0513806292332234	1	17738	1	1	singlet	A619	A619_Re1	A619_Re1	-0.397343843500028	2.7531863289629	3_3
CB:Z:GCCAGCACATTTGTTC-1_A619	CB:Z:GCCAGCACATTTGTTC-1_A619	24422	11535	18260	349	0.0140890557506762	13328	4.12476498406271	0.47232003930882	0.747686512161166	0.0142903939071329	0.174505414169967	0.324969907750586	4.20703569082677	1	0.00358125743874628	0.0655745579408453	1	18260	1	2.57142857142857	singlet	A619	A619_Re1	A619_Re1	-2.67427503995122	-1.08712984745159	3_2
CB:Z:GTTGGGCGTACCGGCT-1_A619	CB:Z:GTTGGGCGTACCGGCT-1_A619	24410	11653	18517	685	0.0272962741581988	13064	4.11607617172861	0.477386317083163	0.75858254813601	0.0280622695616551	0.187961896164014	0.354906126787143	4.19664563192311	1	0.0040135705434693	0.0630481015818216	1	18517	1	1.71428571428571	singlet	A619	A619_Re1	A619_Re1	0.660943568428149	-1.85989739124431	3_4
CB:Z:CATGCCTTCCGTACGG-1_A619	CB:Z:CATGCCTTCCGTACGG-1_A619	24302	11341	17673	937	0.0371250841950949	12997	4.11384311893749	0.466669409925109	0.727224096782158	0.0385564974076208	0.15949684260249	0.268750623029308	4.19397535327712	1	0.00568743501942865	0.0575642199513973	1	17673	1	1.85714285714286	singlet	A619	A619_Re1	A619_Re1	1.06852459975063	-1.91348339740886	3_4
CB:Z:GCCCAGATCCAGCACG-1_A619	CB:Z:GCCCAGATCCAGCACG-1_A619	24242	11030	18129	530	0.0213951235265622	12854	4.10903829557438	0.454995462420592	0.747834337100899	0.0218628826004455	0.128489805209172	0.32537604809237	4.18822975815494	1	0.0121730281785893	0.0589981260638929	1	18129	1	2.07142857142857	singlet	A619	A619_Re1	A619_Re1	-1.8540391915244	-1.77087713901653	3_2
CB:Z:TGCATGAGTGCGTTTA-1_A619	CB:Z:TGCATGAGTGCGTTTA-1_A619	24234	11020	16131	775	0.0309888440161542	13039	4.11524428532725	0.454733019724354	0.665635058182719	0.0319798630023933	0.127792734189046	0.0995383559240434	4.19565086435548	1	0.00246851747315355	0.0522796783123426	1	16131	1	2.71428571428571	singlet	A619	A619_Re1	A619_Re1	-3.2464483969611	0.22233460719929	3_2
CB:Z:AGCCTGGGTAGAAGCC-1_A619	CB:Z:AGCCTGGGTAGAAGCC-1_A619	24013	10724	16527	592	0.0240601503759399	13253	4.12231419796881	0.446591429642277	0.688252196726773	0.024653312788906	0.106167950625615	0.161677616018098	4.2041050472708	1	0.00298953187612261	0.0584810309543398	1	16527	1	1.42857142857143	singlet	A619	A619_Re1	A619_Re1	-3.06171452931584	-1.31399943058147	3_2
CB:Z:TTGCGAAAGGACTTTC-1_A619	CB:Z:TTGCGAAAGGACTTTC-1_A619	23855	12009	19723	372	0.0153547694720766	12655	4.10226214949427	0.503416474533641	0.826786837141061	0.0155942150492559	0.257100297301133	0.542293405940944	4.18012686052004	1	0.00463275108630575	0.0644133191884131	1	19723	1	1.5	singlet	A619	A619_Re1	A619_Re1	-0.369369655172239	2.20659755046711	3_3
CB:Z:ATCCTGCTCGAGAAGC-1_A619	CB:Z:ATCCTGCTCGAGAAGC-1_A619	23852	10482	15770	126	0.00525481691550588	13005	4.11411035653189	0.439460003354016	0.6611604896864	0.00528257588462183	0.087226251470103	0.08724474172259	4.19429491528863	1	0.00543180167313583	0.0465428767745725	1	15770	1	0.857142857142857	singlet	A619	A619_Re1	A619_Re1	-1.4460208409232	0.700312359884837	3_3
CB:Z:TAAGTGCGTCCAAGAG-1_A619	CB:Z:TAAGTGCGTCCAAGAG-1_A619	23817	10902	17492	888	0.0359441408621737	12740	4.10516942799933	0.45774026955536	0.734433387916194	0.0372842927320821	0.135780255798593	0.288557727097715	4.18360337649891	1	0.00588894626250251	0.0566066972163866	1	17492	1	2.07142857142857	singlet	A619	A619_Re1	A619_Re1	-2.94523155621708	-1.32833697025432	3_2
CB:Z:CGTTCCATCTCCCTTT-1_A619	CB:Z:CGTTCCATCTCCCTTT-1_A619	23793	12007	20285	534	0.0219509187322728	12452	4.09523911201048	0.504644223090825	0.852561677804396	0.0224435758416341	0.260361306090789	0.613108267190616	4.17172873079489	1	0.00333578978384823	0.0778190729140528	1	20285	1	1.92857142857143	singlet	A619	A619_Re1	A619_Re1	-0.416417210618864	2.8383424120699	3_3
CB:Z:CTTAATCTCTGTAGAC-1_A619	CB:Z:CTTAATCTCTGTAGAC-1_A619	23713	11272	19472	1049	0.0423632986026977	13106	4.11747016362012	0.475351073250959	0.821152954075823	0.0442373381689369	0.182556108482921	0.526814643035179	4.19831256375535	1	0.0132040305295537	0.0736355522951441	1	19472	1	1.71428571428571	singlet	A619	A619_Re1	A619_Re1	2.37445747919856	1.96540783222065	3_1
CB:Z:TGTAGCAGTAACTGAA-1_A619	CB:Z:TGTAGCAGTAACTGAA-1_A619	23648	11107	17203	717	0.0294274574184281	13004	4.11407696082409	0.469680311231394	0.727461096075778	0.0303196887686062	0.167494062853433	0.269401764672168	4.19425498078921	1	0.00638930413548976	0.060167333752492	1	17203	1	2.64285714285714	singlet	A619	A619_Re1	A619_Re1	-3.75717341832341	-0.843192831918142	3_2
CB:Z:AAGATAGAGGTCGTTT-1_A619	CB:Z:AAGATAGAGGTCGTTT-1_A619	23617	11322	19192	208	0.00873032528856243	12499	4.09687526805969	0.479400431892281	0.812634966337808	0.00880721514163526	0.19331156329046	0.503411971892693	4.17368524188906	1	0.01545423279294	0.068416164572046	1	19192	1	0.928571428571429	singlet	A619	A619_Re1	A619_Re1	-2.56832396916569	-1.72067429248943	3_2
CB:Z:CTACAGATCGGGCTCA-1_A619	CB:Z:CTACAGATCGGGCTCA-1_A619	23545	11012	18516	252	0.0105895701138799	12547	4.09853989799286	0.467700148651518	0.786409004034827	0.0107029093225738	0.162234575851689	0.431357680427508	4.17567580197869	1	0.0125938115586415	0.0663207540074259	1	18516	1	1.28571428571429	singlet	A619	A619_Re1	A619_Re1	-2.11567866734685	-1.60400988285198	3_2
CB:Z:GTGACATGTGGAGTGT-1_A619	CB:Z:GTGACATGTGGAGTGT-1_A619	23528	11061	18203	975	0.039791045994368	12623	4.10116258221484	0.470120707242435	0.773673920435226	0.0414399863991839	0.168663793621618	0.396368786028966	4.17881200086344	1	0.00156831441785773	0.0675965432524677	1	18203	1	2	singlet	A619	A619_Re1	A619_Re1	-3.70143949917973	-0.481612460061452	3_2
CB:Z:ACTCGGGCATAGCAGG-1_A619	CB:Z:ACTCGGGCATAGCAGG-1_A619	23516	9801	15163	1217	0.0492055148991226	13085	4.1167737269759	0.416780064636843	0.644795033168906	0.0517519986392244	0.0269863276902947	0.0422816109040019	4.19747976665053	1	0.0118932394517582	0.0534671868484113	1	15163	1	2	singlet	A619	A619_Re1	A619_Re1	-0.32663419775189	2.44102094943867	3_3
CB:Z:GCTGTTCTCGACGGAA-1_A619	CB:Z:GCTGTTCTCGACGGAA-1_A619	23403	10073	13523	291	0.0122815902760192	13124	4.11806622171401	0.430414904072128	0.57783190189292	0.0124343032944494	0.0632016675364083	-0.141695660268734	4.19902532845406	1	-0.00258898352001425	0.0403037630471472	1	13523	1	1.64285714285714	singlet	A619	A619_Re1	A619_Re1	2.09361732073604	-0.229186789437673	3_1
CB:Z:CCCTAACGTAGCATGG-1_A619	CB:Z:CCCTAACGTAGCATGG-1_A619	23325	9551	14390	686	0.028570238640623	13108	4.11753643271034	0.409474812433012	0.616934619506967	0.0294105037513398	0.00758293152424408	-0.0342632396965753	4.19839180815888	1	0.00566837597210676	0.057614428014711	1	14390	1	1.14285714285714	singlet	A619	A619_Re1	A619_Re1	0.727419257839312	-1.89658571903362	3_3
CB:Z:GAGCATTGTCCGCTTT-1_A619	CB:Z:GAGCATTGTCCGCTTT-1_A619	23142	11096	17726	538	0.0227195945945946	12654	4.10222783012313	0.479474548440066	0.76596664073978	0.0232477746089361	0.19350842339864	0.375193487629477	4.18008582150642	1	0.00206109436948421	0.0697268647426148	1	17726	1	1.14285714285714	singlet	A619	A619_Re1	A619_Re1	2.6706703908044	-0.142611281319997	3_1
CB:Z:CACCACTGTAAACGAT-1_A619	CB:Z:CACCACTGTAAACGAT-1_A619	23099	11747	17750	545	0.0230502453053629	12354	4.09180759700167	0.508550153686307	0.768431533832633	0.0235940949824668	0.270735803319164	0.381965636666036	4.16762533418563	1	0.00715779698746326	0.0601399872556917	1	17750	1	1.42857142857143	singlet	A619	A619_Re1	A619_Re1	-0.957989751617322	-1.10006977741375	3_2
CB:Z:TGAGCCGTCCGAGGAA-1_A619	CB:Z:TGAGCCGTCCGAGGAA-1_A619	22987	10384	15957	486	0.0207046393728965	12839	4.10853119885787	0.45173358855005	0.694174968460434	0.0211423848262061	0.119825979623433	0.177950083577105	4.18762337323698	1	0.00270162503885082	0.0557110005905282	1	15957	1	1.42857142857143	singlet	A619	A619_Re1	A619_Re1	3.12719118662654	1.20410273845539	3_1
CB:Z:CTAGGGCGTTCAGTAC-1_A619	CB:Z:CTAGGGCGTTCAGTAC-1_A619	22885	10537	16583	728	0.0308304747384915	12595	4.10019817183413	0.460432597771466	0.724623115577889	0.0318112300633603	0.142931317737119	0.261604579897594	4.17765876147035	1	0.00861217863458354	0.0563741483771947	1	16583	1	1.28571428571429	singlet	A619	A619_Re1	A619_Re1	2.20469009943782	-1.46237780277385	3_4
CB:Z:CTTCTAATCTTGGCCT-1_A619	CB:Z:CTTCTAATCTTGGCCT-1_A619	22826	11308	18518	819	0.0346373440473673	12201	4.08639542712425	0.495399982476124	0.811267852448962	0.035880136686235	0.235807785158647	0.499655906758649	4.16115347570131	1	0.00125143007406182	0.0656672088387156	1	18518	1	1.21428571428571	singlet	A619	A619_Re1	A619_Re1	-0.405300765554319	2.46462057407246	3_3
CB:Z:CAGGATTGTTAGGAAT-1_A619	CB:Z:CAGGATTGTTAGGAAT-1_A619	22741	9441	14813	1033	0.0434508286363254	12637	4.10164398549031	0.415153247438547	0.651378567345323	0.0454245635636076	0.0226653572833147	0.0603694844751713	4.17938766163228	1	0.00816979117243623	0.0482194811801385	1	14813	1	0.357142857142857	singlet	A619	A619_Re1	A619_Re1	-1.91339445046605	-1.44705559436931	3_2
CB:Z:ACATGCAGTTTGGATC-1_A619	CB:Z:ACATGCAGTTTGGATC-1_A619	22688	10383	18164	803	0.0341833042441786	12160	4.08493357493672	0.457642806770099	0.800599435825106	0.0353931593794076	0.13552138601818	0.470345058523349	4.15940539670583	1	0.00725082112773218	0.057969952129802	1	18164	1	1.92857142857143	singlet	A619	A619_Re1	A619_Re1	-1.0810134404105	-1.15366722767009	3_2
CB:Z:TTGACGACATGTAGAA-1_A619	CB:Z:TTGACGACATGTAGAA-1_A619	22685	10744	18536	222	0.00969136071943074	12118	4.08343094816051	0.473616927485122	0.817103813092352	0.0097862023363456	0.177950063904943	0.515689865944596	4.15760855956461	1	0.0162629023174458	0.0696992596200103	1	18536	1	1.92857142857143	singlet	A619	A619_Re1	A619_Re1	-0.245427399198423	2.76282070453511	3_3
CB:Z:TCTCAGCCAATGTGCT-1_A619	CB:Z:TCTCAGCCAATGTGCT-1_A619	22403	10550	15907	717	0.0310121107266436	12072	4.08177922676753	0.470919073338392	0.710038834084721	0.0320046422354149	0.170784324605789	0.221535122869523	4.15563343547336	1	0.000171261714806017	0.0561329888567199	1	15907	1	0.642857142857143	singlet	A619	A619_Re1	A619_Re1	3.02847349711238	0.678589089468577	3_1
CB:Z:AGGCGTCCAGATGGCA-1_A619	CB:Z:AGGCGTCCAGATGGCA-1_A619	22351	9970	17342	267	0.0118047572729684	12251	4.08817153986435	0.446065053017762	0.775893696031497	0.0119457742382891	0.104769847741137	0.40246748913672	4.16327734663783	1	0.00423474557287493	0.0592016911874441	1	17342	1	2.07142857142857	singlet	A619	A619_Re1	A619_Re1	-1.20336174897374	-1.35360075657024	3_2
CB:Z:CGCTGGAAGCGTCTGC-1_A619	CB:Z:CGCTGGAAGCGTCTGC-1_A619	22304	11244	18515	116	0.00517395182872435	12110	4.08314414314305	0.504124820659971	0.830120157819225	0.00520086083213773	0.258981727281699	0.551451508774948	4.15726559888015	1	0.00466418106195996	0.0648658243722713	1	18515	1	1.5	singlet	A619	A619_Re1	A619_Re1	0.931755960662951	-2.13362433139934	3_4
CB:Z:CGTAAACGTGCAGACA-1_A619	CB:Z:CGTAAACGTGCAGACA-1_A619	22139	10730	17024	737	0.0322171708340619	12212	4.08678679562662	0.484665070689733	0.768959754279778	0.0332896698134514	0.207294909711348	0.383416891327989	4.16162147312563	1	-0.0014444298753274	0.0580099172154212	1	17024	1	0.714285714285714	singlet	A619	A619_Re1	A619_Re1	3.05016028948604	0.336893303946116	3_1
CB:Z:AACTGGTAGAACCCGA-1_A619	CB:Z:AACTGGTAGAACCCGA-1_A619	22087	10226	16463	1065	0.0460003455425017	11738	4.06959410517756	0.462987277584099	0.745370579979173	0.0482184090188799	0.149716773337945	0.31860702006978	4.14106249917045	1	0.00945494213408987	0.0485716104369708	1	16463	1	2.57142857142857	singlet	A619	A619_Re1	A619_Re1	-2.13523232869328	-1.40324474994793	3_2
CB:Z:GCGAGAAGTGTTGTTG-1_A619	CB:Z:GCGAGAAGTGTTGTTG-1_A619	22080	10437	16506	212	0.00951013816615826	12014	4.07968762761134	0.472690217391304	0.747554347826087	0.00960144927536232	0.175488639907563	0.324606794000513	4.15313230671144	1	0.00713230699923672	0.0637861514921658	1	16506	1	1.28571428571429	singlet	A619	A619_Re1	A619_Re1	3.03954112597286	0.857781394079783	3_1
CB:Z:GGCGAAAAGCAATGTA-1_A619	CB:Z:GGCGAAAAGCAATGTA-1_A619	22056	10551	15985	410	0.0182497996973204	12314	4.09039914925546	0.478373231773667	0.72474610083424	0.0185890460645629	0.190583228896635	0.261942474667846	4.16594111608042	1	0.00337054985401822	0.0535901252415397	1	15985	1	1.85714285714286	singlet	A619	A619_Re1	A619_Re1	2.84931814738094	0.906093581274607	3_1
CB:Z:TTGTTGTAGGCTGGAT-1_A619	CB:Z:TTGTTGTAGGCTGGAT-1_A619	22044	10490	16579	987	0.0428552820112023	11977	4.07834804955536	0.475866448920341	0.75208673561967	0.0447740881872618	0.183924991857285	0.337059263326108	4.15153044280042	1	0.00543544522085413	0.060524472684406	1	16579	1	2.07142857142857	singlet	A619	A619_Re1	A619_Re1	-0.162848993460546	2.20131753261433	3_3
CB:Z:AACGTACGTGTGCTTA-1_A619	CB:Z:AACGTACGTGTGCTTA-1_A619	21972	10008	16883	709	0.0312596446364799	11823	4.07272768958527	0.455488803932277	0.768387038048425	0.032268341525578	0.12980016391128	0.381843387111672	4.14480963115164	1	0.00800143227078098	0.0620451923478004	1	16883	1	3.07142857142857	singlet	A619	A619_Re1	A619_Re1	-3.49724566868962	-1.37356211368694	3_2
CB:Z:CTCGCTATCCAACGCG-1_A619	CB:Z:CTCGCTATCCAACGCG-1_A619	21892	10507	15182	901	0.0395296801649629	11730	4.06929801211553	0.479947012607345	0.693495340763749	0.0411565868810524	0.194763330026939	0.176082846387521	4.14070843186676	1	0.00345614571280841	0.0513021010932796	1	15182	1	0.785714285714286	singlet	A619	A619_Re1	A619_Re1	2.235159993847	-0.34275795642986	3_1
CB:Z:GGTGCTGCAAGGCGTA-1_A619	CB:Z:GGTGCTGCAAGGCGTA-1_A619	21788	9874	15985	388	0.0174963924963925	11929	4.07660403858361	0.453185239581421	0.733660730677437	0.0178079676886359	0.123681693193702	0.286434896703889	4.14944495907395	1	0.00440201437148685	0.0575111173529554	1	15985	1	2.35714285714286	singlet	A619	A619_Re1	A619_Re1	-0.538753389636884	2.17589352901325	3_3
CB:Z:GGTAGGATCGCTATAG-1_A619	CB:Z:GGTAGGATCGCTATAG-1_A619	21773	10934	17274	643	0.0286848679514632	11651	4.06636320225849	0.50218160106554	0.793367932760759	0.0295319891608873	0.253820364117726	0.450476928480677	4.13719899396971	1	-0.00115151478965379	0.0547082570976987	1	17274	1	2.21428571428571	singlet	A619	A619_Re1	A619_Re1	-2.23030626706303	-1.84850098316326	3_2
CB:Z:GATGATCAGAGAATTC-1_A619	CB:Z:GATGATCAGAGAATTC-1_A619	21766	10216	16816	544	0.0243836844464366	12069	4.08167128729092	0.469355876137095	0.772581089773041	0.0249931085178719	0.166632334539446	0.393366297954533	4.15550436173153	1	0.00725346334717963	0.0614082939692255	1	16816	1	1.64285714285714	singlet	A619	A619_Re1	A619_Re1	2.61516869135677	-0.711799876138112	3_1
CB:Z:GTTGGGCGTAGGGTTG-1_A619	CB:Z:GTTGGGCGTAGGGTTG-1_A619	21702	9839	15033	270	0.0122883670125614	11887	4.07507226270612	0.453368353147175	0.69270113353608	0.0124412496544097	0.124168059024829	0.173900808664552	4.14761326551419	1	0.00265822332152352	0.0480949485662688	1	15033	1	1	singlet	A619	A619_Re1	A619_Re1	2.22825539179622	-1.28401877109661	3_4
CB:Z:GTCACTCCACCACGAC-1_A619	CB:Z:GTCACTCCACCACGAC-1_A619	21664	10639	17756	356	0.0161671207992734	11538	4.06213053462212	0.491091211225997	0.819608567208272	0.0164327917282127	0.224363307511283	0.522571530801432	4.13213758115856	1	0.0109570952455187	0.0664756419065911	1	17756	1	2.14285714285714	singlet	A619	A619_Re1	A619_Re1	-1.18732082776249	-1.24469019596233	3_2
CB:Z:TAACAGCGTATGCTAC-1_A619	CB:Z:TAACAGCGTATGCTAC-1_A619	21655	11651	16114	742	0.0331294369781667	11694	4.06796308950126	0.538028169014084	0.744123758947125	0.0342646040175479	0.349032020018407	0.315181452496311	4.13911213492067	1	-0.00415994702019083	0.0631589598182529	1	16114	1	1.07142857142857	singlet	A619	A619_Re1	A619_Re1	2.76011288233577	-0.0825145405973409	3_1
CB:Z:TCAGTTTTCACTAGCA-1_A619	CB:Z:TCAGTTTTCACTAGCA-1_A619	21643	9642	14337	615	0.0276305148710576	11952	4.07744058447132	0.445502009887724	0.662431271080719	0.0284156540220857	0.103274355374018	0.0907361389844713	4.1504452984431	1	-0.000267087909037495	0.0520693863409641	1	14337	1	2.14285714285714	singlet	A619	A619_Re1	A619_Re1	-3.18565571240605	-0.761698500558278	3_2
CB:Z:CATTCATTCCATACGA-1_A619	CB:Z:CATTCATTCCATACGA-1_A619	21562	10473	17718	546	0.0246969422833364	11299	4.05304000864275	0.485715610796772	0.821723402281792	0.0253223263148131	0.210085237179373	0.52838191598493	4.12126715413595	1	0.00745082751035531	0.0614396783117057	1	17718	1	2.21428571428571	singlet	A619	A619_Re1	A619_Re1	-2.12900841168583	-1.75103499118938	3_2
CB:Z:TTGCAGACATCACAAC-1_A619	CB:Z:TTGCAGACATCACAAC-1_A619	21536	11150	16590	447	0.0203338943729245	11556	4.06280753317216	0.517737741456166	0.770338038632987	0.0207559435364042	0.295138849283198	0.387203646656953	4.13294713424154	1	0.00215223861574079	0.0621488051530779	1	16590	1	2	singlet	A619	A619_Re1	A619_Re1	-3.04070508412541	-0.511692301675222	3_2
CB:Z:GTCCATCTCGTGGAAG-1_A619	CB:Z:GTCCATCTCGTGGAAG-1_A619	21489	8545	12582	614	0.0277790345202009	11556	4.06280753317216	0.397645306901205	0.585508865000698	0.0285727581553353	-0.0238372817521373	-0.120603654913702	4.13294713424154	1	0.00608940811167593	0.0432478845995373	1	12582	1	1.42857142857143	singlet	A619	A619_Re1	A619_Re1	-2.19083607129277	-1.12111260120525	3_2
CB:Z:CAGTATGCAATTCAGC-1_A619	CB:Z:CAGTATGCAATTCAGC-1_A619	21449	9870	16261	884	0.0395826803385125	11969	4.07805786697919	0.460161312881719	0.758123921861159	0.0412140426127092	0.142210761068746	0.353646078027067	4.15118344324014	1	0.00463930694720739	0.0520031450293414	1	16261	1	1.71428571428571	singlet	A619	A619_Re1	A619_Re1	-3.4651824229163	-1.14815022174968	3_2
CB:Z:TCAGTTTGTCACATTG-1_A619	CB:Z:TCAGTTTGTCACATTG-1_A619	21438	10254	15591	590	0.0267840929725804	11375	4.05595140532915	0.478309543800728	0.727260005597537	0.0275212239947756	0.190414068005885	0.268849280391033	4.12474859462522	1	0.00606660150171062	0.0592339614271677	1	15591	1	1.71428571428571	singlet	A619	A619_Re1	A619_Re1	1.96372306414424	-1.99106957142009	3_4
CB:Z:AGGCCCAGTTGGTAAA-1_A619	CB:Z:AGGCCCAGTTGGTAAA-1_A619	21425	10580	17438	466	0.0212872870129277	11222	4.05007026436744	0.493815635939323	0.813908984830805	0.0217502917152859	0.231599620586077	0.506912262893114	4.11771594175354	1	0.00265140348062009	0.0653215541675019	1	17438	1	2.07142857142857	singlet	A619	A619_Re1	A619_Re1	-0.97759985856236	-1.58585716907634	3_2
CB:Z:TTTGTGTTCCGCTATC-1_A619	CB:Z:TTTGTGTTCCGCTATC-1_A619	21340	8481	13793	909	0.0408557687985977	12239	4.08774593478473	0.397422680412371	0.646344892221181	0.0425960637300844	-0.0244285974027647	0.0465397576439542	4.16276840920462	1	0.00737119972641015	0.0478111617280737	1	13793	1	1	singlet	A619	A619_Re1	A619_Re1	-1.63738286427678	-1.32746531192913	3_2
CB:Z:ATTCGTTAGACGTCAG-1_A619	CB:Z:ATTCGTTAGACGTCAG-1_A619	21189	9949	16618	104	0.00488423425538909	11110	4.04571405894087	0.469536080041531	0.784274859596961	0.0049082070885837	0.167110972052688	0.425494243899295	4.11250680277826	1	0.00313673784129354	0.0644401849660287	1	16618	1	2.57142857142857	singlet	A619	A619_Re1	A619_Re1	0.341783881862749	-1.99351860706463	3_4
CB:Z:TGATGCAAGCACGTAG-1_A619	CB:Z:TGATGCAAGCACGTAG-1_A619	21157	10112	16785	1058	0.0476254782804411	11190	4.04883008652835	0.477950560098313	0.793354445337241	0.0500070898520584	0.189460575532146	0.450439872576529	4.11623294036007	1	0.00728433244285438	0.0551344062249909	1	16785	1	2.85714285714286	singlet	A619	A619_Re1	A619_Re1	-2.03975641659916	0.731353743628123	3_3
CB:Z:ACGGATTTCTCCCTTT-1_A619	CB:Z:ACGGATTTCTCCCTTT-1_A619	21092	9965	15881	392	0.0182461366598399	11531	4.06186697213856	0.472454010999431	0.752939503129148	0.0185852455907453	0.174861254833018	0.339402191984746	4.13182241383491	1	0.00750739491941006	0.0544771663618032	1	15881	1	2.71428571428571	singlet	A619	A619_Re1	A619_Re1	1.5780270106393	-2.04469515506878	3_4
CB:Z:CAAGCTAAGGCTCAGA-1_A619	CB:Z:CAAGCTAAGGCTCAGA-1_A619	21032	9233	14653	185	0.00871942310411463	11786	4.07136643675913	0.438997717763408	0.696700266260936	0.00879612019779384	0.0859983800419646	0.184888191001024	4.14318184860755	1	0.00399856572803009	0.0487432215544114	1	14653	1	1.42857142857143	singlet	A619	A619_Re1	A619_Re1	0.0305808342295784	2.41937230403767	3_3
CB:Z:GCATTGAGTTTGTCTT-1_A619	CB:Z:GCATTGAGTTTGTCTT-1_A619	20921	9313	15566	360	0.016916498284855	11445	4.05861579701056	0.445150805410831	0.744037091917212	0.0172075904593471	0.102341525211514	0.314943339920626	4.12793466718012	1	0.0108174170704778	0.0568923769960733	1	15566	1	1.57142857142857	singlet	A619	A619_Re1	A619_Re1	-2.86708891324223	-1.60623814289226	3_2
CB:Z:ACTTCCGAGGGATCCA-1_A619	CB:Z:ACTTCCGAGGGATCCA-1_A619	20894	9549	17250	575	0.026782803111463	11078	4.04446136081066	0.457021154398392	0.825595864841581	0.027519862161386	0.133870222319894	0.539021279480826	4.11100882965364	1	0.00755949703579696	0.053818784119692	1	17250	1	1.5	singlet	A619	A619_Re1	A619_Re1	-1.94438421658696	-1.43879963581218	3_2
CB:Z:GCAAAGGGTAACAATG-1_A619	CB:Z:GCAAAGGGTAACAATG-1_A619	20867	9794	16861	469	0.0219816272965879	11481	4.05997971694416	0.469353524704078	0.808022236066516	0.0224756793022476	0.166626088925317	0.490738766327225	4.12956563904429	1	0.00623026225057262	0.0604005086546493	1	16861	1	2.28571428571429	singlet	A619	A619_Re1	A619_Re1	-2.04848778180302	-1.65643288318767	3_2
CB:Z:CTTGCCAGTGCATTGT-1_A619	CB:Z:CTTGCCAGTGCATTGT-1_A619	20705	9353	13873	981	0.045236558148114	11447	4.05869168281923	0.451726636078242	0.670031393383241	0.0473798599372132	0.11980751324321	0.111617028739076	4.12802541123025	1	0.00602582527390242	0.0510534742908045	1	13873	1	1.92857142857143	singlet	A619	A619_Re1	A619_Re1	0.800753296096911	-2.02234198276653	3_4
CB:Z:CTTGCCATCCATTGTT-1_A619	CB:Z:CTTGCCATCCATTGTT-1_A619	20702	9770	15563	684	0.0319835406340597	11207	4.04948937193356	0.471935078736354	0.751763114674911	0.0330402859627089	0.173482924831139	0.33617013378308	4.11702131211112	1	0.00512326465730235	0.0490574952929469	1	15563	1	2.57142857142857	singlet	A619	A619_Re1	A619_Re1	-2.13297450474919	-1.12730385486736	3_2
CB:Z:CATTCATAGTGAGTGC-1_A619	CB:Z:CATTCATAGTGAGTGC-1_A619	20564	8946	13606	924	0.0430007446016381	11412	4.05736176298504	0.435032094923167	0.661641703948648	0.0449328924333787	0.0754653349303955	0.0885668496516981	4.1264350965954	1	0.00330837658734384	0.0514785330843247	1	13606	1	2.57142857142857	singlet	A619	A619_Re1	A619_Re1	-3.63243734769047	-0.653404013558767	3_2
CB:Z:CCTAAAGAGAGCTACG-1_A619	CB:Z:CCTAAAGAGAGCTACG-1_A619	20292	9996	17090	665	0.0317316409791478	10776	4.03245758271493	0.492607924305145	0.842203824167159	0.0327715355805243	0.228391831636638	0.584650672525105	4.09665474342351	1	0.00905093277023992	0.0628349743856063	1	17090	1	1.92857142857143	singlet	A619	A619_Re1	A619_Re1	-1.26011753014744	-1.85033871357097	3_2
CB:Z:TTGCTATGTCAGGTGA-1_A619	CB:Z:TTGCTATGTCAGGTGA-1_A619	20210	9440	14897	904	0.0428151937103344	10744	4.03116599966066	0.467095497278575	0.737110341415141	0.04473033151905	0.160628568310236	0.295912499648041	4.09511027180911	1	0.00726935253566277	0.0514367665923196	1	14897	1	1.14285714285714	singlet	A619	A619_Re1	A619_Re1	1.14872586794673	-1.95218540851726	3_4
CB:Z:GCGCATGTCTATACCT-1_A619	CB:Z:GCGCATGTCTATACCT-1_A619	20209	9887	15903	248	0.0121229896856822	10495	4.02098244291842	0.489237468454649	0.786926616853877	0.0122717601068831	0.219439602705643	0.432779791254141	4.0829328014792	1	0.0057134447847644	0.0580562160796842	1	15903	1	2.42857142857143	singlet	A619	A619_Re1	A619_Re1	-0.796348392288099	2.19998453433857	3_3
CB:Z:GGGACCTAGGCTAAAT-1_A619	CB:Z:GGGACCTAGGCTAAAT-1_A619	20204	9524	15461	291	0.0141985850207368	11130	4.04649516433471	0.471391803603247	0.765244506038408	0.0144030884973273	0.17203993801279	0.373209464940484	4.11344084655086	1	0.0061660206542881	0.0550101979938212	1	15461	1	1.5	singlet	A619	A619_Re1	A619_Re1	2.30197632380306	2.12861274059162	3_1
CB:Z:GTCCATCTCAGATACC-1_A619	CB:Z:GTCCATCTCAGATACC-1_A619	20160	8725	15775	990	0.0468085106382979	10901	4.0374663396435	0.432787698412698	0.782490079365079	0.0491071428571429	0.0695040192316057	0.42059066501271	4.10264420176613	1	0.0133650948189914	0.0556578862958814	1	15775	1	1.57142857142857	singlet	A619	A619_Re1	A619_Re1	-1.905908822338	-1.4243118924345	3_2
CB:Z:GACCTTCAGTCGAGCA-1_A619	CB:Z:GACCTTCAGTCGAGCA-1_A619	20074	10210	15639	473	0.0230203922713778	10998	4.04131371534586	0.508618112981967	0.779067450433396	0.0235628175749726	0.270916309220954	0.411187192996256	4.10724488349741	1	0.00457223804813216	0.0645890816091142	1	15639	1	1.71428571428571	singlet	A619	A619_Re1	A619_Re1	2.91222202845394	1.18499992664204	3_1
CB:Z:TTGCGAATCGTGAGTT-1_A619	CB:Z:TTGCGAATCGTGAGTT-1_A619	19987	8778	12987	656	0.0317783267935862	11075	4.04434373489511	0.439185470555861	0.649772352028819	0.0328213338670136	0.0864970680696471	0.0559565022084304	4.11086817289363	1	0.00583723703742571	0.0467221135528081	1	12987	1	1.14285714285714	singlet	A619	A619_Re1	A619_Re1	-1.56502652100743	-0.972075240060231	3_2
CB:Z:CTTCCAGTCCGTTTCG-1_A619	CB:Z:CTTCCAGTCCGTTTCG-1_A619	19881	10003	16242	995	0.0476623874305422	10430	4.01828430842653	0.503143705045018	0.81696091745888	0.0500477843166843	0.256375797406799	0.515297268582321	4.07970637936042	1	0.00771443915659647	0.0564777309189867	1	16242	1	2.21428571428571	singlet	A619	A619_Re1	A619_Re1	-0.861495971004377	-0.884793059274099	3_3
CB:Z:CGCTATCAGGCCTCGT-1_A619	CB:Z:CGCTATCAGGCCTCGT-1_A619	19872	9119	15340	720	0.034965034965035	10943	4.0391363992221	0.458886876006441	0.771940418679549	0.036231884057971	0.138825743975608	0.391606091744731	4.10464125461144	1	0.0098026013750271	0.0581497854451253	1	15340	1	2.21428571428571	singlet	A619	A619_Re1	A619_Re1	-1.71461284093083	0.970096333578685	3_3
CB:Z:TAACAGCAGCATACCT-1_A619	CB:Z:TAACAGCAGCATACCT-1_A619	19814	8675	12282	862	0.0416908492938673	11112	4.04579223272956	0.437821742202483	0.619864742101544	0.0435045927122237	0.0828748849108513	-0.0262128999218391	4.11260028278887	1	0.00202075418578418	0.0415460736035312	1	12282	1	1.5	singlet	A619	A619_Re1	A619_Re1	0.267400444229235	-0.462620036050222	3_1
CB:Z:GACCGACAGACCCATT-1_A619	CB:Z:GACCGACAGACCCATT-1_A619	19791	9723	15562	581	0.0285195366188887	10494	4.02094105986232	0.491283916931939	0.786317012783588	0.029356778333586	0.224875150915387	0.431104939866364	4.08288331572972	1	0.004392878338851	0.0543658862182362	1	15562	1	2.57142857142857	singlet	A619	A619_Re1	A619_Re1	-2.93600404195012	-1.38266445819988	3_2
CB:Z:GGGTCTGGTAAACGGC-1_A619	CB:Z:GGGTCTGGTAAACGGC-1_A619	19757	9817	15574	815	0.039616955084581	10794	4.03318241372919	0.496887179227616	0.788277572505947	0.0412512021055828	0.239757911306369	0.436491462581441	4.09752149444123	1	0.00564860712082651	0.051977932673702	1	15574	1	2.21428571428571	singlet	A619	A619_Re1	A619_Re1	0.279748619278063	2.50628898914204	3_3
CB:Z:CTGCTCACAACTCGTA-1_A619	CB:Z:CTGCTCACAACTCGTA-1_A619	19732	10049	12613	607	0.0298441417965485	10405	4.01724208454765	0.509274275288871	0.639215487532941	0.0307622136630853	0.272659134360299	0.026952136894523	4.07846009079116	1	1.66427247591291e-05	0.0500187510768231	1	12613	1	1.28571428571429	singlet	A619	A619_Re1	A619_Re1	2.45967233248531	-0.119011656686208	3_1
CB:Z:AGACAAATCGCTATTT-1_A619	CB:Z:AGACAAATCGCTATTT-1_A619	19664	9884	15643	432	0.0214968152866242	10436	4.01853407042818	0.502644426362897	0.795514646053702	0.0219690805532954	0.255049669054737	0.456374897200183	4.08000504410415	1	0.00213196183233945	0.0564265396039383	1	15643	1	1.64285714285714	singlet	A619	A619_Re1	A619_Re1	-2.79116475514592	-1.51968313877239	3_2
CB:Z:TTGAGTGTCTTCACTA-1_A619	CB:Z:TTGAGTGTCTTCACTA-1_A619	19182	8350	14058	640	0.0322873574815861	10406	4.01728382156002	0.435303930768429	0.73287456990929	0.0333646126576999	0.0761873549853617	0.284274966155978	4.07850999980062	1	0.00286126372412129	0.0433293773341545	1	14058	1	3.07142857142857	singlet	A619	A619_Re1	A619_Re1	1.51976430483638	-2.06620003406658	3_4
CB:Z:GTGCTGGCACAGTTCA-1_A619	CB:Z:GTGCTGGCACAGTTCA-1_A619	19090	8186	11505	585	0.0297331639135959	10779	4.03257847192431	0.428810895756941	0.602671555788371	0.0306443163960189	0.0589412795409213	-0.0734501697505938	4.09679930242168	1	0.00175193292357111	0.0391645817772581	1	11505	1	1.57142857142857	singlet	A619	A619_Re1	A619_Re1	2.35815060206233	0.961827500418284	3_1
CB:Z:GCTCAGGGTTCTTTCA-1_A619	CB:Z:GCTCAGGGTTCTTTCA-1_A619	19079	9327	15869	935	0.046717297891476	10101	4.00436437110775	0.488862099690759	0.831752188269825	0.0490067613606583	0.218442590059004	0.555935416606777	4.06306095497834	1	0.00785221431695941	0.0600651171587577	1	15869	1	1.71428571428571	singlet	A619	A619_Re1	A619_Re1	-1.15785598687352	-1.35414578144207	3_3
CB:Z:CGCAGGTTCTAGCTGA-1_A619	CB:Z:CGCAGGTTCTAGCTGA-1_A619	18952	8684	15660	966	0.0484988452655889	10098	4.00423536635947	0.458210215280709	0.826298016040523	0.0509708737864078	0.137028473222314	0.540950398670304	4.06290669144012	1	0.0146121605186286	0.0647971767242436	1	15660	1	1.28571428571429	singlet	A619	A619_Re1	A619_Re1	-1.95674645833195	-1.64014174167766	3_2
CB:Z:ATTTGTCAGTCCGATT-1_A619	CB:Z:ATTTGTCAGTCCGATT-1_A619	18901	9271	15340	545	0.0280263293222257	10191	4.00821680158969	0.490503147981588	0.811597269985715	0.0288344532035342	0.222801359506809	0.50056096209781	4.06766768120173	1	0.00235280442313935	0.055177056967135	1	15340	1	1.21428571428571	singlet	A619	A619_Re1	A619_Re1	-0.297103732149015	2.3951346712862	3_3
CB:Z:AACCTGAAGTTGCGCC-1_A619	CB:Z:AACCTGAAGTTGCGCC-1_A619	18810	9011	13914	612	0.0315106580166821	10502	4.02127201395104	0.479053694843169	0.739712918660287	0.0325358851674641	0.192390599011383	0.303062927808349	4.08327906975731	1	0.00578812375231733	0.056707381383355	1	13914	1	2.57142857142857	singlet	A619	A619_Re1	A619_Re1	-3.54358708790959	-0.721125380441091	3_2
CB:Z:AGCTGGCTCTATCCTA-1_A619	CB:Z:AGCTGGCTCTATCCTA-1_A619	18698	8059	13518	481	0.0250795140518275	10301	4.01287938717129	0.431008664028238	0.722965022997112	0.0257246764359825	0.0647787465111647	0.257049067893444	4.07324318875942	1	0.0072507658847828	0.0479115406817373	1	13518	1	0.714285714285714	singlet	A619	A619_Re1	A619_Re1	-1.79368019036473	-1.28425480548992	3_2
CB:Z:ATTGTGGAGAGCCACA-1_A619	CB:Z:ATTGTGGAGAGCCACA-1_A619	18462	8653	15140	864	0.0447066128531512	9845	3.99321572047414	0.468692449355433	0.820062831762539	0.0467988300292493	0.16487021431244	0.523819595990321	4.04972942791508	1	0.0103254374142102	0.0584278148024414	1	15140	1	2.21428571428571	singlet	A619	A619_Re1	A619_Re1	-1.67346310548009	-1.80847717945232	3_2
CB:Z:CTCTAGCCAAACGACG-1_A619	CB:Z:CTCTAGCCAAACGACG-1_A619	18450	9037	13389	624	0.0327146901541365	9993	3.99969588741084	0.489810298102981	0.725691056910569	0.0338211382113821	0.220961088931186	0.264538686000685	4.05747839446989	1	0.00426016990358237	0.0470256576284718	1	13389	1	2.35714285714286	singlet	A619	A619_Re1	A619_Re1	-0.624044298450361	-0.614865080758474	3_3
CB:Z:TTACCCGGTTTGCCAA-1_A619	CB:Z:TTACCCGGTTTGCCAA-1_A619	18281	8396	14013	531	0.0282266638315969	10129	4.00556657113329	0.459274656747443	0.766533559433291	0.0290465510639462	0.139855723931574	0.376751063451	4.06449854260241	1	0.00752135123652895	0.0574995357685267	1	14013	1	1.42857142857143	singlet	A619	A619_Re1	A619_Re1	-1.21102797917546	-1.29889847461834	3_2
CB:Z:TGTAAGCGTAGAGAGA-1_A619	CB:Z:TGTAAGCGTAGAGAGA-1_A619	18202	8736	12879	461	0.024701280608691	10226	4.00970578839052	0.479947258543017	0.707559608834194	0.0253268871552577	0.194763983253843	0.214723597071325	4.06944820769631	1	-0.00292663633857997	0.0427171758542462	1	12879	1	1.07142857142857	singlet	A619	A619_Re1	A619_Re1	2.24057829447566	1.11991260822163	3_1
CB:Z:CTCACCATCCACCTAC-1_A619	CB:Z:CTCACCATCCACCTAC-1_A619	18181	8710	13748	161	0.00877766873841457	10007	4.00030389978481	0.47907155822012	0.756174027831252	0.00885539849293218	0.192438045720981	0.348288858675724	4.05820545406524	1	0.00215103582968499	0.0530143780885717	1	13748	1	1.85714285714286	singlet	A619	A619_Re1	A619_Re1	-2.89828979901494	-1.46401907627239	3_2
CB:Z:TGTGGCGCACCGTTGG-1_A619	CB:Z:TGTGGCGCACCGTTGG-1_A619	18173	8424	13161	414	0.0222736321084629	10302	4.01292154554456	0.46354481923733	0.724206240026413	0.0227810488086722	0.151197653295934	0.260459238798426	4.07329360163114	1	-0.000231335760950989	0.0466838436436423	1	13161	1	2.07142857142857	singlet	A619	A619_Re1	A619_Re1	-1.78687810830296	-1.21307017032757	3_2
CB:Z:GCGATTACATAAAGTG-1_A619	CB:Z:GCGATTACATAAAGTG-1_A619	18143	8646	14191	488	0.0261929042992861	9831	3.99259769610204	0.476547428760403	0.782174943504382	0.0268974260045197	0.185733734560362	0.419724847739906	4.04899039599874	1	0.00382494512717371	0.0572687394008809	1	14191	1	0.571428571428571	singlet	A619	A619_Re1	A619_Re1	-2.45461189679326	-1.24658991520061	3_2
CB:Z:TAGGTCATCCTGTAGA-1_A619	CB:Z:TAGGTCATCCTGTAGA-1_A619	17870	8778	13649	745	0.0400214880472737	9581	3.98141084016589	0.491214325685506	0.763794068270845	0.0416899832120873	0.224690310407963	0.369224472342358	4.03561318313535	1	0.000403657379342871	0.0507403347939436	1	13649	1	2.14285714285714	singlet	A619	A619_Re1	A619_Re1	1.09624934264003	-2.0365150136198	3_4
CB:Z:TGCGTAACATAGCCGC-1_A619	CB:Z:TGCGTAACATAGCCGC-1_A619	17869	7855	11469	751	0.0403329752953813	9926	3.9967742708613	0.439588113492641	0.641837819687727	0.0420280933460182	0.0875665233324919	0.0341568405090782	4.0539847330952	1	0.00179345419792089	0.0475285928170985	1	11469	1	1.71428571428571	singlet	A619	A619_Re1	A619_Re1	-2.93544709614934	-0.956207529946706	3_2
CB:Z:TGGCAATGTTAGGAGC-1_A619	CB:Z:TGGCAATGTTAGGAGC-1_A619	17811	8190	13448	700	0.0378153530333315	9680	3.98587535730839	0.459828196058615	0.755039020829824	0.0393015552186851	0.14132597331496	0.345170493585775	4.04095184097527	1	0.00217218592431495	0.0489531136522711	1	13448	1	3.35714285714286	singlet	A619	A619_Re1	A619_Re1	-2.89277470044316	-1.568965212747	3_2
CB:Z:TACATGGTCGAGAAGC-1_A619	CB:Z:TACATGGTCGAGAAGC-1_A619	17730	7610	12535	931	0.0498901452226569	9720	3.98766626492627	0.429216018048505	0.706993795826283	0.0525098702763677	0.0600173201894293	0.213169059056064	4.04309340358766	1	0.00883791208104992	0.0447352024225335	1	12535	1	1.71428571428571	singlet	A619	A619_Re1	A619_Re1	-3.4478119604987	-1.15773035709514	3_2
CB:Z:CCACAGGTCGTGCTTC-1_A619	CB:Z:CCACAGGTCGTGCTTC-1_A619	17636	9206	14107	390	0.0216354155109287	9517	3.97850006931146	0.5220004536176	0.799897936039918	0.0221138580176911	0.306460989916038	0.468417729054912	4.0321324910143	1	-0.00227881300191715	0.0540712065936761	1	14107	1	2	singlet	A619	A619_Re1	A619_Re1	-3.47305285863102	-0.00352551166667681	3_2
CB:Z:TTGCTATCAAGCTTTG-1_A619	CB:Z:TTGCTATCAAGCTTTG-1_A619	17354	8114	12685	621	0.034547983310153	9430	3.97451169273733	0.467557911720641	0.730955399331566	0.0357842572317621	0.161856781979245	0.279002157685457	4.02736320081194	1	0.0050603351677391	0.047143735854348	1	12685	1	1.92857142857143	singlet	A619	A619_Re1	A619_Re1	1.38164818354427	-2.10894562427654	3_4
CB:Z:GCGGGTTAGTTATGAG-1_A619	CB:Z:GCGGGTTAGTTATGAG-1_A619	17322	8230	14174	826	0.0455146572625083	9098	3.95894593249394	0.475118346611246	0.818265789169842	0.0476850248239233	0.181937965937974	0.518882326987427	4.00874970571154	1	0.00646079317397116	0.0497083791212829	1	14174	1	1.5	singlet	A619	A619_Re1	A619_Re1	-0.925631820480238	-0.889094607278249	3_3
CB:Z:TACTGCCGTCAGGCTC-1_A619	CB:Z:TACTGCCGTCAGGCTC-1_A619	17234	8114	12670	389	0.0220734267718323	9381	3.9722491359626	0.470813508181502	0.735174654752234	0.0225716606707671	0.170503934209493	0.290594314203287	4.02465764138006	1	0.00480800555859009	0.0423365658334433	1	12670	1	3.35714285714286	singlet	A619	A619_Re1	A619_Re1	-3.09674870900334	-0.884817854806325	3_2
CB:Z:TTGACGACAAGCGTCC-1_A619	CB:Z:TTGACGACAAGCGTCC-1_A619	17061	8482	14245	818	0.0457519995525477	9257	3.96647026372928	0.497157259246234	0.834945196647324	0.0479456069398042	0.240475267730428	0.5647080196337	4.01774728118443	1	0.0114480765195574	0.0599600084162378	1	14245	1	1.57142857142857	singlet	A619	A619_Re1	A619_Re1	-1.06562626294316	-1.03595472995891	3_3
CB:Z:TGATCAGTCGTTCAGA-1_A619	CB:Z:TGATCAGTCGTTCAGA-1_A619	16793	8100	13850	154	0.00908715406856671	9081	3.95813367567624	0.482343833740249	0.824748407074376	0.00917048770320967	0.201129499008279	0.536692939027302	4.00777841114833	1	0.0126647243034392	0.0568295991859837	1	13850	1	1.5	singlet	A619	A619_Re1	A619_Re1	-1.15854167870701	1.59233330066548	3_3
CB:Z:TTGTCTAGTTTCGACA-1_A619	CB:Z:TTGTCTAGTTTCGACA-1_A619	16782	8490	12989	719	0.041083366664762	9363	3.971415023385	0.505899177690383	0.773984030508879	0.0428435228220713	0.263694576535969	0.397220795246973	4.02366021175673	1	0.00743649974451754	0.0549288110824313	1	12989	1	1.28571428571429	singlet	A619	A619_Re1	A619_Re1	1.99247634478389	-1.61030747120037	3_4
CB:Z:GAGTGAGGTTCTTTCA-1_A619	CB:Z:GAGTGAGGTTCTTTCA-1_A619	16767	8298	13613	343	0.0200467562828755	9121	3.96004245572684	0.494900697799249	0.811892407705612	0.0204568497644182	0.234481640883988	0.501371835653036	4.01006092530531	1	0.00452394316027469	0.0542298654405476	1	13613	1	2.07142857142857	singlet	A619	A619_Re1	A619_Re1	-0.835621713916669	-0.529255644723317	3_2
CB:Z:ATTACTCCACTCGTGG-1_A619	CB:Z:ATTACTCCACTCGTGG-1_A619	16765	8525	13691	473	0.0274393781181111	9048	3.9565525919174	0.508499850879809	0.816641813301521	0.0282135401133313	0.2706021946147	0.514420548647454	4.00588775535393	1	0.00398007585417089	0.0528957366365963	1	13691	1	1.78571428571429	singlet	A619	A619_Re1	A619_Re1	-0.175177111546407	2.75993548210011	3_3
CB:Z:TCCGACTTCTTGTGCC-1_A619	CB:Z:TCCGACTTCTTGTGCC-1_A619	16525	8002	12805	662	0.0385174841449933	9177	3.96270073170434	0.484236006051437	0.774886535552194	0.0400605143721634	0.206155276071686	0.399700374859288	4.01323968471757	1	0.00414967235721934	0.0520722905287619	1	12805	1	2.07142857142857	singlet	A619	A619_Re1	A619_Re1	-3.22375285557927	-1.14471651737346	3_2
CB:Z:CCTTAATTCTCCACTG-1_A619	CB:Z:CCTTAATTCTCCACTG-1_A619	16427	7454	12465	586	0.0344442485158408	9070	3.9576072870601	0.453765142752785	0.758811712424667	0.035672977415231	0.125221967322229	0.355535742213931	4.00714895702761	1	0.00514745557946666	0.0516490229757571	1	12465	1	1.5	singlet	A619	A619_Re1	A619_Re1	-1.21490013531865	-1.45335604374065	3_2
CB:Z:ACTTTCAAGTCTTAGC-1_A619	CB:Z:ACTTTCAAGTCTTAGC-1_A619	16247	7967	13450	536	0.0319370791872728	8897	3.94924359056827	0.490367452452761	0.827845140641349	0.032990705976488	0.222440940176943	0.545201032665465	3.99714767079181	1	0.0163408312387641	0.0580301508516599	1	13450	1	1.92857142857143	singlet	A619	A619_Re1	A619_Re1	0.407028198917498	-1.96704508487835	3_3
CB:Z:GGTCATACACGGTTAT-1_A619	CB:Z:GGTCATACACGGTTAT-1_A619	16109	6463	9760	743	0.0440897222881557	8970	3.95279244304409	0.401204295735303	0.605872493637097	0.0461232851201192	-0.0143842925367426	-0.0646557809670842	4.00139137923509	1	7.24544271531614e-07	0.0391875275401906	1	9760	1	2.21428571428571	singlet	A619	A619_Re1	A619_Re1	-0.650896250526319	-0.0932314557279561	3_2
CB:Z:TTTGTGTCATAGCCGC-1_A619	CB:Z:TTTGTGTCATAGCCGC-1_A619	15828	7413	12759	721	0.0435675871653876	8812	3.94507448847873	0.468347232752085	0.806103108415466	0.0455521859994946	0.163953288471831	0.485466075795219	3.99216226949414	1	0.00602172817688202	0.0522456063734373	1	12759	1	1.14285714285714	singlet	A619	A619_Re1	A619_Re1	-0.859632729808698	2.01711843784199	3_3
CB:Z:GCAGATTTCAGTACAC-1_A619	CB:Z:GCAGATTTCAGTACAC-1_A619	15825	6624	10384	567	0.0345900439238653	9091	3.95861165776488	0.418578199052133	0.656176935229068	0.0358293838862559	0.0317623317824435	0.0735527184804006	4.00834998087098	1	0.00646556255847786	0.0432570973723459	1	10384	1	2	singlet	A619	A619_Re1	A619_Re1	-0.215475692669759	-0.831560389443776	3_4
CB:Z:TTGTCTAAGTCATCTG-1_A619	CB:Z:TTGTCTAAGTCATCTG-1_A619	15755	7110	11071	826	0.049816054520234	8827	3.94581312658734	0.451285306251983	0.702697556331323	0.0524278006981911	0.11863530217919	0.201365393314544	3.99304553099892	1	0.0109432110918439	0.0446125969331163	1	11071	1	1.57142857142857	singlet	A619	A619_Re1	A619_Re1	-0.429557352582822	2.41804359729634	3_3
CB:Z:CTCAGCTTCGATATGC-1_A619	CB:Z:CTCAGCTTCGATATGC-1_A619	15664	7771	8629	343	0.0214281251952271	8318	3.92001891602891	0.496105720122574	0.55088100102145	0.0218973442288049	0.237682286785872	-0.215741677883175	3.96220088195251	1	-0.00358452546205701	0.0357356795196808	1	8629	1	2.14285714285714	singlet	A619	A619_Re1	A619_Re1	-2.5002325766486	-0.309049384042165	3_2
CB:Z:TCTATTGCAGTTGGAG-1_A619	CB:Z:TCTATTGCAGTTGGAG-1_A619	15589	7679	12981	692	0.0425035317240956	8475	3.92813970687512	0.492590929501572	0.832702546667522	0.0443902751940471	0.228346691934778	0.558546470500355	3.97191170225706	1	0.00743704303618819	0.0560267844563243	1	12981	1	1.71428571428571	singlet	A619	A619_Re1	A619_Re1	1.131675244053	-2.19536377613201	3_4
CB:Z:GAACCTACAAAGACGC-1_A619	CB:Z:GAACCTACAAAGACGC-1_A619	15533	7449	10072	63	0.0040394973070018	8864	3.94762974738435	0.47955964720273	0.64842593188695	0.00405588102748986	0.193734453241161	0.05225729192909	3.99521784136319	1	0.0010637237054288	0.0384428790894355	1	10072	1	2.07142857142857	singlet	A619	A619_Re1	A619_Re1	2.13128674097835	-0.723426596566579	3_1
CB:Z:GCAACCGCACCTGTGG-1_A619	CB:Z:GCAACCGCACCTGTGG-1_A619	15441	8116	12888	271	0.0172479633401222	8419	3.92526050951944	0.525613626060488	0.834660967553915	0.0175506767696393	0.316057895590129	0.563927116889205	3.96846876564264	1	-0.00147396908635484	0.0502019220827758	1	12888	1	2.21428571428571	singlet	A619	A619_Re1	A619_Re1	-0.921449064533124	-0.396791712685964	3_2
CB:Z:TTATGTCTCGATATGC-1_A619	CB:Z:TTATGTCTCGATATGC-1_A619	15069	7114	12571	324	0.0210485285519392	8300	3.91907809237607	0.472095029530825	0.834229212290132	0.0215010949631694	0.173907768292473	0.562740894654199	3.96107584750648	1	0.00884218101278992	0.0567692687711562	1	12571	1	1.28571428571429	singlet	A619	A619_Re1	A619_Re1	-1.90423726967991	-1.6992027920927	3_2
CB:Z:GCCCAGAGTAACCATC-1_A619	CB:Z:GCCCAGAGTAACCATC-1_A619	14995	6860	11143	272	0.0178162048863562	8409	3.92474435247995	0.457485828609537	0.743114371457152	0.0181393797932644	0.135104438135504	0.312408219637833	3.96785154641433	1	0.00175435445361925	0.0435979436188887	1	11143	1	1.07142857142857	singlet	A619	A619_Re1	A619_Re1	-0.442450194875608	1.89961884792195	3_3
CB:Z:CGCTATCCAGCAACGA-1_A619	CB:Z:CGCTATCCAGCAACGA-1_A619	14950	7041	12582	730	0.0465561224489796	8370	3.92272545799326	0.470969899665552	0.841605351170569	0.0488294314381271	0.170919323827449	0.583006403108707	3.96543735770471	1	0.00661901137177867	0.0630411352962682	1	12582	1	1.5	singlet	A619	A619_Re1	A619_Re1	-0.478230982343565	2.50511632736073	3_3
CB:Z:CCCGTTAGTGAAACAT-1_A619	CB:Z:CCCGTTAGTGAAACAT-1_A619	14920	6260	9677	727	0.0464625806863936	8520	3.9304395947667	0.419571045576408	0.648592493297587	0.0487265415549598	0.0343994199903615	0.0527149096244952	3.97466190214013	1	0.00227754120147765	0.0384457141321749	1	9677	1	1.78571428571429	singlet	A619	A619_Re1	A619_Re1	-0.319745688955198	2.51117728526936	3_3
CB:Z:GTAATCGTCTTGTCGC-1_A619	CB:Z:GTAATCGTCTTGTCGC-1_A619	14853	6619	10488	614	0.0396974203142174	8401	3.92433098470868	0.445633878677708	0.706119975762472	0.0413384501447519	0.103624610546956	0.210768289740583	3.96735724232222	1	0.0114958378208686	0.0470141825881355	1	10488	1	1.28571428571429	singlet	A619	A619_Re1	A619_Re1	-1.89033615521611	-1.38281752292766	3_2
CB:Z:GTGCTGGCAGTAGTTC-1_A619	CB:Z:GTGCTGGCAGTAGTTC-1_A619	14787	7238	11564	738	0.047536231884058	8138	3.91051768551727	0.489484006221681	0.782038276864814	0.0499087035909921	0.220094428826651	0.419349364172621	3.95083933553197	1	0.0129735037923937	0.052041047139301	1	11564	1	1.42857142857143	singlet	A619	A619_Re1	A619_Re1	-1.99286305836857	-1.60006548587932	3_2
CB:Z:GCGAGTCAGCTAGTTC-1_A619	CB:Z:GCGAGTCAGCTAGTTC-1_A619	14656	6381	10385	738	0.0479407561387554	8368	3.9226216715232	0.435384825327511	0.708583515283843	0.0503548034934498	0.0764022180912141	0.217536719918974	3.96531325011718	1	0.000844177284092088	0.0460694883986706	1	10385	1	1.28571428571429	singlet	A619	A619_Re1	A619_Re1	-0.159838154236684	2.6894713478838	3_3
CB:Z:GAGCATTAGGTGATGC-1_A619	CB:Z:GAGCATTAGGTGATGC-1_A619	14628	7172	10740	302	0.0202277294038848	8132	3.910197369966	0.490292589554279	0.734208367514356	0.0206453377085042	0.222242097695282	0.287939496756637	3.95045630303944	1	0.00195152755573771	0.0396798567022364	1	10740	1	1.78571428571429	singlet	A619	A619_Re1	A619_Re1	1.37479233809291	-1.9680450123991	3_4
CB:Z:AGTGCCGCAGCTGATT-1_A619	CB:Z:AGTGCCGCAGCTGATT-1_A619	14556	6514	11206	207	0.0140215403373298	8187	3.91312479038956	0.447513053036548	0.769854355592196	0.0142209398186315	0.108615863898968	0.385874755903763	3.9539569046714	1	0.00777391316892354	0.0496077325078912	1	11206	1	2.28571428571429	singlet	A619	A619_Re1	A619_Re1	-3.17832648686589	-1.11443831150188	3_2
CB:Z:AGACAAAGTTGGCTTA-1_A619	CB:Z:AGACAAAGTTGGCTTA-1_A619	14519	6549	10435	736	0.0482464765650606	8241	3.91597991414022	0.451064122873476	0.718713410014464	0.0506921964322612	0.118047819557266	0.245368010874076	3.95737105413234	1	0.00322282715957122	0.0446961479680799	1	10435	1	1.35714285714286	singlet	A619	A619_Re1	A619_Re1	-0.304793088952909	2.71882615859852	3_3
CB:Z:TAGACTGAGTAGGAAG-1_A619	CB:Z:TAGACTGAGTAGGAAG-1_A619	14483	7210	11221	213	0.014493739793141	8097	3.90832413927618	0.497825036249396	0.774770420492992	0.0147068977421805	0.242248942530612	0.399381355552291	3.94821629871445	1	-0.00172555997293548	0.0427279347143665	1	11221	1	1.42857142857143	singlet	A619	A619_Re1	A619_Re1	2.36541283198177	2.16371963794575	3_1
CB:Z:TCTAGTTGTCTGGGAA-1_A619	CB:Z:TCTAGTTGTCTGGGAA-1_A619	14385	6585	11685	563	0.0376639015252877	8075	3.90714253100314	0.457768508863399	0.812304483837331	0.0391379909628085	0.135855261899144	0.502503990628234	3.94680333465379	1	0.00525416640745227	0.048034949435133	1	11685	1	1.42857142857143	singlet	A619	A619_Re1	A619_Re1	-0.226748093287359	2.48611222083912	3_3
CB:Z:GCGAGAAGTGATAAGT-1_A619	CB:Z:GCGAGAAGTGATAAGT-1_A619	14354	6146	10192	610	0.0407645014701951	8153	3.91131744232403	0.428173331475547	0.710045980214574	0.0424968649853699	0.0572478524027423	0.221554756441682	3.95179568261502	1	0.00681473421958868	0.0445873410639389	1	10192	1	1.14285714285714	singlet	A619	A619_Re1	A619_Re1	2.48340213366329	-0.783466593667409	3_1
CB:Z:TTGCGGGAGTTCGACT-1_A619	CB:Z:TTGCGGGAGTTCGACT-1_A619	14334	6989	11873	489	0.0329892734264319	7879	3.89647110047928	0.487581972931492	0.828310311148319	0.0341146923398912	0.215042460130593	0.546479061319017	3.93404246614083	1	0.00826888186068265	0.0549647011557711	1	11873	1	1.5	singlet	A619	A619_Re1	A619_Re1	-0.523770450870405	2.72088263805256	3_3
CB:Z:TCCAGAACATGATTGC-1_A619	CB:Z:TCCAGAACATGATTGC-1_A619	13846	6094	8651	579	0.0401386481802426	7889	3.89702195606036	0.440127112523472	0.624801386682074	0.0418171313014589	0.0889981524448801	-0.0126497588116613	3.9347011777938	1	-0.00488909771066669	0.0305961437013202	1	8651	1	2	singlet	A619	A619_Re1	A619_Re1	2.53023469515621	-0.239100710793874	3_1
CB:Z:ACGTGGCGTTTCGATG-1_A619	CB:Z:ACGTGGCGTTTCGATG-1_A619	13754	6788	11018	682	0.0472430036021058	7486	3.8742498227784	0.493529155154864	0.801076050603461	0.0495855751054239	0.230838702276931	0.471654529640537	3.90747032079474	1	0.00425756910997705	0.0511341969307883	1	11018	1	1.64285714285714	singlet	A619	A619_Re1	A619_Re1	-3.45758402280034	0.239374859884837	3_2
CB:Z:AGTTTGGCAGGCAAGT-1_A619	CB:Z:AGTTTGGCAGGCAAGT-1_A619	13656	6335	10430	298	0.0213558836176007	7578	3.87955460093897	0.463898652606913	0.763766842413591	0.0218219097832455	0.152137466030008	0.369149670898228	3.9138137605469	1	0.00694572900980662	0.0469165473302396	1	10430	1	1.5	singlet	A619	A619_Re1	A619_Re1	-1.69933831624211	-1.50213934604778	3_2
CB:Z:TACCTCGTCCTCATTA-1_A619	CB:Z:TACCTCGTCCTCATTA-1_A619	13423	6276	10382	510	0.0366037465011125	7396	3.86899690248714	0.467555687998212	0.773448558444461	0.0379944870744245	0.161850875575737	0.395749617192369	3.9011888925461	1	0.00788508548689785	0.0421910422368503	1	10382	1	1.71428571428571	singlet	A619	A619_Re1	A619_Re1	-1.20982766083897	-1.99406840030803	3_4
CB:Z:TAGGTGTCAAGCGTCC-1_A619	CB:Z:TAGGTGTCAAGCGTCC-1_A619	13407	5557	8270	340	0.0247326689459518	7789	3.89148170383952	0.414484970537779	0.616841948235996	0.0253598866263892	0.0208903547108604	-0.034517848572003	3.92807615878058	1	0.00302270155424111	0.0416957076180972	1	8270	1	2.42857142857143	singlet	A619	A619_Re1	A619_Re1	2.17713797159969	-0.161249892159841	3_1
CB:Z:ATTTGTCGTGAATCGG-1_A619	CB:Z:ATTTGTCGTGAATCGG-1_A619	12984	6136	8709	558	0.0412051395657953	7257	3.86075712308154	0.472581638940234	0.670748613678373	0.0429759704251386	0.175200245935332	0.113587549385495	3.89133578603564	1	0.000478341455791036	0.0293878821307091	1	8709	1	1.85714285714286	singlet	A619	A619_Re1	A619_Re1	0.140851468523135	-1.14328648273601	3_4
CB:Z:AGGCGTCAGACAGCTG-1_A619	CB:Z:AGGCGTCAGACAGCTG-1_A619	12890	5801	9179	564	0.0419206184034488	7273	3.86171358757143	0.450038789759504	0.712102404965089	0.0437548487199379	0.115324444092946	0.227204662692519	3.89247952375343	1	-0.00122901007627063	0.0409197461747864	1	9179	1	1.07142857142857	singlet	A619	A619_Re1	A619_Re1	-2.08462297848881	-1.66468550388469	3_2
CB:Z:TTACTTGCACGCGACT-1_A619	CB:Z:TTACTTGCACGCGACT-1_A619	12150	6025	10334	228	0.0184197770237518	6645	3.82249498527875	0.495884773662551	0.850534979423868	0.0187654320987654	0.237095433440404	0.607540032395816	3.84558202242969	1	0.00785638979931145	0.0557717137755621	1	10334	1	1.42857142857143	singlet	A619	A619_Re1	A619_Re1	-2.20367371968449	-1.70195700351848	3_2
CB:Z:CCGAAGCCAATAGCGG-1_A619	CB:Z:CCGAAGCCAATAGCGG-1_A619	11770	5320	8117	487	0.0397323978134943	6786	3.8316138553091	0.451996601529312	0.68963466440102	0.0413763806287171	0.120524565365724	0.165475864775972	3.85648634319379	1	0.00404376824242971	0.0371198454201159	1	8117	1	1.14285714285714	singlet	A619	A619_Re1	A619_Re1	-0.523213743488203	-0.860261217996023	3_2
CB:Z:GTCACAAAGTCGTATC-1_A619	CB:Z:GTCACAAAGTCGTATC-1_A619	11298	5261	9184	546	0.0460992907801418	6490	3.81224469680037	0.465657638520092	0.812887236679058	0.0483271375464684	0.156809488236993	0.504105069842218	3.83332475446547	1	0.0102159286680994	0.0528756594731092	1	9184	1	1.21428571428571	singlet	A619	A619_Re1	A619_Re1	1.88082444735347	2.190711482123	3_3
CB:Z:AGGCGAATCGAGTGTT-1_A619	CB:Z:AGGCGAATCGAGTGTT-1_A619	11246	4843	6904	508	0.0432193295899268	6479	3.81150797994533	0.430642006046594	0.613907166992709	0.0451716165747821	0.0638048704728328	-0.0425809877105189	3.83244379039065	1	-0.00107808059025022	0.0304119069631772	1	6904	1	1.42857142857143	singlet	A619	A619_Re1	A619_Re1	0.179947853763689	-0.498309389993093	3_1
CB:Z:GGTGCTGTCAAACCAC-1_A619	CB:Z:GGTGCTGTCAAACCAC-1_A619	11235	5515	9639	382	0.0328828441077731	5997	3.77793404883778	0.490876724521584	0.857943925233645	0.0340008900756564	0.223793611848225	0.627895675962295	3.7922961720026	1	-0.00024899103701516	0.0530136243959976	1	9639	1	1.85714285714286	singlet	A619	A619_Re1	A619_Re1	2.34174525805293	2.24539397533283	3_3
CB:Z:TCACCTGTCGCCAGAC-1_A619	CB:Z:TCACCTGTCGCCAGAC-1_A619	11127	4699	8260	263	0.0230904302019315	6434	3.80848105656595	0.422306102273749	0.742338456007909	0.0236362002336659	0.0416639725553347	0.310276437502015	3.8288242033862	1	0.0114226008246046	0.0357774875581583	1	8260	1	1.28571428571429	singlet	A619	A619_Re1	A619_Re1	-0.705162166873823	2.45980380351887	3_3
CB:Z:TGATCAGCATTCGTCC-1_A619	CB:Z:TGATCAGCATTCGTCC-1_A619	11089	5173	7779	161	0.0143111111111111	6436	3.80861603542699	0.466498331680043	0.701505996933898	0.0145188925962666	0.159042443647905	0.198091653837294	3.82898561075271	1	0.00735141813965753	0.0324891711477205	1	7779	1	1.07142857142857	singlet	A619	A619_Re1	A619_Re1	2.12133491106807	-0.674549834176442	3_1
CB:Z:GTCACAATCGCTATTT-1_A619	CB:Z:GTCACAATCGCTATTT-1_A619	10623	4812	7741	362	0.0329540282203004	6091	3.78468859950142	0.452979384354702	0.728701873293796	0.0340770027299256	0.123134923499045	0.272810727221478	3.80037324589538	1	0.00882794240320083	0.0438489786457106	1	7741	1	2.07142857142857	singlet	A619	A619_Re1	A619_Re1	-1.59962189130009	-2.01881910984173	3_4
CB:Z:TTGAGTGCATTCTTTG-1_A619	CB:Z:TTGAGTGCATTCTTTG-1_A619	10265	4427	7161	88	0.00849995170481986	5934	3.77334754198082	0.431271310277642	0.697613248904043	0.00857282026302971	0.0654763581865074	0.187396557203534	3.78681163918345	1	0.00903246518431319	0.0351865029576498	1	7161	1	1.07142857142857	singlet	A619	A619_Re1	A619_Re1	1.7329022891122	-1.93422152225628	3_4
CB:Z:GCGCCAAAGCAACTGG-1_A619	CB:Z:GCGCCAAAGCAACTGG-1_A619	9859	4505	7219	452	0.0438366792745611	5617	3.74950442387614	0.456942894816919	0.732224363525713	0.0458464347296886	0.133662357947693	0.282488562296567	3.75830010135425	1	0.00733072007060959	0.0358879382122016	1	7219	1	2	singlet	A619	A619_Re1	A619_Re1	0.946726859291186	-1.44192482654705	3_4
CB:Z:GGAGGATAGGTTCGTT-1_A619	CB:Z:GGAGGATAGGTTCGTT-1_A619	9459	4653	7602	392	0.0397929144249315	5279	3.72255166200096	0.491912464319696	0.803679035838884	0.0414420128977693	0.22654462838632	0.478806078730174	3.72607005969477	1	0.00437478485995863	0.043562747162923	1	7602	1	2.64285714285714	singlet	A619	A619_Re1	A619_Re1	-3.49560892514409	0.201434357718089	3_2
CB:Z:TGGCCTTGTGTCGTGC-1_A619	CB:Z:TGGCCTTGTGTCGTGC-1_A619	8863	3510	5405	313	0.0341107236268527	5264	3.7213158806059	0.396028432810561	0.609838655082929	0.0353153559742751	-0.0281318423855052	-0.0537589852836915	3.72459231555748	1	0.00511817846668343	0.0288720892872102	1	5405	1	1.35714285714286	singlet	A619	A619_Re1	A619_Re1	-1.72263455323399	-1.04158903782024	3_2
CB:Z:CACCTTGGTCCTCAGG-1_A619	CB:Z:CACCTTGGTCCTCAGG-1_A619	8861	4169	6254	160	0.0177363928611019	5088	3.70654710264036	0.470488658164993	0.705789414287326	0.0180566527479968	0.169641103825407	0.209860091497859	3.70693184976576	1	0.00159717660441096	0.037276544414431	1	6254	1	0.642857142857143	singlet	A619	A619_Re1	A619_Re1	1.37482309408962	-1.13602091495647	3_4
CB:Z:TGCTTCGCATCGCCTT-1_A619	CB:Z:TGCTTCGCATCGCCTT-1_A619	8600	3753	5655	368	0.0410347903657449	4963	3.69574427519732	0.436395348837209	0.657558139534884	0.0427906976744186	0.0790862579363413	0.0773474962076953	3.69401385716294	1	0.00344537032516203	0.0302682612086342	1	5655	1	1.78571428571429	singlet	A619	A619_Re1	A619_Re1	-0.00302047284775491	1.97289298351155	3_3
CB:Z:ACTAGGTAGCTGAAAT-1_A619	CB:Z:ACTAGGTAGCTGAAAT-1_A619	8036	3496	5194	341	0.040706696908201	4555	3.65848838130902	0.43504230960677	0.646341463414634	0.0424340467894475	0.0754924660337615	0.0465303371993032	3.64946335737958	1	0.000722160944676368	0.0254005971056938	1	5194	1	1.21428571428571	singlet	A619	A619_Re1	A619_Re1	1.49042749472438	-1.29277683918133	3_4
CB:Z:CCTAAAGTCGTGCTTC-1_A619	CB:Z:CCTAAAGTCGTGCTTC-1_A619	6716	3093	5140	137	0.0199912447103458	3948	3.5963771439976	0.460541989279333	0.765336509827278	0.0203990470518166	0.143221871260135	0.373462239948034	3.57519090339734	1	0.00545506415701331	0.0288197406250301	1	5140	1	1.28571428571429	singlet	A619	A619_Re1	A619_Re1	0.518827200611224	1.9215566950594	3_3
CB:Z:TTACCGCAGTCGACCC-1_A619	CB:Z:TTACCGCAGTCGACCC-1_A619	6279	2973	5037	305	0.0463244228432564	3635	3.56050441519506	0.47348303870043	0.802197802197802	0.0485746137920051	0.177594443447348	0.474736476277859	3.53229438878042	1	0.00613730595055846	0.029346335072235	1	5037	1	1.28571428571429	singlet	A619	A619_Re1	A619_Re1	-2.46751487187565	-1.67497660343303	3_4
CB:Z:TCTAGTTTCAAGAGAT-1_A619	CB:Z:TCTAGTTTCAAGAGAT-1_A619	4741	2014	2776	142	0.0290804833094409	2819	3.4500950758716	0.424804893482388	0.585530478801941	0.0299514870280532	0.0483009830793578	-0.120544272263929	3.40026719162453	1	-0.000962506828239245	0.0184057791085618	1	2776	1	1.78571428571429	singlet	A619	A619_Re1	A619_Re1	-1.57076692513646	-1.62546612445965	3_1
CB:Z:TCTCTGGAGGTACTCT-1_A619	CB:Z:TCTCTGGAGGTACTCT-1_A619	4577	2112	3511	59	0.0127264883520276	2674	3.42716140292597	0.461437622897094	0.767096351321827	0.0128905396547957	0.1456007533877	0.378297301118174	3.37284316592113	1	0.00224405941171092	0.0236846816747612	1	3511	1	2.07142857142857	singlet	A619	A619_Re1	A619_Re1	-0.75354641608418	-1.92948605243816	3_2
CB:Z:CTGGGACGTTGTGACT-1_A619	CB:Z:CTGGGACGTTGTGACT-1_A619	4544	2103	3803	54	0.0117442366246194	2646	3.42258983985148	0.462808098591549	0.836927816901408	0.0118838028169014	0.149240858081349	0.57015515236432	3.3673765028377	1	0.00241215176650532	0.027507593616932	1	3803	1	1.57142857142857	singlet	A619	A619_Re1	A619_Re1	-1.98309695653142	-0.580660120889089	3_2
CB:Z:ATTACTCGTTAGCTCA-1_A619	CB:Z:ATTACTCGTTAGCTCA-1_A619	4203	1964	3487	87	0.0202797202797203	2398	3.37984917876283	0.467285272424459	0.829645491315727	0.0206995003568879	0.161132627887552	0.550147390428528	3.31626733288249	1	0.00266008835057414	0.0266137843966846	1	3487	1	1.64285714285714	singlet	A619	A619_Re1	A619_Re1	1.17168223925411	-0.639652506753347	3_4
CB:Z:TTGCGAAAGTCTAGAA-1_A619	CB:Z:TTGCGAAAGTCTAGAA-1_A619	4177	1820	2898	214	0.0487360510134366	2469	3.39252108993193	0.435719415848695	0.693799377543692	0.0512329423030883	0.0772909201174822	0.176918169587677	3.33142037088196	1	0.00762845429181848	0.0204870341376953	1	2898	1	0.0714285714285714	singlet	A619	A619_Re1	A619_Re1	1.31988048620998	1.52203462894306	3_1
CB:Z:ACTGCAATCGCAACTA-1_A619	CB:Z:ACTGCAATCGCAACTA-1_A619	3792	1773	3025	103	0.0264441591784339	2138	3.33000770087276	0.46756329113924	0.797732067510548	0.027162447257384	0.161871070190976	0.4624671324481	3.25666702489898	1	0.00503279568621007	0.0315421694247725	1	3025	1	2.64285714285714	singlet	A619	A619_Re1	A619_Re1	-3.20891821316899	0.142156823233226	3_2
CB:Z:CCAATGATCCCGATTC-1_A619	CB:Z:CCAATGATCCCGATTC-1_A619	3755	1716	2644	67	0.0175300889586604	2252	3.35256838617931	0.456990679094541	0.704127829560586	0.0178428761651132	0.133789277216644	0.205294985027731	3.28364503296598	1	0.00251739168670518	0.0123656976268127	1	2644	1	0.142857142857143	singlet	A619	A619_Re1	A619_Re1	0.178412035782923	-0.0676596326078389	3_1
CB:Z:TACGCCTCACCTTGTC-1_A619	CB:Z:TACGCCTCACCTTGTC-1_A619	3567	1478	1997	88	0.0240766073871409	2369	3.37456506072277	0.414353798710401	0.559854219231848	0.0246705915335015	0.0205419507322677	-0.1910882877485	3.30994859844801	1	0.00671739686106915	0.0129716009121365	1	1997	1	1.14285714285714	singlet	A619	A619_Re1	A619_Re1	0.730712056835284	1.37066410358296	3_1
CB:Z:GTTACGAGTGATTCCA-1_A619	CB:Z:GTTACGAGTGATTCCA-1_A619	2863	1241	1710	16	0.00555748523792984	1692	3.228400358703	0.433461404121551	0.597275585050646	0.005588543485854	0.0712934411986307	-0.0882752825064922	3.13516523275591	1	0.00149539825451181	0.0170546328375708	1	1710	1	0.214285714285714	singlet	A619	A619_Re1	A619_Re1	-2.05996763638676	-0.504618899270437	3_1
CB:Z:GGTTGCGGTAGGTCTT-1_A619	CB:Z:GGTTGCGGTAGGTCTT-1_A619	2709	1265	2229	37	0.0134741442097597	1621	3.20978301484852	0.466961978589886	0.82281284606866	0.0136581764488741	0.160273930860368	0.531375098818301	3.11290266201092	1	0.00660450042675692	0.0233703697822978	1	2229	1	2.28571428571429	singlet	A619	A619_Re1	A619_Re1	1.12962234087764	1.06678174312458	3_2
CB:Z:CAAGGCCCAGTGCGTC-1_A619	CB:Z:CAAGGCCCAGTGCGTC-1_A619	1858	736	1038	41	0.0215903106898368	1241	3.09377178149873	0.396124865446717	0.558665231431647	0.0220667384284177	-0.0278757087722547	-0.194354961913378	2.97417673473317	1	-0.00148745666070598	0.0049422742214502	1	1038	1	2.07142857142857	singlet	A619	A619_Re1	A619_Re1	-1.73943459920109	-0.744632975503347	3_1
CB:Z:GACCAATTCGTCCCAT-1_A619	CB:Z:GACCAATTCGTCCCAT-1_A619	1853	812	1203	90	0.0463201235203294	1108	3.04453976039241	0.438208310847275	0.649217485159201	0.0485698866702644	0.083901645432046	0.0544320380653836	2.91530521356643	1	0.000118388275339006	0.0154707026157127	1	1203	1	0.214285714285714	singlet	A619	A619_Re1	A619_Re1	0.503648579795947	0.1898877459322	3_1
CB:Z:GGTGAAGTCTGAAAGA-1_A619	CB:Z:GGTGAAGTCTGAAAGA-1_A619	1837	824	1236	91	0.0471991701244813	1093	3.0386201619497	0.448557430593359	0.672836145890038	0.0495372890582471	0.11138982308837	0.119322921559242	2.90822657334026	1	-0.00249097771626635	0.0187774961937275	1	1236	1	1.42857142857143	singlet	A619	A619_Re1	A619_Re1	-0.871753989974866	0.683022959784129	3_1
CB:Z:CCTTGCATCAGCGGTC-1_A619	CB:Z:CCTTGCATCAGCGGTC-1_A619	1689	697	992	55	0.0315366972477064	1114	3.04688519083771	0.412670219064535	0.587329780935465	0.0325636471284784	0.0160702142426364	-0.115600795305291	2.91810987311529	1	0.00459910233097343	0.00791424810039004	1	992	1	1.57142857142857	singlet	A619	A619_Re1	A619_Re1	0.758158744056811	0.708357317999461	3_1
CB:Z:CATTGGAAGACCAATA-1_A619	CB:Z:CATTGGAAGACCAATA-1_A619	1238	562	943	34	0.0267295597484277	735	2.86628733908419	0.453957996768982	0.761712439418417	0.0274636510500808	0.125734204651493	0.363505319301474	2.70215143766501	1	0.00357539464563845	0.0106752837998538	1	943	1	3	singlet	A619	A619_Re1	A619_Re1	0.881593347271075	1.89799092586384	3_1
CB:Z:TAAACCGGTCACAGGA-1_A619_2	CB:Z:TAAACCGGTCACAGGA-1_A619_2	93421	41362	62948	3770	0.0387895998600694	47721	4.67870953579318	0.442748418449813	0.673809957076032	0.0403549523126492	0.125752202827141	0.247363446631314	4.90325391317794	1	-0.00217918145582853	0.060712312910328	1	62948	1	1.56521739130435	singlet	A619	A619_Re2	A619_Re2	2.75177991457759	0.717171891287425	3_1
CB:Z:ACTAGGTAGACTAGCG-1_A619_2	CB:Z:ACTAGGTAGACTAGCG-1_A619_2	86456	38334	57705	4319	0.0475791792894519	43483	4.6383194995012	0.44339317109281	0.667449338391783	0.0499560470065698	0.127524159762665	0.229656352989353	4.85441676128912	1	0.0051120607853898	0.0542389754549889	1	57705	1	1.26086956521739	singlet	A619	A619_Re2	A619_Re2	0.934138656337847	0.551656230047801	3_1
CB:Z:AAAGATGCAGTTGCAT-1_A619_2	CB:Z:AAAGATGCAGTTGCAT-1_A619_2	86321	39219	59574	3136	0.0350559486680752	43679	4.64027268694363	0.454339036850824	0.690144924178357	0.0363295142549322	0.157606398208517	0.292837763907318	4.85677843561651	1	0.00121849956755873	0.0567867362102131	1	59574	1	1.1304347826087	singlet	A619	A619_Re2	A619_Re2	1.31187403269588	0.439280732229808	3_1
CB:Z:ATCGAGTCAACCTCTC-1_A619_2	CB:Z:ATCGAGTCAACCTCTC-1_A619_2	83402	37047	56586	2493	0.0290238081378427	43326	4.63674859537834	0.444197980863768	0.678472938298842	0.0298913695115225	0.129735997544047	0.260344549455078	4.8525173204791	1	0.00721606270081391	0.0607995128601616	1	56586	1	1.21739130434783	singlet	A619	A619_Re2	A619_Re2	1.48296892710506	0.748361809805491	3_1
CB:Z:AGTCCGGTCGGTCTCT-1_A619_2	CB:Z:AGTCCGGTCGGTCTCT-1_A619_2	79004	36453	54741	1728	0.0214041520091166	39030	4.59139855128125	0.461407017366209	0.692888967647208	0.0218723102627715	0.177031145404852	0.300476806125155	4.79768283170263	1	-0.00201629785732232	0.05177833791742	1	54741	1	1.69565217391304	singlet	A619	A619_Re2	A619_Re2	2.59635961123287	1.02975557620869	3_1
CB:Z:ATTGTGGTCTCCAACC-1_A619_2	CB:Z:ATTGTGGTCTCCAACC-1_A619_2	78331	34025	50027	3139	0.038529520068737	40841	4.61109636733174	0.434374640946752	0.638661577153362	0.0400735341052712	0.102738767699346	0.1495151577227	4.82150022140195	1	0.00336180865920411	0.0493860686858751	1	50027	1	1.04347826086957	singlet	A619	A619_Re2	A619_Re2	2.04662382670223	0.259666188315013	3_1
CB:Z:TTCGTTAGTGACCAGA-1_A619_2	CB:Z:TTCGTTAGTGACCAGA-1_A619_2	75010	30867	45618	3855	0.0488809991758068	40469	4.60712247298935	0.41150513264898	0.608158912145047	0.0513931475803226	0.0398870922848868	0.0645999045934595	4.81669523236489	1	0.00404839239860407	0.0562988342014511	1	45618	1	0.782608695652174	singlet	A619	A619_Re2	A619_Re2	-1.10802471570195	-0.283558146401784	3_1
CB:Z:ACGTGGCAGCCTATAC-1_A619_2	CB:Z:ACGTGGCAGCCTATAC-1_A619_2	71748	31067	47857	3031	0.0405327698952915	37903	4.5786735854795	0.433001616769805	0.667015108435078	0.04224508000223	0.0989653210304454	0.22844751609986	4.78229658438293	1	0.00350335976221797	0.0508156553931887	1	47857	1	1.26086956521739	singlet	A619	A619_Re2	A619_Re2	1.74817502566158	0.412844403341868	3_1
CB:Z:GTTATGGTCTGTGTGA-1_A619_2	CB:Z:GTTATGGTCTGTGTGA-1_A619_2	67931	28253	43311	2815	0.0397902354903457	36715	4.56484353254383	0.415907317719451	0.637573420088031	0.0414391073294961	0.0519855031278759	0.146485877080441	4.76557413355454	1	-0.00304092420636098	0.0522646297965363	1	43311	1	1.82608695652174	singlet	A619	A619_Re2	A619_Re2	1.31245696612178	0.490874512747386	3_1
CB:Z:CTGCGTTGTCTCGGGT-1_A619_2	CB:Z:CTGCGTTGTCTCGGGT-1_A619_2	66168	29366	47663	2993	0.0432758346466939	34604	4.53912630334539	0.443809696530045	0.720333091524604	0.0452333454237698	0.128668885798838	0.376877498501512	4.73447843907571	1	0.00516751260795153	0.051982729647157	1	47663	1	0.869565217391304	singlet	A619	A619_Re2	A619_Re2	-0.775454878131757	1.90414784725056	3_3
CB:Z:CGCAGGTTCGCGGCAT-1_A619_2	CB:Z:CGCAGGTTCGCGGCAT-1_A619_2	66160	28817	45534	2390	0.0348650619985412	35226	4.54686333076131	0.435565296251511	0.688240628778718	0.036124546553809	0.106011014735482	0.287536465615869	4.74383357756451	1	0.0085991900587384	0.0554647359219373	1	45534	1	1.73913043478261	singlet	A619	A619_Re2	A619_Re2	-2.09373319081486	-0.716901556893728	3_2
CB:Z:ACAGGCCCATGGGTGA-1_A619_2	CB:Z:ACAGGCCCATGGGTGA-1_A619_2	63702	27931	42968	2890	0.0433986064392119	33960	4.53096768157191	0.438463470534677	0.674515713792346	0.0453674923864243	0.113975991811872	0.249328176932653	4.72461353457614	1	0.00380148735005368	0.0520482326665712	1	42968	1	0.782608695652174	singlet	A619	A619_Re2	A619_Re2	1.23682189055263	0.20867322261677	3_1
CB:Z:GATTAGCGTGACGCAA-1_A619_2	CB:Z:GATTAGCGTGACGCAA-1_A619_2	63618	29416	43734	1599	0.0245181471088827	33493	4.52495404945368	0.462384859630922	0.687446948976705	0.0251343959256814	0.179718523892752	0.285326969453053	4.71734221986282	1	-0.00473237315214817	0.0536908830675366	1	43734	1	1.17391304347826	singlet	A619	A619_Re2	A619_Re2	1.70922577448665	0.794641955450633	3_1
CB:Z:AGGCGAAAGGTCGGTA-1_A619_2	CB:Z:AGGCGAAAGGTCGGTA-1_A619_2	61030	26214	40479	2711	0.0425314946423809	32868	4.51677327830159	0.429526462395543	0.663263968540062	0.0444207766672128	0.08941464456192	0.218004854987409	4.70745053369461	1	0.00620278181493571	0.0542639544717968	1	40479	1	1.73913043478261	singlet	A619	A619_Re2	A619_Re2	-1.76815128258885	-0.381145255013845	3_2
CB:Z:TGCTCACTCGCTCGGA-1_A619_2	CB:Z:TGCTCACTCGCTCGGA-1_A619_2	60170	28023	43128	1964	0.0316091029066212	31080	4.49248101012888	0.465730430447067	0.716769154063487	0.0326408509223866	0.188913069235596	0.366955983395699	4.67807781459383	1	-0.000624492761397923	0.051716672375485	1	43128	1	0.652173913043478	singlet	A619	A619_Re2	A619_Re2	2.66157662936031	1.11253236110554	3_1
CB:Z:TTCATCAAGTTACCAC-1_A619_2	CB:Z:TTCATCAAGTTACCAC-1_A619_2	59978	24777	38282	2311	0.03710125383294	32265	4.50873166944314	0.413101470539198	0.63826736470039	0.0385307946246957	0.0442742662293976	0.148417724097747	4.69772711402717	1	0.00399173284075347	0.0489453040568644	1	38282	1	1.65217391304348	singlet	A619	A619_Re2	A619_Re2	1.76803207464992	0.171615346029856	3_1
CB:Z:GGGTTATGTACTTCAG-1_A619_2	CB:Z:GGGTTATGTACTTCAG-1_A619_2	59280	27025	41704	2102	0.0342445668111173	30426	4.48324486093152	0.455887314439946	0.703508771929825	0.0354588394062078	0.161861489276323	0.330040890725487	4.66691003009474	1	-0.0005026563272786	0.0519014244911922	1	41704	1	1.56521739130435	singlet	A619	A619_Re2	A619_Re2	2.14312398501216	0.525690301016429	3_1
CB:Z:TGCGTAAAGAACTCCT-1_A619_2	CB:Z:TGCGTAAAGAACTCCT-1_A619_2	58379	26562	42226	2562	0.0420406622799101	31110	4.4929000111087	0.454992377395981	0.723308038849586	0.0438856438102742	0.1594019570524	0.385159345516459	4.67858444485149	1	0.0087385478358877	0.0487662725543598	1	42226	1	1.26086956521739	singlet	A619	A619_Re2	A619_Re2	1.60947012968837	0.662595017508128	3_1
CB:Z:AGGCGAAGTGGCGCTT-1_A619_2	CB:Z:AGGCGAAGTGGCGCTT-1_A619_2	57402	20539	29303	2688	0.0447329006490265	32359	4.5099950920134	0.357809832410021	0.51048743946204	0.0468276366677119	-0.107682306145507	-0.207304134746136	4.6992547670235	1	0.00610211621313014	0.0361172651872823	1	29303	1	0.956521739130435	singlet	A619	A619_Re2	A619_Re2	-0.895945369521986	-0.705517546578786	3_3
CB:Z:GAGATTCCAGTCCTGG-1_A619_2	CB:Z:GAGATTCCAGTCCTGG-1_A619_2	56633	24754	38299	1741	0.0298249220543393	30106	4.47865305729534	0.437094979958681	0.676266487736832	0.0307417936538767	0.110215004720663	0.254202092461922	4.66135790307998	1	0.0049638847609373	0.0515733620120461	1	38299	1	0.391304347826087	singlet	A619	A619_Re2	A619_Re2	2.02059948511898	0.520631297186473	3_1
CB:Z:ATAGGCTAGGAAGGTA-1_A619_2	CB:Z:ATAGGCTAGGAAGGTA-1_A619_2	56379	25423	39069	1961	0.0336133013369901	29580	4.47099816966087	0.450930310931375	0.692970786995158	0.034782454459994	0.148238285336281	0.300704580014425	4.65210208297144	1	-0.00324396087139074	0.0490642090658514	1	39069	1	1.65217391304348	singlet	A619	A619_Re2	A619_Re2	2.07209646769344	0.268651707724192	3_1
CB:Z:TGACTCCAGTAACTCC-1_A619_2	CB:Z:TGACTCCAGTAACTCC-1_A619_2	55879	23474	35443	1352	0.0236235606576855	29445	4.46901155865569	0.420086257807047	0.634281214767623	0.0241951359186814	0.0634703755852213	0.137320827139407	4.64969999492421	1	0.0061302068420059	0.0478804459221888	1	35443	1	1.78260869565217	singlet	A619	A619_Re2	A619_Re2	-2.86180531911076	-0.497711913033864	3_2
CB:Z:GTAATCGAGAGCCTGA-1_A619_2	CB:Z:GTAATCGAGAGCCTGA-1_A619_2	55084	26908	42330	1634	0.0288091963750485	27698	4.44244841093007	0.488490305714908	0.768462711495171	0.0296637862174134	0.251463443042599	0.510863786640624	4.61758146770271	1	0.000829513895171984	0.0602156614381524	1	42330	1	0.695652173913043	singlet	A619	A619_Re2	A619_Re2	2.99863898821651	1.02280233676777	3_1
CB:Z:CCAGATATCTTGTGCC-1_A619_2	CB:Z:CCAGATATCTTGTGCC-1_A619_2	54956	23465	36729	2385	0.0415932753178354	30278	4.48112718464408	0.426977945993158	0.668334667734187	0.0433983550476745	0.0824106231537843	0.232120988954522	4.66434946595577	1	0.00645649201634533	0.0467326137434162	1	36729	1	1.21739130434783	singlet	A619	A619_Re2	A619_Re2	1.22322619028865	0.398862584189036	3_1
CB:Z:AGTGCCGTCTGGAAGG-1_A619_2	CB:Z:AGTGCCGTCTGGAAGG-1_A619_2	54801	24958	40194	1596	0.0282993776264695	29066	4.46338526921606	0.455429645444426	0.733453769091805	0.0291235561394865	0.160603689467987	0.413403672740462	4.64289703119456	1	0.00205077572075308	0.0477424344890273	1	40194	1	0.652173913043478	singlet	A619	A619_Re2	A619_Re2	-1.55043065480412	-1.50326849643841	3_2
CB:Z:CGCGCAAAGGCAAGGG-1_A619_2	CB:Z:CGCGCAAAGGCAAGGG-1_A619_2	54777	24847	39486	2273	0.0398422436459246	29045	4.46307138081225	0.45360278949194	0.720849991784873	0.0414955181919419	0.155582988722715	0.378316478224476	4.64251749660979	1	0.00340076245890922	0.0539329768656446	1	39486	1	0.826086956521739	singlet	A619	A619_Re2	A619_Re2	0.469765276392092	0.0682413416658427	3_1
CB:Z:TTTGGTTCAGCAAACG-1_A619_2	CB:Z:TTTGGTTCAGCAAACG-1_A619_2	54621	24168	36762	1451	0.0258774432872022	28806	4.45948295635281	0.442467182951612	0.673037842588016	0.0265648743157394	0.124979290615046	0.245213985357133	4.63817859408689	1	0.00175444501231512	0.0504905140316708	1	36762	1	0.91304347826087	singlet	A619	A619_Re2	A619_Re2	2.47783768244564	1.06345985706196	3_1
CB:Z:AGCTGTAGTAAACCCT-1_A619_2	CB:Z:AGCTGTAGTAAACCCT-1_A619_2	54490	24630	39015	2393	0.0420688079039432	29165	4.46486198076603	0.452009543035419	0.716002936318591	0.0439163149201688	0.151204310885105	0.36482293784895	4.64468258012897	1	0.00293636491706195	0.0539196149035262	1	39015	1	1.30434782608696	singlet	A619	A619_Re2	A619_Re2	1.44744932719051	0.169387562826731	3_1
CB:Z:ATTCGTTTCTGTAGAC-1_A619_2	CB:Z:ATTCGTTTCTGTAGAC-1_A619_2	53389	20715	29218	932	0.0171572688278934	29704	4.4728149362181	0.388001273670606	0.547266290808968	0.0174567794864111	-0.0247079526221318	-0.10491683609286	4.65429880554085	1	0.00100271813991149	0.0401385164001278	1	29218	1	1.39130434782609	singlet	A619	A619_Re2	A619_Re2	2.25002658434688	-0.24036766712322	3_1
CB:Z:CCAATGAGTGATCAGG-1_A619_2	CB:Z:CCAATGAGTGATCAGG-1_A619_2	52663	24583	40394	555	0.0104288022849412	27493	4.43922213207187	0.466798321402123	0.767028084233712	0.0105387083910905	0.191847926199345	0.506869980295518	4.61368044940467	1	0.00397990695990197	0.0497652779711538	1	40394	1	1.17391304347826	singlet	A619	A619_Re2	A619_Re2	1.69578647681056	0.945134385183909	3_1
CB:Z:AGTTACGTCGTGATAC-1_A619_2	CB:Z:AGTTACGTCGTGATAC-1_A619_2	52321	22747	36319	2078	0.0381992316035221	28120	4.44901531634779	0.434758509967317	0.694157221765639	0.039716366277403	0.103793744954131	0.304007452364408	4.62552176651815	1	0.0063693092154287	0.0416436440874058	1	36319	1	1.43478260869565	singlet	A619	A619_Re2	A619_Re2	2.12814867564022	-1.22277523700847	3_4
CB:Z:ATTACCTTCAAGGCCC-1_A619_2	CB:Z:ATTACCTTCAAGGCCC-1_A619_2	51625	21329	29768	1874	0.0350286921250864	27520	4.43964842956347	0.413152542372881	0.57661985472155	0.0363002421307506	0.0444146256228621	-0.0232005234623817	4.61419590215635	1	0.00553805264782111	0.0447964182832091	1	29768	1	1.73913043478261	singlet	A619	A619_Re2	A619_Re2	0.756940544326891	1.62968133266316	3_1
CB:Z:CTCTAGCCAGCGTAGA-1_A619_2	CB:Z:CTCTAGCCAGCGTAGA-1_A619_2	51161	22659	34287	2105	0.0395186422858859	27726	4.44288721890235	0.442895955903911	0.670178456245969	0.0411446218799476	0.126157676178632	0.237253844334602	4.61811204735947	1	0.00386209490099556	0.0525374840967475	1	34287	1	1.56521739130435	singlet	A619	A619_Re2	A619_Re2	1.85704791613399	-0.0807397526945088	3_4
CB:Z:TGCCTCATCTATCTAC-1_A619_2	CB:Z:TGCCTCATCTATCTAC-1_A619_2	50703	22108	33964	1972	0.037437114380636	27413	4.43795656608131	0.43602942626669	0.669861743881033	0.0388931621403073	0.107286571196264	0.236372160369271	4.61215020471612	1	0.00380382498408849	0.0449703998547342	1	33964	1	0.956521739130435	singlet	A619	A619_Re2	A619_Re2	1.46251559325038	0.957365973547557	3_1
CB:Z:CCGCATTTCCTTGACC-1_A619_2	CB:Z:CCGCATTTCCTTGACC-1_A619_2	49596	22696	34730	1399	0.0274340621629572	26872	4.42929999083361	0.457617549802403	0.700258085329462	0.0282079199935479	0.166616650164605	0.320991423230159	4.60168320545043	1	0.0045128991589462	0.0470964418377544	1	34730	1	0.826086956521739	singlet	A619	A619_Re2	A619_Re2	1.23899293013393	0.799993975714305	3_1
CB:Z:TGGGTGCGTCCCGAGT-1_A619_2	CB:Z:TGGGTGCGTCCCGAGT-1_A619_2	49271	22489	35076	1267	0.0250702441727017	26753	4.42737248954948	0.4564348196708	0.711899494631731	0.0257149235858822	0.163366183675928	0.353399516667692	4.5993525892485	1	0.00372623126133282	0.0532238572061288	1	35076	1	0.695652173913043	singlet	A619	A619_Re2	A619_Re2	2.12492096491634	-1.50391222660198	3_4
CB:Z:AGATTCGCAGGTCCTG-1_A619_2	CB:Z:AGATTCGCAGGTCCTG-1_A619_2	49223	21497	31052	1507	0.0297062881923911	26539	4.42388455444914	0.436726733437621	0.630843304959064	0.0306157690510534	0.109202962375333	0.127750155804633	4.59513519228846	1	-0.00309599026866369	0.0503308007768864	1	31052	1	1.69565217391304	singlet	A619	A619_Re2	A619_Re2	-2.57298219136418	-0.237507597848317	3_2
CB:Z:AAACTGCGTCCATTGA-1_A619_2	CB:Z:AAACTGCGTCCATTGA-1_A619_2	49190	22003	35867	1101	0.0218925851544014	25421	4.40519263063733	0.447306363081927	0.729152266720878	0.0223825980890425	0.138278683626146	0.401428877667189	4.5725340657212	1	0.0063581069262218	0.0504092975710617	1	35867	1	1.52173913043478	singlet	A619	A619_Re2	A619_Re2	2.28720676966487	1.74816630657063	3_1
CB:Z:TTAGCTTCACAGGAAC-1_A619_2	CB:Z:TTAGCTTCACAGGAAC-1_A619_2	49016	21746	32874	2495	0.0484362563335986	27094	4.43287312646868	0.44365105271748	0.670678961971601	0.0509017463685327	0.12823288913096	0.23864718391241	4.60600362166565	1	0.00302001090684271	0.0507106109199064	1	32874	1	1.47826086956522	singlet	A619	A619_Re2	A619_Re2	1.33874428339778	0.684392197683909	3_1
CB:Z:TTACCGCCAGCTATAC-1_A619_2	CB:Z:TTACCGCCAGCTATAC-1_A619_2	48733	21249	33329	2194	0.0430812731949653	26589	4.42470200402398	0.43602897420639	0.683910286664068	0.0450208277758398	0.107285328810687	0.275481384635189	4.596123602122	1	0.00701984960005614	0.0468707634287182	1	33329	1	1.04347826086957	singlet	A619	A619_Re2	A619_Re2	1.32665848799526	0.811948998526194	3_1
CB:Z:AGCGATTAGGTTCGAG-1_A619_2	CB:Z:AGCGATTAGGTTCGAG-1_A619_2	48253	18919	27923	2333	0.0461194796979401	26951	4.43057488404687	0.392079248958614	0.578679045862433	0.0483493254305432	-0.0135005591000324	-0.0174680165839835	4.60322472804397	1	0.00652932077393425	0.0377396630623907	1	27923	1	0.521739130434783	singlet	A619	A619_Re2	A619_Re2	2.35777604647457	1.00642226512776	3_1
CB:Z:AGGACGATCTTGGCCT-1_A619_2	CB:Z:AGGACGATCTTGGCCT-1_A619_2	48095	21903	34069	1481	0.0298733258028078	26117	4.41692328905509	0.455411165401809	0.708368853311155	0.0307932217486225	0.160552901247047	0.343570693469342	4.5867180576038	1	-0.000169357982830785	0.0438564734581433	1	34069	1	1.65217391304348	singlet	A619	A619_Re2	A619_Re2	1.71072232790767	0.638370497778514	3_1
CB:Z:GGTTGCGCATCGCCTT-1_A619_2	CB:Z:GGTTGCGCATCGCCTT-1_A619_2	47943	20212	34875	977	0.019971381847915	25218	4.40171064038908	0.421583964290929	0.72742631875352	0.0203783659762635	0.0675864833985327	0.396624074267349	4.56832385691128	1	0.00707735477849505	0.0500744245713174	1	34875	1	1.43478260869565	singlet	A619	A619_Re2	A619_Re2	-2.03545033864201	-1.24993397419109	3_2
CB:Z:GTTATTCCACTCAAGT-1_A619_2	CB:Z:GTTATTCCACTCAAGT-1_A619_2	47780	21116	32659	1326	0.0270028102472203	25668	4.40939203061915	0.441942235244872	0.683528673084973	0.0277521975722059	0.123536590472831	0.274419024554273	4.57761172233115	1	0.00208376574177086	0.0506992371152124	1	32659	1	1.04347826086957	singlet	A619	A619_Re2	A619_Re2	1.89169347353755	0.52066396053181	3_1
CB:Z:GCCCGAATCCTGTGGG-1_A619_2	CB:Z:GCCCGAATCCTGTGGG-1_A619_2	46914	22868	35716	1768	0.0363173246785259	24749	4.39355765566329	0.487445112333205	0.761307925139617	0.0376859785991389	0.248590965229924	0.490945838674376	4.55846576838365	1	0.00530536256926595	0.0550280338590873	1	35716	1	1.08695652173913	singlet	A619	A619_Re2	A619_Re2	1.23745679922878	-0.253772513314626	3_1
CB:Z:AGTGCGCGTCCGTAGC-1_A619_2	CB:Z:AGTGCGCGTCCGTAGC-1_A619_2	46883	21116	33787	2384	0.048389388434449	25344	4.4038751599094	0.450397798775676	0.720666339611373	0.0508499882686688	0.146774796015544	0.377805215657869	4.57094106101122	1	0.000211555388344535	0.0473214969614268	1	33787	1	1.43478260869565	singlet	A619	A619_Re2	A619_Re2	-3.35327994755925	-0.811476962014577	3_2
CB:Z:AAACTCGGTTTGATCG-1_A619_2	CB:Z:AAACTCGGTTTGATCG-1_A619_2	46740	19757	30058	357	0.00758010064335308	25544	4.40728890553139	0.422700042789902	0.643089430894309	0.0076379974326059	0.0706537729371245	0.161841697752211	4.57506875260936	1	0.00265905104249465	0.0449231095149786	1	30058	1	1.34782608695652	singlet	A619	A619_Re2	A619_Re2	1.55912470885097	0.305536969259837	3_1
CB:Z:CACCTTGAGTCCAGAG-1_A619_2	CB:Z:CACCTTGAGTCCAGAG-1_A619_2	46598	21151	32098	1540	0.0319913581785699	24798	4.39441665566535	0.453903601012919	0.688827846688699	0.0330486286965106	0.156409701209548	0.289171200071185	4.55950441844254	1	-0.00118039361952262	0.0403799732520512	1	32098	1	0.608695652173913	singlet	A619	A619_Re2	A619_Re2	-2.02259957722844	-1.04142691318645	3_2
CB:Z:TTGTTGTGTGTCTACA-1_A619_2	CB:Z:TTGTTGTGTGTCTACA-1_A619_2	46417	21336	34562	2204	0.0453302071121532	24429	4.3879056895125	0.459659176594782	0.744597884395803	0.0474826033565289	0.172227600028557	0.444427367610484	4.55163175795144	1	0.00182452454812082	0.0555663792272862	1	34562	1	1.78260869565217	singlet	A619	A619_Re2	A619_Re2	2.77565348215877	1.41957519824848	3_1
CB:Z:GAAGTGGAGATATGTG-1_A619_2	CB:Z:GAAGTGGAGATATGTG-1_A619_2	46019	21521	34315	1663	0.0348768927477874	24211	4.38401272771157	0.467654664377757	0.745670266629001	0.0361372476585758	0.194201391348102	0.447412733274713	4.54692462757417	1	0.00156093073234093	0.0522050748525551	1	34315	1	1.56521739130435	singlet	A619	A619_Re2	A619_Re2	-2.10579883984746	-1.24754311267986	3_2
CB:Z:TTGGTCCTCTTCCGTG-1_A619_2	CB:Z:TTGGTCCTCTTCCGTG-1_A619_2	45601	20908	31408	1749	0.0369376979936642	24896	4.39612957530959	0.458498717133396	0.688756825508212	0.038354422052148	0.169038339444158	0.288973486805248	4.56157557570109	1	0.00181572625112783	0.0488274097212499	1	31408	1	0.956521739130435	singlet	A619	A619_Re2	A619_Re2	1.60609781809627	0.806772215918162	3_1
CB:Z:GATTGACTCCGATGCG-1_A619_2	CB:Z:GATTGACTCCGATGCG-1_A619_2	45191	21646	34352	952	0.0206315150727088	23536	4.37173265538345	0.478989179261357	0.760151357571198	0.0210661414883495	0.22535174408716	0.487726112535476	4.5320763181258	1	0.00191811213344442	0.0567486364071093	1	34352	1	0.521739130434783	singlet	A619	A619_Re2	A619_Re2	-3.24451267651738	-0.839514510079763	3_2
CB:Z:TTGAGCACATTCCCGT-1_A619_2	CB:Z:TTGAGCACATTCCCGT-1_A619_2	44924	21824	34288	2361	0.0499312678439251	22746	4.35690503481008	0.485798237022527	0.763244590864571	0.052555426943282	0.244064900605923	0.496337251530151	4.51414766976171	1	0.0023266804382738	0.0491388094878986	1	34288	1	0.956521739130435	singlet	A619	A619_Re2	A619_Re2	3.04272639818965	0.764379485205271	3_1
CB:Z:GTCTACCAGCCTTTGA-1_A619_2	CB:Z:GTCTACCAGCCTTTGA-1_A619_2	44797	20206	31289	1709	0.0367479465015267	24343	4.38637409908548	0.451056990423466	0.698461950577048	0.0381498761077751	0.148586435292759	0.315991229407294	4.54977985284853	1	0.00288134744956359	0.0442342923290765	1	31289	1	1.47826086956522	singlet	A619	A619_Re2	A619_Re2	2.29425609179317	0.704783900335887	3_1
CB:Z:AAGGTTCGTAAACGTA-1_A619_2	CB:Z:AAGGTTCGTAAACGTA-1_A619_2	43885	20635	32113	1389	0.0306798604055308	22514	4.35245266175302	0.470206220804375	0.731753446507918	0.0316509057764612	0.201213767575845	0.408670206908125	4.50876413364202	1	0.00239060368297938	0.0417509170282668	1	32113	1	1.30434782608696	singlet	A619	A619_Re2	A619_Re2	-3.59126746586979	-0.373513476296804	3_2
CB:Z:ACTCGGGTCCATTGTT-1_A619_2	CB:Z:ACTCGGGTCCATTGTT-1_A619_2	43852	19667	30173	2000	0.0436185989706011	24008	4.3803559824168	0.448485815926298	0.688064398431086	0.0456079540271823	0.141520143231477	0.287045864398758	4.54250311569216	1	0.00453832513772429	0.047772983297451	1	30173	1	1.1304347826087	singlet	A619	A619_Re2	A619_Re2	1.153128743847	0.423332913473704	3_1
CB:Z:CCGTACTAGGTACTCT-1_A619_2	CB:Z:CCGTACTAGGTACTCT-1_A619_2	43362	19242	28922	1230	0.0275834230355221	22977	4.36129332424357	0.443752594437526	0.666989530003229	0.0283658502836585	0.128511953601707	0.228376309239261	4.51945371989859	1	4.5507265464973e-05	0.0371977842216306	1	28922	1	1	singlet	A619	A619_Re2	A619_Re2	0.557469726284136	2.29312465961323	3_3
CB:Z:AAAGGGCTCTTGTACT-1_A619_2	CB:Z:AAAGGGCTCTTGTACT-1_A619_2	43275	18911	29259	1765	0.0391873889875666	23880	4.37803432245733	0.436995956094743	0.676117850953206	0.0407856730213749	0.109942860008432	0.253788307958094	4.53969590702181	1	0.00474140163121217	0.0429873260692572	1	29259	1	0.91304347826087	singlet	A619	A619_Re2	A619_Re2	1.56967234679042	0.0487339335237529	3_1
CB:Z:AACTGTGGTCAAGACG-1_A619_2	CB:Z:AACTGTGGTCAAGACG-1_A619_2	42963	19020	28852	1448	0.0326045349125217	24101	4.38203506271893	0.442706514908177	0.671554593487419	0.0337034192211903	0.125637040412482	0.241084822452957	4.544533356496	1	-0.00635227415368894	0.0411778443005026	1	28852	1	1.65217391304348	singlet	A619	A619_Re2	A619_Re2	2.40640318461238	1.35069011028157	3_1
CB:Z:AATGGAATCACACGTA-1_A619_2	CB:Z:AATGGAATCACACGTA-1_A619_2	42013	17540	25690	1755	0.0400977883385122	23752	4.37570018458799	0.417489824578107	0.611477399852427	0.0417727846142861	0.0563346656077316	0.0738381211100023	4.53687361082899	1	0.00666526573225281	0.0459504672474828	1	25690	1	0.826086956521739	singlet	A619	A619_Re2	A619_Re2	2.36516249247371	0.588173611715892	3_1
CB:Z:TCAGCTCCAAATTGAG-1_A619_2	CB:Z:TCAGCTCCAAATTGAG-1_A619_2	40581	17588	27559	1846	0.0435100289909727	22017	4.34275814241929	0.433404795347576	0.67911091397452	0.0454892683768266	0.100073366239559	0.262120586597267	4.4970421161185	1	0.000407079227134544	0.042904605704741	1	27559	1	1.08695652173913	singlet	A619	A619_Re2	A619_Re2	0.746546865184893	0.416637166098216	3_1
CB:Z:TTTGAGGCATTTCACT-1_A619_2	CB:Z:TTTGAGGCATTTCACT-1_A619_2	40338	17863	27670	1970	0.0465632977214711	22014	4.34269896213959	0.442833060637612	0.685953691308444	0.0488373246070703	0.12598482275253	0.281169944063533	4.49697055895802	1	0.00330394738182994	0.0464133163357477	1	27670	1	1.43478260869565	singlet	A619	A619_Re2	A619_Re2	-2.10204756192387	-0.117720381661794	3_2
CB:Z:CATAACGGTCATGAGG-1_A619_2	CB:Z:CATAACGGTCATGAGG-1_A619_2	39560	18334	30379	1930	0.0465172330682092	21324	4.32886867385293	0.463447927199191	0.767922143579373	0.0487866531850354	0.182640124867924	0.509358919397351	4.48024782355766	1	0.00304228177333733	0.0435912091821709	1	30379	1	0.869565217391304	singlet	A619	A619_Re2	A619_Re2	2.68620050020992	0.684387429312327	3_1
CB:Z:ATGGATCCACCGTCTT-1_A619_2	CB:Z:ATGGATCCACCGTCTT-1_A619_2	39481	17315	24361	1539	0.0375182837640176	22054	4.3434873702383	0.438565385881817	0.61703097692561	0.038980775562929	0.114256083112252	0.0892985211377882	4.49792385362181	1	-0.000850614809826502	0.0423749783000689	1	24361	1	1.56521739130435	singlet	A619	A619_Re2	A619_Re2	2.14594495364009	0.0586178141389873	3_1
CB:Z:GCAGATTAGGATATCA-1_A619_2	CB:Z:GCAGATTAGGATATCA-1_A619_2	39336	18000	28586	1204	0.0296990626541687	21538	4.33320537262534	0.457596095179988	0.726713443156396	0.0306080943664836	0.166557686983296	0.394639525974178	4.48549149343489	1	0.0024885794953343	0.0480252560585297	1	28586	1	0.956521739130435	singlet	A619	A619_Re2	A619_Re2	-0.303975074808012	0.179767354086497	3_1
CB:Z:GCGTAGCAGGCAGTGT-1_A619_2	CB:Z:GCGTAGCAGGCAGTGT-1_A619_2	38894	16753	23064	1621	0.0400098728865852	20346	4.30847904016173	0.430734817709672	0.592996349051268	0.0416773795444027	0.0927355360738897	0.0223893999426224	4.45559393044561	1	0.00574861150614012	0.0332161807480837	1	23064	1	1.56521739130435	singlet	A619	A619_Re2	A619_Re2	2.3331345326501	0.279274209097483	3_1
CB:Z:GATCATGGTTCATTTC-1_A619_2	CB:Z:GATCATGGTTCATTTC-1_A619_2	38705	16728	26363	1120	0.0281230382925298	21658	4.33561834937761	0.432192223226973	0.681126469448392	0.0289368298669423	0.0967408857879263	0.267731617738749	4.48840911676413	1	0.00539336797743556	0.0451452768492222	1	26363	1	1.95652173913043	singlet	A619	A619_Re2	A619_Re2	-1.05901026658238	-0.283843771859548	3_2
CB:Z:TACTCGCAGCACCATT-1_A619_2	CB:Z:TACTCGCAGCACCATT-1_A619_2	38583	14880	21889	1453	0.0362923368967929	21791	4.33827716069677	0.385662079154032	0.56732239587383	0.0376590726485758	-0.0311367001305059	-0.0490833789865649	4.49162398815715	1	0.00839058130410401	0.0396551209113652	1	21889	1	1.43478260869565	singlet	A619	A619_Re2	A619_Re2	-1.85596167973698	-0.506628291055105	3_2
CB:Z:CAGTATGTCACCCTTG-1_A619_2	CB:Z:CAGTATGTCACCCTTG-1_A619_2	38543	17408	29903	1342	0.0336467343612887	20936	4.32089370963182	0.451651402329865	0.775834781931868	0.0348182549360455	0.150220042089944	0.531386623810691	4.47060498649363	1	-0.00154465982544725	0.0511931909344463	1	29903	1	1.04347826086957	singlet	A619	A619_Re2	A619_Re2	-2.14529597691716	-1.22618748371258	3_2
CB:Z:AGGCCTGTCTGGAAGG-1_A619_2	CB:Z:AGGCCTGTCTGGAAGG-1_A619_2	38353	17165	26147	1988	0.0492798889467291	21509	4.33262021956564	0.447552994550622	0.681745886892811	0.051834276327797	0.138956494483098	0.269455991299919	4.48478396228418	1	0.00655275879854711	0.042425690768035	1	26147	1	0.869565217391304	singlet	A619	A619_Re2	A619_Re2	1.72143530913173	0.525335295752146	3_1
CB:Z:GACCTTCGTCCACCAG-1_A619_2	CB:Z:GACCTTCGTCCACCAG-1_A619_2	38351	16603	25352	1837	0.0457101622374838	21109	4.3244676598937	0.432922218455842	0.661051863054418	0.0478996636332821	0.0987471127072623	0.211846655459242	4.47492638770556	1	0.00224622598026003	0.0437716528766396	1	25352	1	1.30434782608696	singlet	A619	A619_Re2	A619_Re2	-3.26684200696171	-0.236583964272878	3_2
CB:Z:TTTGGTTCACTAGGAG-1_A619_2	CB:Z:TTTGGTTCACTAGGAG-1_A619_2	38275	17553	28093	525	0.0135309278350515	21088	4.32403539291392	0.458602220770738	0.733977792292619	0.0137165251469628	0.169322795801231	0.414862481757006	4.47440371701531	1	-0.00222945624629409	0.0424524738604078	1	28093	1	0.91304347826087	singlet	A619	A619_Re2	A619_Re2	2.77301871844112	1.30105279262409	3_1
CB:Z:AGTGCCGGTGCTTCCT-1_A619_2	CB:Z:AGTGCCGGTGCTTCCT-1_A619_2	38246	17014	28247	1099	0.0279323929342991	20610	4.31407799177921	0.444856978507556	0.73856089525702	0.0287350311143649	0.131547103645104	0.427621214419657	4.46236383895929	1	0.00097127830904497	0.0452389234303053	1	28247	1	0.956521739130435	singlet	A619	A619_Re2	A619_Re2	-3.3130885355872	-0.976239935799978	3_2
CB:Z:TGGTCAAAGCTCCATA-1_A619_2	CB:Z:TGGTCAAAGCTCCATA-1_A619_2	38209	16953	25660	1578	0.0396611958679971	20785	4.31775002884223	0.443691276924285	0.671569525504462	0.0412991703525347	0.128343436273338	0.241126391148891	4.46680384070853	1	0.00256967681522145	0.0401382480432698	1	25660	1	1.47826086956522	singlet	A619	A619_Re2	A619_Re2	2.50394380160152	1.4925262766634	3_1
CB:Z:GCTCAGGAGGCCAGTA-1_A619_2	CB:Z:GCTCAGGAGGCCAGTA-1_A619_2	38097	17101	27337	723	0.0186244204018547	20547	4.31274842092956	0.448880489277371	0.71756306270835	0.0189778722734074	0.142604813747057	0.369166116625751	4.4607562035251	1	0.00821264832453145	0.0485985043606738	1	27337	1	0.695652173913043	singlet	A619	A619_Re2	A619_Re2	-0.0421129048568111	2.01783989246235	3_3
CB:Z:GAGGATGCATGGTAAA-1_A619_2	CB:Z:GAGGATGCATGGTAAA-1_A619_2	38091	17011	25344	346	0.00900174311210552	21037	4.3229838069484	0.446588432963167	0.665354020634796	0.00908351054054764	0.136305614935422	0.223823274546132	4.47313220383441	1	0.00533299347569377	0.0450161886819717	1	25344	1	1.82608695652174	singlet	A619	A619_Re2	A619_Re2	2.13201892443477	0.20185588176594	3_1
CB:Z:GGAGTAGTCGTCGCAG-1_A619_2	CB:Z:GGAGTAGTCGTCGCAG-1_A619_2	38081	17659	27580	322	0.00838476160716611	20529	4.31236779471597	0.463722066122213	0.724245686825451	0.00845566030303826	0.183393533746852	0.38776962941116	4.46029597367852	1	0.000699853278983142	0.0429573824432447	1	27580	1	0.608695652173913	singlet	A619	A619_Re2	A619_Re2	2.10847556658565	-1.11497093860759	3_1
CB:Z:TCAGGTACATGCACTA-1_A619_2	CB:Z:TCAGGTACATGCACTA-1_A619_2	38043	17817	27513	1482	0.0374952561669829	20712	4.31622203742682	0.468338459112057	0.723207948899929	0.038955918302973	0.196080646648687	0.384880708767555	4.46495628730946	1	0.00245389043069679	0.0462034922319671	1	27513	1	1.56521739130435	singlet	A619	A619_Re2	A619_Re2	2.83273470469295	0.801477654532054	3_1
CB:Z:TAACGGTTCCTTTGCG-1_A619_2	CB:Z:TAACGGTTCCTTTGCG-1_A619_2	37638	15029	22893	1056	0.0272910528764149	20980	4.32180548385754	0.399303894999734	0.608241670652001	0.0280567511557469	0.00635474788989113	0.0648302929731181	4.47170744790336	1	0.00320491375712671	0.0380180270916672	1	22893	1	1.34782608695652	singlet	A619	A619_Re2	A619_Re2	-1.65278232030095	-0.124672667428396	3_2
CB:Z:TAATCGGGTACAAGCG-1_A619_2	CB:Z:TAATCGGGTACAAGCG-1_A619_2	37624	16428	27361	991	0.0256636022271138	20573	4.31329762608687	0.436636189666171	0.727221985966404	0.0263395704869232	0.108954123280942	0.396055239697131	4.46142026867948	1	0.00297339447113175	0.0504754689285846	1	27361	1	0.956521739130435	singlet	A619	A619_Re2	A619_Re2	0.108294882555594	2.64192710693226	3_3
CB:Z:AACCTTTAGAGGAATG-1_A619_2	CB:Z:AACCTTTAGAGGAATG-1_A619_2	37545	17200	26394	522	0.0137126645125699	20073	4.30261228459909	0.458116926355041	0.702996404314822	0.0139033160207751	0.167989073768439	0.328614529267847	4.44850020984492	1	0.00608172633599451	0.0489518267312554	1	26394	1	1.69565217391304	singlet	A619	A619_Re2	A619_Re2	-2.76017701558293	-0.708959357186696	3_2
CB:Z:ACATGGTCACTCCACT-1_A619_2	CB:Z:ACATGGTCACTCCACT-1_A619_2	37066	16290	24903	633	0.016790896310247	20515	4.31207152130293	0.439486321696433	0.671855608913829	0.01707764528139	0.116787067082007	0.241922808285422	4.45993773805901	1	0.00392696839968441	0.03834566629762	1	24903	1	0.782608695652174	singlet	A619	A619_Re2	A619_Re2	2.04676258631526	0.711501582220652	3_1
CB:Z:TGGTCAATCAGGTCTA-1_A619_2	CB:Z:TGGTCAATCAGGTCTA-1_A619_2	37061	16638	26592	1861	0.0478135758696881	19569	4.29156863324215	0.448935538706457	0.717519764712231	0.0502145112112463	0.142756104662612	0.369045580918482	4.4351469047172	1	0.000837866472988603	0.0412286388119781	1	26592	1	1.04347826086957	singlet	A619	A619_Re2	A619_Re2	-3.37725484303654	-1.02038075153484	3_2
CB:Z:CGCTATCTCGACCCGA-1_A619_2	CB:Z:CGCTATCTCGACCCGA-1_A619_2	36722	16124	24503	891	0.0236886182968654	20329	4.30811601586561	0.439082838625347	0.667256685365721	0.0242633843472578	0.115678185041827	0.229120033278609	4.45515498375686	1	-0.00375043446763315	0.0413224026290194	1	24503	1	0.91304347826087	singlet	A619	A619_Re2	A619_Re2	1.01103913851558	0.599742873266795	3_1
CB:Z:TGGCGCAAGTAGCAAT-1_A619_2	CB:Z:TGGCGCAAGTAGCAAT-1_A619_2	36587	16233	25096	763	0.0204283801874163	20269	4.30683232268438	0.443682182195862	0.685926695274278	0.020854401836718	0.12831844146753	0.281094790791711	4.45360282078237	1	-0.0043927809823015	0.0397355385358554	1	25096	1	0.565217391304348	singlet	A619	A619_Re2	A619_Re2	2.24839484759151	-0.870296255990407	3_1
CB:Z:TTACTCAGTAATGTAG-1_A619_2	CB:Z:TTACTCAGTAATGTAG-1_A619_2	36497	16353	24087	1166	0.0309587658975653	20480	4.31132995230379	0.448064224456805	0.659972052497466	0.0319478313286023	0.140361494350484	0.208840610356288	4.45904107835845	1	-0.000656830950566846	0.0404874451170154	1	24087	1	1.52173913043478	singlet	A619	A619_Re2	A619_Re2	2.56650745936214	0.817333443716624	3_1
CB:Z:GCGGAAATCGGTCAGC-1_A619_2	CB:Z:GCGGAAATCGGTCAGC-1_A619_2	36464	17047	26927	1040	0.0277303754266212	20078	4.30272044989613	0.467502193944713	0.738454365949978	0.0285212812637122	0.193782360818751	0.427324651379322	4.44863099668062	1	0.000188101185157479	0.0495347895510967	1	26927	1	0.739130434782609	singlet	A619	A619_Re2	A619_Re2	-3.37322509221257	-0.594982401772878	3_2
CB:Z:TTGCGAACAAGATTAG-1_A619_2	CB:Z:TTGCGAACAAGATTAG-1_A619_2	36301	16087	25638	1284	0.0341625648529999	19805	4.29677484674031	0.443155835927385	0.70626153549489	0.0353709264207598	0.126871897694434	0.337704208500139	4.44144193841159	1	0.00425498105692546	0.0443741527671012	1	25638	1	0.695652173913043	singlet	A619	A619_Re2	A619_Re2	-1.31772625378789	-1.08463026706829	3_2
CB:Z:CGTTCCAGTCAACTGT-1_A619_2	CB:Z:CGTTCCAGTCAACTGT-1_A619_2	36194	17004	27701	1399	0.0372143750166254	19347	4.286613631657	0.469801624578659	0.765347847709565	0.0386528153837653	0.200101826281722	0.502192431310008	4.42915562104333	1	0.000493052272721585	0.0465293693636233	1	27701	1	0.956521739130435	singlet	A619	A619_Re2	A619_Re2	-3.22708785466374	-1.37058092777385	3_2
CB:Z:CAGTATGGTCAGAGTG-1_A619_2	CB:Z:CAGTATGGTCAGAGTG-1_A619_2	36185	16581	28134	1167	0.0312433069179696	19538	4.29088010526716	0.458228547740777	0.77750449081111	0.0322509327069228	0.168295839922492	0.536034865270716	4.43431437896627	1	0.0010344246112279	0.0589049108868892	1	28134	1	0.91304347826087	singlet	A619	A619_Re2	A619_Re2	2.47709357806026	1.95219777400837	3_3
CB:Z:ACAAGCTGTCGATTAC-1_A619_2	CB:Z:ACAAGCTGTCGATTAC-1_A619_2	36072	16406	25247	1732	0.0458152576446937	20199	4.30532986918761	0.454812597028166	0.699905744067421	0.0480150809492127	0.158907871338938	0.320010553281715	4.45178614626648	1	0.00439235522402863	0.0420707330527828	1	25247	1	1.30434782608696	singlet	A619	A619_Re2	A619_Re2	1.57038044997035	0.632541878775218	3_1
CB:Z:TGTAGCAAGTCTCGAT-1_A619_2	CB:Z:TGTAGCAAGTCTCGAT-1_A619_2	36028	16501	26337	1510	0.0402259044168576	19761	4.29580891816118	0.458004885089375	0.731014766292883	0.0419118463417342	0.167681153669285	0.406613822083252	4.44027399688284	1	0.0015221280057108	0.0437483998402343	1	26337	1	1.65217391304348	singlet	A619	A619_Re2	A619_Re2	0.616259098728289	1.38981197650776	3_3
CB:Z:CACCTGTGTTCCCGGA-1_A619_2	CB:Z:CACCTGTGTTCCCGGA-1_A619_2	35963	17074	27906	786	0.0213883370976081	19377	4.28728653926281	0.474765731446209	0.775964185412785	0.0218557962350193	0.213744552198671	0.531746865426788	4.42996925960296	1	0.000995317298078351	0.0532914212475212	1	27906	1	1.78260869565217	singlet	A619	A619_Re2	A619_Re2	2.84004724093257	0.86750267322407	3_1
CB:Z:ACAAGCTTCTCCACTG-1_A619_2	CB:Z:ACAAGCTTCTCCACTG-1_A619_2	35936	10516	15555	656	0.0179274158285964	20977	4.32174337820423	0.292631344612645	0.43285284951024	0.0182546749777382	-0.286810650564052	-0.423428229330816	4.47163235356074	1	0.00375900077152596	0.0346769132581754	1	15555	1	0.826086956521739	singlet	A619	A619_Re2	A619_Re2	0.77404809065639	1.68732450778828	3_3
CB:Z:AACTTGGCACTCAAGT-1_A619_2	CB:Z:AACTTGGCACTCAAGT-1_A619_2	35838	14502	22225	1586	0.0423792218896965	19962	4.30020405125247	0.404654277582454	0.620151794184943	0.0442547017132652	0.0210590653178731	0.0979864501260971	4.44558832195052	1	-0.000134035896534817	0.0373909106727365	1	22225	1	1.78260869565217	singlet	A619	A619_Re2	A619_Re2	2.07823145457088	0.7394962149416	3_1
CB:Z:ATTACCTAGCCATGGA-1_A619_2	CB:Z:ATTACCTAGCCATGGA-1_A619_2	35822	15345	21969	1160	0.0313666107836245	19980	4.30059548388996	0.428368041985372	0.613282340461169	0.0323823348780079	0.0862309878489923	0.0788628292341231	4.44606161826136	1	-0.00286779814291189	0.0433126488381511	1	21969	1	1.52173913043478	singlet	A619	A619_Re2	A619_Re2	1.86777377196132	1.2314452963625	3_1
CB:Z:CTGTTCGGTCAAGACG-1_A619_2	CB:Z:CTGTTCGGTCAAGACG-1_A619_2	35770	15231	24855	1583	0.0423794608197467	19651	4.29338465564944	0.425803746155997	0.694856024601621	0.0442549622588762	0.0791836002516707	0.305952824012711	4.43734272750619	1	0.00303157699262684	0.0417768118525233	1	24855	1	0.826086956521739	singlet	A619	A619_Re2	A619_Re2	-3.54969108037175	-0.969504610940358	3_2
CB:Z:TCAAGGTCAGTTCGGC-1_A619_2	CB:Z:TCAAGGTCAGTTCGGC-1_A619_2	35634	16810	26173	902	0.0246879789796365	18417	4.26521888809996	0.471740472582365	0.734495145086154	0.0253129034068586	0.205430311871364	0.41630272127077	4.40328641079642	1	0.000135249631710477	0.040879177975908	1	26173	1	1	singlet	A619	A619_Re2	A619_Re2	-3.57675659588994	0.130406601980784	3_1
CB:Z:AAATGCCGTATGCTAC-1_A619_2	CB:Z:AAATGCCGTATGCTAC-1_A619_2	35562	14911	22016	988	0.02703146374829	19904	4.29894036301072	0.419295877622181	0.619087790338001	0.0277824644283224	0.0612981942603571	0.0950244087448292	4.44406034772054	1	0.00426481416212979	0.0336227318431457	1	22016	1	1.95652173913043	singlet	A619	A619_Re2	A619_Re2	2.44345247813045	0.987700684622386	3_1
CB:Z:TCAAGACAGGCAATTA-1_A619_2	CB:Z:TCAAGACAGGCAATTA-1_A619_2	35541	14978	24834	1256	0.0341332173818518	19237	4.28413734498701	0.421428772403703	0.698742297628091	0.0353394670943417	0.0671599735673685	0.316771677305763	4.42616144724887	1	0.00152789858878315	0.0442090101147934	1	24834	1	0.739130434782609	singlet	A619	A619_Re2	A619_Re2	-0.73337960175694	2.36641023929463	3_3
CB:Z:GCGCCAAAGTCATCTG-1_A619_2	CB:Z:GCGCCAAAGTCATCTG-1_A619_2	35521	15997	22510	1143	0.0311749945450578	18724	4.2723986324554	0.450353312125222	0.633709636553025	0.0321781481377213	0.146652534510041	0.135729631459865	4.41196771682633	1	0.00154424023570371	0.0384165354312931	1	22510	1	1.34782608695652	singlet	A619	A619_Re2	A619_Re2	-0.0478647195500236	1.95431230838642	3_3
CB:Z:TCGTTCGGTCAGAAAT-1_A619_2	CB:Z:TCGTTCGGTCAGAAAT-1_A619_2	35280	16317	26696	739	0.0205169493878231	18529	4.26785198131561	0.4625	0.756689342403628	0.0209467120181406	0.180034961177286	0.478088335173684	4.40647018543778	1	0.000288914500483117	0.0420348980851049	1	26696	1	1.34782608695652	singlet	A619	A619_Re2	A619_Re2	1.8902531869012	1.33166836078511	3_1
CB:Z:GATCGTAAGCACCATT-1_A619_2	CB:Z:GATCGTAAGCACCATT-1_A619_2	35225	11446	16296	1101	0.0303088696801189	20271	4.30687517364464	0.324939673527324	0.462625975869411	0.0312562100780696	-0.198018509706047	-0.340543912155622	4.45365463353242	1	0.00094767422418003	0.0358773828423066	1	16296	1	1.69565217391304	singlet	A619	A619_Re2	A619_Re2	1.25250721045314	0.465961201742747	3_1
CB:Z:TGCTTCGAGTATAGTG-1_A619_2	CB:Z:TGCTTCGAGTATAGTG-1_A619_2	35214	15465	23467	1078	0.029703515926375	19410	4.28802553538836	0.439171920258988	0.666411086499688	0.0306128244448231	0.115923005780869	0.226766001533008	4.43086280834275	1	0.00233738906756525	0.0361280146162518	1	23467	1	1.47826086956522	singlet	A619	A619_Re2	A619_Re2	0.210231200535883	2.16611645992146	3_3
CB:Z:GATTGACAGATGCGCA-1_A619_2	CB:Z:GATTGACAGATGCGCA-1_A619_2	35068	15879	24841	930	0.0258347685982555	19133	4.28178307150645	0.452805976959051	0.708366602030341	0.0265199041861526	0.153393129542918	0.34356442621105	4.42331480431132	1	0.00650557088069135	0.0473209046758421	1	24841	1	1.65217391304348	singlet	A619	A619_Re2	A619_Re2	1.35475230284511	-0.0328600568021749	3_1
CB:Z:ACCGCAGCATCGCTAA-1_A619_2	CB:Z:ACCGCAGCATCGCTAA-1_A619_2	34817	15316	23497	343	0.00975540386803185	19533	4.29076895006656	0.439900048826723	0.674871470833214	0.00985150932015969	0.117924102603913	0.250318555942801	4.43417997692276	1	-0.00391455280506451	0.0468861944030071	1	23497	1	1.21739130434783	singlet	A619	A619_Re2	A619_Re2	1.70752358504116	0.176298363760569	3_1
CB:Z:CACATGAGTAGCAGGT-1_A619_2	CB:Z:CACATGAGTAGCAGGT-1_A619_2	34654	15630	25566	500	0.0142231325027024	19094	4.28089691822888	0.451030184105731	0.737750331852023	0.0144283488197611	0.148512764186262	0.425364716612206	4.42224332217894	1	0.00524957764645136	0.0480783807369371	1	25566	1	1.08695652173913	singlet	A619	A619_Re2	A619_Re2	2.49050104685604	1.57738493259297	3_1
CB:Z:ACTTTCAAGAATCAAC-1_A619_2	CB:Z:ACTTTCAAGAATCAAC-1_A619_2	34465	15585	24671	1787	0.0492938320644378	19034	4.27953006497544	0.452197881909183	0.715827651240389	0.0518497025968374	0.151721917718082	0.364334968132821	4.42059060715126	1	0.00130017801830859	0.0368557431904594	1	24671	1	1	singlet	A619	A619_Re2	A619_Re2	1.63841438360988	0.248053296164134	3_1
CB:Z:AACGGGATCAGTGTGT-1_A619_2	CB:Z:AACGGGATCAGTGTGT-1_A619_2	34293	14917	24530	1378	0.0386308205545121	18518	4.26759407976129	0.43498673198612	0.715306330738051	0.0401831277520194	0.104420961598294	0.362883683059685	4.40615834671376	1	0.000559406398865619	0.0421587256884781	1	24530	1	1	singlet	A619	A619_Re2	A619_Re2	-0.200265779415975	2.41117022807942	3_3
CB:Z:ATGGATCAGGTTAACA-1_A619_2	CB:Z:ATGGATCAGGTTAACA-1_A619_2	34051	15266	23343	855	0.0244943562711282	18264	4.26159589848218	0.448327508736895	0.685530527737805	0.0251093947314323	0.141085071696288	0.27999191448133	4.3989057142064	1	-0.000774442575298781	0.0388310061738246	1	23343	1	0.521739130434783	singlet	A619	A619_Re2	A619_Re2	-2.79939877919377	-0.924738661691091	3_2
CB:Z:ACTGCAAGTTCAGTTG-1_A619_2	CB:Z:ACTGCAAGTTCAGTTG-1_A619_2	34011	16056	25340	872	0.0249978499555657	18573	4.26888205873257	0.472082561524213	0.745053071065244	0.025638763929317	0.20637046602142	0.445694545125827	4.40771569180241	1	0.00092940772270694	0.0444632553493134	1	25340	1	1.78260869565217	singlet	A619	A619_Re2	A619_Re2	-0.99454390935124	-0.235159651681325	3_2
CB:Z:ACATGCAAGGCCTAAG-1_A619_2	CB:Z:ACATGCAAGGCCTAAG-1_A619_2	34002	15294	24522	869	0.0249204209801841	18626	4.2701195986189	0.449797070760543	0.721192871007588	0.0255573201576378	0.145123830820847	0.379271007147822	4.40921204904657	1	-0.0015745901519926	0.042767727547104	1	24522	1	1.60869565217391	singlet	A619	A619_Re2	A619_Re2	-2.28392255238713	0.341199620321849	3_2
CB:Z:CCACAGGCACCCTTTG-1_A619_2	CB:Z:CCACAGGCACCCTTTG-1_A619_2	33991	14912	21287	803	0.0230786917284589	18843	4.27515004812374	0.438704362919596	0.626254008413992	0.0236239004442352	0.114638030094009	0.114974181059354	4.41529455971233	1	-0.00178730025692384	0.0347809232469905	1	21287	1	1.04347826086957	singlet	A619	A619_Re2	A619_Re2	1.89363622732936	-0.137871519967458	3_1
CB:Z:GTCGTAATCGTTCTAT-1_A619_2	CB:Z:GTCGTAATCGTTCTAT-1_A619_2	33908	14698	21600	1260	0.035828025477707	18991	4.27854783377585	0.433467028429869	0.637017812905509	0.037159372419488	0.100244399802562	0.144939142572772	4.41940295349486	1	-0.00150732246580496	0.038471430211176	1	21600	1	1.56521739130435	singlet	A619	A619_Re2	A619_Re2	1.88727629252254	0.867197020605662	3_1
CB:Z:TGCCTCACACTGCTCT-1_A619_2	CB:Z:TGCCTCACACTGCTCT-1_A619_2	33847	15478	24047	744	0.0215084848660056	18471	4.26649040831114	0.457293113126717	0.710461783909948	0.0219812686501019	0.165725009278965	0.349397126390202	4.40482385496296	1	-0.000231053633117082	0.0396913711923345	1	24047	1	1.65217391304348	singlet	A619	A619_Re2	A619_Re2	2.24076688357173	-1.17976452533855	3_4
CB:Z:TAACTTCTCCGTGCGA-1_A619_2	CB:Z:TAACTTCTCCGTGCGA-1_A619_2	33773	14209	22491	1139	0.0326248854262145	18631	4.27023616583701	0.420720694045539	0.66594617001747	0.0337251650726912	0.0652139802143052	0.225471737547853	4.40935299496935	1	0.00394534869167241	0.0424693415103367	1	22491	1	1.39130434782609	singlet	A619	A619_Re2	A619_Re2	-2.67128837041081	-0.887474314614675	3_2
CB:Z:CTTTGCGGTTAACCGT-1_A619_2	CB:Z:CTTTGCGGTTAACCGT-1_A619_2	33765	15484	24321	464	0.0135557568143971	18309	4.26266462467626	0.458581371242411	0.720302087960906	0.0137420405745595	0.169265495584282	0.376791188814848	4.40019795229924	1	0.00156020333268755	0.0449526176883326	1	24321	1	0.739130434782609	singlet	A619	A619_Re2	A619_Re2	2.82062876292049	1.52776645000325	3_1
CB:Z:TCCAGAACACCGTTGG-1_A619_2	CB:Z:TCCAGAACACCGTTGG-1_A619_2	33676	14700	21102	511	0.0149472021528651	18533	4.26794572574032	0.436512649958427	0.626618363226036	0.0151740111652215	0.108614602312202	0.115988495090117	4.40658353544012	1	0.00105348773577161	0.0359976958257125	1	21102	1	0.91304347826087	singlet	A619	A619_Re2	A619_Re2	-3.15313112668217	0.392857773855784	3_1
CB:Z:TATGTTCTCGTGGAAG-1_A619_2	CB:Z:TATGTTCTCGTGGAAG-1_A619_2	33509	15688	26247	423	0.0124661086879642	17773	4.24976074088798	0.468172729714405	0.783282103315527	0.0126234742904891	0.195625176851424	0.552118949338831	4.384595368336	1	0.00172726102479419	0.0493646024983227	1	26247	1	1.08695652173913	singlet	A619	A619_Re2	A619_Re2	-3.27056729726018	-1.09754635517254	3_2
CB:Z:AGGCCCATCGCATAAC-1_A619_2	CB:Z:AGGCCCATCGCATAAC-1_A619_2	33508	15256	24054	1758	0.0498497136051721	18313	4.26275949540612	0.455294258087621	0.717858421869404	0.052465082965262	0.160231607913178	0.369988356188037	4.40031266416061	1	-0.00340339848006206	0.0424175103582022	1	24054	1	1.34782608695652	singlet	A619	A619_Re2	A619_Re2	-2.15015041760624	-0.984630839272878	3_2
CB:Z:GAGTGAGAGCTTTCCC-1_A619_2	CB:Z:GAGTGAGAGCTTTCCC-1_A619_2	33506	15357	23935	870	0.0253083546660461	17713	4.24829212263032	0.458335820450069	0.714349668716051	0.0259654987166478	0.16859065472207	0.360220466657604	4.38281960531371	1	0.00304757993544586	0.0440067038481909	1	23935	1	1.47826086956522	singlet	A619	A619_Re2	A619_Re2	-3.69441425732792	-0.268698946877858	3_2
CB:Z:ATTGTCTTCACTTACT-1_A619_2	CB:Z:ATTGTCTTCACTTACT-1_A619_2	33274	15290	23909	1166	0.033855981416957	17932	4.25362873019375	0.459517941936647	0.718549017250706	0.0350423754282623	0.171839448487441	0.371910879403539	4.38927230350548	1	0.00591014235248268	0.04422600370839	1	23909	1	0.652173913043478	singlet	A619	A619_Re2	A619_Re2	-3.35890662602604	-1.20508028690471	3_2
CB:Z:TGCGTAACAAAGAAGG-1_A619_2	CB:Z:TGCGTAACAAAGAAGG-1_A619_2	33227	15236	22347	272	0.00811964536254814	18245	4.26114386770067	0.458542751376892	0.672555451891534	0.00818611370271165	0.169159357611375	0.243871075546211	4.39835914634061	1	0.00226623799209421	0.0386011958777351	1	22347	1	1	singlet	A619	A619_Re2	A619_Re2	1.3807750947076	-1.56951691333904	3_4
CB:Z:TACCTCGTCGCTTGAA-1_A619_2	CB:Z:TACCTCGTCGCTTGAA-1_A619_2	33118	14528	21195	686	0.0202934563956928	18353	4.26370706460743	0.438673832960928	0.639984298568754	0.0207138112204843	0.114554125401888	0.153197433477191	4.40145840665698	1	0.000470971542913367	0.036369216061147	1	21195	1	1.30434782608696	singlet	A619	A619_Re2	A619_Re2	1.85863947935878	1.16705678279743	3_1
CB:Z:CGGACCAAGCGATACG-1_A619_2	CB:Z:CGGACCAAGCGATACG-1_A619_2	33093	13616	20443	1354	0.0393067611112724	18686	4.27151634451163	0.411446529477533	0.617743933762427	0.0409149971293023	0.0397260347115409	0.0912832955911699	4.41090090841823	1	0.00702368878635032	0.044105563205048	1	20443	1	1.30434782608696	singlet	A619	A619_Re2	A619_Re2	-0.277952253143201	0.255360825613597	3_2
CB:Z:AGTTACGGTAACCGAG-1_A619_2	CB:Z:AGTTACGGTAACCGAG-1_A619_2	33056	14763	24902	973	0.0285932586911164	17855	4.2517598545288	0.446605759922556	0.753327686350436	0.0294348983543078	0.136353234167687	0.468729943878613	4.38701257380257	1	0.00474630397284109	0.0447333942739115	1	24902	1	1.52173913043478	singlet	A619	A619_Re2	A619_Re2	-0.207255765120397	2.88099764163838	3_3
CB:Z:TAGCATGAGTTGTCCA-1_A619_2	CB:Z:TAGCATGAGTTGTCCA-1_A619_2	33051	15797	27111	1560	0.0450723758342723	16945	4.2290415731734	0.477958306859097	0.820277752564219	0.0471997821548516	0.22251862425017	0.655109783738938	4.35954302291665	1	-0.00119233672718925	0.0513734405012673	1	27111	1	1.17391304347826	singlet	A619	A619_Re2	A619_Re2	-1.03813505105198	-1.05551745121135	3_2
CB:Z:ACTCGGGTCGGTACTA-1_A619_2	CB:Z:ACTCGGGTCGGTACTA-1_A619_2	32988	15306	25637	1366	0.03976247307446	17796	4.25032239707601	0.463986904328847	0.777161392021341	0.0414089972111071	0.184121381708599	0.535079725102682	4.38527448851222	1	0.00283651542715993	0.0430208246662489	1	25637	1	0.956521739130435	singlet	A619	A619_Re2	A619_Re2	-1.8417260640067	-1.44978882496013	3_2
CB:Z:TCTCTGGAGGAATGGA-1_A619_2	CB:Z:TCTCTGGAGGAATGGA-1_A619_2	32928	14337	21744	1198	0.035105198382465	18477	4.26663145880992	0.435404518950437	0.660349854227405	0.0363824101068999	0.105569154656571	0.209892358769804	4.40499440456541	1	0.0065269300942493	0.0401236981400697	1	21744	1	0.739130434782609	singlet	A619	A619_Re2	A619_Re2	2.47162425585567	0.722428067282298	3_1
CB:Z:CGTTCCACACGAACGA-1_A619_2	CB:Z:CGTTCCACACGAACGA-1_A619_2	32855	14625	21971	1025	0.0302538370720189	18378	4.26429824719022	0.445137726373459	0.668726221275301	0.0311976868056612	0.132318675710025	0.233211020532033	4.40217322833679	1	0.00508599702663385	0.0435816201186201	1	21971	1	1.26086956521739	singlet	A619	A619_Re2	A619_Re2	1.63172340460597	0.475165589407542	3_1
CB:Z:GTAGTACAGGGAAATG-1_A619_2	CB:Z:GTAGTACAGGGAAATG-1_A619_2	32834	14792	22049	1400	0.0408950166501139	17981	4.25481384103487	0.450508619114333	0.671529512091125	0.0426387281476518	0.147079360672725	0.241014999271455	4.39070526676737	1	0.000600319457460005	0.0383794327520302	1	22049	1	1.56521739130435	singlet	A619	A619_Re2	A619_Re2	2.43054282732784	0.433379872397044	3_1
CB:Z:GCCTAGGGTAACCATC-1_A619_2	CB:Z:GCCTAGGGTAACCATC-1_A619_2	32823	12680	18881	908	0.0269188580237763	18995	4.27863929789074	0.386314474606221	0.575236876580447	0.0276635286232215	-0.029343738661068	-0.0270505457109936	4.41951354628658	1	0.00547032557776924	0.0335410007888808	1	18881	1	2	singlet	A619	A619_Re2	A619_Re2	1.47243154116451	0.420800908163645	3_1
CB:Z:CTTGCTGAGATTCCGT-1_A619_2	CB:Z:CTTGCTGAGATTCCGT-1_A619_2	32781	14425	22591	706	0.0210828082539493	18153	4.25894840765209	0.440041487446997	0.68914920228181	0.0215368658674232	0.118312814688878	0.290065810149551	4.39570453085368	1	0.00418548683783862	0.03688024469411	1	22591	1	1.65217391304348	singlet	A619	A619_Re2	A619_Re2	-1.04725456170262	0.245478852346995	3_1
CB:Z:GACCTTCAGACACTTC-1_A619_2	CB:Z:GACCTTCAGACACTTC-1_A619_2	32595	14054	21636	686	0.0206123614074096	18141	4.2586612233256	0.431170424911796	0.663782788771284	0.0210461727258782	0.0939327040286883	0.219449179647262	4.39535728519955	1	0.00352523661983638	0.0312219272585746	1	21636	1	0.739130434782609	singlet	A619	A619_Re2	A619_Re2	-1.45410680703343	-1.21542717640056	3_2
CB:Z:AGGCCTGCAATGTAAG-1_A619_2	CB:Z:AGGCCTGCAATGTAAG-1_A619_2	32535	14577	20887	1663	0.0486285747704544	18099	4.25765458003607	0.448040571692024	0.641985554018749	0.0511141847241432	0.14029649007163	0.158768655305391	4.39414011394292	1	0.00245986444973603	0.0345464667031047	1	20887	1	1.1304347826087	singlet	A619	A619_Re2	A619_Re2	2.79636895724117	0.883010132864573	3_1
CB:Z:TTACGGATCGATAGCT-1_A619_2	CB:Z:TTACGGATCGATAGCT-1_A619_2	32486	13838	20921	1229	0.0364526175292896	18102	4.25772656055863	0.425968109339408	0.644000492519855	0.037831681339654	0.0796353153178337	0.164377968878962	4.39422714837112	1	-0.0017410777262884	0.0364243062481877	1	20921	1	1.47826086956522	singlet	A619	A619_Re2	A619_Re2	-0.500535368244062	2.08325408275471	3_3
CB:Z:TCACCTGGTATCACAC-1_A619_2	CB:Z:TCACCTGGTATCACAC-1_A619_2	32477	15037	24893	1555	0.045692289609779	17588	4.24521645694767	0.463004587862179	0.76648089417126	0.0478800381808665	0.181421706887725	0.505346677900454	4.37910069921972	1	0.00213240455978777	0.0460796725555427	1	24893	1	1.04347826086957	singlet	A619	A619_Re2	A619_Re2	-0.6198569529456	2.12151025112019	3_4
CB:Z:AGATAGACAGTGCGAA-1_A619_2	CB:Z:AGATAGACAGTGCGAA-1_A619_2	32388	15623	24212	1698	0.0498151733849674	17550	4.24427712080184	0.482370013585278	0.747560824996912	0.0524268247499074	0.234643203212141	0.452675789546125	4.37796491162853	1	0.00113855790818818	0.0408968864823215	1	24212	1	1.08695652173913	singlet	A619	A619_Re2	A619_Re2	2.8204666382867	0.995260699347117	3_1
CB:Z:CTTGAAGCATCGTACA-1_A619_2	CB:Z:CTTGAAGCATCGTACA-1_A619_2	32262	14690	24385	955	0.0287503386820002	17578	4.2449694601362	0.455334449197198	0.755842787179964	0.0296013886305871	0.160342064095305	0.475731641059064	4.37880204584119	1	-5.3561589763409e-05	0.0402103100395337	1	24385	1	0.695652173913043	singlet	A619	A619_Re2	A619_Re2	0.0241576141911644	2.51682089145527	3_3
CB:Z:GCCCAGACAATACTGC-1_A619_2	CB:Z:GCCCAGACAATACTGC-1_A619_2	32013	14020	21274	1038	0.0314060088953436	17660	4.24699069924155	0.437947083997126	0.664542529597351	0.0324243276169056	0.112556820108486	0.221564194336651	4.38124600406093	1	0.00550765199879396	0.0422732520592454	1	21274	1	0.782608695652174	singlet	A619	A619_Re2	A619_Re2	2.9126878983575	0.99860094364033	3_1
CB:Z:AATGTCGTCCGTGCGA-1_A619_2	CB:Z:AATGTCGTCCGTGCGA-1_A619_2	31991	14174	20822	265	0.00821552579365079	17644	4.24659704910637	0.44306211121878	0.650870557344253	0.0082835797568066	0.126614316513114	0.183503290991606	4.38077002648805	1	-0.00124553507927174	0.0361352615738004	1	20822	1	0.565217391304348	singlet	A619	A619_Re2	A619_Re2	2.59020006724178	0.802998288229563	3_1
CB:Z:GCGTAGCGTCGTAGTT-1_A619_2	CB:Z:GCGTAGCGTCGTAGTT-1_A619_2	31860	14967	24458	1002	0.0304911447872923	16971	4.22970743346007	0.469774011299435	0.7676710608914	0.0314500941619586	0.200025937423931	0.508659939488553	4.36034814029069	1	0.00105273395786843	0.0477286367077321	1	24458	1	0.652173913043478	singlet	A619	A619_Re2	A619_Re2	-3.29911529950322	-1.26077295963421	3_2
CB:Z:CACTGAAAGAACGCCA-1_A619_2	CB:Z:CACTGAAAGAACGCCA-1_A619_2	31777	13652	21847	651	0.0200752436166276	17955	4.25418540946209	0.429618906756459	0.68750983415678	0.0204865154042232	0.089668706996955	0.285502033205112	4.389945405896	1	0.00623724380592538	0.0452484168219233	1	21847	1	1.95652173913043	singlet	A619	A619_Re2	A619_Re2	1.18921697207271	0.724516614035227	3_1
CB:Z:GGTACCGTCACTAGGT-1_A619_2	CB:Z:GGTACCGTCACTAGGT-1_A619_2	31667	13862	20642	1436	0.0433797541008368	17526	4.24368280735719	0.43774276060252	0.651845770044526	0.045346891085357	0.11199528343222	0.186218149948223	4.3772463043028	1	-0.00122337303979736	0.032332670495635	1	20642	1	1.08695652173913	singlet	A619	A619_Re2	A619_Re2	-0.437958150426756	-0.157270209237478	3_2
CB:Z:TGTACAGAGACACGGT-1_A619_2	CB:Z:TGTACAGAGACACGGT-1_A619_2	31462	14952	22184	879	0.0271791224761139	17185	4.23514953647324	0.47523997202975	0.705104570593096	0.0279384654503846	0.215047895271771	0.334483376239395	4.36692839710273	1	0.00562674775579579	0.042472648834654	1	22184	1	0.782608695652174	singlet	A619	A619_Re2	A619_Re2	-3.62155401639165	-0.229129568978689	3_2
CB:Z:GTGTGATTCGACTTAG-1_A619_2	CB:Z:GTGTGATTCGACTTAG-1_A619_2	31396	13383	19782	694	0.0216266749766282	17427	4.24122263119589	0.426264492292012	0.630080265001911	0.0221047267167792	0.0804498568852735	0.125625956784918	4.37427161034624	1	0.00637615463675917	0.0412184866022895	1	19782	1	1.47826086956522	singlet	A619	A619_Re2	A619_Re2	1.39259123869716	-0.103748099252126	3_1
CB:Z:CTAGGGCTCGCTATAG-1_A619_2	CB:Z:CTAGGGCTCGCTATAG-1_A619_2	31360	13793	21925	393	0.0123767832960665	17047	4.2316479611536	0.439827806122449	0.699139030612245	0.012531887755102	0.117725559856909	0.317876127745254	4.36269450722704	1	0.00360955249925568	0.0392803907275419	1	21925	1	0.652173913043478	singlet	A619	A619_Re2	A619_Re2	2.32099545069515	-1.00378824894085	3_1
CB:Z:CCTTAATTCAGTCTTT-1_A619_2	CB:Z:CCTTAATTCAGTCTTT-1_A619_2	31354	14580	24445	939	0.0290775090576905	16954	4.22927217882129	0.465012438604325	0.779645340307457	0.0299483319512662	0.186939830910457	0.541994697857291	4.35982185710662	1	0.00427856591847005	0.0466654791912411	1	24445	1	1.56521739130435	singlet	A619	A619_Re2	A619_Re2	-0.330561458389173	2.70673273380146	3_3
CB:Z:ACTATTCGTAGTTTGC-1_A619_2	CB:Z:ACTATTCGTAGTTTGC-1_A619_2	31267	13468	21830	690	0.0215915135963952	17532	4.24383146198192	0.430741676527969	0.698180189976653	0.0220679950107142	0.0927543859859944	0.315206846380504	4.37742604834745	1	0.00302502432389936	0.0368735139297239	1	21830	1	0.652173913043478	singlet	A619	A619_Re2	A619_Re2	2.49357283182918	1.42668507869587	3_1
CB:Z:GAGGCTCTCAACACGT-1_A619_2	CB:Z:GAGGCTCTCAACACGT-1_A619_2	31244	13800	21869	448	0.0141360595733939	16978	4.22988652924589	0.441684803482269	0.699942388938676	0.0143387530405838	0.122829097448763	0.320112567598094	4.36056469191822	1	0.00702707394066582	0.0350070199299671	1	21869	1	1.39130434782609	singlet	A619	A619_Re2	A619_Re2	-0.182610004464994	2.29472468669758	3_3
CB:Z:GCTGAGCCAATGCCAT-1_A619_2	CB:Z:GCTGAGCCAATGCCAT-1_A619_2	31149	12803	19286	1284	0.0395893071871242	17571	4.24479647874762	0.411024430960865	0.619153102828341	0.0412212270056824	0.038565992325973	0.0952062297971279	4.37859288736738	1	0.000682323825157827	0.0397775772637717	1	19286	1	0.956521739130435	singlet	A619	A619_Re2	A619_Re2	-1.12854468754948	-0.162252203866384	3_2
CB:Z:ACTGCGGAGCTGGAGT-1_A619_2	CB:Z:ACTGCGGAGCTGGAGT-1_A619_2	31082	13949	20473	1017	0.0316832300071653	17463	4.24211885400454	0.448780644746155	0.658677047809021	0.032719902194196	0.142330413616273	0.205235494183887	4.37535526793734	1	0.00342247301258327	0.0310741978663243	1	20473	1	0.826086956521739	singlet	A619	A619_Re2	A619_Re2	-2.43223178319157	-0.311190382882497	3_2
CB:Z:GTTCAAGGTCACAGGA-1_A619_2	CB:Z:GTTCAAGGTCACAGGA-1_A619_2	30978	14875	24331	1001	0.0313017918008693	16498	4.21743129926786	0.480179482213184	0.785428368519595	0.0323132545677578	0.228623022760884	0.558093858515986	4.34550459259446	1	0.0056400459816513	0.0480560695998585	1	24331	1	1.17391304347826	singlet	A619	A619_Re2	A619_Re2	-1.03422987393559	1.07186101253376	3_3
CB:Z:CCCTAACGTTGAAGCG-1_A619_2	CB:Z:CCCTAACGTTGAAGCG-1_A619_2	30904	13248	18666	1167	0.0363880140937295	17373	4.23987481965304	0.428682371214082	0.603999482267668	0.0377621019932695	0.0870948507007396	0.0530206199370288	4.37264191938583	1	0.000526609295992127	0.033433265533884	1	18666	1	0.869565217391304	singlet	A619	A619_Re2	A619_Re2	-1.58995723656834	-0.540076987191579	3_2
CB:Z:GGATAGGTCGTGATAC-1_A619_2	CB:Z:GGATAGGTCGTGATAC-1_A619_2	30506	12474	17680	810	0.0258653723336314	17360	4.23954972084047	0.408903166590179	0.579558119714155	0.0265521536746869	0.0327361765748561	-0.0150207950504602	4.37224882986312	1	0.0044319138839043	0.0341985242795823	1	17680	1	1.26086956521739	singlet	A619	A619_Re2	A619_Re2	1.63950991698085	0.678323252752879	3_1
CB:Z:TCCCACACATGCGTTA-1_A619_2	CB:Z:TCCCACACATGCGTTA-1_A619_2	30472	13184	21593	1574	0.0491168944642077	16931	4.22868260971297	0.432659490679969	0.708617747440273	0.0516539774218955	0.098025064787536	0.344263580729215	4.35910898634107	1	0.00230093992053763	0.0404673435273624	1	21593	1	1.78260869565217	singlet	A619	A619_Re2	A619_Re2	-1.41324031285466	-1.50415112201824	3_2
CB:Z:ACAAGCTCACTCCCAT-1_A619_2	CB:Z:ACAAGCTCACTCCCAT-1_A619_2	30466	12757	17989	841	0.0268630018845626	17095	4.23286910513261	0.418729075034465	0.590461498063415	0.0276045427689884	0.0597404654363101	0.0153327210190027	4.36417103954679	1	-0.00335069898596362	0.0319971433115843	1	17989	1	1.47826086956522	singlet	A619	A619_Re2	A619_Re2	2.42570698328792	0.951373322561839	3_1
CB:Z:GCACCTTGTCACAGGA-1_A619_2	CB:Z:GCACCTTGTCACAGGA-1_A619_2	30396	14043	21815	719	0.0231078258074883	16814	4.22567104308114	0.462001579155152	0.717693117515463	0.0236544282142387	0.178665164120336	0.369528171445016	4.35546758488358	1	0.000943326083856423	0.0446743575199332	1	21815	1	0.347826086956522	singlet	A619	A619_Re2	A619_Re2	0.975574732502093	0.552618249014476	3_1
CB:Z:AAACGAAAGGCCAATG-1_A619_2	CB:Z:AAACGAAAGGCCAATG-1_A619_2	30338	13618	20488	1457	0.0458248152225193	16857	4.22678028681456	0.448875997099347	0.675324675324675	0.0480255784824313	0.14259246801092	0.25158021534539	4.35680881429717	1	-0.000231324697476625	0.033455878364608	1	20488	1	0.652173913043478	singlet	A619	A619_Re2	A619_Re2	2.39353382654964	0.0664656000886943	3_1
CB:Z:CCGTACTTCTGTGTGA-1_A619_2	CB:Z:CCGTACTTCTGTGTGA-1_A619_2	30203	14975	22409	853	0.0274665121071613	16318	4.21266692879342	0.495811674336986	0.741946164288316	0.0282422275932854	0.271584570188533	0.437045341020551	4.33974380835469	1	0.00125353781067775	0.0411765908015497	1	22409	1	1.30434782608696	singlet	A619	A619_Re2	A619_Re2	1.8505872494775	-1.65551211063518	3_4
CB:Z:CCTTGCATCAACTTGG-1_A619_2	CB:Z:CCTTGCATCAACTTGG-1_A619_2	30105	13471	19256	940	0.0302786277983572	16433	4.21571685524952	0.447467198139844	0.639627968775951	0.0312240491612689	0.138720702436687	0.152205460003885	4.34343159215635	1	0.00540167941088887	0.0386126452979524	1	19256	1	1.17391304347826	singlet	A619	A619_Re2	A619_Re2	2.33435785837947	-0.168766276284597	3_1
CB:Z:GGTGCTGAGCCATGGA-1_A619_2	CB:Z:GGTGCTGAGCCATGGA-1_A619_2	29983	13329	21664	550	0.0180132970883962	16521	4.21803633120094	0.444551912750559	0.722542774238735	0.0183437281125971	0.130708699351963	0.383028953364706	4.34623616005828	1	0.00106793615064606	0.0418576994193276	1	21664	1	1.78260869565217	singlet	A619	A619_Re2	A619_Re2	-2.56733357838811	-1.04497315113201	3_2
CB:Z:GACCCAGGTCTAACCA-1_A619_2	CB:Z:GACCCAGGTCTAACCA-1_A619_2	29934	11834	16841	1254	0.0402077722200846	16980	4.22993768590793	0.395336406761542	0.562604396338612	0.0418921627580678	-0.00454899694409124	-0.0622176452773151	4.36062654741288	1	0.00389155064225063	0.0347146795573091	1	16841	1	1.30434782608696	singlet	A619	A619_Re2	A619_Re2	1.45046567984401	0.765796168402293	3_1
CB:Z:AATGCCATCTTAATCC-1_A619_2	CB:Z:AATGCCATCTTAATCC-1_A619_2	29894	13874	20682	952	0.0308629968229268	16739	4.22372950936488	0.464106509667492	0.69184451729444	0.0318458553555898	0.184450089952977	0.297569199000925	4.35312000152631	1	-0.0039836227062601	0.0380205349603558	1	20682	1	1.21739130434783	singlet	A619	A619_Re2	A619_Re2	2.24769055910884	0.252546055868724	3_1
CB:Z:CTACTTAGTACCAAGG-1_A619_2	CB:Z:CTACTTAGTACCAAGG-1_A619_2	29854	13516	21417	856	0.0278736567893194	16505	4.21761552866633	0.452736651704964	0.717391304347826	0.0286728746566624	0.153202604748455	0.368687964809936	4.34572735147119	1	-0.00413757215826083	0.0339747523038705	1	21417	1	1.60869565217391	singlet	A619	A619_Re2	A619_Re2	0.706063628872027	0.201345189169505	3_1
CB:Z:GCTCGAGCAAGGCGTA-1_A619_2	CB:Z:GCTCGAGCAAGGCGTA-1_A619_2	29818	13592	21336	162	0.00540360240160107	16175	4.20884428934074	0.455832047756389	0.715540948420417	0.00543295995707291	0.16170960128595	0.36353682664177	4.33512170744303	1	-0.000293316833118208	0.0440551811756935	1	21336	1	0.565217391304348	singlet	A619	A619_Re2	A619_Re2	-2.52323734692753	-1.47512604419842	3_2
CB:Z:TTCGGTCGTAAGGTCG-1_A619_2	CB:Z:TTCGGTCGTAAGGTCG-1_A619_2	29817	14213	20026	1191	0.0384094427244582	16208	4.2097294280162	0.476674380387028	0.671630278029312	0.0399436563034511	0.218990042488473	0.241295517880096	4.33619196278086	1	-0.00476485846709533	0.0436376442732641	1	20026	1	0.652173913043478	singlet	A619	A619_Re2	A619_Re2	1.95684301920711	-0.123377100869558	3_1
CB:Z:AGGCGTCCACGTACAT-1_A619_2	CB:Z:AGGCGTCCACGTACAT-1_A619_2	29816	13307	19605	749	0.0245051529527237	16400	4.2148438480477	0.446303997853501	0.657532868258653	0.0251207405419909	0.135523909314278	0.202050254595205	4.34237600545157	1	0.00381738025583583	0.0411310882860498	1	19605	1	0.739130434782609	singlet	A619	A619_Re2	A619_Re2	-3.52110278538884	0.0734445887361552	3_2
CB:Z:GCCCAGAAGTCACACT-1_A619_2	CB:Z:GCCCAGAAGTCACACT-1_A619_2	29633	12840	18708	927	0.0303337696335079	16689	4.22243031466049	0.433300712044005	0.63132318698748	0.0312826915938312	0.0997873168008495	0.129086081826311	4.35154909506184	1	0.00487069850042595	0.0380307555463026	1	18708	1	0.869565217391304	singlet	A619	A619_Re2	A619_Re2	-2.47573721341313	-0.330537096902273	3_2
CB:Z:ACAGCGCCAAATTCCG-1_A619_2	CB:Z:ACAGCGCCAAATTCCG-1_A619_2	29608	12862	20663	1397	0.0450572488308337	16394	4.2146849307506	0.434409619021886	0.697885706565793	0.0471831937314239	0.102834897034369	0.314387044787145	4.34218385241363	1	0.00176838286339433	0.0358818826995272	1	20663	1	1.60869565217391	singlet	A619	A619_Re2	A619_Re2	-2.92088544301213	-1.2212016743864	3_2
CB:Z:TCTAGTTGTCTGTGTA-1_A619_2	CB:Z:TCTAGTTGTCTGTGTA-1_A619_2	29563	11342	16763	450	0.0149935028154466	16787	4.22497309042883	0.38365524473159	0.5670263505057	0.015221729865034	-0.0366520310282035	-0.0499075288556243	4.35462366339152	1	0.00523115952459653	0.025783178455021	1	16763	1	0.91304347826087	singlet	A619	A619_Re2	A619_Re2	-2.46703946522893	-1.00572373096599	3_2
CB:Z:GTCGTAACAAACCTAC-1_A619_2	CB:Z:GTCGTAACAAACCTAC-1_A619_2	29238	14438	22902	763	0.0254324855838139	15973	4.20338649166048	0.493809426089336	0.783295711060948	0.026096176209043	0.266081843355846	0.552156831443448	4.32852247360322	1	0.00324355344498968	0.0570277437800611	1	22902	1	0.565217391304348	singlet	A619	A619_Re2	A619_Re2	-3.25936829976262	-0.822364584847829	3_2
CB:Z:TATGTGGGTGAGCTAG-1_A619_2	CB:Z:TATGTGGGTGAGCTAG-1_A619_2	29235	13501	20844	961	0.0318254073387204	16189	4.20922002306499	0.461809474944416	0.712981015905593	0.0328715580639644	0.178137209109598	0.35641032417286	4.33557602159191	1	-0.00220579518597728	0.0418697180430245	1	20844	1	1.8695652173913	singlet	A619	A619_Re2	A619_Re2	0.300447673280825	2.21684692676411	3_3
CB:Z:GGATAGGAGAGTCCGA-1_A619_2	CB:Z:GGATAGGAGAGTCCGA-1_A619_2	29224	14406	21712	183	0.00622300812731663	15975	4.20344086683044	0.492950999178757	0.742950999178757	0.006261976457706	0.263722650982831	0.439842664108605	4.32858822072003	1	0.0050311584004417	0.0390160269634561	1	21712	1	1.47826086956522	singlet	A619	A619_Re2	A619_Re2	2.53028810091793	0.357196076468089	3_1
CB:Z:GGAGGATCAACGGGTA-1_A619_2	CB:Z:GGAGGATCAACGGGTA-1_A619_2	29222	13119	20029	1039	0.0343346221208817	16149	4.20814563453535	0.448942577510095	0.685408254055164	0.0355554034631442	0.142775449223755	0.279651521249798	4.33427693695058	1	-0.000160548457492361	0.0364303840195749	1	20029	1	0.869565217391304	singlet	A619	A619_Re2	A619_Re2	2.1713708645898	0.276629193380931	3_1
CB:Z:AGCCTTCTCTGACATG-1_A619_2	CB:Z:AGCCTTCTCTGACATG-1_A619_2	29071	13799	22515	302	0.0102815510843291	15899	4.20136980934312	0.474665474183895	0.774483161913935	0.0103883595335558	0.213469017769733	0.527623898293885	4.32608402517172	1	-0.00237344466728746	0.0461751968208248	1	22515	1	1.78260869565217	singlet	A619	A619_Re2	A619_Re2	-2.43383538655461	-1.19802309696331	3_2
CB:Z:GCATTGACACGATTAC-1_A619_2	CB:Z:GCATTGACACGATTAC-1_A619_2	29011	12250	18268	738	0.0248075565565229	16278	4.21160104414524	0.422253627934232	0.629692185722657	0.0254386267277929	0.0694269025889114	0.124545597077886	4.33845500608467	1	0.00067545520994692	0.0360172669181901	1	18268	1	0.695652173913043	singlet	A619	A619_Re2	A619_Re2	2.22952282496273	0.341922505453685	3_1
CB:Z:ACTACGATCAAACCAC-1_A619_2	CB:Z:ACTACGATCAAACCAC-1_A619_2	28937	13517	22461	1465	0.0481876192355766	15628	4.19390340255275	0.467118222345095	0.776203476517953	0.0506272246604693	0.192727101648622	0.532413019179627	4.31705610452691	1	-0.00128108178994121	0.0400533570499437	1	22461	1	0.478260869565217	singlet	A619	A619_Re2	A619_Re2	0.332208008249392	2.9800124007021	3_3
CB:Z:ACAGGCCAGCTCGGCT-1_A619_2	CB:Z:ACAGGCCAGCTCGGCT-1_A619_2	28567	12403	19365	593	0.0203360768175583	15652	4.19456983922864	0.434172296705989	0.677880071411069	0.0207582175237162	0.102182670280164	0.258694089017163	4.31786191883541	1	-0.00117211326072988	0.0245488848344474	1	19365	1	1.34782608695652	singlet	A619	A619_Re2	A619_Re2	-3.01942527226628	-0.591631190225026	3_2
CB:Z:AAACTCGTCGCAACTA-1_A619_2	CB:Z:AAACTCGTCGCAACTA-1_A619_2	28557	12329	17581	1501	0.049936788874842	15587	4.19276253540569	0.431733025177715	0.615645901180096	0.0525615435795077	0.0954788837209311	0.0854426594450012	4.31567663802326	1	0.00411534354006373	0.0285650047340188	1	17581	1	1.65217391304348	singlet	A619	A619_Re2	A619_Re2	0.175948531110873	1.38544295604573	3_4
CB:Z:ACTGTCCTCATCGCCT-1_A619_2	CB:Z:ACTGTCCTCATCGCCT-1_A619_2	28473	13764	22067	1403	0.0469607711875753	15530	4.19117145572856	0.483405331366558	0.775014926421522	0.0492747515189829	0.237488540168779	0.529104258051126	4.31375280217183	1	0.00256930499617231	0.0434375745860582	1	22067	1	0.695652173913043	singlet	A619	A619_Re2	A619_Re2	2.74029171534358	0.625278695181468	3_1
CB:Z:TTTGGTTGTCTGTCCT-1_A619_2	CB:Z:TTTGGTTGTCTGTCCT-1_A619_2	28403	14081	21547	128	0.00448634818267849	15462	4.18926566893455	0.495757490405943	0.758617047494983	0.00450656620779495	0.27143565789876	0.48345480284942	4.31144844179805	1	-0.00410618583704773	0.0441992997668387	1	21547	1	0.565217391304348	singlet	A619	A619_Re2	A619_Re2	2.31663644381343	-0.685014979287526	3_4
CB:Z:CTGCGTTTCACCCGGA-1_A619_2	CB:Z:CTGCGTTTCACCCGGA-1_A619_2	28383	12790	20758	602	0.0207693634638606	15841	4.19978259396899	0.450621851108058	0.73135327484762	0.0212098791530141	0.147390553218864	0.407556183663922	4.3241648617982	1	0.00188039330895196	0.041313144081196	1	20758	1	1.39130434782609	singlet	A619	A619_Re2	A619_Re2	-0.28771373562039	2.73038194949971	3_3
CB:Z:TTAACGGAGGTGTTGG-1_A619_2	CB:Z:TTAACGGAGGTGTTGG-1_A619_2	28363	12235	18998	708	0.0243541673833029	15932	4.20227029773729	0.431371857701936	0.669816309981314	0.0249620985086204	0.0944862965318074	0.236245678598113	4.32717284044691	1	0.00758096574969644	0.042529022380062	1	18998	1	1.82608695652174	singlet	A619	A619_Re2	A619_Re2	-3.60921895436467	-0.644448534890554	3_2
CB:Z:GTGGATTGTCAGACGA-1_A619_2	CB:Z:GTGGATTGTCAGACGA-1_A619_2	28361	12612	21054	868	0.029696534263916	15967	4.20322332529091	0.444695180000705	0.74235746271288	0.0306054088360777	0.13110243701289	0.438190339656705	4.32832518284774	1	-0.000783169856931808	0.0426303757287885	1	21054	1	1.17391304347826	singlet	A619	A619_Re2	A619_Re2	0.228660181840052	2.23013399417744	3_3
CB:Z:AGCCCGAAGTGAACCG-1_A619_2	CB:Z:AGCCCGAAGTGAACCG-1_A619_2	28276	12874	20965	783	0.0269451804948553	15602	4.19318027356535	0.455297779035224	0.741441505163389	0.0276913283349837	0.160241284441988	0.435640438946407	4.31618174135631	1	0.00130771832839992	0.0438279234856764	1	20965	1	1.08695652173913	singlet	A619	A619_Re2	A619_Re2	0.558779240329852	2.34415887172566	3_3
CB:Z:AGGCGAACATCGGCTG-1_A619_2	CB:Z:AGGCGAACATCGGCTG-1_A619_2	28132	11826	18268	880	0.0303322762994623	16074	4.20612396399185	0.420375373240438	0.649367268590929	0.031281103369828	0.0642649440184457	0.179318340431381	4.33183245706232	1	0.00452361157427114	0.0397475862415208	1	18268	1	1.95652173913043	singlet	A619	A619_Re2	A619_Re2	1.69203245707332	-1.42461897556438	3_4
CB:Z:GCAAAGGAGCTTCAAC-1_A619_2	CB:Z:GCAAAGGAGCTTCAAC-1_A619_2	28111	11462	17070	1175	0.0401215597896606	15988	4.20379413958807	0.407740742058269	0.607235601721746	0.0417985841841272	0.0295415154381962	0.0620295344867775	4.3290153764472	1	-0.000207646597688151	0.0360188556566538	1	17070	1	1.04347826086957	singlet	A619	A619_Re2	A619_Re2	1.61555445261775	0.667586787298777	3_1
CB:Z:GTAGGAGGTAACCCAT-1_A619_2	CB:Z:GTAGGAGGTAACCCAT-1_A619_2	28105	12622	20330	954	0.032829760143157	15292	4.18446428934699	0.449101583348159	0.723358832947874	0.0339441380537271	0.143212440836905	0.385300749348301	4.30564290841109	1	0.00627974042384748	0.0376252157900415	1	20330	1	1.95652173913043	singlet	A619	A619_Re2	A619_Re2	-2.26205527714909	-1.54441286747112	3_2
CB:Z:GAAACAATCGCAACTA-1_A619_2	CB:Z:GAAACAATCGCAACTA-1_A619_2	28095	12341	19453	800	0.0276864509430697	15440	4.18864729599972	0.439259654742837	0.692400783057484	0.0284748175831999	0.116164124183142	0.299117766906814	4.31070074321407	1	0.00394674108262228	0.0433767035394427	1	19453	1	0.956521739130435	singlet	A619	A619_Re2	A619_Re2	0.0892484865385193	1.98488448436604	3_3
CB:Z:TGAGCCGCATCGGCTG-1_A619_2	CB:Z:TGAGCCGCATCGGCTG-1_A619_2	28075	13072	21643	1210	0.0413180809288031	15636	4.19412566176021	0.465609973285841	0.770899376669635	0.0430988423864648	0.188582019949354	0.517647129670631	4.3173248467136	1	0.000670754278455913	0.0429633799361821	1	21643	1	0.695652173913043	singlet	A619	A619_Re2	A619_Re2	2.83241498537837	1.22143576915608	3_1
CB:Z:TGCGTAACAAGCGAAC-1_A619_2	CB:Z:TGCGTAACAAGCGAAC-1_A619_2	28040	12259	18960	534	0.0186883180513754	15915	4.20180664295702	0.437196861626248	0.676176890156919	0.0190442225392297	0.110495003460348	0.253952665037268	4.32661221755556	1	0.000828745889889806	0.0358639461098548	1	18960	1	1.39130434782609	singlet	A619	A619_Re2	A619_Re2	0.499566049059023	1.98315237338887	3_3
CB:Z:GTACTTTGTGCTGGCT-1_A619_2	CB:Z:GTACTTTGTGCTGGCT-1_A619_2	28036	11898	18362	635	0.0221478148651948	15922	4.20199761958311	0.424382936224854	0.654943643886432	0.0226494507062348	0.0752788252361739	0.194842207596176	4.32684313476563	1	0.00592681379802868	0.0396631764205971	1	18362	1	0.739130434782609	singlet	A619	A619_Re2	A619_Re2	2.25470101900875	1.42978547389851	3_1
CB:Z:TGATGCACATTAAGGA-1_A619_2	CB:Z:TGATGCACATTAAGGA-1_A619_2	28016	12657	19137	1023	0.0352284858294018	15487	4.18996729835127	0.451777555682467	0.683073957738435	0.0365148486579098	0.150566746070936	0.273153159137515	4.31229680900788	1	0.00483936995855275	0.0369878870762733	1	19137	1	0.739130434782609	singlet	A619	A619_Re2	A619_Re2	1.29079806872188	-1.95552374546184	3_4
CB:Z:CGCAGGTAGAGCGAAA-1_A619_2	CB:Z:CGCAGGTAGAGCGAAA-1_A619_2	27998	11568	17360	1129	0.0387612867785903	15748	4.19722540611819	0.413172369454961	0.620044288877777	0.0403243088792057	0.0444691158773557	0.0976871700347253	4.32107286726334	1	0.00274262095238942	0.0410812484410989	1	17360	1	1.82608695652174	singlet	A619	A619_Re2	A619_Re2	-3.43368780545415	-0.397569434090993	3_2
CB:Z:ACCTGCTTCTTGTCAT-1_A619_2	CB:Z:ACCTGCTTCTTGTCAT-1_A619_2	27982	12581	20583	1379	0.0469670651544566	15465	4.1893499243392	0.44961046386963	0.735580015724394	0.0492816810806947	0.144610983951336	0.41932285294889	4.31155031825997	1	-0.000741523582201494	0.0372462812574273	1	20583	1	1.8695652173913	singlet	A619	A619_Re2	A619_Re2	-3.48240101269902	-0.732737795754812	3_2
CB:Z:GTCCATCCACAAACAA-1_A619_2	CB:Z:GTCCATCCACAAACAA-1_A619_2	27974	13023	20877	708	0.0246844710968552	15421	4.18811253716502	0.465539429470222	0.746300135840423	0.0253092157002931	0.188388146213896	0.449166203127647	4.31005414566598	1	-0.0048453353502845	0.0405582303283968	1	20877	1	0.956521739130435	singlet	A619	A619_Re2	A619_Re2	1.95701742239772	0.559968932226756	3_1
CB:Z:GCAACCGTCTTCAGAG-1_A619_2	CB:Z:GCAACCGTCTTCAGAG-1_A619_2	27761	12849	20259	1160	0.0401092631651741	15219	4.18238611703707	0.462843557508735	0.729764777925867	0.0417852382839235	0.18097915135156	0.403134025201083	4.30313011005614	1	-0.000565890050916514	0.042974108281157	1	20259	1	1.47826086956522	singlet	A619	A619_Re2	A619_Re2	-2.45963036946477	0.411040528372386	3_2
CB:Z:CGTGGCACAGAAAGAG-1_A619_2	CB:Z:CGTGGCACAGAAAGAG-1_A619_2	27564	11675	17827	460	0.0164145018555524	15379	4.18692809693477	0.423559715571035	0.646749383253519	0.0166884341895226	0.0730163893038125	0.172030505219971	4.30862199326556	1	0.00268435253401529	0.0346461958394831	1	17827	1	1	singlet	A619	A619_Re2	A619_Re2	1.69438242979824	-1.35944725696697	3_4
CB:Z:TTGTTGTTCGCAGATT-1_A619_2	CB:Z:TTGTTGTTCGCAGATT-1_A619_2	27432	12033	19414	1044	0.0366624525916561	15383	4.18704104004233	0.438648293963255	0.707713619130942	0.0380577427821522	0.114483937238188	0.341746611007808	4.30875855713639	1	0.00302497635543433	0.0341311174589588	1	19414	1	1.39130434782609	singlet	A619	A619_Re2	A619_Re2	-0.0381739281815391	2.58378611381398	3_3
CB:Z:CAAGGCCAGAATATCG-1_A619_2	CB:Z:CAAGGCCAGAATATCG-1_A619_2	27298	10935	15452	1415	0.0492808135687668	15575	4.19242805533121	0.400578796981464	0.566048794783501	0.0518352992893252	0.00985852787928107	-0.0526289104652588	4.31527220525466	1	0.00277940069182088	0.0299661395532977	1	15452	1	1.91304347826087	singlet	A619	A619_Re2	A619_Re2	2.36426866122066	1.16581033046589	3_1
CB:Z:TGCATTTAGCAGAGCT-1_A619_2	CB:Z:TGCATTTAGCAGAGCT-1_A619_2	27256	11098	17156	1348	0.0471262760453083	15279	4.18409493089584	0.407176401526269	0.629439389492222	0.0494570002935134	0.0279905530179016	0.123841846900921	4.305196302851	1	0.00508025244178558	0.038627189352961	1	17156	1	1.26086956521739	singlet	A619	A619_Re2	A619_Re2	-3.52637565068425	-0.603992239877126	3_2
CB:Z:ACTTTCAGTCCGTAGC-1_A619_2	CB:Z:ACTTTCAGTCCGTAGC-1_A619_2	27212	11618	18892	1161	0.0409191837310119	15038	4.17719008048961	0.426943995296193	0.694252535646039	0.0426650007349699	0.0823173173354881	0.304272793188845	4.29684738170567	1	0.00241985797842738	0.0386971178740264	1	18892	1	1.73913043478261	singlet	A619	A619_Re2	A619_Re2	-3.44653403691472	-0.251626269265554	3_2
CB:Z:ATCCAGAGTCAGGTGA-1_A619_2	CB:Z:ATCCAGAGTCAGGTGA-1_A619_2	27154	12877	21694	170	0.00622163665641927	14814	4.17067234031558	0.474221109228843	0.798924651984975	0.00626058775870958	0.212247781110124	0.595665668272751	4.2889665304841	1	0.000287941510161219	0.0438426492190644	1	21694	1	1.65217391304348	singlet	A619	A619_Re2	A619_Re2	-1.12061595849217	-0.913983599587819	3_2
CB:Z:TTCATTGGTCCATTGA-1_A619_2	CB:Z:TTCATTGGTCCATTGA-1_A619_2	27145	12911	22247	283	0.0103179232900685	14873	4.1723985779393	0.475630871247007	0.819561613556824	0.0104254927242586	0.21612219343345	0.653116150557311	4.2910537910257	1	-1.22216122768168e-05	0.044419016988008	1	22247	1	1.04347826086957	singlet	A619	A619_Re2	A619_Re2	-0.254283546726118	2.69429932411061	3_3
CB:Z:AACTGTGTCCCACTTG-1_A619_2	CB:Z:AACTGTGTCCCACTTG-1_A619_2	27110	12641	19893	1185	0.0418801908464393	15115	4.17940815151384	0.466285503504242	0.733788270011066	0.0437108078199926	0.190438562095637	0.414334877611357	4.29952933699601	1	-0.00125109043746303	0.0409133596087295	1	19893	1	1.47826086956522	singlet	A619	A619_Re2	A619_Re2	1.79385161467372	-0.886955992623708	3_4
CB:Z:CTACTTAGTAGACACG-1_A619_2	CB:Z:CTACTTAGTAGACACG-1_A619_2	27052	11322	17095	873	0.0312623097582811	15266	4.18372525804558	0.418527280792548	0.631931095667603	0.0322711814283602	0.0591858795646625	0.130778416559621	4.30474931713881	1	0.00526317561027689	0.032516389719293	1	17095	1	1.52173913043478	singlet	A619	A619_Re2	A619_Re2	-2.12337505749882	-1.0016839665617	3_2
CB:Z:TAGCCGGCACTCCACT-1_A619_2	CB:Z:TAGCCGGCACTCCACT-1_A619_2	26946	10707	14922	322	0.0118087135103418	15319	4.18523041616756	0.397350256067691	0.55377421509686	0.0119498255770801	0.000985612776225115	-0.0867996637703214	4.30656926192144	1	0.002005711944763	0.0244973780686664	1	14922	1	0.826086956521739	singlet	A619	A619_Re2	A619_Re2	1.67388689585506	0.855572207525828	3_1
CB:Z:GGGACCTTCCACTAGA-1_A619_2	CB:Z:GGGACCTTCCACTAGA-1_A619_2	26849	12915	20287	302	0.0111229788958049	15035	4.17710343243654	0.481023501806399	0.755596111587024	0.0112480911765801	0.230942619877949	0.475044929900888	4.29674261220019	1	-0.00235843451830083	0.0366325485479054	1	20287	1	1	singlet	A619	A619_Re2	A619_Re2	2.77563631602107	1.49223779018269	3_1
CB:Z:CCAATGAAGAACCCGA-1_A619_2	CB:Z:CCAATGAAGAACCCGA-1_A619_2	26768	12538	20624	648	0.0236358330901663	14870	4.17231096852195	0.468395098625224	0.770472205618649	0.0242080095636581	0.196236307551004	0.516457943810509	4.29094785909756	1	0.00535704155244799	0.0421641217336065	1	20624	1	0.565217391304348	singlet	A619	A619_Re2	A619_Re2	-3.65940940312565	-0.399457232400319	3_2
CB:Z:CCAGAATGTCTGTTGA-1_A619_2	CB:Z:CCAGAATGTCTGTTGA-1_A619_2	26728	12056	18228	861	0.0312080901808692	14733	4.16829118885127	0.451062556120922	0.681981442681832	0.0322134091589344	0.148601731354459	0.270111746442798	4.28608738833894	1	0.00493114373380743	0.0270383553282376	1	18228	1	0.608695652173913	singlet	A619	A619_Re2	A619_Re2	-2.49739587239445	-0.488122717782399	3_2
CB:Z:ATCCTCGTCCGTCAAA-1_A619_2	CB:Z:ATCCTCGTCCGTCAAA-1_A619_2	26723	11871	17348	564	0.0206691831274966	14993	4.1758885409929	0.444224076638102	0.649178610185982	0.0211054148112113	0.129807715882577	0.178793141200212	4.2952736400623	1	0.00543829326289993	0.0292490673667813	1	17348	1	0.782608695652174	singlet	A619	A619_Re2	A619_Re2	-0.228436350147138	-1.54401089374675	3_4
CB:Z:GCGAGTCCACACACAT-1_A619_2	CB:Z:GCGAGTCCACACACAT-1_A619_2	26682	13072	20494	318	0.0117777777777778	14487	4.16097846012001	0.489918296979237	0.768083352072558	0.0119181470654374	0.255387954329491	0.509807701823466	4.27724528576719	1	0.000638296566921105	0.0412435120350919	1	20494	1	0.608695652173913	singlet	A619	A619_Re2	A619_Re2	2.26907122202693	0.841588481024363	3_1
CB:Z:CTGCTCATCTGGCCAG-1_A619_2	CB:Z:CTGCTCATCTGGCCAG-1_A619_2	26565	12606	20246	534	0.0197055241890845	14549	4.16283314387816	0.474534161490683	0.762130623000188	0.0201016374929418	0.213108134507004	0.49323611714874	4.2794878554878	1	0.00425817312702012	0.0408761936520407	1	20246	1	0.739130434782609	singlet	A619	A619_Re2	A619_Re2	-3.67535245351018	-0.254245535775564	3_2
CB:Z:ATGTTTCGTCCCGAGT-1_A619_2	CB:Z:ATGTTTCGTCCCGAGT-1_A619_2	26497	11812	18463	1221	0.0440507973158237	14918	4.17371060281591	0.445786315431936	0.696795863682681	0.0460806883798166	0.134101176166526	0.311353071058446	4.29264021094663	1	0.00566452901953869	0.0298448812700365	1	18463	1	1	singlet	A619	A619_Re2	A619_Re2	-0.0067170092602175	1.50273774440632	3_4
CB:Z:CAAGGCCAGAGCGAAA-1_A619_2	CB:Z:CAAGGCCAGAGCGAAA-1_A619_2	26476	10434	15786	975	0.0355178317729773	15123	4.17963795215781	0.39409276325729	0.596238102432392	0.0368258045021907	-0.00796687007204965	0.0314139985757479	4.29980719782468	1	-0.00111076048632134	0.029309803847245	1	15786	1	1.08695652173913	singlet	A619	A619_Re2	A619_Re2	0.491915912111391	1.98490188892231	3_3
CB:Z:GCCATAACAGGGTACA-1_A619_2	CB:Z:GCCATAACAGGGTACA-1_A619_2	26435	11396	18936	1218	0.0440458539760605	14528	4.16220583117701	0.431095139020238	0.716323056553811	0.0460752789861925	0.0937257977691448	0.365714108859684	4.2787293474873	1	0.00720164647190443	0.0394199260592982	1	18936	1	0.608695652173913	singlet	A619	A619_Re2	A619_Re2	-1.98483443192662	-1.55742241565838	3_2
CB:Z:CACATGATCTGACATG-1_A619_2	CB:Z:CACATGATCTGACATG-1_A619_2	26424	12541	20958	890	0.0325840228454273	14184	4.15179872259286	0.474606418407508	0.79314259763851	0.0336815016651529	0.213306716313994	0.579569218723074	4.26614571079598	1	0.00550673054251659	0.0376272984915341	1	20958	1	1.73913043478261	singlet	A619	A619_Re2	A619_Re2	0.653211057861437	-1.85856939975872	3_4
CB:Z:TTCTGTAGTCTGGATT-1_A619_2	CB:Z:TTCTGTAGTCTGGATT-1_A619_2	26330	12067	18968	766	0.0282698553291999	14291	4.15506261922392	0.458298518799848	0.720394986707178	0.0290922901633118	0.168488139566013	0.377049806235749	4.27009221419519	1	0.0057044649295874	0.0382774804679412	1	18968	1	0.869565217391304	singlet	A619	A619_Re2	A619_Re2	2.93481528826534	0.84967253978596	3_1
CB:Z:AAAGGATGTTCCAGTA-1_A619_2	CB:Z:AAAGGATGTTCCAGTA-1_A619_2	26255	11854	18240	934	0.0343521276987017	14606	4.16453129630543	0.451494953342221	0.694724814321082	0.0355741763473624	0.149790077402363	0.305587552513249	4.28154115713431	1	0.0079563517430674	0.0367808119270552	1	18240	1	1.17391304347826	singlet	A619	A619_Re2	A619_Re2	2.01008427210628	-1.57549168293133	3_4
CB:Z:CTGTATTCAGGGTACA-1_A619_2	CB:Z:CTGTATTCAGGGTACA-1_A619_2	26215	11792	19186	1359	0.0492855588597955	14662	4.16619321517007	0.449818806027084	0.731871066183483	0.0518405493038337	0.145183565289111	0.40899764401963	4.28355064738167	1	0.00295780395319122	0.0405087221512301	1	19186	1	1.1304347826087	singlet	A619	A619_Re2	A619_Re2	1.98251199789821	2.08539460475788	3_1
CB:Z:GCTGTTCTCCGTTAGA-1_A619_2	CB:Z:GCTGTTCTCCGTTAGA-1_A619_2	26195	11824	19203	1164	0.0425454146715889	14526	4.16214603982538	0.45138385188013	0.733078831838137	0.0444359610612712	0.149484740140955	0.412359898637638	4.27865705145616	1	0.00334703575001887	0.0406537279234702	1	19203	1	1.04347826086957	singlet	A619	A619_Re2	A619_Re2	1.13632714815914	-2.30923868839397	3_4
CB:Z:GCTCCTACAGTTACAC-1_A619_2	CB:Z:GCTCCTACAGTTACAC-1_A619_2	26188	12352	18683	1295	0.0471200378415748	14131	4.15017289639313	0.471666412097144	0.713418359553994	0.0494501298304567	0.205226773364214	0.357627829154748	4.2641798615829	1	-0.00052413949519118	0.0309422196500602	1	18683	1	1.34782608695652	singlet	A619	A619_Re2	A619_Re2	0.228824929078211	-1.04227043811931	3_4
CB:Z:CCAATGAGTCTGGGCT-1_A619_2	CB:Z:CCAATGAGTCTGGGCT-1_A619_2	26132	11081	16739	633	0.0236502895572576	14835	4.17128755065286	0.424039491810807	0.640555640593908	0.0242231746517679	0.0743349458770931	0.154787971637581	4.28971040504931	1	0.00415292189996944	0.0334208452943355	1	16739	1	0.782608695652174	singlet	A619	A619_Re2	A619_Re2	2.33950865336238	-0.908915297433278	3_1
CB:Z:GATTAGCAGTTCCCGG-1_A619_2	CB:Z:GATTAGCAGTTCCCGG-1_A619_2	26132	11003	14244	1045	0.0384516318946168	14729	4.16817326217023	0.421054645645186	0.545078830552579	0.0399892851676106	0.0661317707182302	-0.111006426668988	4.28594479863707	1	0.000924887754063212	0.031805706723197	1	14244	1	0.956521739130435	singlet	A619	A619_Re2	A619_Re2	1.97722137041866	0.00843118007526655	3_1
CB:Z:AGCCTGGAGATGTTGA-1_A619_2	CB:Z:AGCCTGGAGATGTTGA-1_A619_2	26052	11226	18508	311	0.0117968364753632	14431	4.15929642668839	0.430907415937356	0.710425303239674	0.0119376631352679	0.0932098832982478	0.34929556918693	4.27521147422049	1	0.0069189052809733	0.0385703185002998	1	18508	1	0.652173913043478	singlet	A619	A619_Re2	A619_Re2	-3.09974133900822	-0.938153044625661	3_2
CB:Z:GTGATCAGTGAGTAAT-1_A619_2	CB:Z:GTGATCAGTGAGTAAT-1_A619_2	26045	11750	18512	713	0.0266462366395097	14353	4.15694268485223	0.451142253791515	0.710769821462853	0.0273756959109234	0.148820762391688	0.350254660863702	4.27236547411471	1	0.00105355045615501	0.0368142606616986	1	18512	1	0.739130434782609	singlet	A619	A619_Re2	A619_Re2	2.75291121073543	1.76067803676472	3_1
CB:Z:TCAGCTCAGGGCATTG-1_A619_2	CB:Z:TCAGCTCAGGGCATTG-1_A619_2	26034	11817	17967	757	0.028255757530514	14458	4.16010822041095	0.453906430053008	0.690135976031344	0.0290773603748944	0.156417476186914	0.292812853488228	4.27619304534474	1	0.00128203565436358	0.0347323454613636	1	17967	1	1.21739130434783	singlet	A619	A619_Re2	A619_Re2	1.52259886332332	-1.87862421695842	3_4
CB:Z:TTGCACCGTATGTTCG-1_A619_2	CB:Z:TTGCACCGTATGTTCG-1_A619_2	26009	12073	19745	730	0.0273009461834773	14476	4.16064857443616	0.46418547425891	0.759160290668615	0.0280672075050944	0.18466710628776	0.484967117645098	4.27684640825365	1	0.00243529703511257	0.0353842620445975	1	19745	1	1.47826086956522	singlet	A619	A619_Re2	A619_Re2	-3.77323019437016	-0.711591975137136	3_2
CB:Z:TCGAGCGTCGCTCGGA-1_A619_2	CB:Z:TCGAGCGTCGCTCGGA-1_A619_2	25982	12123	20626	405	0.0153484670481677	14130	4.15014216184856	0.466592256177354	0.793857285813255	0.0155877145716265	0.191281602496501	0.581558812984769	4.26414269925874	1	0.00747221198001286	0.0435842573384453	1	20626	1	1.69565217391304	singlet	A619	A619_Re2	A619_Re2	1.29975104399501	-2.1504271191801	3_4
CB:Z:TCAAAGCGTGCTAGTT-1_A619_2	CB:Z:TCAAAGCGTGCTAGTT-1_A619_2	25969	11381	18290	1327	0.0486151817116061	14549	4.16283314387816	0.43825330201394	0.704301282298125	0.0510993877315261	0.113398391127339	0.332247131344574	4.2794878554878	1	0.00967587381989266	0.032323693416234	1	18290	1	1.21739130434783	singlet	A619	A619_Re2	A619_Re2	2.00332415171443	-1.63012863819256	3_4
CB:Z:GTTACTTGTAGTCCAT-1_A619_2	CB:Z:GTTACTTGTAGTCCAT-1_A619_2	25779	11406	17187	1226	0.0453990001851509	14526	4.16214603982538	0.44245315954847	0.666705457930874	0.0475580899181504	0.124940750460573	0.227585491390251	4.27865705145616	1	0.00153915435142264	0.0269181338718735	1	17187	1	0.478260869565217	singlet	A619	A619_Re2	A619_Re2	2.71187603541194	0.563457711294749	3_1
CB:Z:CACGTTCAGCTGAAAT-1_A619_2	CB:Z:CACGTTCAGCTGAAAT-1_A619_2	25712	10303	15064	1346	0.0497449922388942	14496	4.16124818033274	0.400707840696951	0.585874299937772	0.0523490976975731	0.0102131753694877	0.00256258798679895	4.27757141488729	1	0.00461210551590321	0.0262502104572913	1	15064	1	0.782608695652174	singlet	A619	A619_Re2	A619_Re2	2.09903538294612	1.27531264598713	3_1
CB:Z:TGGTCAAGTCGTCGCA-1_A619_2	CB:Z:TGGTCAAGTCGTCGCA-1_A619_2	25692	11335	17300	879	0.0330811787286892	14239	4.15347949002192	0.441187918418185	0.673361357621049	0.0342129845866418	0.121463521138181	0.246114607021295	4.26817799157012	1	0.0060019771923897	0.0332968258436897	1	17300	1	0.869565217391304	singlet	A619	A619_Re2	A619_Re2	-3.58333337239445	-0.549028651162526	3_2
CB:Z:ACTATTCAGTAGTTCC-1_A619_2	CB:Z:ACTATTCAGTAGTTCC-1_A619_2	25628	11338	18152	863	0.0325771016571666	14010	4.14643813528577	0.442406742625254	0.708287810207585	0.0336741064460746	0.124813184036594	0.343345080538402	4.25966401777058	1	0.00586851773107087	0.0347147730044996	1	18152	1	1.26086956521739	singlet	A619	A619_Re2	A619_Re2	0.234927491028895	-1.81036116306438	3_4
CB:Z:GGATAGGCAAGGGTAC-1_A619_2	CB:Z:GGATAGGCAAGGGTAC-1_A619_2	25504	11450	19306	689	0.0263047379070744	14151	4.15078713096536	0.448949184441656	0.756979297365119	0.0270153701380176	0.14279360688209	0.478895530182526	4.26492255631292	1	0.00647470605488534	0.0397933165867043	1	19306	1	1.69565217391304	singlet	A619	A619_Re2	A619_Re2	-1.22627353600682	-1.4991467160429	3_2
CB:Z:TATCTGTGTGCCCAGT-1_A619_2	CB:Z:TATCTGTGTGCCCAGT-1_A619_2	25472	12090	18990	496	0.0191004313000616	14086	4.14878768405631	0.474638819095477	0.745524497487437	0.0194723618090452	0.213395762282841	0.447006931894704	4.26250494787887	1	0.00560344745323062	0.0361096686237765	1	18990	1	1.82608695652174	singlet	A619	A619_Re2	A619_Re2	-2.87274420193852	-0.592230574532888	3_2
CB:Z:ATGTCGAAGAGCTACG-1_A619_2	CB:Z:ATGTCGAAGAGCTACG-1_A619_2	25383	11581	17294	346	0.0134478603909985	14360	4.15715443990628	0.45625024622779	0.681322144742544	0.0136311704684237	0.162858925278452	0.268276351031056	4.27262151532407	1	0.00706102841751375	0.0344910854356374	1	17294	1	0.695652173913043	singlet	A619	A619_Re2	A619_Re2	2.13730037279903	0.529655917242625	3_1
CB:Z:ACTTCCGGTCCGTCGA-1_A619_2	CB:Z:ACTTCCGGTCCGTCGA-1_A619_2	25365	10819	17013	1101	0.0416005440943097	14126	4.15001920191515	0.426532623694067	0.670727380248374	0.0434062684801892	0.0811867554504263	0.23878197378166	4.26399402365714	1	0.00176932133705764	0.0326862380964584	1	17013	1	1.21739130434783	singlet	A619	A619_Re2	A619_Re2	1.96646916933834	1.21687935169087	3_1
CB:Z:TGTGACATCGGCATAT-1_A619_2	CB:Z:TGTGACATCGGCATAT-1_A619_2	25346	11796	18323	245	0.00957367824625845	14017	4.14665507334097	0.465398879507615	0.722914858360294	0.00966621952181804	0.188001876403705	0.384064784737436	4.25992632594668	1	-0.000132800150385969	0.0283330987180941	1	18323	1	0.608695652173913	singlet	A619	A619_Re2	A619_Re2	-3.72988283566655	-0.771715418740651	3_2
CB:Z:CTCTCAGTCGTGCTGG-1_A619_2	CB:Z:CTCTCAGTCGTGCTGG-1_A619_2	25278	12026	17764	487	0.0189016107122065	13908	4.14326468201122	0.47574966373922	0.702745470369491	0.0192657646965741	0.2164486677531	0.327915963438249	4.25582687292473	1	-0.000102589273366695	0.0370617875641673	1	17764	1	0.565217391304348	singlet	A619	A619_Re2	A619_Re2	1.47136735983669	-1.99619938556804	3_4
CB:Z:AATACGCTCCCAGCAG-1_A619_2	CB:Z:AATACGCTCCCAGCAG-1_A619_2	25259	11800	19518	889	0.0339987761970323	13687	4.13630826725581	0.467160220119561	0.772714675957085	0.0351953759056178	0.19284252304092	0.522700674941417	4.24741560333449	1	0.00752969233655096	0.0378372019462661	1	19518	1	1.21739130434783	singlet	A619	A619_Re2	A619_Re2	-1.98213529519261	0.202819092825511	3_2
CB:Z:GTAGTACTCTTAACGG-1_A619_2	CB:Z:GTAGTACTCTTAACGG-1_A619_2	25232	10547	16176	436	0.0169861305906187	14017	4.14665507334097	0.418000951173114	0.641090678503488	0.017279644895371	0.0577393815476974	0.156277444098866	4.25992632594668	1	0.00559200658540942	0.0288513470141338	1	16176	1	1.43478260869565	singlet	A619	A619_Re2	A619_Re2	1.51321864195644	-1.83320357029094	3_4
CB:Z:TCACTCGTCTTCCACG-1_A619_2	CB:Z:TCACTCGTCTTCCACG-1_A619_2	25186	11984	20206	799	0.030748508755051	13682	4.13614958608853	0.475819899944414	0.802271102993727	0.0317239736361471	0.216641696090819	0.604981730800905	4.24722373581022	1	0.0066069755167409	0.0428872947632913	1	20206	1	1.21739130434783	singlet	A619	A619_Re2	A619_Re2	-0.997824429790388	-0.981704966470144	3_3
CB:Z:GAAGTCTCATAGCAGG-1_A619_2	CB:Z:GAAGTCTCATAGCAGG-1_A619_2	25136	11461	18901	729	0.0281848057220182	13794	4.13969022165292	0.455959579885423	0.751949395289624	0.029002227880331	0.162060094522386	0.464892969821341	4.25150485493552	1	0.00739143726564045	0.0382242719335293	1	18901	1	0.695652173913043	singlet	A619	A619_Re2	A619_Re2	-1.09325575761021	-1.37561442081585	3_2
CB:Z:GTTATTCTCCGAGGAA-1_A619_2	CB:Z:GTTATTCTCCGAGGAA-1_A619_2	25099	12235	19584	1048	0.0400810800474242	13947	4.14448080090275	0.487469620303598	0.780270130284075	0.0417546515797442	0.248658319848139	0.543734027814286	4.25729732921724	1	0.00385584610414126	0.0406445751280589	1	19584	1	0.652173913043478	singlet	A619	A619_Re2	A619_Re2	1.49868428774654	-2.11554743473186	3_4
CB:Z:GAGATTCGTCGAGGAT-1_A619_2	CB:Z:GAGATTCGTCGAGGAT-1_A619_2	25071	10406	15036	1093	0.0417749579574989	14267	4.15433266124231	0.415061226117825	0.599736747636712	0.0435961868294045	0.0496602115639366	0.0411537489566822	4.26920959382409	1	0.00283506286573187	0.0268412249105968	1	15036	1	0.91304347826087	singlet	A619	A619_Re2	A619_Re2	-2.93051230839909	-0.370845095559499	3_2
CB:Z:CTCAGCTCATAGCAGG-1_A619_2	CB:Z:CTCAGCTCATAGCAGG-1_A619_2	24991	11423	18704	401	0.0157923755513548	13795	4.1397217048152	0.457084550438158	0.748429434596455	0.0160457764795326	0.16515182186128	0.455093880030859	4.25154292244225	1	0.00381466408122672	0.0310759553708231	1	18704	1	0.869565217391304	singlet	A619	A619_Re2	A619_Re2	-3.57138812474431	-0.161157385751149	3_2
CB:Z:CACATGAAGAATACTG-1_A619_2	CB:Z:CACATGAAGAATACTG-1_A619_2	24977	10173	14239	186	0.00739180542860549	14051	4.14770723378041	0.407294711134243	0.570084477719502	0.00744685110301477	0.0283157002393449	-0.0413941203914572	4.26119853374616	1	0.00121799050857333	0.0263351300540419	1	14239	1	1.17391304347826	singlet	A619	A619_Re2	A619_Re2	1.53562355109035	-1.84987618152752	3_4
CB:Z:AGTTTGGGTCTGATTG-1_A619_2	CB:Z:AGTTTGGGTCTGATTG-1_A619_2	24693	11606	17240	824	0.0322921973586237	13545	4.13177900936919	0.470011744219009	0.698173571457498	0.0333697809095695	0.200679292629556	0.315188421327178	4.24193910279971	1	-0.00280913122034789	0.0348132825530358	1	17240	1	1.30434782608696	singlet	A619	A619_Re2	A619_Re2	-3.17033183507145	-0.654804961129567	3_2
CB:Z:AGCGATTCACACTAGT-1_A619_2	CB:Z:AGCGATTCACACTAGT-1_A619_2	24683	10235	15316	912	0.0356319593670639	13962	4.14494763367037	0.414657861686181	0.620508041972208	0.0369485070696431	0.0485516555774516	0.0989781953071829	4.25786179473578	1	0.00511537607692619	0.0267744585283902	1	15316	1	1.17391304347826	singlet	A619	A619_Re2	A619_Re2	0.197943568904986	2.33717535312519	3_3
CB:Z:GCGTTGGTCGATCGCG-1_A619_2	CB:Z:GCGTTGGTCGATCGCG-1_A619_2	24682	11774	18283	857	0.0335565213986452	13544	4.13174694510088	0.477027793533749	0.740742241309456	0.0347216595089539	0.219961318656536	0.433693783887098	4.24190033265525	1	0.000221218340052673	0.03061904525885	1	18283	1	1.17391304347826	singlet	A619	A619_Re2	A619_Re2	-2.95079266957463	-1.19280459110393	3_2
CB:Z:CCTATTACAACGCACC-1_A619_2	CB:Z:CCTATTACAACGCACC-1_A619_2	24576	10762	15192	816	0.0321361058601134	13671	4.13580028330211	0.437906901041667	0.6181640625	0.033203125	0.112446386336109	0.0924528766126363	4.24680138032848	1	0.00327905230569314	0.0236477752055778	1	15192	1	1.52173913043478	singlet	A619	A619_Re2	A619_Re2	1.78049135275661	-0.125904814645192	3_1
CB:Z:TGTGTCCGTAGGTGAC-1_A619_2	CB:Z:TGTGTCCGTAGGTGAC-1_A619_2	24531	11234	18251	367	0.0147401397702627	13615	4.13401764567598	0.457951163833517	0.743997391056215	0.0149606620194855	0.167533512937701	0.442755676172385	4.244645924367	1	-0.000701131102278016	0.0348415940822227	1	18251	1	1.91304347826087	singlet	A619	A619_Re2	A619_Re2	-0.441143899480711	2.18393753345356	3_3
CB:Z:AGGCCCAGTTTGATCG-1_A619_2	CB:Z:AGGCCCAGTTTGATCG-1_A619_2	24518	11027	16875	421	0.0168811901038534	13508	4.13059105196337	0.449751203197651	0.688269842564646	0.0171710579982054	0.14499777418957	0.287617792805683	4.24050269764657	1	0.00189761247765632	0.030836022948942	1	16875	1	0.826086956521739	singlet	A619	A619_Re2	A619_Re2	2.76385438509761	-0.210296885415456	3_1
CB:Z:TCAATTCTCACGATTG-1_A619_2	CB:Z:TCAATTCTCACGATTG-1_A619_2	24368	10970	16605	1117	0.0438297037473023	13595	4.13337921192352	0.450180564674984	0.68142646093237	0.045838804990151	0.146177777181214	0.268566753055342	4.2438739694741	1	0.00303621399724404	0.031248421823323	1	16605	1	1.39130434782609	singlet	A619	A619_Re2	A619_Re2	1.376592755993	-0.353235022469899	3_4
CB:Z:ATTACTCGTGTCGTCG-1_A619_2	CB:Z:ATTACTCGTGTCGTCG-1_A619_2	24358	12052	19264	1012	0.0398896334253055	13252	4.12228142720992	0.494786107233763	0.790869529518023	0.0415469250348961	0.268766030767036	0.573241307546179	4.23045520961537	1	0.000304478479178419	0.0338204013405342	1	19264	1	1.43478260869565	singlet	A619	A619_Re2	A619_Re2	0.791664124210467	-1.96215225879802	3_4
CB:Z:ATGCATGAGGCACTAG-1_A619_2	CB:Z:ATGCATGAGGCACTAG-1_A619_2	24340	11074	19430	1191	0.0466491715953155	13232	4.12162549220847	0.454971240755957	0.798274445357436	0.0489317995069844	0.159343867773835	0.593855581831167	4.22966209328679	1	0.00650777923735086	0.0394949498778453	1	19430	1	1.65217391304348	singlet	A619	A619_Re2	A619_Re2	-1.73862183026494	-1.70793892566814	3_2
CB:Z:GTAGTACTCCAACAAC-1_A619_2	CB:Z:GTAGTACTCCAACAAC-1_A619_2	24191	10527	13787	678	0.0272628573726326	13675	4.13592733500547	0.435161837046836	0.569922698524245	0.0280269521722955	0.104902198286738	-0.041844491574191	4.24695500344706	1	-0.00153876020996584	0.0234995245371691	1	13787	1	1.34782608695652	singlet	A619	A619_Re2	A619_Re2	2.34906518526851	0.529468043402293	3_1
CB:Z:GTCGTAACAACAACTC-1_A619_2	CB:Z:GTCGTAACAACAACTC-1_A619_2	24124	11478	16794	503	0.0204247370771917	13661	4.13548249133571	0.475791742662908	0.696153208423147	0.0208506052064334	0.216564312165696	0.30956400659397	4.24641712579551	1	0.00547843067657799	0.0390330354635395	1	16794	1	1.39130434782609	singlet	A619	A619_Re2	A619_Re2	2.6286405331689	0.572822077826121	3_1
CB:Z:GGTCATATCCTATCCG-1_A619_2	CB:Z:GGTCATATCCTATCCG-1_A619_2	24058	10874	16649	1140	0.0452416858480832	13451	4.12875457269069	0.451991021697564	0.692035913209743	0.0473854850777288	0.151153409173536	0.29810201908702	4.23828213967202	1	0.00523458895498384	0.0328956719686562	1	16649	1	1.08695652173913	singlet	A619	A619_Re2	A619_Re2	-2.19102919034184	-1.27998997394695	3_2
CB:Z:AATACGCGTTATAGAG-1_A619_2	CB:Z:AATACGCGTTATAGAG-1_A619_2	24021	10192	14654	1064	0.0424157863264899	13412	4.12749354475678	0.424295408184505	0.610049539985846	0.0442945755797011	0.0750382741972089	0.0698631542679002	4.23675738212292	1	0.000338061832309266	0.0205464958632907	1	14654	1	0.304347826086957	singlet	A619	A619_Re2	A619_Re2	-0.33066588572682	-0.202954546853444	3_1
CB:Z:TGATCAGCAAGTGGCA-1_A619_2	CB:Z:TGATCAGCAAGTGGCA-1_A619_2	23984	10781	14956	203	0.00839293835531484	13174	4.1197176591055	0.449508005336891	0.623582388258839	0.00846397598398933	0.144329399828087	0.1075367554548	4.22735525864186	1	-0.00609077883405881	0.0280407904253887	1	14956	1	1.39130434782609	singlet	A619	A619_Re2	A619_Re2	2.71047937937557	-0.00515581791057329	3_1
CB:Z:GAGATTCCACATAAAG-1_A619_2	CB:Z:GAGATTCCACATAAAG-1_A619_2	23969	11009	18010	918	0.0368867280106079	13145	4.11876059044238	0.459301597897284	0.751387208477617	0.0382994701489424	0.171244875785533	0.463327918523872	4.22619802997955	1	0.00453420801368897	0.0322802389417367	1	18010	1	0.608695652173913	singlet	A619	A619_Re2	A619_Re2	-2.8480006449622	-1.21692301456585	3_2
CB:Z:AACTTGGTCGGTCGAC-1_A619_2	CB:Z:AACTTGGTCGGTCGAC-1_A619_2	23961	10832	16772	1069	0.0427087495005993	13464	4.12917410296777	0.452067943741914	0.699970785860356	0.0446141646842786	0.151364812029283	0.320191620749414	4.23878940992341	1	-0.000799747733745377	0.0348771830944285	1	16772	1	1.1304347826087	singlet	A619	A619_Re2	A619_Re2	-1.79454576901616	-0.950049178048513	3_2
CB:Z:CCGTACTGTGTCCCAG-1_A619_2	CB:Z:CCGTACTGTGTCCCAG-1_A619_2	23900	10635	16527	736	0.0298749797044975	13386	4.12665082066748	0.444979079497908	0.691506276150628	0.0307949790794979	0.131882670624221	0.296627581855743	4.23573841189839	1	0.00189980324823674	0.033376820544504	1	16527	1	0.826086956521739	singlet	A619	A619_Re2	A619_Re2	1.90984392233669	-1.81450964634075	3_4
CB:Z:CCCTCTCCACCTGGTG-1_A619_2	CB:Z:CCCTCTCCACCTGGTG-1_A619_2	23897	10371	14931	486	0.0199319197801747	13387	4.12668326338829	0.433987529815458	0.624806461062058	0.0203372808302297	0.101674880235891	0.110944406947074	4.23577763964437	1	0.0016085597280522	0.0343634956853616	1	14931	1	0.782608695652174	singlet	A619	A619_Re2	A619_Re2	2.34204304285823	-0.223177687569997	3_1
CB:Z:ACTGCAAAGAGGAATG-1_A619_2	CB:Z:ACTGCAAAGAGGAATG-1_A619_2	23840	10167	15598	767	0.0311699922786199	13571	4.13261185049545	0.426468120805369	0.654278523489933	0.0321728187919463	0.0810094838374592	0.192990603258826	4.24294612315217	1	0.00326831380338747	0.0338937844866948	1	15598	1	0.826086956521739	singlet	A619	A619_Re2	A619_Re2	1.52776169844448	-1.86606337253704	3_4
CB:Z:CTCAACCTCAGTCAAC-1_A619_2	CB:Z:CTCAACCTCAGTCAAC-1_A619_2	23684	8794	12924	1000	0.0405120725976341	13511	4.13068749398203	0.371305522715757	0.545684850532005	0.0422225975342003	-0.0705924511496785	-0.109319349820448	4.24061930941388	1	0.00492549749995872	0.0303067970710096	1	12924	1	1.8695652173913	singlet	A619	A619_Re2	A619_Re2	-0.524308680812727	-0.0119469327177022	3_1
CB:Z:TGGGTGCGTTCGGGAA-1_A619_2	CB:Z:TGGGTGCGTTCGGGAA-1_A619_2	23670	11173	17322	449	0.0186160288569178	13407	4.12733160938002	0.472032108153781	0.731812420785805	0.0189691592733418	0.206231806334441	0.408834383242667	4.23656157980837	1	-0.0014306007352419	0.0386015028886306	1	17322	1	0.695652173913043	singlet	A619	A619_Re2	A619_Re2	2.11261069842159	-1.40182615940227	3_1
CB:Z:GCACGCAAGACACGGT-1_A619_2	CB:Z:GCACGCAAGACACGGT-1_A619_2	23667	10852	16993	1025	0.0415114207030617	13069	4.11624235796334	0.458528753116153	0.718003971775045	0.0433092491655047	0.169120886555116	0.370393547245182	4.22315313788831	1	0.00235640976354817	0.0277788133985861	1	16993	1	1.1304347826087	singlet	A619	A619_Re2	A619_Re2	-3.05229341916264	-0.572689310952565	3_2
CB:Z:CCAATGATCAGTGGTT-1_A619_2	CB:Z:CCAATGATCAGTGGTT-1_A619_2	23540	9407	14326	1071	0.0435171264881557	13269	4.12283819408927	0.399617672047579	0.608581138487681	0.0454970263381478	0.00721709319731249	0.0657753250609091	4.23112841793974	1	0.000646708365327674	0.0233016273099379	1	14326	1	0.826086956521739	singlet	A619	A619_Re2	A619_Re2	1.2457493550378	-0.582863585397146	3_1
CB:Z:TGGCAATGTGCCCGAT-1_A619_2	CB:Z:TGGCAATGTGCCCGAT-1_A619_2	23524	10717	18578	692	0.0285761480013214	13212	4.12096856501938	0.455577282775038	0.789746641727597	0.0294167658561469	0.161009437307506	0.570115341309008	4.22886777726584	1	0.00394542766609426	0.0356869347653427	1	18578	1	1.69565217391304	singlet	A619	A619_Re2	A619_Re2	-2.23341238431157	0.598097546652415	3_2
CB:Z:TACTGCCGTGGTAAGC-1_A619_2	CB:Z:TACTGCCGTGGTAAGC-1_A619_2	23500	11271	17199	509	0.0212003831896372	13334	4.12496045078954	0.479617021276596	0.731872340425532	0.0216595744680851	0.22707722598382	0.40900119133545	4.23369452043267	1	-0.00209811224621483	0.0388878412830243	1	17199	1	0.695652173913043	singlet	A619	A619_Re2	A619_Re2	1.33368015356838	0.936832888678172	3_1
CB:Z:TGGCAATAGTTGCCGC-1_A619_2	CB:Z:TGGCAATAGTTGCCGC-1_A619_2	23496	9657	13865	1026	0.0418399804257402	13643	4.13490987913188	0.411006128702758	0.590100442628533	0.0436670071501532	0.038515692705581	0.0143275920036078	4.24572475827769	1	0.00584189960912507	0.026284821882153	1	13865	1	0.565217391304348	singlet	A619	A619_Re2	A619_Re2	1.6638869053918	-0.708011881753347	3_1
CB:Z:TTTGAGGAGCAATGTA-1_A619_2	CB:Z:TTTGAGGAGCAATGTA-1_A619_2	23417	11561	18483	368	0.015471936094177	12580	4.09968064110925	0.4937011572789	0.789298372976897	0.015715078788914	0.265784290997378	0.568867422334543	4.20312772677712	1	-0.00123098661366602	0.0410925538246969	1	18483	1	0.652173913043478	singlet	A619	A619_Re2	A619_Re2	-3.68731868199528	-0.471164481088064	3_2
CB:Z:TCAGCTCTCCCAGCGA-1_A619_2	CB:Z:TCAGCTCTCCCAGCGA-1_A619_2	23371	10929	16582	178	0.00755870737610939	13000	4.11394335230684	0.467630824526122	0.709511788113474	0.00761627658208891	0.194135872903307	0.346752467849471	4.22037332141011	1	0.00036317779058422	0.0403344210621276	1	16582	1	1.21739130434783	singlet	A619	A619_Re2	A619_Re2	-0.0885480784577232	2.22826622302876	3_3
CB:Z:TTATGTCAGAGAATTC-1_A619_2	CB:Z:TTATGTCAGAGAATTC-1_A619_2	23364	10825	17658	935	0.0384789497510186	12833	4.10832819426618	0.463319637048451	0.7557781201849	0.0400188323917137	0.18228754838013	0.475551616977448	4.21358381708462	1	-0.0014879332408776	0.0320300355222778	1	17658	1	1.82608695652174	singlet	A619	A619_Re2	A619_Re2	-0.793295680801282	-0.685609118386648	3_2
CB:Z:CGTACAAAGGCACTAG-1_A619_2	CB:Z:CGTACAAAGGCACTAG-1_A619_2	23322	9201	12578	1180	0.0481593339319239	13206	4.12077129293699	0.39452019552354	0.539319097847526	0.0505960037732613	-0.00679216908109514	-0.127040735817813	4.22862924797655	1	-0.000195155028071778	0.0215312858556232	1	12578	1	0.826086956521739	singlet	A619	A619_Re2	A619_Re2	-2.80488240651311	-0.374827162667653	3_2
CB:Z:GCCAGCAGTTTCCTAT-1_A619_2	CB:Z:GCCAGCAGTTTCCTAT-1_A619_2	23277	10759	17502	608	0.0254553066778313	13098	4.11720498609278	0.4622159212957	0.751901018172445	0.0261202044937062	0.179254235055746	0.464758294534777	4.22431708871594	1	-0.00156496451457203	0.036646895942068	1	17502	1	2	singlet	A619	A619_Re2	A619_Re2	1.96301412649929	1.06116102512226	3_1
CB:Z:GCGATCGGTCCAAGTT-1_A619_2	CB:Z:GCGATCGGTCCAAGTT-1_A619_2	23194	10172	16316	799	0.033301379569041	12916	4.11112803634512	0.438561696990601	0.703457790807968	0.0344485642838665	0.114245945028376	0.329898966245573	4.2169692142129	1	0.00243208071283024	0.0365607995472497	1	16316	1	0.826086956521739	singlet	A619	A619_Re2	A619_Re2	0.189549118955721	2.80625019843922	3_3
CB:Z:GCCAGACTCACTCCCA-1_A619_2	CB:Z:GCCAGACTCACTCCCA-1_A619_2	23167	11279	17247	348	0.0147990644269615	12759	4.10581663743369	0.486856304225838	0.744464108430095	0.0150213665990417	0.246972759208012	0.44405495359395	4.21054699677528	1	-0.00166138061996302	0.0317714497015364	1	17247	1	0.782608695652174	singlet	A619	A619_Re2	A619_Re2	2.49837148257076	-0.664400832101247	3_1
CB:Z:AACCAACCACAATAAG-1_A619_2	CB:Z:AACCAACCACAATAAG-1_A619_2	23154	10135	14591	807	0.0336797295605359	12779	4.10649687013897	0.437721344044226	0.630171892545564	0.0348535890126976	0.111936424861547	0.125881035351358	4.21136949239544	1	0.00412486511012587	0.0239862755638431	1	14591	1	1.56521739130435	singlet	A619	A619_Re2	A619_Re2	1.65266871519863	-1.19280792896404	3_4
CB:Z:AGCTGGCCAGGTAACG-1_A619_2	CB:Z:AGCTGGCCAGGTAACG-1_A619_2	23123	10300	14834	389	0.0165447431099013	13005	4.11411035653189	0.445443930285863	0.641525753578688	0.0168230765904078	0.133160207966094	0.157488633682818	4.22057525266479	1	0.00590493950732716	0.0306965184024608	1	14834	1	0.782608695652174	singlet	A619	A619_Re2	A619_Re2	2.57695424624263	1.02340744312153	3_1
CB:Z:CACCTGTTCTTGTACT-1_A619_2	CB:Z:CACCTGTTCTTGTACT-1_A619_2	23063	10118	16135	732	0.030762765286825	12717	4.10438467128788	0.438711355851364	0.699605428608594	0.0317391492867363	0.114657248586681	0.319174516063395	4.20881555123618	1	0.00398337877415744	0.0347598477016611	1	16135	1	0.608695652173913	singlet	A619	A619_Re2	A619_Re2	-0.572482406417738	-0.396608130380056	3_2
CB:Z:CACGTTCTCCAATAGC-1_A619_2	CB:Z:CACGTTCTCCAATAGC-1_A619_2	23058	10595	17507	268	0.0114893252164966	12924	4.11139694934561	0.45949345129673	0.759259259259259	0.0116228640818805	0.17177214149812	0.485242632683673	4.21729436730151	1	0.00385655784161525	0.0370193567715183	1	17507	1	1.8695652173913	singlet	A619	A619_Re2	A619_Re2	-1.6809924834174	-1.35415531818523	3_2
CB:Z:AACGGGATCGATATGC-1_A619_2	CB:Z:AACGGGATCGATATGC-1_A619_2	23054	11052	17868	562	0.0237974254742547	12803	4.10731174549067	0.479396200225557	0.775049882883664	0.0243775483647089	0.226470349227056	0.529201572067147	4.21235478963641	1	0.00292005760894073	0.0378436866611005	1	17868	1	1.39130434782609	singlet	A619	A619_Re2	A619_Re2	-2.92477571896733	-1.3628842992033	3_2
CB:Z:CCTATTAAGCCTCGCA-1_A619_2	CB:Z:CCTATTAAGCCTCGCA-1_A619_2	23007	10646	16118	926	0.0386913466761376	12943	4.11203495117343	0.462728734732907	0.700569391924197	0.0402486199852219	0.180663586900302	0.321858058269606	4.21806579993765	1	0.00234728396569202	0.0357957944314649	1	16118	1	0.826086956521739	singlet	A619	A619_Re2	A619_Re2	2.39588272639095	0.280881150320628	3_1
CB:Z:CCAATGAAGAGACTCG-1_A619_2	CB:Z:CCAATGAAGAGACTCG-1_A619_2	22998	10349	15606	895	0.037458669903319	12863	4.10934226963797	0.449995651795808	0.678580746151839	0.0389164275154361	0.145669585920144	0.26064467179272	4.21480997475877	1	0.00469437847431865	0.0237295867443751	1	15606	1	0.608695652173913	singlet	A619	A619_Re2	A619_Re2	-2.05676209859074	-0.952536837502858	3_2
CB:Z:TGTAAGCAGCCGCAAA-1_A619_2	CB:Z:TGTAAGCAGCCGCAAA-1_A619_2	22962	10266	16303	870	0.0365055387713998	12854	4.10903829557438	0.447086490723805	0.709999128995732	0.0378886856545597	0.137674414137471	0.348109158301466	4.21444242798544	1	0.000991919149720869	0.0374940827754527	1	16303	1	1.82608695652174	singlet	A619	A619_Re2	A619_Re2	-2.62507665089787	-0.325979487344167	3_2
CB:Z:CCAGAATGTCTGCGCA-1_A619_2	CB:Z:CCAGAATGTCTGCGCA-1_A619_2	22949	11280	16547	170	0.00735325922401488	12723	4.10458952717937	0.491524685171467	0.72103359623513	0.00740773018432176	0.259802749257876	0.378827607936092	4.20906325040177	1	0.00442402898452377	0.0300566586144688	1	16547	1	1.43478260869565	singlet	A619	A619_Re2	A619_Re2	2.62411153384029	0.0418169337068584	3_1
CB:Z:ATTACTCGTTTCTTAC-1_A619_2	CB:Z:ATTACTCGTTTCTTAC-1_A619_2	22947	10132	14446	974	0.0407173613143263	13048	4.11554394803222	0.441539199023838	0.62953763019131	0.0424456355950669	0.122428936499037	0.124115335588824	4.22230866348279	1	0.00122859343588355	0.0248092214422659	1	14446	1	0.695652173913043	singlet	A619	A619_Re2	A619_Re2	2.1043542630273	0.472500069693186	3_1
CB:Z:CGCAGGTCAAAGGTCG-1_A619_2	CB:Z:CGCAGGTCAAAGGTCG-1_A619_2	22940	11194	18675	957	0.0400468678076746	12538	4.09822826550294	0.487968613775065	0.8140802092415	0.0417175239755885	0.250029690639949	0.637856669629574	4.20137160337153	1	0.000973972839447324	0.0373651745726009	1	18675	1	1.56521739130435	singlet	A619	A619_Re2	A619_Re2	2.05112350054561	1.60106776531086	3_1
CB:Z:CGAGTTAAGGATTTGA-1_A619_2	CB:Z:CGAGTTAAGGATTTGA-1_A619_2	22821	10505	17678	341	0.0147223901217511	12769	4.10615688696684	0.460321633583103	0.774637395381447	0.0149423776346348	0.174048213356307	0.528053263201221	4.21095840561906	1	0.00153969883578053	0.0381445678997699	1	17678	1	1.26086956521739	singlet	A619	A619_Re2	A619_Re2	-0.316277175466428	2.94478319461689	3_3
CB:Z:CACCACTCAAACCCTA-1_A619_2	CB:Z:CACCACTCAAACCCTA-1_A619_2	22798	10171	15725	479	0.0205782532113245	12629	4.10136896324925	0.446135625932099	0.689753487147995	0.0210106149662251	0.135061177137657	0.291748056679825	4.20516914224386	1	0.00464017444271286	0.0319633499758528	1	15725	1	0.826086956521739	singlet	A619	A619_Re2	A619_Re2	0.344488263805499	-0.334975497170827	3_1
CB:Z:TGGTCAACAATCAGGG-1_A619_2	CB:Z:TGGTCAACAATCAGGG-1_A619_2	22798	10113	15617	294	0.012731681967781	12681	4.10315350254868	0.443591543117817	0.685016229493815	0.0128958680586016	0.128069340444502	0.278560178416287	4.20732689759193	1	-0.0011879780861332	0.0246675295292058	1	15617	1	0.565217391304348	singlet	A619	A619_Re2	A619_Re2	2.09063422747432	-1.05262591068401	3_1
CB:Z:GACCCAGCAGTAGTCT-1_A619_2	CB:Z:GACCCAGCAGTAGTCT-1_A619_2	22753	10386	17592	669	0.0285628895909828	12805	4.10737958280445	0.456467279040127	0.773172768426142	0.0294027161253461	0.163455390917224	0.523975941806	4.21243681435094	1	0.00376408764855683	0.0401493077613319	1	17592	1	1.69565217391304	singlet	A619	A619_Re2	A619_Re2	-3.63898074559392	-0.835722700997731	3_2
CB:Z:ATTACTCCATGGAGGT-1_A619_2	CB:Z:ATTACTCCATGGAGGT-1_A619_2	22693	9785	14764	447	0.0193171996542783	12938	4.11186714680447	0.43119023487419	0.650597100427445	0.0196977041378399	0.0939871472335944	0.182742024285749	4.21786290119809	1	0.00360922896447999	0.0281193498577304	1	14764	1	1.56521739130435	singlet	A619	A619_Re2	A619_Re2	1.60206794806301	0.94835041339741	3_1
CB:Z:TCGCAGGGTAAAGCTA-1_A619_2	CB:Z:TCGCAGGGTAAAGCTA-1_A619_2	22663	10644	17341	543	0.0233991209170042	12578	4.09961159039253	0.469664210386974	0.765167894806513	0.0239597581961788	0.199724174429278	0.501691467007058	4.20304423489026	1	0.00620229901127317	0.0374676751917692	1	17341	1	1.65217391304348	singlet	A619	A619_Re2	A619_Re2	-3.38348710469426	-1.02922941867962	3_2
CB:Z:ATCCCTGAGAAGCCGT-1_A619_2	CB:Z:ATCCCTGAGAAGCCGT-1_A619_2	22645	10709	17415	407	0.0176557348603158	12502	4.09697949456678	0.472907926694635	0.769043939059395	0.0179730624862	0.208638795673037	0.512481844791553	4.19986166623153	1	0.00644285934489134	0.0359221884103087	1	17415	1	1.47826086956522	singlet	A619	A619_Re2	A619_Re2	-0.443069963971983	2.88415585334645	3_3
CB:Z:TGTGACATCACGATTG-1_A619_2	CB:Z:TGTGACATCACGATTG-1_A619_2	22557	10199	15754	448	0.019474027385351	12423	4.09422648522204	0.452143458793279	0.698408476304473	0.0198607970918119	0.151572348082771	0.315842364336313	4.19653289636986	1	-0.00179792775857993	0.0331963975385225	1	15754	1	1.47826086956522	singlet	A619	A619_Re2	A619_Re2	1.80922341414272	-1.74023653690471	3_4
CB:Z:CTAGCGGCAAATTCCG-1_A619_2	CB:Z:CTAGCGGCAAATTCCG-1_A619_2	22528	9559	13628	392	0.0171029668411867	12645	4.10191883368042	0.42431640625	0.604936079545455	0.0174005681818182	0.0750959826349954	0.0556279788317927	4.20583401180655	1	0.00242355816829008	0.0229888012769611	1	13628	1	1.47826086956522	singlet	A619	A619_Re2	A619_Re2	-3.0369507067603	-0.595084444924733	3_2
CB:Z:GCACGCAAGTGAGCAC-1_A619_2	CB:Z:GCACGCAAGTGAGCAC-1_A619_2	22465	10085	15148	412	0.0180093543733881	12687	4.10335893986656	0.448920543066993	0.67429334520365	0.0183396394391275	0.14271489253632	0.248709133154284	4.20757529978262	1	0.00240415749501974	0.0313363419680438	1	15148	1	0.608695652173913	singlet	A619	A619_Re2	A619_Re2	2.6745549447137	1.20441339786396	3_1
CB:Z:CACCTGTCACAAGGGT-1_A619_2	CB:Z:CACCTGTCACAAGGGT-1_A619_2	22432	10320	17506	971	0.0414904072127505	12435	4.09464578960595	0.460057061340941	0.780402995720399	0.0432863766048502	0.173321096337807	0.544103907041381	4.19703989348511	1	0.00538046085465507	0.035241412501018	1	17506	1	1.21739130434783	singlet	A619	A619_Re2	A619_Re2	-2.01413047246159	-1.54816128437175	3_2
CB:Z:GTGGATTGTGATAAGT-1_A619_2	CB:Z:GTGGATTGTGATAAGT-1_A619_2	22369	10620	15772	284	0.0125369708206419	12280	4.08919836680515	0.474764182574098	0.705082927265412	0.0126961419822075	0.213740295473695	0.334423124171309	4.1904532043125	1	0.00236413976394597	0.0357016751696064	1	15772	1	0.826086956521739	singlet	A619	A619_Re2	A619_Re2	2.56489861079036	0.516093714789012	3_1
CB:Z:AGTGCCGTCCTTACGC-1_A619_2	CB:Z:AGTGCCGTCCTTACGC-1_A619_2	22366	7919	11107	1167	0.049589937534526	13296	4.12372100644004	0.354064204596262	0.49660198515604	0.052177412143432	-0.11797631773983	-0.24595934296768	4.23219586042858	1	0.00210900952789696	0.0293977090287113	1	11107	1	0.739130434782609	singlet	A619	A619_Re2	A619_Re2	-2.62871467999638	-0.496727721139333	3_2
CB:Z:AAGGAGCAGGTCGTTT-1_A619_2	CB:Z:AAGGAGCAGGTCGTTT-1_A619_2	22309	9203	14794	1079	0.0461347699675047	12475	4.09604055429543	0.412524093415214	0.663140436595096	0.0483661302613295	0.042687475682094	0.217660958925425	4.19872635730744	1	0.00343825764449099	0.0295704612299804	1	14794	1	1.17391304347826	singlet	A619	A619_Re2	A619_Re2	-1.66945373944462	-0.535544650002858	3_2
CB:Z:TGAATCGTCCATACCC-1_A619_2	CB:Z:TGAATCGTCCATACCC-1_A619_2	22305	10327	15804	729	0.0316488668924199	12522	4.0976736994491	0.462990360905627	0.708540685944855	0.0326832548755884	0.181382607312703	0.344049052051536	4.20070105615023	1	0.00256551057271422	0.0306257746000699	1	15804	1	1.08695652173913	singlet	A619	A619_Re2	A619_Re2	-2.84717404774846	-1.22896315281048	3_2
CB:Z:GTGCACGAGGCTGGAT-1_A619_2	CB:Z:GTGCACGAGGCTGGAT-1_A619_2	22164	9753	13664	877	0.0380625840892322	12741	4.10520351571034	0.440037899296156	0.616495217469771	0.0395686699151778	0.118302953467156	0.0878070399902703	4.20980564763381	1	-0.000222210713977351	0.0306180153004772	1	13664	1	0.91304347826087	singlet	A619	A619_Re2	A619_Re2	2.25666344233333	0.687104209021189	3_1
CB:Z:CTACTTATCTATAGGC-1_A619_2	CB:Z:CTACTTATCTATAGGC-1_A619_2	22163	9867	16408	713	0.0311680363699948	12604	4.10050839450196	0.445201461895953	0.740332987411451	0.0321707350087984	0.132493838390393	0.432554476933632	4.20412859535457	1	0.00151674125812972	0.0358227939933397	1	16408	1	1.08695652173913	singlet	A619	A619_Re2	A619_Re2	0.336566359480013	2.48511014755116	3_3
CB:Z:GATTAGCAGGCGTCCT-1_A619_2	CB:Z:GATTAGCAGGCGTCCT-1_A619_2	22145	10057	15867	601	0.0264222280840587	12514	4.0973961506415	0.454143147437345	0.716504854368932	0.0271393090991194	0.157068040423433	0.366220209145844	4.20036546117391	1	0.00716425046735448	0.033264706680835	1	15867	1	1.26086956521739	singlet	A619	A619_Re2	A619_Re2	-3.1249097578925	-0.125130431100271	3_2
CB:Z:TGTACAGTCCTCCATG-1_A619_2	CB:Z:TGTACAGTCCTCCATG-1_A619_2	22116	10196	14738	1009	0.0436324324324324	12176	4.0855046394265	0.461023693253753	0.666395369867969	0.0456230783143426	0.175977665706866	0.226722248576983	4.18598697596541	1	0.0045277760580296	0.0271493363358944	1	14738	1	1.52173913043478	singlet	A619	A619_Re2	A619_Re2	1.49342382021724	-1.72841288272991	3_4
CB:Z:CCAGAATTCCTAGAGT-1_A619_2	CB:Z:CCAGAATTCCTAGAGT-1_A619_2	22054	10636	17979	28	0.00126800108685807	12094	4.08256996426992	0.482270789879387	0.815226262809468	0.00126961095492881	0.234370509279464	0.641047126227289	4.18243854695857	1	0.00424314303001409	0.0378281407372441	1	17979	1	1.47826086956522	singlet	A619	A619_Re2	A619_Re2	-0.458732574502836	2.60864327724324	3_3
CB:Z:GACTAACTCTTCCGTG-1_A619_2	CB:Z:GACTAACTCTTCCGTG-1_A619_2	22035	10214	16860	1064	0.046062600112559	12310	4.09025805293132	0.463535284774223	0.765146358066712	0.0482868164284093	0.182880207421489	0.501631511665081	4.1917345117103	1	0.0041167292030834	0.0368878770652915	1	16860	1	0.608695652173913	singlet	A619	A619_Re2	A619_Re2	0.0815857581096787	2.96689472968922	3_3
CB:Z:CACTGAATCAGAACGG-1_A619_2	CB:Z:CACTGAATCAGAACGG-1_A619_2	21980	10872	16635	1008	0.0438489646772229	12156	4.08479069140791	0.494631483166515	0.756824385805278	0.045859872611465	0.268341081460763	0.478464277558763	4.18512371385858	1	0.00194013981205412	0.0367238833868771	1	16635	1	1.43478260869565	singlet	A619	A619_Re2	A619_Re2	2.70571577616512	1.07218478496418	3_1
CB:Z:ACATGGTTCCGTCAAA-1_A619_2	CB:Z:ACATGGTTCCGTCAAA-1_A619_2	21978	9366	15166	736	0.0324029233072114	12348	4.09159662081006	0.426153426153426	0.69005369005369	0.0334880334880335	0.0801446167025364	0.292583780565599	4.19335302579964	1	-6.8039917280325e-05	0.0353234682140025	1	15166	1	1.30434782608696	singlet	A619	A619_Re2	A619_Re2	-0.58652651242436	-0.144610659524343	3_2
CB:Z:TTACTTGCACTACACA-1_A619_2	CB:Z:TTACTTGCACTACACA-1_A619_2	21948	9278	13442	1078	0.0468166420568054	12235	4.08760397368781	0.422726444322945	0.61244760342628	0.0491160925824677	0.0707263315843718	0.0765390353428479	4.18852536205261	1	0.00223300397593274	0.0287462119074551	1	13442	1	0.608695652173913	singlet	A619	A619_Re2	A619_Re2	2.04628884859859	-0.0480764073575948	3_1
CB:Z:CTGAATGGTCGCTAGC-1_A619_2	CB:Z:CTGAATGGTCGCTAGC-1_A619_2	21905	9447	14604	999	0.0436168354872511	12485	4.09638854668737	0.431271399223921	0.666697101118466	0.0456060260214563	0.0942102091069898	0.227562227165936	4.19914712834063	1	0.00157506033148481	0.0307977015982365	1	14604	1	1.04347826086957	singlet	A619	A619_Re2	A619_Re2	-0.373997717420469	1.72402571018086	3_3
CB:Z:CGCTATCAGTACAGTA-1_A619_2	CB:Z:CGCTATCAGTACAGTA-1_A619_2	21877	9871	13819	760	0.0335733533595441	12331	4.0909982977532	0.451204461306395	0.631667961786351	0.0347396809434566	0.148991725688436	0.130045887774766	4.19262957029702	1	-0.0012494482673245	0.0348783499891832	1	13819	1	0.739130434782609	singlet	A619	A619_Re2	A619_Re2	2.63054525919734	0.259766800955394	3_1
CB:Z:GGACACCGTGTGACCC-1_A619_2	CB:Z:GGACACCGTGTGACCC-1_A619_2	21842	9826	14735	700	0.0310531452399965	12449	4.09513446693984	0.449867228275799	0.674617709001007	0.0320483472209505	0.145316642897054	0.249612117662392	4.19763077211188	1	0.00227280177091795	0.028771924083093	1	14735	1	1.56521739130435	singlet	A619	A619_Re2	A619_Re2	0.554748833854784	1.13637660320149	3_3
CB:Z:AGCCAGCCAGTAGTCT-1_A619_2	CB:Z:AGCCAGCCAGTAGTCT-1_A619_2	21817	9256	13965	893	0.0393218846323206	12461	4.0955528960194	0.424256313883669	0.640097171930146	0.0409313837832883	0.0749308323460444	0.153511657498323	4.19813671086285	1	0.0030910453270609	0.0314258573851078	1	13965	1	1.08695652173913	singlet	A619	A619_Re2	A619_Re2	1.86486268111049	-1.69164444629802	3_4
CB:Z:CCTCCCTTCTTTCGAT-1_A619_2	CB:Z:CCTCCCTTCTTTCGAT-1_A619_2	21770	9830	15046	813	0.0360005313731568	12264	4.08863214184632	0.451538814882866	0.691134588883785	0.0373449701423978	0.149910620934824	0.295592855272336	4.18976855985916	1	-0.00163940767270858	0.0359259627621075	1	15046	1	1	singlet	A619	A619_Re2	A619_Re2	2.64500725336849	-0.565457121774099	3_1
CB:Z:TTGAGCAGTGATCAGG-1_A619_2	CB:Z:TTGAGCAGTGATCAGG-1_A619_2	21681	10265	16997	770	0.034296913277805	11872	4.07452388793495	0.473456021401227	0.78395830450625	0.0355149670218163	0.210145110113496	0.554001401093812	4.17270972549281	1	0.00525742625858578	0.0361919958355297	1	16997	1	1.04347826086957	singlet	A619	A619_Re2	A619_Re2	0.381699979980578	1.64741609866963	3_3
CB:Z:ATCCAGATCTATCTCA-1_A619_2	CB:Z:ATCCAGATCTATCTCA-1_A619_2	21641	9991	15034	731	0.0326747720364742	12157	4.08482641669743	0.461669978281965	0.694699875236819	0.0337784760408484	0.177753834056858	0.305518125509005	4.1851669106851	1	-0.00442747732080073	0.0290706392154088	1	15034	1	0.608695652173913	singlet	A619	A619_Re2	A619_Re2	-3.42227804593266	-0.632467524453542	3_2
CB:Z:TGCTATTAGACACGGT-1_A619_2	CB:Z:TGCTATTAGACACGGT-1_A619_2	21586	9279	12637	828	0.0369411974658695	12177	4.08554030603695	0.429861947558603	0.585425738904846	0.0383581951264709	0.090336649718325	0.00131385533853723	4.1860301018408	1	0.00116470453891142	0.0241242610616719	1	12637	1	0.869565217391304	singlet	A619	A619_Re2	A619_Re2	1.43864429064571	0.877654297903636	3_1
CB:Z:GTCACGGGTACGGTTT-1_A619_2	CB:Z:GTCACGGGTACGGTTT-1_A619_2	21575	8628	13049	934	0.0414945133057888	12061	4.08138331746229	0.399907300115875	0.604820393974507	0.0432908458864426	0.00801307049172797	0.0553059260033695	4.18100372650028	1	0.0079494548818538	0.0264291726658673	1	13049	1	1.78260869565217	singlet	A619	A619_Re2	A619_Re2	-1.98977994851292	-1.13447882358684	3_2
CB:Z:TACGCCTCATTGCGAT-1_A619_2	CB:Z:TACGCCTCATTGCGAT-1_A619_2	21489	9716	16477	714	0.0321578165112823	12128	4.08378918828798	0.452138303317977	0.76676439108381	0.0332263018288427	0.151558179423956	0.506135894583129	4.18391275777942	1	0.0048177069881587	0.0334575952359005	1	16477	1	0.739130434782609	singlet	A619	A619_Re2	A619_Re2	-0.623222708026777	2.68824373062001	3_3
CB:Z:AAACGAAAGAGCGAAA-1_A619_2	CB:Z:AAACGAAAGAGCGAAA-1_A619_2	21475	9633	15327	670	0.0302551365996839	12176	4.0855046394265	0.448568102444703	0.713713620488941	0.0311990686845169	0.141746289131882	0.358449795268965	4.18598697596541	1	-0.00140792820272997	0.0320558332161369	1	15327	1	0.826086956521739	singlet	A619	A619_Re2	A619_Re2	-0.519470810214887	-0.0793030423368428	3_3
CB:Z:AGCCTGGTCTCCCTTT-1_A619_2	CB:Z:AGCCTGGTCTCCCTTT-1_A619_2	21463	10002	15730	580	0.0263122079571746	11896	4.0754009555139	0.466011275217817	0.732889158086009	0.0270232493127708	0.18968490762159	0.411831872818597	4.1737702217563	1	0.00582576339354113	0.0390545839856235	1	15730	1	1.08695652173913	singlet	A619	A619_Re2	A619_Re2	1.5909025675851	-0.460244910165212	3_4
CB:Z:CGCAATACACTCGGAC-1_A619_2	CB:Z:CGCAATACACTCGGAC-1_A619_2	21449	9040	12274	976	0.0435228539576366	12239	4.08774593478473	0.421464870157117	0.572241130122616	0.0455032868665206	0.0672591800851141	-0.0353902946709069	4.18869701269444	1	-0.00131379288971391	0.0263472843360252	1	12274	1	1.21739130434783	singlet	A619	A619_Re2	A619_Re2	-2.53869306973637	-0.351887003823659	3_2
CB:Z:TGATTTCTCACCGCGA-1_A619_2	CB:Z:TGATTTCTCACCGCGA-1_A619_2	21442	9010	12879	860	0.0385615639852928	12115	4.08332341847353	0.420203339240742	0.600643596679414	0.0401081988620465	0.0637921474472067	0.0436782928281801	4.1833495775186	1	0.00239109426505516	0.0305012165346302	1	12879	1	1.73913043478261	singlet	A619	A619_Re2	A619_Re2	1.25188243456661	-0.33714558307781	3_1
CB:Z:GTTGGTAAGGGTAATT-1_A619_2	CB:Z:GTTGGTAAGGGTAATT-1_A619_2	21428	10121	15545	700	0.0316341287057122	11997	4.07907265885318	0.472325928691432	0.7254526787381	0.032667537801008	0.207039305683446	0.391129730037108	4.17820981998729	1	0.00490458617672146	0.0316640875216162	1	15545	1	1	singlet	A619	A619_Re2	A619_Re2	2.58189356394588	1.02506492908345	3_1
CB:Z:CGCAGGTTCTTGCGCT-1_A619_2	CB:Z:CGCAGGTTCTTGCGCT-1_A619_2	21419	10258	16562	936	0.0418698277790204	11803	4.07199240712418	0.478920584527756	0.773238713291937	0.0436995191185396	0.225163226963165	0.524159523305192	4.16964881433231	1	0.000136877006094409	0.0356377243312549	1	16562	1	0.869565217391304	singlet	A619	A619_Re2	A619_Re2	1.36677765913783	-1.70936848346843	3_4
CB:Z:AACGGGAGTAGAATAC-1_A619_2	CB:Z:AACGGGAGTAGAATAC-1_A619_2	21349	10139	15057	1101	0.0490423162583519	11819	4.07258073264895	0.474916857932456	0.705278935781535	0.051571502178088	0.21415988919396	0.334968785108069	4.17036018143299	1	0.00398481314395467	0.0355784283781053	1	15057	1	1	singlet	A619	A619_Re2	A619_Re2	-2.68882930211247	-1.29933478061809	3_2
CB:Z:GAAAGTACAGATGGCA-1_A619_2	CB:Z:GAAAGTACAGATGGCA-1_A619_2	21279	9727	15253	772	0.0350097501247109	11880	4.07481644064517	0.457117345739931	0.716810000469947	0.036279900371258	0.165241952336993	0.367069694212214	4.17306346226694	1	0.00104115592604332	0.024924480012632	1	15253	1	1.65217391304348	singlet	A619	A619_Re2	A619_Re2	-3.03645718030156	-0.980549113198659	3_2
CB:Z:AGCTGGCCACAGCTTA-1_A619_2	CB:Z:AGCTGGCCACAGCTTA-1_A619_2	21251	9726	15395	884	0.0399367517506212	12023	4.08001284710793	0.457672580113877	0.724436497106019	0.0415980424450614	0.166767888539722	0.388300819170142	4.17934663789627	1	0.0042910605303386	0.0384730250891182	1	15395	1	1.04347826086957	singlet	A619	A619_Re2	A619_Re2	1.92190015383541	-1.87872435276165	3_4
CB:Z:ACAATCGCAATTCGTG-1_A619_2	CB:Z:ACAATCGCAATTCGTG-1_A619_2	21208	9876	13985	961	0.0433488204249177	11755	4.07022263346096	0.465673330818559	0.659420973217654	0.0453130894002263	0.188756143810243	0.207306480911312	4.16750891268491	1	0.00548353599091626	0.0257843770782796	1	13985	1	1.21739130434783	singlet	A619	A619_Re2	A619_Re2	1.40029072829067	0.211594803885081	3_1
CB:Z:GAAATGACACGTTAGT-1_A619_2	CB:Z:GAAATGACACGTTAGT-1_A619_2	21197	9661	14010	735	0.0335126755425862	12131	4.08389660272817	0.455772043213662	0.66094258621503	0.0346747181204888	0.16154469236033	0.211542443664133	4.18404263672514	1	0.000709084563191484	0.0263598034089119	1	14010	1	0.608695652173913	singlet	A619	A619_Re2	A619_Re2	-2.3610666983527	-0.416813151284597	3_2
CB:Z:CATGTTTTCAAAGTAG-1_A619_2	CB:Z:CATGTTTTCAAAGTAG-1_A619_2	21162	10120	16065	697	0.0318861796056544	11765	4.07059193151204	0.478215669596446	0.759143748227956	0.0329363954257632	0.223225927573927	0.484921065749778	4.16795544521295	1	-0.00268005566229705	0.0325450196337666	1	16065	1	0.695652173913043	singlet	A619	A619_Re2	A619_Re2	-3.51386248997868	-0.845022932931325	3_2
CB:Z:GAACCGCCAGAGTCGA-1_A619_2	CB:Z:GAACCGCCAGAGTCGA-1_A619_2	21043	9152	14133	675	0.0310802099640851	11716	4.06877936300956	0.43491897543126	0.671624768331512	0.0320771753077033	0.104234748019157	0.24128017963397	4.16576379867358	1	0.00411378467540416	0.0328152848817379	1	14133	1	0.826086956521739	singlet	A619	A619_Re2	A619_Re2	2.35255324908077	2.12374757106648	3_1
CB:Z:GCAACCGGTTGGGAAC-1_A619_2	CB:Z:GCAACCGGTTGGGAAC-1_A619_2	21021	9666	14201	694	0.0319594750172692	11758	4.07033345585306	0.459825888397317	0.67556253270539	0.0330146044431759	0.172685769743632	0.252242377805179	4.16764291231682	1	0.000649205784920351	0.025420148898555	1	14201	1	0.956521739130435	singlet	A619	A619_Re2	A619_Re2	1.98981380530178	-0.567889468118093	3_1
CB:Z:GCGGAAAGTAGCGAGT-1_A619_2	CB:Z:GCGGAAAGTAGCGAGT-1_A619_2	20983	9181	13283	351	0.0164526108559108	12055	4.08116721471347	0.437544679025878	0.633036267454606	0.0167278272887576	0.111450900982078	0.133855063863031	4.18074242832537	1	0.00519895147848643	0.0278921449688115	1	13283	1	0.956521739130435	singlet	A619	A619_Re2	A619_Re2	2.07256710596858	0.86428116138325	3_1
CB:Z:ACTAACGGTAACACTC-1_A619_2	CB:Z:ACTAACGGTAACACTC-1_A619_2	20842	9946	15404	592	0.0276196696836801	11665	4.06688474312977	0.477209480855964	0.739084540831014	0.0284041838595144	0.220460645203223	0.429078972174711	4.16347294064681	1	0.00476130689934147	0.0315116177194839	1	15404	1	1.17391304347826	singlet	A619	A619_Re2	A619_Re2	1.25493347712337	-1.71450449649944	3_4
CB:Z:GTCGTAAAGCCATGGA-1_A619_2	CB:Z:GTCGTAAAGCCATGGA-1_A619_2	20815	9653	14675	240	0.011398717644265	11816	4.07247048230389	0.463752101849628	0.705020417967812	0.0115301465289455	0.183476080156058	0.334249106824719	4.17022687348524	1	0.00625343822777283	0.0383504737878508	1	14675	1	0.869565217391304	singlet	A619	A619_Re2	A619_Re2	1.39747035570918	-2.09040190403118	3_4
CB:Z:ATGTACGTCTCCCTTT-1_A619_2	CB:Z:ATGTACGTCTCCCTTT-1_A619_2	20807	8401	12295	224	0.0106509438448005	11874	4.07459704459004	0.403758350555102	0.590906906329601	0.0107656077281684	0.0185968123483285	0.0165726767952833	4.17279818202824	1	0.00171770431194234	0.0287950040896161	1	12295	1	1.04347826086957	singlet	A619	A619_Re2	A619_Re2	-3.39623320035161	-0.761315123483083	3_2
CB:Z:CTCAACCCAGTTACAC-1_A619_2	CB:Z:CTCAACCCAGTTACAC-1_A619_2	20682	9061	13421	337	0.0160331128978543	11989	4.07878296019696	0.438110434193985	0.648921767720723	0.0162943622473649	0.113005751210029	0.178078126858158	4.17785953416002	1	-0.0039331435167761	0.037998930429314	1	13421	1	0.565217391304348	singlet	A619	A619_Re2	A619_Re2	1.65003514357387	0.963714821890452	3_1
CB:Z:ACAGGCCTCCTAAAGC-1_A619_2	CB:Z:ACAGGCCTCCTAAAGC-1_A619_2	20672	9521	13263	1046	0.0481628142554563	11427	4.05793222738061	0.460574690402477	0.641592492260062	0.0505998452012384	0.174743682837574	0.157674425056157	4.15264810829786	1	0.00128910201268086	0.0277476453095628	1	13263	1	1.1304347826087	singlet	A619	A619_Re2	A619_Re2	-2.60937011174382	0.136742337301829	3_2
CB:Z:ACAGACTTCCAGGTAT-1_A619_2	CB:Z:ACAGACTTCCAGGTAT-1_A619_2	20667	8972	13233	498	0.0235294117647059	11669	4.06703363984226	0.434122030289834	0.64029612425606	0.0240963855421687	0.102044524394764	0.154065513599456	4.16365297740912	1	0.00360711847962811	0.0307725305139456	1	13233	1	1.60869565217391	singlet	A619	A619_Re2	A619_Re2	-3.07133972577275	-0.718804137154958	3_2
CB:Z:TCAGGTAGTTAGGAAT-1_A619_2	CB:Z:TCAGGTAGTTAGGAAT-1_A619_2	20570	9480	14617	463	0.0220130271478153	11725	4.06911285138712	0.460865337870685	0.710597958191541	0.0225085075352455	0.175542461722281	0.349776216990582	4.16616703234315	1	-0.000619062262523825	0.0326879214047202	1	14617	1	1	singlet	A619	A619_Re2	A619_Re2	1.35530746050655	-1.72962977115764	3_4
CB:Z:GCGAGTCCATGCGCTG-1_A619_2	CB:Z:GCGAGTCCATGCGCTG-1_A619_2	20566	9185	15208	708	0.0332800601673404	11655	4.0665122778566	0.446610911212681	0.739472916464067	0.0344257512399105	0.136367391324488	0.43016015689024	4.16302257850829	1	-0.000101399394945082	0.0368135557660271	1	15208	1	0.478260869565217	singlet	A619	A619_Re2	A619_Re2	2.40474999018489	-0.901299254342458	3_1
CB:Z:GTGGATTTCGATGCAT-1_A619_2	CB:Z:GTGGATTTCGATGCAT-1_A619_2	20563	8542	11425	274	0.0131496856553247	11720	4.06892761168207	0.415406312308515	0.555609590040364	0.0133249039537033	0.0506086029751051	-0.0816902306151472	4.16594305186574	1	-0.000886507007942826	0.0227347792768749	1	11425	1	0.869565217391304	singlet	A619	A619_Re2	A619_Re2	0.121011481364359	1.53612945850239	3_3
CB:Z:CTGTATTCAATGCATC-1_A619_2	CB:Z:CTGTATTCAATGCATC-1_A619_2	20520	9588	14288	659	0.0311157278436187	11910	4.07591176148278	0.467251461988304	0.696296296296296	0.0321150097465887	0.193093280697961	0.309962343688938	4.17438785696979	1	0.0017225264065408	0.0314244128499577	1	14288	1	0.652173913043478	singlet	A619	A619_Re2	A619_Re2	2.37246477671443	-1.08915306751384	3_4
CB:Z:GTCACAATCGACCCGA-1_A619_2	CB:Z:GTCACAATCGACCCGA-1_A619_2	20507	9192	13928	755	0.0355093594205625	11389	4.05648559295112	0.448237187301897	0.67918271809626	0.0368166967376993	0.140836843643392	0.262320479464713	4.15089892677076	1	0.00329141794772174	0.0305847904696158	1	13928	1	1.26086956521739	singlet	A619	A619_Re2	A619_Re2	1.81103611059963	-1.51357962314739	3_4
CB:Z:AGTGTACCATTACACG-1_A619_2	CB:Z:AGTGTACCATTACACG-1_A619_2	20474	9141	14068	661	0.0312751360302815	11578	4.06363354523078	0.446468691999609	0.687115365829833	0.032284849076878	0.13597653395662	0.284403887261961	4.15954179177471	1	-0.00301419008685045	0.0320559028580554	1	14068	1	0.565217391304348	singlet	A619	A619_Re2	A619_Re2	2.81491315432369	1.32646940524922	3_1
CB:Z:GACCTTCCATGACTGT-1_A619_2	CB:Z:GACCTTCCATGACTGT-1_A619_2	20447	9145	14022	857	0.0402271873826511	11456	4.05903300496378	0.447253875874211	0.68577297403042	0.0419132391059813	0.138134434397006	0.280666851845066	4.1539791009624	1	-0.00107924671025341	0.0307280030260274	1	14022	1	0.521739130434783	singlet	A619	A619_Re2	A619_Re2	-3.36977803639592	0.0915825205598857	3_2
CB:Z:CTACTTATCACTGATG-1_A619_2	CB:Z:CTACTTATCACTGATG-1_A619_2	20435	9336	15552	1027	0.0478520175193365	11238	4.05068902775888	0.45686322485931	0.761047222901884	0.0502569121605089	0.164543558523847	0.490220079252947	4.14389007605619	1	-0.00164731602175343	0.0330372706819128	1	15552	1	1.30434782608696	singlet	A619	A619_Re2	A619_Re2	-0.807372450153242	1.98710869129048	3_3
CB:Z:TGCTCACGTTTCCTAT-1_A619_2	CB:Z:TGCTCACGTTTCCTAT-1_A619_2	20424	9140	14282	694	0.0328629605076238	11085	4.04473569745051	0.447512730121426	0.699275362318841	0.0339796318057188	0.138845836798567	0.318255656595339	4.13669167458874	1	0.000516865007851135	0.0306541477607265	1	14282	1	1.34782608695652	singlet	A619	A619_Re2	A619_Re2	0.0139607803198594	-1.84691073124065	3_4
CB:Z:GTCACGGCACGATATC-1_A619_2	CB:Z:GTCACGGCACGATATC-1_A619_2	20378	9010	14491	437	0.0209944751381215	11736	4.06952010083523	0.442143488075375	0.711110020610462	0.0214446952595937	0.124089688397558	0.351201728824017	4.1666594533702	1	8.95975915442678e-05	0.0345018240284238	1	14491	1	0.91304347826087	singlet	A619	A619_Re2	A619_Re2	-2.29627644948186	-0.974971548959157	3_2
CB:Z:GCAGCCAAGAGAGGTA-1_A619_2	CB:Z:GCAGCCAAGAGAGGTA-1_A619_2	20254	8998	12264	452	0.0218294214237419	11601	4.06449542679273	0.44425792436062	0.605510022711563	0.0223165794410981	0.129900738698876	0.0572257582133197	4.16058392603888	1	0.00404040867654559	0.0285842798021737	1	12264	1	1.47826086956522	singlet	A619	A619_Re2	A619_Re2	2.2293120629388	0.123529656485179	3_1
CB:Z:AAATGAGAGGCTCAGA-1_A619_2	CB:Z:AAATGAGAGGCTCAGA-1_A619_2	20156	9020	12692	367	0.017882375870974	11271	4.05196244978305	0.447509426473507	0.629688430244096	0.0182079777733677	0.138836757468833	0.12453514233852	4.14542981977821	1	0.00292385269115278	0.0246177999908063	1	12692	1	1.60869565217391	singlet	A619	A619_Re2	A619_Re2	-0.394977658311735	-0.121773020669362	3_2
CB:Z:CGTACAAGTGGTAGAC-1_A619_2	CB:Z:CGTACAAGTGGTAGAC-1_A619_2	20145	9029	12545	364	0.0177483056219221	11529	4.06179163918401	0.448200546041201	0.622735170017374	0.0180689997517995	0.140736143418708	0.105178215589181	4.15731467207813	1	0.000639886186241646	0.0302598279099302	1	12545	1	0.91304347826087	singlet	A619	A619_Re2	A619_Re2	2.33440148897945	0.282725079611399	3_1
CB:Z:TGGACATTCGGCTATA-1_A619_2	CB:Z:TGGACATTCGGCTATA-1_A619_2	20133	8804	14454	607	0.0292671166827387	11364	4.0555312250509	0.43729200814583	0.717925793473402	0.0301495057865196	0.110756492167832	0.370175909531512	4.14974496370512	1	0.00865098518200984	0.0432627925934037	1	14454	1	1.47826086956522	singlet	A619	A619_Re2	A619_Re2	-0.118462919513593	2.86820588882313	3_3
CB:Z:GCTGTTCCAAATTCCG-1_A619_2	CB:Z:GCTGTTCCAAATTCCG-1_A619_2	20089	9988	15437	256	0.0125829442123372	11039	4.04292973334316	0.497187515555777	0.768430484344666	0.0127432923490467	0.275365758860337	0.510774070655414	4.13450801367844	1	-0.00212720512996712	0.0284000056434199	1	15437	1	0.826086956521739	singlet	A619	A619_Re2	A619_Re2	1.51919543810665	-1.90193154041424	3_4
CB:Z:TGTGTCCTCACCGCGA-1_A619_2	CB:Z:TGTGTCCTCACCGCGA-1_A619_2	20088	8256	11470	894	0.0426079496711467	11398	4.05682865263781	0.410991636798088	0.570987654320988	0.0445041816009558	0.0384758649805348	-0.038879800094701	4.15131373347965	1	0.000845328449949266	0.0300284065998695	1	11470	1	0.565217391304348	singlet	A619	A619_Re2	A619_Re2	-1.92494559220494	-0.554145113870046	3_2
CB:Z:AATGGCTCACGCTAAT-1_A619_2	CB:Z:AATGGCTCACGCTAAT-1_A619_2	20073	9021	15122	598	0.0289294180252528	11253	4.05126831887039	0.449409654760126	0.753350271508992	0.0297912618940866	0.144059105493499	0.468792817875205	4.14459051929907	1	0.00570153110278687	0.0347108700863871	1	15122	1	1.47826086956522	singlet	A619	A619_Re2	A619_Re2	1.33308947153865	-2.18431402866497	3_4
CB:Z:AGGCGAACAGGTGTGA-1_A619_2	CB:Z:AGGCGAACAGGTGTGA-1_A619_2	19987	9137	15144	457	0.0223537468205831	11118	4.04602666970254	0.457147145644669	0.757692500125081	0.0228648621604043	0.165323850640864	0.480880989252353	4.1382526389687	1	0.00164064122477917	0.0362476400550841	1	15144	1	1.1304347826087	singlet	A619	A619_Re2	A619_Re2	-1.67622363499821	-1.59649397556438	3_2
CB:Z:TGATCAGCATTTCTTG-1_A619_2	CB:Z:TGATCAGCATTTCTTG-1_A619_2	19965	8762	12412	439	0.0215153891393844	11111	4.04575314759414	0.438868019033308	0.621687953919359	0.0219884798397195	0.11508780193889	0.102262909007945	4.1379219128298	1	0.00157046627343871	0.0255842172161247	1	12412	1	1.52173913043478	singlet	A619	A619_Re2	A619_Re2	1.58275246687709	-1.66594864551677	3_4
CB:Z:GAATCTGGTTTGTACG-1_A619_2	CB:Z:GAATCTGGTTTGTACG-1_A619_2	19873	8778	12739	440	0.0216610052675626	11101	4.04536210265335	0.441704825642832	0.641020480048307	0.0221405927640517	0.122884123832385	0.156082021187808	4.13744908529801	1	0.00603496676669505	0.0305676448816334	1	12739	1	1.04347826086957	singlet	A619	A619_Re2	A619_Re2	0.188622549851527	0.0821263628755595	3_1
CB:Z:TTGCACCTCCGCTCTA-1_A619_2	CB:Z:TTGCACCTCCGCTCTA-1_A619_2	19740	9252	13839	617	0.0303089846244535	10595	4.02510096104681	0.468693009118541	0.701063829787234	0.0312563323201621	0.197055047218894	0.323234505746737	4.11295055692516	1	-0.00385945027839723	0.018176106856939	1	13839	1	1.26086956521739	singlet	A619	A619_Re2	A619_Re2	-0.592456876556287	0.0272133188997294	3_2
CB:Z:CCCACATAGTAGTCGG-1_A619_2	CB:Z:CCCACATAGTAGTCGG-1_A619_2	19630	8236	13018	999	0.0484269717388143	11334	4.05438320830548	0.419561895058584	0.66316861946001	0.0508914926133469	0.0620292830686376	0.217739416171946	4.14835685234613	1	0.00618364653903578	0.0319464170623938	1	13018	1	0.739130434782609	singlet	A619	A619_Re2	A619_Re2	0.018850096245398	2.19332431133137	3_3
CB:Z:AATGTCGCACGATATC-1_A619_2	CB:Z:AATGTCGCACGATATC-1_A619_2	19566	8550	10913	859	0.0420563035495716	11039	4.04292973334316	0.436982520699172	0.557753245425739	0.043902688336911	0.10990593585989	-0.0757225868167664	4.13450801367844	1	0.00363737684115219	0.0211910978276533	1	10913	1	1.1304347826087	singlet	A619	A619_Re2	A619_Re2	-2.48541915349186	-0.41681505863323	3_2
CB:Z:GAACCGCGTTAAGGGC-1_A619_2	CB:Z:GAACCGCGTTAAGGGC-1_A619_2	19505	9268	14770	61	0.00311765307165491	10920	4.03822263836872	0.475160215329403	0.757241732889003	0.00312740322994104	0.214828702004601	0.479626114835854	4.12881648345648	1	0.0062586960332757	0.0316707961832304	1	14770	1	1.34782608695652	singlet	A619	A619_Re2	A619_Re2	0.090569250960936	2.67035733039723	3_3
CB:Z:CAGCTGGTCTATCTAC-1_A619_2	CB:Z:CAGCTGGTCTATCTAC-1_A619_2	19417	9460	15143	260	0.0132133963510698	10571	4.02411607282677	0.487201936447443	0.779883607148375	0.0133903280630375	0.247922651261755	0.542658000198361	4.11175969056278	1	0.000201595986502241	0.0334529549764493	1	15143	1	1.26086956521739	singlet	A619	A619_Re2	A619_Re2	-2.5141817324561	-1.22649456684246	3_2
CB:Z:CAGTATGAGTTGTCCA-1_A619_2	CB:Z:CAGTATGAGTTGTCCA-1_A619_2	19399	9792	15171	273	0.0138775925172834	10853	4.03554980301006	0.504768287025104	0.78205062116604	0.0140728903551729	0.296199796111055	0.548690671238561	4.12558465505601	1	0.000851418495360608	0.036430558029477	1	15171	1	0.91304347826087	singlet	A619	A619_Re2	A619_Re2	-3.37108576230229	-0.172079340859792	3_2
CB:Z:AGGCCCATCTTGTCGC-1_A619_2	CB:Z:AGGCCCATCTTGTCGC-1_A619_2	19388	8089	12878	165	0.00843860277195315	11285	4.05250156341378	0.417216835155766	0.664225293996286	0.00851041881576233	0.0555844158716589	0.220681053753405	4.14608168287828	1	0.00600617210743591	0.0301114422563029	1	12878	1	1.08695652173913	singlet	A619	A619_Re2	A619_Re2	-3.73194730214299	-0.856227652474782	3_2
CB:Z:CTTCTAATCAGGAAGC-1_A619_2	CB:Z:CTTCTAATCAGGAAGC-1_A619_2	19282	8801	14372	887	0.0439783826664683	10783	4.03273960520949	0.456436054351208	0.745358365314801	0.0460014521315216	0.163369576916011	0.446544442617507	4.12218673642499	1	0.00148280492793939	0.0329948458062116	1	14372	1	0.956521739130435	singlet	A619	A619_Re2	A619_Re2	-0.312169700185667	-0.620909468575856	3_4
CB:Z:ATGTTTCAGCATTCCA-1_A619_2	CB:Z:ATGTTTCAGCATTCCA-1_A619_2	19256	9591	14538	733	0.036670168592726	10715	4.02999217537785	0.498078520980474	0.75498545907769	0.0380660573327794	0.277814485917185	0.473344956721825	4.11886471296797	1	-0.00258625749847122	0.0324196664231719	1	14538	1	0.869565217391304	singlet	A619	A619_Re2	A619_Re2	2.14709270067989	-0.999408499642751	3_4
CB:Z:CGGTGCAAGGCATGCA-1_A619_2	CB:Z:CGGTGCAAGGCATGCA-1_A619_2	19229	9013	14079	977	0.0483519746609918	10836	4.03486899636113	0.468719122159239	0.732175360133132	0.0508086743980446	0.197126813010123	0.409844756812992	4.12476146545845	1	-0.00468768712109012	0.0313376077918077	1	14079	1	1.17391304347826	singlet	A619	A619_Re2	A619_Re2	1.48364234038173	-1.20296026889934	3_4
CB:Z:CAGTGTAAGAACTAAC-1_A619_2	CB:Z:CAGTGTAAGAACTAAC-1_A619_2	19116	8756	15134	729	0.036734693877551	10719	4.0301542709221	0.458045616237707	0.791692822766269	0.038135593220339	0.167793094025889	0.575533243498508	4.11906070894723	1	0.00290903361210089	0.038853073611578	1	15134	1	1.1304347826087	singlet	A619	A619_Re2	A619_Re2	-1.24172866276921	-1.1191475552763	3_2
CB:Z:GTCGTAATCTTCACTA-1_A619_2	CB:Z:GTCGTAATCTTCACTA-1_A619_2	19115	8158	12503	486	0.0247946533340136	10601	4.02534683450983	0.426785247188072	0.654093643735286	0.0254250588543029	0.081881034034844	0.192475923273979	4.11324785201972	1	0.00577498693088216	0.0246933460202614	1	12503	1	0.869565217391304	singlet	A619	A619_Re2	A619_Re2	-2.87691318921269	-1.10195995990886	3_2
CB:Z:TTGCGAAAGTGTCCCG-1_A619_2	CB:Z:TTGCGAAAGTGTCCCG-1_A619_2	19063	9274	13817	205	0.0106394021175005	10511	4.02164403608744	0.486492157582752	0.724807218171327	0.0107538162933431	0.245971984450788	0.389332855980447	4.10877065552353	1	0.00562028823204507	0.0293148535555976	1	13817	1	0.652173913043478	singlet	A619	A619_Re2	A619_Re2	1.93438553877651	-0.100555197640798	3_1
CB:Z:TCAAAGCGTGGTCGAA-1_A619_2	CB:Z:TCAAAGCGTGGTCGAA-1_A619_2	19063	8733	13255	704	0.0356149137451308	10914	4.03798394944713	0.458112574096417	0.69532602423543	0.036930178880554	0.167977112569153	0.307261238797604	4.12852787546827	1	0.000949904498499114	0.0330646676151357	1	13255	1	0.91304347826087	singlet	A619	A619_Re2	A619_Re2	2.78388679095088	1.23952434833393	3_1
CB:Z:GATTAGCTCTGGCGCA-1_A619_2	CB:Z:GATTAGCTCTGGCGCA-1_A619_2	18992	7921	12057	682	0.0346650401545187	10857	4.03570983782786	0.417070345408593	0.634846251053075	0.0359098567818029	0.0551818219058856	0.138893810981746	4.12577815933137	1	0.000318180474937781	0.0254072386776294	1	12057	1	1.34782608695652	singlet	A619	A619_Re2	A619_Re2	0.640873075206866	-1.35647894565716	3_4
CB:Z:CCCGTTACAAGCCTTA-1_A619_2	CB:Z:CCCGTTACAAGCCTTA-1_A619_2	18985	8687	14063	525	0.0269092772936955	10681	4.02861191506623	0.457571767184619	0.74074269159863	0.0276534105873058	0.166490826985762	0.433695037430655	4.11719578694876	1	0.00309550599846636	0.031199628897269	1	14063	1	1.8695652173913	singlet	A619	A619_Re2	A619_Re2	1.57267439432918	-1.88206173603191	3_4
CB:Z:CCTCCCTCATGGATGG-1_A619_2	CB:Z:CCTCCCTCATGGATGG-1_A619_2	18984	9072	15368	642	0.0327117089575054	10524	4.02218083941367	0.47787610619469	0.80952380952381	0.0338179519595449	0.222292714300081	0.625172275158462	4.10941972514524	1	0.00422091178840139	0.0423327880972943	1	15368	1	1.1304347826087	singlet	A619	A619_Re2	A619_Re2	-0.567152737895856	2.58363209541188	3_3
CB:Z:TCAATTCCAGTAGTTC-1_A619_2	CB:Z:TCAATTCCAGTAGTTC-1_A619_2	18964	8503	12073	997	0.0499473974249787	10766	4.03205437547967	0.448375870069606	0.636627293819869	0.0525732967728327	0.141217981890359	0.143851990778007	4.1213581987096	1	0.00683776598424608	0.0305075046460238	1	12073	1	1.34782608695652	singlet	A619	A619_Re2	A619_Re2	2.25932514735042	0.136381848410227	3_1
CB:Z:CGATGATTCTCGACAA-1_A619_2	CB:Z:CGATGATTCTCGACAA-1_A619_2	18881	8156	12539	175	0.00918345927791772	10808	4.03374533601397	0.43196864572851	0.664106774005614	0.00926857687622478	0.096126433558328	0.22035111028761	4.12340280436073	1	0.00392385561826846	0.0253408954685892	1	12539	1	0.739130434782609	singlet	A619	A619_Re2	A619_Re2	2.68544185229122	0.254327996328929	3_1
CB:Z:TGCTCGTCACATTGCA-1_A619_2	CB:Z:TGCTCGTCACATTGCA-1_A619_2	18835	7996	11456	584	0.0300736392193213	10842	4.03510940294458	0.424528802760818	0.608229360233608	0.0310061056543669	0.0756797064467737	0.0647960224497496	4.1250521503379	1	0.00192932851029354	0.0309192889288381	1	11456	1	1.34782608695652	singlet	A619	A619_Re2	A619_Re2	1.50532090731441	-1.22666718189373	3_4
CB:Z:TTACTTGAGTTAGCAA-1_A619_2	CB:Z:TTACTTGAGTTAGCAA-1_A619_2	18772	9186	12958	244	0.0128312999579302	10459	4.01949016299751	0.48934583422118	0.690283400809717	0.0129980822501598	0.253814669806372	0.293223263934976	4.1061663244335	1	-0.00335169040670986	0.0304078051710566	1	12958	1	0.91304347826087	singlet	A619	A619_Re2	A619_Re2	-2.62174594334782	-0.895403639718435	3_2
CB:Z:AACCAACAGGTACACG-1_A619_2	CB:Z:AACCAACAGGTACACG-1_A619_2	18768	8245	13686	730	0.037439737408965	10466	4.01978073040365	0.439311594202899	0.729219948849105	0.0388959931798806	0.116306868051637	0.401617295467703	4.10651766069983	1	0.000603192594561676	0.0320561146161013	1	13686	1	0.695652173913043	singlet	A619	A619_Re2	A619_Re2	-3.24251067570866	-1.09426714603557	3_2
CB:Z:CAGTGTAGTGGATTCT-1_A619_2	CB:Z:CAGTGTAGTGGATTCT-1_A619_2	18722	8639	12914	102	0.00541861453463663	10388	4.01653194095727	0.46143574404444	0.689776733254994	0.00544813588291849	0.1771100941882	0.291812770666604	4.10258942398073	1	0.0027168545067246	0.0338884952786055	1	12914	1	0.565217391304348	singlet	A619	A619_Re2	A619_Re2	2.3508244759637	0.0533187227998759	3_1
CB:Z:TATGTTCCACAGGAAC-1_A619_2	CB:Z:TATGTTCCACAGGAAC-1_A619_2	18707	8806	15109	109	0.00579294217687075	10365	4.01556930642988	0.47073288073983	0.807665579729513	0.00582669588923932	0.202661173391747	0.619999217220345	4.1014254654171	1	0.00596426750375164	0.0405493936563866	1	15109	1	1.39130434782609	singlet	A619	A619_Re2	A619_Re2	-2.77030169896306	-1.54973437015667	3_2
CB:Z:ATTTGTCAGTTTACGC-1_A619_2	CB:Z:ATTTGTCAGTTTACGC-1_A619_2	18602	8575	13653	450	0.0236195674994751	10595	4.02510096104681	0.460971938501236	0.733953338350715	0.0241909472099774	0.175835429465318	0.414794405322824	4.11295055692516	1	-0.00273114991845721	0.0258568337183641	1	13653	1	0.652173913043478	singlet	A619	A619_Re2	A619_Re2	-0.346869020978818	2.55599616344319	3_3
CB:Z:TGCTTTACATCATAGC-1_A619_2	CB:Z:TGCTTTACATCATAGC-1_A619_2	18536	8616	12584	639	0.0333246414602347	10394	4.01678271248684	0.464825205006474	0.678895123003884	0.0344734570565386	0.186425261678553	0.261519854009163	4.10289264151663	1	0.00681941431012385	0.0299618512777094	1	12584	1	0.739130434782609	singlet	A619	A619_Re2	A619_Re2	-3.59154903821171	-0.164765135690114	3_2
CB:Z:CTTGCTGTCCGTTAGA-1_A619_2	CB:Z:CTTGCTGTCCGTTAGA-1_A619_2	18414	8051	13047	674	0.0353101424979044	10389	4.01657374626912	0.437221679157163	0.708536982730531	0.0366025849896818	0.110563208835703	0.344038742808667	4.10263997239693	1	0.00707345493902919	0.0282305897416737	1	13047	1	1.17391304347826	singlet	A619	A619_Re2	A619_Re2	-0.131307169119726	2.10601924236164	3_3
CB:Z:TACCTATCACATCATG-1_A619_2	CB:Z:TACCTATCACATCATG-1_A619_2	18414	8167	11610	611	0.0321156373193167	10470	4.01994668167884	0.443521233843814	0.63049853372434	0.033181275116759	0.127876111293673	0.126790359778277	4.10671831879219	1	-0.000429735392392061	0.0249023994174714	1	11610	1	1.08695652173913	singlet	A619	A619_Re2	A619_Re2	2.80165016718685	1.26395009334431	3_1
CB:Z:GGCGAAATCTCGTGAA-1_A619_2	CB:Z:GGCGAAATCTCGTGAA-1_A619_2	18381	8517	10944	745	0.0389522116490641	10455	4.01932403715369	0.463358903215277	0.595397421250204	0.0405309830803547	0.182395462566127	0.0290736569902835	4.10596545526348	1	0.00361684271572626	0.023492871142452	1	10944	1	0.869565217391304	singlet	A619	A619_Re2	A619_Re2	-1.983265995304	-0.274873034402273	3_2
CB:Z:ATTCGTTAGACACAAT-1_A619_2	CB:Z:ATTCGTTAGACACAAT-1_A619_2	18367	9069	13536	480	0.0254682442829097	10130	4.00560944536028	0.493765993357652	0.736973920618501	0.0261338269722873	0.265962478307915	0.423203293785415	4.08938261295885	1	0.00881910244362713	0.0254978922008025	1	13536	1	1.95652173913043	singlet	A619	A619_Re2	A619_Re2	-2.85921919278325	-1.22732569400921	3_2
CB:Z:GTGCACGGTGCACTTA-1_A619_2	CB:Z:GTGCACGGTGCACTTA-1_A619_2	18232	8825	13232	513	0.027367297946119	10260	4.0111473607758	0.484039052215884	0.725756910925845	0.0281373409390083	0.239230178712408	0.391976670893764	4.09607872024482	1	0.00451760870174455	0.0247737260109399	1	13232	1	1.34782608695652	singlet	A619	A619_Re2	A619_Re2	2.05780875750362	-1.51954819385662	3_4
CB:Z:TGCATGAAGGAAGGTA-1_A619_2	CB:Z:TGCATGAAGGAAGGTA-1_A619_2	18130	8088	12202	775	0.0409944459137794	10289	4.01237316722249	0.446111417539989	0.673028130170987	0.0427468284611142	0.13499464584265	0.245186947314712	4.09756089013421	1	-0.00382921293907663	0.0323625961793225	1	12202	1	1.1304347826087	singlet	A619	A619_Re2	A619_Re2	-2.51669657162846	-1.17831207935467	3_2
CB:Z:CATGCCTAGGTCACTT-1_A619_2	CB:Z:CATGCCTAGGTCACTT-1_A619_2	17937	7521	11009	406	0.0221337840047975	10371	4.01582063426207	0.419300886435859	0.61375926855104	0.0226347772760216	0.0613119598528392	0.0801905318943586	4.10172935559996	1	0.00118526868442416	0.0273648499238295	1	11009	1	2	singlet	A619	A619_Re2	A619_Re2	2.27631914683162	2.04700396831379	3_1
CB:Z:TAGCCCTAGCTTACCA-1_A619_2	CB:Z:TAGCCCTAGCTTACCA-1_A619_2	17901	8121	14749	225	0.0124131082423039	10001	4.00004342727686	0.453661806602983	0.823920451371432	0.012569130216189	0.155745183915496	0.66525055967454	4.0826525256524	1	0.00699393821879762	0.0336877181866731	1	14749	1	0.869565217391304	singlet	A619	A619_Re2	A619_Re2	-0.32471340827168	2.83746550853596	3_3
CB:Z:GATTAGCAGAGCTACG-1_A619_2	CB:Z:GATTAGCAGAGCTACG-1_A619_2	17785	8357	12781	629	0.0341587922233084	10092	4.00397724184554	0.469890357042452	0.718639302783244	0.0353668822041046	0.200345687406341	0.372162221994335	4.08740905268803	1	-0.0039113115287106	0.0261116050225385	1	12781	1	1.73913043478261	singlet	A619	A619_Re2	A619_Re2	-2.83218920163334	-0.61071039859905	3_2
CB:Z:CAAGCTAAGTCCGATT-1_A619_2	CB:Z:CAAGCTAAGTCCGATT-1_A619_2	17764	7894	11835	555	0.0302964135596921	9987	3.99943504987633	0.444381895969376	0.666235082188696	0.0312429632965548	0.130241446649948	0.22627602957103	4.08191691305476	1	0.00505576596478351	0.0289396624361555	1	11835	1	1.1304347826087	singlet	A619	A619_Re2	A619_Re2	-0.351919441739927	-0.372367159768483	3_2
CB:Z:ACAGGCCTCGGTACTA-1_A619_2	CB:Z:ACAGGCCTCGGTACTA-1_A619_2	17738	7592	10234	665	0.0361354127044504	10188	4.00808893629158	0.42800766715526	0.576953433307024	0.0374901341752171	0.0852405790673588	-0.0222718862427695	4.09238066114934	1	0.0054049001810787	0.0215328763922258	1	10234	1	1.8695652173913	singlet	A619	A619_Re2	A619_Re2	-2.04075348309697	-0.862013117715261	3_2
CB:Z:TAGACTGCAATCCATG-1_A619_2	CB:Z:TAGACTGCAATCCATG-1_A619_2	17665	8392	12775	698	0.038011218210532	9814	3.9918460536449	0.475063685253326	0.723181432210586	0.0395131616190207	0.214563410904752	0.384806889926247	4.07274076478495	1	-0.00185745628067572	0.0319625939409059	1	12775	1	1	singlet	A619	A619_Re2	A619_Re2	0.342042923648943	-1.3391912144865	3_2
CB:Z:AGCCAGCAGTATAGTG-1_A619_2	CB:Z:AGCCAGCAGTATAGTG-1_A619_2	17577	8082	13037	346	0.0193048038832785	9887	3.99506453415614	0.459805427547363	0.741707913750924	0.0196848153837401	0.172629537721357	0.436382084066274	4.07663235380068	1	0.000411907482631645	0.027282492938652	1	13037	1	1.21739130434783	singlet	A619	A619_Re2	A619_Re2	1.50882482596218	0.225979550436595	3_1
CB:Z:TACGCAAGTTGCCGCA-1_A619_2	CB:Z:TACGCAAGTTGCCGCA-1_A619_2	17553	8197	12418	388	0.0216264422273006	10040	4.001733712809	0.466985700450065	0.707457414686948	0.0221044835640631	0.192362895167956	0.341033372829811	4.08469631513236	1	-0.00183023051925486	0.0408463708074088	1	12418	1	1.47826086956522	singlet	A619	A619_Re2	A619_Re2	2.58563959666072	0.358967049673655	3_1
CB:Z:CTTGAAGTCGAAGCCC-1_A619_2	CB:Z:CTTGAAGTCGAAGCCC-1_A619_2	17539	7130	11648	729	0.0399058462885921	10063	4.00272747268983	0.406522606762073	0.664119961229261	0.0415645133702035	0.0261937458556353	0.220387821717045	4.08589790856224	1	0.0114623236493387	0.0230683294786721	1	11648	1	1.65217391304348	singlet	A619	A619_Re2	A619_Re2	0.0247964698123831	-0.720244185372731	3_4
CB:Z:TGCTCACTCATCGCTC-1_A619_2	CB:Z:TGCTCACTCATCGCTC-1_A619_2	17501	8204	12449	472	0.0262616146441885	10078	4.00337435401975	0.468773212959259	0.711330781098223	0.0269698874350037	0.197275469350327	0.351816295869029	4.08668007774711	1	0.00169411898823121	0.0227489289825561	1	12449	1	1	singlet	A619	A619_Re2	A619_Re2	2.01532924242793	-0.663088576241872	3_1
CB:Z:ACAAGCTTCTTCTCTC-1_A619_2	CB:Z:ACAAGCTTCTTCTCTC-1_A619_2	17431	7760	12872	403	0.0225972860827633	9976	3.99895644047049	0.445183867821697	0.738454477654753	0.0231197292180598	0.132445485053279	0.427324962350158	4.08133820794839	1	0.00219394995776854	0.0223704110436242	1	12872	1	1.95652173913043	singlet	A619	A619_Re2	A619_Re2	-3.5718947642249	-0.232084052010915	3_2
CB:Z:TCCCACACAACAACTC-1_A619_2	CB:Z:TCCCACACAACAACTC-1_A619_2	17370	8180	13083	779	0.0429224750674968	9722	3.98775561673852	0.470926885434657	0.753195164075993	0.0448474381116868	0.203194351453532	0.468361019967326	4.06779485963537	1	0.000427070798450556	0.0322992998240326	1	13083	1	0.608695652173913	singlet	A619	A619_Re2	A619_Re2	-3.47132956914128	-0.713149325295827	3_2
CB:Z:TGGCAATCAGTAACCT-1_A619_2	CB:Z:TGGCAATCAGTAACCT-1_A619_2	17355	8215	13994	838	0.0460616720716759	9411	3.97363577341741	0.473350619418035	0.806338231057332	0.0482857966004033	0.209855436581851	0.616304059814975	4.05072201206637	1	0.000946108604950216	0.038468830396605	1	13994	1	1.78260869565217	singlet	A619	A619_Re2	A619_Re2	-1.98715269498051	-1.87062241260662	3_2
CB:Z:CCACAGGTCTTCTCTC-1_A619_2	CB:Z:CCACAGGTCTTCTCTC-1_A619_2	17302	7634	12295	751	0.0415997341162134	9800	3.99122607569249	0.441220668130852	0.710611490001156	0.0434053866605017	0.121553526322538	0.349813887700287	4.07199112551228	1	0.00193756591444601	0.0307118316138059	1	12295	1	1.52173913043478	singlet	A619	A619_Re2	A619_Re2	1.45183694430171	-0.384267107888601	3_1
CB:Z:CTAGGATTCTCGGCGA-1_A619_2	CB:Z:CTAGGATTCTCGGCGA-1_A619_2	17193	7495	10863	98	0.00566768839280551	9985	3.99934806920672	0.435933228639563	0.631826906299075	0.0056999941836794	0.107022193757224	0.130488367588507	4.08181174136979	1	0.00730375643526148	0.0262582694864695	1	10863	1	1.34782608695652	singlet	A619	A619_Re2	A619_Re2	-2.27399361066044	-0.773064867898366	3_2
CB:Z:ACAGCGCTCGCTACCT-1_A619_2	CB:Z:ACAGCGCTCGCTACCT-1_A619_2	17182	7195	11166	277	0.0158657425969414	9608	3.98263299439485	0.418752182516587	0.649866138982656	0.0161215225235712	0.0598039711290035	0.180707127462963	4.0616008992324	1	-0.00040945577210156	0.0256375176549845	1	11166	1	1.21739130434783	singlet	A619	A619_Re2	A619_Re2	-0.0448161841136318	0.817438347891429	3_3
CB:Z:TCCCACACAATGTAAG-1_A619_2	CB:Z:TCCCACACAATGTAAG-1_A619_2	17119	7716	11161	595	0.0335892514395393	9618	3.98308477273779	0.450727262106431	0.651965652199311	0.0347567030784508	0.1476802515267	0.186551885492853	4.06214716186497	1	0.00117415987811887	0.0286573919668585	1	11161	1	1.47826086956522	singlet	A619	A619_Re2	A619_Re2	-0.0062245785024863	2.51273213203297	3_3
CB:Z:GTTACTTAGGGACGTT-1_A619_2	CB:Z:GTTACTTAGGGACGTT-1_A619_2	17104	7970	11972	262	0.0150869515144535	9783	3.99047205352562	0.465972871842844	0.699953227315248	0.0153180542563143	0.189579364624023	0.320142740158093	4.07107940820594	1	0.000875904274670138	0.0272009979966013	1	11972	1	1.26086956521739	singlet	A619	A619_Re2	A619_Re2	2.16365683146297	1.01077793414936	3_1
CB:Z:CCAATGAGTCCCGTGA-1_A619_2	CB:Z:CCAATGAGTCCCGTGA-1_A619_2	16718	7641	12496	534	0.0309529329932761	9446	3.97524794124068	0.457052278980739	0.747457829883957	0.0319416198109822	0.165063131053397	0.452389065219406	4.05267134640928	1	-0.00430458844775987	0.0304297269134321	1	12496	1	1.69565217391304	singlet	A619	A619_Re2	A619_Re2	1.69469153948604	-1.68153216068401	3_4
CB:Z:CAAAGCTTCGTATAGC-1_A619_2	CB:Z:CAAAGCTTCGTATAGC-1_A619_2	16573	8263	12666	275	0.0163224121557455	9453	3.97556965789366	0.4985820310143	0.764255113739214	0.0165932540879744	0.279198269459968	0.49915040918932	4.05306034643228	1	0.0018787676213684	0.0314220535464178	1	12666	1	1.69565217391304	singlet	A619	A619_Re2	A619_Re2	1.9012315280038	-1.04062105838909	3_4
CB:Z:GACCAATGTACAACGG-1_A619_2	CB:Z:GACCAATGTACAACGG-1_A619_2	16573	7587	12627	834	0.0479117596369277	9528	3.97900174847472	0.457792795510771	0.761901888614011	0.0503228142158933	0.167098273391333	0.492599351859664	4.05721021962853	1	-0.00113789604128217	0.0309200849937354	1	12627	1	1.17391304347826	singlet	A619	A619_Re2	A619_Re2	0.5011187202531	2.15904448802815	3_3
CB:Z:CTAACTTGTGAATCAA-1_A619_2	CB:Z:CTAACTTGTGAATCAA-1_A619_2	16493	7182	10608	472	0.0278219864426761	9306	3.96876304819725	0.435457466804099	0.643181955981325	0.0286182016613109	0.105714669866993	0.162099274956782	4.04483021192117	1	0.00518926654128906	0.0237842370523216	1	10608	1	0.91304347826087	singlet	A619	A619_Re2	A619_Re2	2.70650851794063	0.00764106090412398	3_1
CB:Z:GGGACCTAGATCGATA-1_A619_2	CB:Z:GGGACCTAGATCGATA-1_A619_2	16353	7473	12012	649	0.0381719797670862	9121	3.96004245572684	0.456980370574207	0.734544120344891	0.0396869076010518	0.164865507048188	0.416439061701733	4.03428580696053	1	0.00982051363206818	0.0266537125900754	1	12012	1	1.52173913043478	singlet	A619	A619_Re2	A619_Re2	-0.719080387870679	-0.74300791446819	3_3
CB:Z:TTCGTTAGTTCTTTGT-1_A619_2	CB:Z:TTCGTTAGTTCTTTGT-1_A619_2	16347	6913	11452	798	0.0465441819772528	9277	3.96740755659747	0.422891050345629	0.700556677066128	0.0488162965681776	0.0711787140393987	0.321822661841422	4.04319123470749	1	0.00223450329671711	0.0323818347886348	1	11452	1	1.1304347826087	singlet	A619	A619_Re2	A619_Re2	-0.530035971919904	0.351469262198069	3_2
CB:Z:GCCAGCATCAGAACGG-1_A619_2	CB:Z:GCCAGCATCAGAACGG-1_A619_2	16280	7732	12583	645	0.038109305760709	9015	3.95496573105842	0.474938574938575	0.772911547911548	0.0396191646191646	0.214219573477583	0.523248739572581	4.0281473432083	1	0.00445036034224686	0.0363263900650698	1	12583	1	1.56521739130435	singlet	A619	A619_Re2	A619_Re2	1.28298497267543	-1.80458285038128	3_4
CB:Z:ACAGCGCCATGATTGC-1_A619_2	CB:Z:ACAGCGCCATGATTGC-1_A619_2	16275	7700	11477	817	0.0478001404165692	9361	3.97132224524281	0.473118279569892	0.705192012288786	0.0501996927803379	0.209216903014309	0.334726801976836	4.04792463585098	1	-0.000620350164911041	0.0330092269155793	1	11477	1	0.695652173913043	singlet	A619	A619_Re2	A619_Re2	2.52183044024288	-0.321905867501638	3_1
CB:Z:TTCGGTCAGCCGCAAA-1_A619_2	CB:Z:TTCGGTCAGCCGCAAA-1_A619_2	16261	7108	12140	211	0.0128096163186013	9059	3.9570802596579	0.43711948834635	0.746571551565094	0.0129758317446651	0.110282360485668	0.449921787433393	4.03070410135627	1	0.0112685509928319	0.0345024251508902	1	12140	1	1	singlet	A619	A619_Re2	A619_Re2	-1.09254693917454	-0.966166750832937	3_2
CB:Z:CACAGATGTGGACCAA-1_A619_2	CB:Z:CACAGATGTGGACCAA-1_A619_2	16243	7456	11168	678	0.0400685538679747	9196	3.96359896259724	0.459028504586591	0.687557717170473	0.041741057686388	0.1704943405358	0.285635332975059	4.03858611669454	1	-0.00135669082510647	0.0217066899765497	1	11168	1	0.739130434782609	singlet	A619	A619_Re2	A619_Re2	-3.39586198262394	0.103151066855052	3_2
CB:Z:GACTAACGTCATCAAC-1_A619_2	CB:Z:GACTAACGTCATCAAC-1_A619_2	16185	7546	12442	702	0.0415704387990762	9106	3.95932764597217	0.466234167438987	0.768736484399135	0.0433734939759036	0.19029747652141	0.511625933011562	4.03342150289534	1	0.00368167077485556	0.0321849063361328	1	12442	1	1.73913043478261	singlet	A619	A619_Re2	A619_Re2	0.266403288324465	-2.17572046939983	3_4
CB:Z:GTTACTTGTGCGTAGA-1_A619_2	CB:Z:GTTACTTGTGCGTAGA-1_A619_2	16109	7267	11298	510	0.0306877670136591	9274	3.96726709155979	0.451114283940654	0.701347073064746	0.0316593208765286	0.148743893577336	0.324023016344109	4.04302139300864	1	0.00383082860278328	0.0278068999185284	1	11298	1	1	singlet	A619	A619_Re2	A619_Re2	-2.62992894581975	-0.625060812875173	3_2
CB:Z:ACTTCCGAGGGAAATG-1_A619_2	CB:Z:ACTTCCGAGGGAAATG-1_A619_2	16018	6851	11351	594	0.035757283891163	8968	3.95269559958692	0.427706330378324	0.708640279685354	0.0370832813085279	0.0844124230332286	0.344326307421918	4.02540243962169	1	0.0057533575358433	0.0296074422649897	1	11351	1	0.652173913043478	singlet	A619	A619_Re2	A619_Re2	-0.182366415182958	2.69899724300251	3_3
CB:Z:TGGCAATAGCATGTGG-1_A619_2	CB:Z:TGGCAATAGCATGTGG-1_A619_2	15948	6543	10063	616	0.0371890847621347	9102	3.95913683117037	0.410270880361174	0.630988211687986	0.0386255329821921	0.0364950287930662	0.128153556345641	4.03319078135326	1	0.00306800263838197	0.028855811170856	1	10063	1	0.826086956521739	singlet	A619	A619_Re2	A619_Re2	-1.96602690152348	-0.984293715402028	3_2
CB:Z:ACCCAAAAGGACTAGC-1_A619_2	CB:Z:ACCCAAAAGGACTAGC-1_A619_2	15935	7086	12174	223	0.0138012130214135	9118	3.95989958786594	0.444681518669595	0.763978663319736	0.0139943520552243	0.131064891931576	0.498380808980903	4.03411305991539	1	0.011124411278329	0.0286259422402156	1	12174	1	0.91304347826087	singlet	A619	A619_Re2	A619_Re2	-0.0783475928706032	2.5779400902544	3_3
CB:Z:TGTTAGGAGTCTAGAA-1_A619_2	CB:Z:TGTTAGGAGTCTAGAA-1_A619_2	15911	7309	11278	542	0.0329423205494439	9044	3.95636055367332	0.459367733014895	0.708817799006976	0.0340644836905286	0.171426633210812	0.344820496966563	4.0298338770705	1	0.000900909867291595	0.0274542904501674	1	11278	1	0.869565217391304	singlet	A619	A619_Re2	A619_Re2	2.47888743944942	1.51595280940876	3_1
CB:Z:GCTGTTCAGGGAAATG-1_A619_2	CB:Z:GCTGTTCAGGGAAATG-1_A619_2	15868	7510	11401	259	0.0160600235629689	8865	3.94767873993694	0.473279556339803	0.718490042853542	0.0163221578018654	0.209660135770446	0.371746702736942	4.01933636097398	1	0.000771517671763208	0.0253290585608693	1	11401	1	1.08695652173913	singlet	A619	A619_Re2	A619_Re2	-2.9278186552924	-0.32342840854778	3_2
CB:Z:TAGCACAGTTTCACCC-1_A619_2	CB:Z:TAGCACAGTTTCACCC-1_A619_2	15853	6997	11028	622	0.0377541729893778	8843	3.94659962501513	0.441367564498833	0.695641203557686	0.0392354759351542	0.121957237793711	0.308138654981508	4.01803156146945	1	-0.00441366420835531	0.025120485505039	1	11028	1	1.1304347826087	singlet	A619	A619_Re2	A619_Re2	1.62042260237514	-0.00337769214763384	3_1
CB:Z:ACGTGGCTCCGGAAAG-1_A619_2	CB:Z:ACGTGGCTCCGGAAAG-1_A619_2	15845	7113	10819	328	0.0202807147715328	8973	3.95293766775098	0.448911328494793	0.682802145787315	0.0207005364468287	0.142689568366974	0.272396471791453	4.02569513358241	1	0.00450489425546621	0.0174420105814094	1	10819	1	0.782608695652174	singlet	A619	A619_Re2	A619_Re2	1.08724021979152	0.590140564993479	3_1
CB:Z:GTAGGAGAGACCCTAT-1_A619_2	CB:Z:GTAGGAGAGACCCTAT-1_A619_2	15842	7306	11516	370	0.0228226005428078	8895	3.94914595241994	0.461179144047469	0.726928418129024	0.023355636914531	0.176404887084008	0.395237986935283	4.02111042421987	1	0.00157820091781186	0.0244495412327007	1	11516	1	1.39130434782609	singlet	A619	A619_Re2	A619_Re2	0.0883617482381958	0.588414176062205	3_2
CB:Z:TAGCCGGTCGAACACT-1_A619_2	CB:Z:TAGCCGGTCGAACACT-1_A619_2	15713	7403	12018	534	0.032867606327322	8925	3.95060822478423	0.471138547699357	0.764844396359702	0.0339845987398969	0.203776057355783	0.500790891516675	4.02287851417753	1	0.00421410178559301	0.0341444746626893	1	12018	1	0.739130434782609	singlet	A619	A619_Re2	A619_Re2	-2.74558842114628	-0.243413702889821	3_2
CB:Z:CGTGGCATCCAAGTCA-1_A619_2	CB:Z:CGTGGCATCCAAGTCA-1_A619_2	15690	7208	11423	557	0.034283252292731	8942	3.95143466553201	0.459400892288082	0.72804333970682	0.0355003186743148	0.1715177639797	0.39834177632457	4.02387779558532	1	-0.000787582319651609	0.034781205314701	1	11423	1	1.30434782608696	singlet	A619	A619_Re2	A619_Re2	1.54048037596523	-1.87098480884685	3_4
CB:Z:GTAGTACTCCTCTCTT-1_A619_2	CB:Z:GTAGTACTCCTCTCTT-1_A619_2	15629	7273	11958	562	0.0347106417145328	8747	3.94185912652537	0.465352869665366	0.765116130270651	0.0359587945485956	0.18787542874977	0.501547361609557	4.01229964176778	1	0.00424036760921155	0.0326691347204246	1	11958	1	1.39130434782609	singlet	A619	A619_Re2	A619_Re2	1.68949723311244	-2.1062696141447	3_4
CB:Z:AACATCGAGGGAGATA-1_A619_2	CB:Z:AACATCGAGGGAGATA-1_A619_2	15625	6679	10429	323	0.0202533233007274	8916	3.9501700598082	0.427456	0.667456	0.020672	0.0837244465590533	0.229674897996743	4.02234871199236	1	0.005960594035173	0.0208781228885909	1	10429	1	1.08695652173913	singlet	A619	A619_Re2	A619_Re2	-0.754710673610578	-0.54513193790569	3_3
CB:Z:AGCCAGCCAACATAAG-1_A619_2	CB:Z:AGCCAGCCAACATAAG-1_A619_2	15543	7549	10449	149	0.00949528422125924	8842	3.94655051056986	0.485684874219906	0.672264041690793	0.00958630894936627	0.243753348561094	0.243059829350064	4.01797217529791	1	0.00320528379680997	0.0307096196751048	1	10449	1	1.95652173913043	singlet	A619	A619_Re2	A619_Re2	1.74133718081294	-0.10114123050823	3_1
CB:Z:CTTCTAACATCGCCTT-1_A619_2	CB:Z:CTTCTAACATCGCCTT-1_A619_2	15472	6890	10472	586	0.0364927139120687	8670	3.93801909747621	0.445320579110651	0.676835573940021	0.0378748707342296	0.132821205136413	0.255786350722076	4.00765651442381	1	-0.00110081335060847	0.0233535071038774	1	10472	1	1.39130434782609	singlet	A619	A619_Re2	A619_Re2	1.0708773142892	-1.53824354831829	3_4
CB:Z:TTTGGTTGTAACGGAC-1_A619_2	CB:Z:TTTGGTTGTAACGGAC-1_A619_2	15455	6785	11226	689	0.0426783944499504	8818	3.9453700944903	0.43901649951472	0.726366871562601	0.0445810417340666	0.115495866987844	0.393674717994072	4.01654488865344	1	0.00997910464544503	0.031551107744023	1	11226	1	1.47826086956522	singlet	A619	A619_Re2	A619_Re2	1.21658384867488	-2.02044274036541	3_4
CB:Z:TCCATCGAGGCGTAGT-1_A619_2	CB:Z:TCCATCGAGGCGTAGT-1_A619_2	15408	6457	9552	630	0.0392817059483726	8948	3.95172597542459	0.419068016614746	0.61993769470405	0.0408878504672897	0.0606719697743529	0.0973904264143998	4.02423002962066	1	0.00118106338805439	0.0230049534051223	1	9552	1	0.739130434782609	singlet	A619	A619_Re2	A619_Re2	2.44700348444759	0.939714415625193	3_1
CB:Z:CTCTCAGGTGACGCAA-1_A619_2	CB:Z:CTCTCAGGTGACGCAA-1_A619_2	15369	6740	10192	661	0.0412351840299439	8760	3.94250410616808	0.43854512330015	0.663153100396903	0.0430086537835903	0.114200395985559	0.21769621321995	4.01307951154924	1	-0.00173655334191055	0.0253159711536926	1	10192	1	0.91304347826087	singlet	A619	A619_Re2	A619_Re2	-2.52905213765324	-1.27786280338421	3_2
CB:Z:GCTCAGGAGCAATAAC-1_A619_2	CB:Z:GCTCAGGAGCAATAAC-1_A619_2	15317	6994	11342	742	0.0462046204620462	8712	3.94011786674772	0.456616830972122	0.740484429065744	0.0484429065743945	0.163866400605978	0.432976069814289	4.01019421736003	1	0.00104739374187268	0.0237538222577314	1	11342	1	1.26086956521739	singlet	A619	A619_Re2	A619_Re2	0.652261019428362	0.200809224203685	3_1
CB:Z:GTGGCGTTCTATGAGC-1_A619_2	CB:Z:GTGGCGTTCTATGAGC-1_A619_2	15249	6825	9640	508	0.0322396395252903	8937	3.95119175793471	0.447570332480818	0.632172601482064	0.0333136599121254	0.139004143866149	0.131450735760635	4.02358408663347	1	-0.00375088575869533	0.0202143349840361	1	9640	1	0.608695652173913	singlet	A619	A619_Re2	A619_Re2	1.26405739851772	1.10351489360676	3_1
CB:Z:AATGCCAGTACCGGCT-1_A619_2	CB:Z:AATGCCAGTACCGGCT-1_A619_2	15220	6834	10387	725	0.0454687989965506	8864	3.94762974738435	0.449014454664915	0.68245729303548	0.047634691195795	0.142972987340693	0.271436448832594	4.0192771221876	1	0.00380525816566921	0.0328332684790655	1	10387	1	0.695652173913043	singlet	A619	A619_Re2	A619_Re2	1.56522202559291	0.535006506994822	3_1
CB:Z:GGGAACATCATTCATC-1_A619_2	CB:Z:GGGAACATCATTCATC-1_A619_2	15220	6968	9930	643	0.0405345773182878	8697	3.93936947007466	0.457818659658344	0.652431011826544	0.0422470433639947	0.167169355156057	0.187847383133203	4.0092893020554	1	0.000432617950851924	0.0280763494236846	1	9930	1	1.52173913043478	singlet	A619	A619_Re2	A619_Re2	1.61789524622737	-0.757131831094167	3_4
CB:Z:TACTCGCCAAGAGATT-1_A619_2	CB:Z:TACTCGCCAAGAGATT-1_A619_2	15214	6663	9235	578	0.0366008105369807	8658	3.93741758147714	0.437951886420402	0.607006704351255	0.0379913237807283	0.11257001848359	0.0613923154716351	4.00692919821151	1	0.00331869357857401	0.0198073593676005	1	9235	1	1.39130434782609	singlet	A619	A619_Re2	A619_Re2	2.45470607348262	-0.466448084756276	3_1
CB:Z:TAATTCCCACCTGTGG-1_A619_2	CB:Z:TAATTCCCACCTGTGG-1_A619_2	15206	7103	11318	529	0.0336193199872895	8576	3.93328477234869	0.467118242798895	0.744311456004209	0.0347888991187689	0.192727157861271	0.443629990090553	4.00193205917271	1	0.00299488190294006	0.0309373612591536	1	11318	1	1.56521739130435	singlet	A619	A619_Re2	A619_Re2	-3.69497263364018	-0.803975836678884	3_2
CB:Z:TCAGGTACAAGACTTC-1_A619_2	CB:Z:TCAGGTACAAGACTTC-1_A619_2	15105	7082	11422	560	0.035748483881264	8565	3.93272736730153	0.468851373717312	0.756173452499172	0.0370738166170142	0.197490276530758	0.476652168143304	4.001258079215	1	0.00186916322278845	0.0364565527263649	1	11422	1	1.08695652173913	singlet	A619	A619_Re2	A619_Re2	0.525319338520159	-1.4045798939909	3_4
CB:Z:GCCTACTGTGAGTAAT-1_A619_2	CB:Z:GCCTACTGTGAGTAAT-1_A619_2	15105	6790	9219	197	0.0128741341001176	8629	3.93596046898917	0.449520026481298	0.610327706057597	0.0130420390599139	0.144362437226902	0.0706375306179098	4.00516734725947	1	-0.00247555568770863	0.0177536190460978	1	9219	1	1.26086956521739	singlet	A619	A619_Re2	A619_Re2	2.0971828705865	-0.374524371072194	3_1
CB:Z:ATGTCGACAATGTGCT-1_A619_2	CB:Z:ATGTCGACAATGTGCT-1_A619_2	15097	7023	11309	751	0.0473876829883897	8540	3.931457870689	0.465191759952308	0.749089223024442	0.0497449824468437	0.187432655111642	0.456930640896147	3.99972308185971	1	-5.9620923941907e-05	0.0262202899030509	1	11309	1	1.30434782608696	singlet	A619	A619_Re2	A619_Re2	0.669613481243243	2.42525742824421	3_3
CB:Z:TGGACATAGCACACCC-1_A619_2	CB:Z:TGGACATAGCACACCC-1_A619_2	15049	7820	10895	455	0.0293472652218782	8445	3.92659965390703	0.51963585620307	0.723968369991362	0.0302345670808692	0.337059950164589	0.386997617222806	3.99384882442714	1	-0.00546042579215476	0.0290786872542878	1	10895	1	1.08695652173913	singlet	A619	A619_Re2	A619_Re2	-2.65492498807133	-0.294827238961599	3_2
CB:Z:GCAAAGGGTAGCGAGT-1_A619_2	CB:Z:GCAAAGGGTAGCGAGT-1_A619_2	14982	6742	11551	455	0.0294746388546997	8609	3.93495270781786	0.450006674676278	0.770991856894941	0.0303697770658123	0.145699879816122	0.517904581986327	4.00394882432884	1	0.000479111563041285	0.0312488773806779	1	11551	1	0.782608695652174	singlet	A619	A619_Re2	A619_Re2	-0.23866157166184	2.61820803459034	3_3
CB:Z:GTTGGTAAGACCTATC-1_A619_2	CB:Z:GTTGGTAAGACCTATC-1_A619_2	14948	6802	10803	470	0.0304838500454015	8721	3.94056628649009	0.455044153063955	0.722705378645973	0.0314423334225314	0.159544250775356	0.383481621824879	4.01073641897901	1	0.00231505731174581	0.0249996693121507	1	10803	1	0.652173913043478	singlet	A619	A619_Re2	A619_Re2	2.70830953188716	1.26567338283406	3_1
CB:Z:TCTAGTTAGATCTCAC-1_A619_2	CB:Z:TCTAGTTAGATCTCAC-1_A619_2	14934	7033	10628	640	0.0410941312443817	8372	3.92282921966665	0.470938797375117	0.711664657827776	0.0428552296772466	0.203227088729978	0.352745763081031	3.98928984685274	1	7.81131518604384e-05	0.0317034255036136	1	10628	1	1.60869565217391	singlet	A619	A619_Re2	A619_Re2	-2.17310607365788	-1.11322094623699	3_2
CB:Z:CGCTATCGTCAAACAA-1_A619_2	CB:Z:CGCTATCGTCAAACAA-1_A619_2	14893	6850	10386	700	0.044891938690438	8513	3.93008263339237	0.459947626401665	0.697374605519371	0.0470019472235278	0.173020339137747	0.312964209283438	3.9980602293618	1	-0.00571813587281512	0.0212264945597501	1	10386	1	1.26086956521739	singlet	A619	A619_Re2	A619_Re2	0.727071643550982	0.599438651159861	3_3
CB:Z:GCGATCGCATAGCCGC-1_A619_2	CB:Z:GCGATCGCATAGCCGC-1_A619_2	14819	6862	10692	632	0.0409035013914957	8507	3.9297764328049	0.463054187192118	0.721506174505702	0.0426479519535731	0.181558019437409	0.380143201293527	3.99768999041251	1	0.00318341019236419	0.0321981228695997	1	10692	1	1.34782608695652	singlet	A619	A619_Re2	A619_Re2	-3.57330334119023	-0.419361369058034	3_2
CB:Z:ACTGCAAAGGTTACAA-1_A619_2	CB:Z:ACTGCAAAGGTTACAA-1_A619_2	14747	6705	10466	352	0.0233128021723293	8465	3.92762696244495	0.454668746185665	0.709703668542754	0.023869261544721	0.158512529806307	0.347286636756302	3.99509098283325	1	0.0112175314637611	0.0330023959954533	1	10466	1	1.30434782608696	singlet	A619	A619_Re2	A619_Re2	1.55569398470699	-1.83602406208172	3_4
CB:Z:GGCACGTAGTGAATAC-1_A619_2	CB:Z:GGCACGTAGTGAATAC-1_A619_2	14570	6087	8758	697	0.0456540250212877	8386	3.92355485806755	0.417776252573782	0.601098146877145	0.0478380233356211	0.0571218482257125	0.0449436984932168	3.99016724425206	1	0.00560601204539406	0.0248930313718364	1	8758	1	1.65217391304348	singlet	A619	A619_Re2	A619_Re2	1.66092145510494	-1.7807309788908	3_4
CB:Z:TGGGTTAGTCCGGTAC-1_A619_2	CB:Z:TGGGTTAGTCCGGTAC-1_A619_2	14552	6561	10295	699	0.0458330601272048	8340	3.92116605063774	0.450865860362837	0.707462891698736	0.0480346344145135	0.148061157513447	0.341048620082541	3.9872788449835	1	0.0027083857742263	0.0301614251207867	1	10295	1	0.956521739130435	singlet	A619	A619_Re2	A619_Re2	-0.137817620555769	2.38902304942951	3_3
CB:Z:TTATGTCGTGCAAGCA-1_A619_2	CB:Z:TTATGTCGTGCAAGCA-1_A619_2	14523	6601	9917	287	0.0193787981093856	8230	3.91539983521227	0.454520415892033	0.682847896440129	0.0197617572126971	0.158104877514527	0.272523835359966	3.98030669134339	1	-0.00642281765999565	0.0200827011574168	1	9917	1	1.08695652173913	singlet	A619	A619_Re2	A619_Re2	-3.05477821759404	-0.88500763599529	3_2
CB:Z:GTCGTAACATGCGCTG-1_A619_2	CB:Z:GTCGTAACATGCGCTG-1_A619_2	14476	5920	8275	631	0.0417687164890448	8282	3.91813522616636	0.408952749378281	0.571635810997513	0.0435893893340702	0.0328724436630407	-0.037075420436741	3.98361415812888	1	-0.0042888983749403	0.0214786862856829	1	8275	1	1.04347826086957	singlet	A619	A619_Re2	A619_Re2	-0.422241895715604	-0.388705984994314	3_2
CB:Z:CCGTGAGTCAGCACGC-1_A619_2	CB:Z:CCGTGAGTCAGCACGC-1_A619_2	14347	6423	9779	259	0.0177324387238121	8226	3.91518870517316	0.447689412420715	0.68160591064334	0.018052554541019	0.139331408170799	0.269066316540265	3.98005140586373	1	0.00570611299037019	0.0242121629574158	1	9779	1	0.956521739130435	singlet	A619	A619_Re2	A619_Re2	-0.375671684066663	2.49267326171742	3_3
CB:Z:GTCACTCGTGATTCCA-1_A619_2	CB:Z:GTCACTCGTGATTCCA-1_A619_2	14253	6535	10002	431	0.0293516752928357	8204	3.91402565169633	0.458499964919666	0.701747000631446	0.0302392478776398	0.169041768702742	0.325136360065072	3.97864511301239	1	-0.00303451228136226	0.0268860054272564	1	10002	1	1.65217391304348	singlet	A619	A619_Re2	A619_Re2	-0.541103898803602	-0.436928049966237	3_1
CB:Z:GGTACCGGTATCACAC-1_A619_2	CB:Z:GGTACCGGTATCACAC-1_A619_2	14237	6360	9707	461	0.0313648115389849	8195	3.91354895790652	0.446723326543513	0.681814989112875	0.0323804172227295	0.136676339457219	0.269648362442142	3.97806872415131	1	0.00313115799087379	0.0248733300980796	1	9707	1	0.826086956521739	singlet	A619	A619_Re2	A619_Re2	2.7500594861108	1.27313063915119	3_1
CB:Z:AGTGCCGTCCTGTGGG-1_A619_2	CB:Z:AGTGCCGTCCTGTGGG-1_A619_2	14206	6232	10767	384	0.0263193968471556	8030	3.90471554527868	0.438687878361256	0.757919189075039	0.0270308320427988	0.114592726010655	0.481512060326372	3.96738790398359	1	-0.00389845418495736	0.0299668823534943	1	10767	1	0.826086956521739	singlet	A619	A619_Re2	A619_Re2	-0.590913533489118	2.64484737689839	3_3
CB:Z:TTCGATTCATCACAGT-1_A619_2	CB:Z:TTCGATTCATCACAGT-1_A619_2	14158	6698	9399	689	0.046406681484475	7980	3.90200289135073	0.473089419409521	0.663864952676932	0.048665065687244	0.209137587385461	0.219677912738101	3.96410792941403	1	0.000785390452745827	0.0252439135146884	1	9399	1	1.95652173913043	singlet	A619	A619_Re2	A619_Re2	2.4675625569421	-0.0858290356840108	3_1
CB:Z:CCACGTTAGTCCGTGC-1_A619_2	CB:Z:CCACGTTAGTCCGTGC-1_A619_2	14150	6310	9356	385	0.0264877880976952	8340	3.92116605063774	0.445936395759717	0.661201413427562	0.027208480565371	0.134513638031687	0.212262983271503	3.9872788449835	1	0.0039987311713667	0.0274329972544587	1	9356	1	0.478260869565217	singlet	A619	A619_Re2	A619_Re2	2.55252754755794	0.989628298834422	3_1
CB:Z:GTTGGTAGTATTCTTC-1_A619_2	CB:Z:GTTGGTAGTATTCTTC-1_A619_2	13873	6229	9237	360	0.0252933323965432	7973	3.90162176409336	0.449001657896634	0.665825704606069	0.0259496864412888	0.142937818314937	0.22513637829647	3.96364709373608	1	0.00313287682122604	0.0252442992227899	1	9237	1	1.08695652173913	singlet	A619	A619_Re2	A619_Re2	0.112407990475287	-2.17111326877727	3_4
CB:Z:TACCCTGCACAGCCAC-1_A619_2	CB:Z:TACCCTGCACAGCCAC-1_A619_2	13812	5865	8671	440	0.0308728599494808	8038	3.90514800185602	0.424630755864466	0.62778743121923	0.0318563567911961	0.0759599015123847	0.119243020704198	3.96791080392356	1	0.00161298376700102	0.023789037305277	1	8671	1	0.739130434782609	singlet	A619	A619_Re2	A619_Re2	-2.48179733685673	-0.344413058205983	3_2
CB:Z:AAATGCCAGATGGGAA-1_A619_2	CB:Z:AAATGCCAGATGGGAA-1_A619_2	13777	6430	10352	348	0.0246371681415929	7818	3.89309566609623	0.466719895477971	0.751397256296726	0.0252594904551063	0.191632390269813	0.463355890279876	3.95333785955033	1	-0.00104375080242052	0.0256005715963273	1	10352	1	1.04347826086957	singlet	A619	A619_Re2	A619_Re2	-3.15691578320683	-0.0634768170560811	3_2
CB:Z:CGATGATCAACTCGTA-1_A619_2	CB:Z:CGATGATCAACTCGTA-1_A619_2	13558	5803	8509	446	0.0318480434161668	7878	3.89641597647312	0.428012981265673	0.627599940994247	0.0328957073314648	0.0852551836989266	0.11872107352649	3.95735257498714	1	-0.000852620434980481	0.0230161639769629	1	8509	1	1.08695652173913	singlet	A619	A619_Re2	A619_Re2	1.69918537207424	0.957065804556468	3_1
CB:Z:ACTGCGGTCGGTGATT-1_A619_2	CB:Z:ACTGCGGTCGGTGATT-1_A619_2	13534	6050	9876	499	0.0355590394071118	7761	3.88991768343621	0.447022314171716	0.729717747894192	0.0368701049209399	0.137498039386926	0.403003100016571	3.94949523804968	1	0.002199746591349	0.0248733640258521	1	9876	1	0.565217391304348	singlet	A619	A619_Re2	A619_Re2	2.30733001299678	1.1698829966341	3_1
CB:Z:TGTGACACAAGTTGCT-1_A619_2	CB:Z:TGTGACACAAGTTGCT-1_A619_2	13454	6226	10162	405	0.0292228876542319	7654	3.88388845788848	0.462762003865022	0.755314404638026	0.0301025717258808	0.180755019591628	0.474260696232259	3.94220506871887	1	0.00353614572371219	0.0221200054740792	1	10162	1	1.60869565217391	singlet	A619	A619_Re2	A619_Re2	-3.4664317362708	-1.09774948780193	3_2
CB:Z:TACATTCTCAAGGCAG-1_A619_2	CB:Z:TACATTCTCAAGGCAG-1_A619_2	13411	5911	10308	673	0.047784720249929	7588	3.88012732221662	0.440757587055402	0.768622772351055	0.0501826858548952	0.120280852635558	0.511309374201244	3.93765733440259	1	0.0054731643482472	0.0285676548385784	1	10308	1	0.608695652173913	singlet	A619	A619_Re2	A619_Re2	-0.616291045467268	2.63583253200398	3_3
CB:Z:TGTACAGGTTCCGCGA-1_A619_2	CB:Z:TGTACAGGTTCCGCGA-1_A619_2	13381	5853	8549	654	0.0465977912361952	7580	3.87966920563205	0.437411254764218	0.638890964800837	0.0488752709065092	0.111084214550648	0.150153741602002	3.93710340795742	1	0.000901361351024496	0.0201338819626818	1	8549	1	0.608695652173913	singlet	A619	A619_Re2	A619_Re2	-0.281940846959959	1.96772764499531	3_3
CB:Z:ATGTCTTTCTGGCTAA-1_A619_2	CB:Z:ATGTCTTTCTGGCTAA-1_A619_2	13270	6334	10326	275	0.0203026947212994	7535	3.87708325665065	0.47731725697061	0.778146194423512	0.020723436322532	0.220756843498656	0.537821280479558	3.9339766372294	1	0.00658535189972632	0.0289937751295649	1	10326	1	1.69565217391304	singlet	A619	A619_Re2	A619_Re2	-1.43608128956975	-0.635426775857351	3_2
CB:Z:GAACGTTTCCTGGAAT-1_A619_2	CB:Z:GAACGTTTCCTGGAAT-1_A619_2	13148	5998	9163	413	0.030454981196077	7633	3.8826952623816	0.456191055673867	0.696912077882568	0.0314116215393976	0.162696253417108	0.311676595517633	3.94076232997555	1	-0.000772036541377432	0.0264326376098837	1	9163	1	0.956521739130435	singlet	A619	A619_Re2	A619_Re2	-0.507912396709333	-0.767184035226247	3_2
CB:Z:ACAAACCAGTCAGCCC-1_A619_2	CB:Z:ACAAACCAGTCAGCCC-1_A619_2	13137	5551	8272	229	0.0171330240909771	7491	3.87453979707101	0.422547004643374	0.629671919007384	0.0174316815102383	0.0702331821755584	0.124489177310726	3.93090124207709	1	-0.00268258920217073	0.0171947512045485	1	8272	1	1.52173913043478	singlet	A619	A619_Re2	A619_Re2	-0.0549235933226448	0.799935324743846	3_3
CB:Z:GCGAGAAGTATTCGCA-1_A619_2	CB:Z:GCGAGAAGTATTCGCA-1_A619_2	13115	5394	8058	679	0.0492243004204727	7614	3.88161287247835	0.411284788410217	0.614410979794129	0.0517727792603889	0.03928152593891	0.0820048069801254	3.93945357056454	1	0.00589807376915571	0.0208407095100824	1	8058	1	0.695652173913043	singlet	A619	A619_Re2	A619_Re2	1.82363998957454	-0.463599459573171	3_1
CB:Z:GACCAATGTAGCTGTT-1_A619_2	CB:Z:GACCAATGTAGCTGTT-1_A619_2	13097	5975	9933	365	0.0271133561135047	7434	3.87122255675971	0.456211346109796	0.758417958311064	0.0278689776284645	0.162752017094947	0.482900565754294	3.92689023877509	1	0.00101804805512488	0.0251593792981996	1	9933	1	1.56521739130435	singlet	A619	A619_Re2	A619_Re2	-3.51972258023442	-0.996910349770925	3_2
CB:Z:ATTTGTCTCGTGGCGT-1_A619_2	CB:Z:ATTTGTCTCGTGGCGT-1_A619_2	13087	5654	7554	318	0.0237224916076091	8011	3.9036867317365	0.43203178726981	0.577214029189272	0.0242989225949415	0.0962999638156146	-0.0215464229004864	3.96614392581874	1	0.00019468232498365	0.0183857218946401	1	7554	1	0.826086956521739	singlet	A619	A619_Re2	A619_Re2	2.44085729189693	0.651487334326365	3_1
CB:Z:CTACTTAAGCCGCTGT-1_A619_2	CB:Z:CTACTTAAGCCGCTGT-1_A619_2	13063	5834	8796	263	0.0197358547200961	7516	3.87598677142849	0.446604914644416	0.673352216183113	0.0201332006430376	0.136350911111738	0.246089158506677	3.93265083462423	1	-0.00306521625270263	0.0260884187422514	1	8796	1	1.26086956521739	singlet	A619	A619_Re2	A619_Re2	-0.365297704259763	1.65120266254292	3_3
CB:Z:TCAGGTATCTGTAGAC-1_A619_2	CB:Z:TCAGGTATCTGTAGAC-1_A619_2	13063	5677	8434	160	0.012100128563866	7637	3.8829227906026	0.434586235933553	0.645640358263799	0.012248334991962	0.103320288703497	0.168943131126491	3.94103744312988	1	0.000668497524375554	0.0218317778676839	1	8434	1	0.869565217391304	singlet	A619	A619_Re2	A619_Re2	1.54977250166713	1.04257915790425	3_1
CB:Z:AGCTGGCTCACCACAA-1_A619_2	CB:Z:AGCTGGCTCACCACAA-1_A619_2	12999	5951	9642	144	0.0109564026477973	7451	3.87221456339759	0.457804446495884	0.741749365335795	0.011077775213478	0.167130293490983	0.436497479616824	3.92808971229125	1	0.00564962789422428	0.0254777595971916	1	9642	1	1.60869565217391	singlet	A619	A619_Re2	A619_Re2	-2.00614869527043	-0.615016714974782	3_2
CB:Z:GCGCCAACAGCGTGAA-1_A619_2	CB:Z:GCGCCAACAGCGTGAA-1_A619_2	12786	5936	9626	429	0.0324631101021566	7320	3.86451108105839	0.464257781949007	0.752854684811513	0.0335523228531206	0.184865827633612	0.467413172199902	3.91877513444952	1	0.00242436825873375	0.0289502257303926	1	9626	1	1.34782608695652	singlet	A619	A619_Re2	A619_Re2	-3.09077441624821	-0.195979849740407	3_2
CB:Z:CTGAATGTCTGGACAT-1_A619_2	CB:Z:CTGAATGTCTGGACAT-1_A619_2	12583	5605	9545	485	0.0371135598408326	7039	3.84751096520325	0.445442263371215	0.75856314074545	0.0385440673925137	0.133155626827881	0.483304733821658	3.89821963818446	1	0.00536274485016342	0.0252519796386263	1	9545	1	1.47826086956522	singlet	A619	A619_Re2	A619_Re2	-2.44683134488286	-1.41755606357708	3_2
CB:Z:TAGGAGGCAGTCCTGG-1_A619_2	CB:Z:TAGGAGGCAGTCCTGG-1_A619_2	12557	5367	7719	383	0.0295981452859351	7220	3.85853719756964	0.427411005813491	0.614716890977144	0.0305009158238433	0.0836007902053963	0.0828564219302858	3.91155188133835	1	0.00534899421306069	0.0177890108077563	1	7719	1	1.47826086956522	singlet	A619	A619_Re2	A619_Re2	-0.274689822713743	-0.725930468484304	3_1
CB:Z:TTGCCCAAGTACTCTG-1_A619_2	CB:Z:TTGCCCAAGTACTCTG-1_A619_2	12439	6196	8450	576	0.0442566269688821	7023	3.84652266841629	0.498110780609374	0.679315057480505	0.046305973148967	0.277903144217059	0.262688894234671	3.89702465039225	1	0.00298395996839375	0.0287788046175921	1	8450	1	1.08695652173913	singlet	A619	A619_Re2	A619_Re2	2.38261258669673	-0.0403182667936299	3_1
CB:Z:TCACTCGTCGGTACTA-1_A619_2	CB:Z:TCACTCGTCGGTACTA-1_A619_2	12276	5464	8250	468	0.0367231638418079	6963	3.84279639517558	0.445096122515477	0.672043010752688	0.0381231671554252	0.132204336908166	0.242444509408234	3.89251906958712	1	-4.14655703295425e-05	0.0242453388373312	1	8250	1	1.1304347826087	singlet	A619	A619_Re2	A619_Re2	1.14900374480068	-1.56669213001384	3_4
CB:Z:GCCTAGGAGACCCTAT-1_A619_2	CB:Z:GCCTAGGAGACCCTAT-1_A619_2	12269	5400	8363	546	0.0426063207179087	7028	3.84683175282326	0.440133670225772	0.681636645203358	0.0445024044339392	0.118566158224513	0.269151877357427	3.89739837627901	1	0.0078241296561783	0.0254063725413524	1	8363	1	0.565217391304348	singlet	A619	A619_Re2	A619_Re2	-2.54688560895146	-1.03863598529949	3_2
CB:Z:AGCCAGCCACCTATTT-1_A619_2	CB:Z:AGCCAGCCACCTATTT-1_A619_2	12236	5099	8152	599	0.0466692637319829	7065	3.84911216618458	0.416721150702844	0.666230794377247	0.0489539065053939	0.0542221391695354	0.226264092889614	3.90015571209547	1	0.00452084731862829	0.0197062200640649	1	8152	1	1.65217391304348	singlet	A619	A619_Re2	A619_Re2	-1.68218636445225	-0.520442263528249	3_2
CB:Z:ACTGCAAGTCGGCTGT-1_A619_2	CB:Z:ACTGCAAGTCGGCTGT-1_A619_2	12204	5734	8362	590	0.0461153665780835	6954	3.84223468634724	0.469845952146837	0.685185185185185	0.0483448049819731	0.200223650585539	0.279030527983985	3.89183988576147	1	0.0014465686233335	0.0159581036763098	1	8362	1	0.956521739130435	singlet	A619	A619_Re2	A619_Re2	-2.06361591748417	-0.455793635293386	3_2
CB:Z:GCTTAAGGTATCCCTC-1_A619_2	CB:Z:GCTTAAGGTATCCCTC-1_A619_2	12020	5196	7727	243	0.0198157057816195	7056	3.84855857212376	0.432279534109817	0.642845257903494	0.020216306156406	0.0969808400185634	0.16116195349653	3.89948634014846	1	-0.00440558378187031	0.0165682061162986	1	7727	1	1.04347826086957	singlet	A619	A619_Re2	A619_Re2	2.80856692858516	0.492964966848948	3_1
CB:Z:TGCATGAAGATGGGAA-1_A619_2	CB:Z:TGCATGAAGATGGGAA-1_A619_2	12003	5170	8138	550	0.0438142276746594	6893	3.83840827849419	0.430725651920353	0.677997167374823	0.0458218778638674	0.0927103459732673	0.259020068186521	3.88721322833147	1	0.0102389470389994	0.0284323974938588	1	8138	1	0.304347826086957	singlet	A619	A619_Re2	A619_Re2	1.89845550127803	0.11698792751179	3_1
CB:Z:TGATGCAGTCCGGTAC-1_A619_2	CB:Z:TGATGCAGTCCGGTAC-1_A619_2	11984	5280	8617	367	0.0297141931827382	6798	3.83238116024704	0.440587449933244	0.719042056074766	0.0306241655540721	0.119813269203567	0.373283432147248	3.87992560701913	1	0.00434948598482083	0.0246033022049868	1	8617	1	0.956521739130435	singlet	A619	A619_Re2	A619_Re2	-2.55423176221074	-1.17231632892742	3_2
CB:Z:TTACTCAGTGCAGACA-1_A619_2	CB:Z:TTACTCAGTGCAGACA-1_A619_2	11979	5478	8967	385	0.0311387900355872	6754	3.82956105629939	0.457300275482094	0.748559979964939	0.0321395775941231	0.165744693394139	0.455457300505976	3.87651571048331	1	0.000742173929160477	0.0267009526608671	1	8967	1	1.52173913043478	singlet	A619	A619_Re2	A619_Re2	-3.03650128773869	-0.636909739419362	3_2
CB:Z:GGTGAAGCAAGTTCGT-1_A619_2	CB:Z:GGTGAAGCAAGTTCGT-1_A619_2	11957	4421	6683	539	0.0431338028169014	7037	3.8473875510274	0.369741573973405	0.558919461403362	0.0450781968721251	-0.0748906108407108	-0.0724760008244846	3.8980704133408	1	3.00439211744745e-05	0.0139921575915525	1	6683	1	0.652173913043478	singlet	A619	A619_Re2	A619_Re2	0.0362894951599735	0.866975052908519	3_1
CB:Z:GTTACTTGTAGAAGCC-1_A619_2	CB:Z:GTTACTTGTAGAAGCC-1_A619_2	11882	5421	6982	524	0.0422376269546993	6881	3.83765155784639	0.456236323851203	0.587611513213264	0.0441003198114795	0.162820662772637	0.007398752465792	3.88629824818769	1	-0.00346565339827609	0.0272179622440795	1	6982	1	1.08695652173913	singlet	A619	A619_Re2	A619_Re2	1.56117796965419	-0.288332240029714	3_1
CB:Z:CGTGGCACATTTGTTC-1_A619_2	CB:Z:CGTGGCACATTTGTTC-1_A619_2	11824	5114	7785	615	0.0494412734142616	6850	3.83569057149243	0.432510148849797	0.658406630581867	0.0520128552097429	0.0976146325161674	0.204482689558848	3.88392714389533	1	0.00251798240501909	0.0234007353800747	1	7785	1	0.826086956521739	singlet	A619	A619_Re2	A619_Re2	-0.502870141784559	0.512570365027049	3_3
CB:Z:ACATGCAAGTGTCCCG-1_A619_2	CB:Z:ACATGCAAGTGTCCCG-1_A619_2	11682	4889	6749	455	0.0374886710060147	6715	3.82704601700473	0.418507104947783	0.577726416709468	0.0389488101352508	0.0591304308147437	-0.0201200060295072	3.87347467939456	1	0.00450139005591763	0.0161512542855055	1	6749	1	1.69565217391304	singlet	A619	A619_Re2	A619_Re2	-0.476111530582319	-0.368411795541189	3_2
CB:Z:AGTCCGGGTTTAGACC-1_A619_2	CB:Z:AGTCCGGGTTTAGACC-1_A619_2	11672	4749	6306	452	0.0372814252721874	6686	3.82516637225655	0.406871144619602	0.540267306374229	0.0387251542152159	0.0271516233930908	-0.124401052792007	3.87120192837744	1	-0.00366783049344763	0.014615841555791	1	6306	1	1.43478260869565	singlet	A619	A619_Re2	A619_Re2	-0.315035878936658	-0.0138466519559834	3_1
CB:Z:GGGTCTGTCACCACAA-1_A619_2	CB:Z:GGGTCTGTCACCACAA-1_A619_2	11526	4844	7827	440	0.036770850743774	6652	3.82295224054748	0.420267221933021	0.679073399271213	0.0381745618601423	0.0639677145904706	0.262016150787264	3.86852473626511	1	-0.00033744741506125	0.0249150534767361	1	7827	1	0.608695652173913	singlet	A619	A619_Re2	A619_Re2	1.29981446333705	-2.03831888858928	3_4
CB:Z:CCACAGGGTAGCCATT-1_A619_2	CB:Z:CCACAGGGTAGCCATT-1_A619_2	11379	5407	8673	123	0.0106937923839332	6507	3.81338080673386	0.475173565339661	0.762193514368574	0.0108093857105194	0.214865391490907	0.49341119812821	3.8569515461949	1	0.00589064060016124	0.0252405942800888	1	8673	1	1	singlet	A619	A619_Re2	A619_Re2	-0.357654749671827	1.98089979465351	3_3
CB:Z:AACAGTCGTACGCAAG-1_A619_2	CB:Z:AACAGTCGTACGCAAG-1_A619_2	11028	5015	6738	292	0.0257950530035336	6352	3.80291048941904	0.454751541530649	0.610990206746464	0.0264780558578165	0.158740074101577	0.0724818420470285	3.84429148138755	1	0.00185816332823384	0.0224881726378556	1	6738	1	1.56521739130435	singlet	A619	A619_Re2	A619_Re2	0.0308111000108618	1.6456618147646	3_3
CB:Z:AGTCCGGGTCCGTAGC-1_A619_2	CB:Z:AGTCCGGGTCCGTAGC-1_A619_2	10922	4923	7775	298	0.0265597147950089	6292	3.79878871395125	0.450741622413477	0.711865958615638	0.0272843801501556	0.147719717585416	0.35330615697946	3.83930768357373	1	0.00461169061304759	0.0275615668449768	1	7775	1	1.69565217391304	singlet	A619	A619_Re2	A619_Re2	1.4828668839532	-1.83684803669109	3_4
CB:Z:CTGGGACCACACTAGT-1_A619_2	CB:Z:CTGGGACCACACTAGT-1_A619_2	10859	5054	7239	428	0.0379197306635953	6145	3.78852188722247	0.465420388617736	0.666635970162998	0.0394143107100101	0.188060989332161	0.22739204693558	3.82689366708845	1	-0.00283846041070646	0.0156619368841568	1	7239	1	1.30434782608696	singlet	A619	A619_Re2	A619_Re2	2.1048482663232	1.2350525694643	3_1
CB:Z:TCGTTCGGTACGGATG-1_A619_2	CB:Z:TCGTTCGGTACGGATG-1_A619_2	10823	4869	7149	317	0.0284560143626571	6227	3.7942788657214	0.449875265637993	0.660537743693985	0.0292894761156796	0.14533873177073	0.210415417381587	3.83385465200415	1	-0.000262217568638879	0.0237376430044426	1	7149	1	0.565217391304348	singlet	A619	A619_Re2	A619_Re2	-2.36816775731267	-0.664776102944753	3_2
CB:Z:ACCGCAGGTTGCTTGA-1_A619_2	CB:Z:ACCGCAGGTTGCTTGA-1_A619_2	10810	4937	7889	508	0.0448842551687577	6132	3.78760214618234	0.456706753006476	0.729787234042553	0.0469935245143386	0.16411353099646	0.403196539962733	3.8257815726959	1	0.00036705196673924	0.0249012504290589	1	7889	1	0.869565217391304	singlet	A619	A619_Re2	A619_Re2	-0.775759577075849	-0.504301802560231	3_2
CB:Z:GACCGACCAACGCACC-1_A619_2	CB:Z:GACCGACCAACGCACC-1_A619_2	10703	4946	8071	410	0.0368937280662287	6177	3.79077760133769	0.462113426142203	0.754087638979725	0.0383070167242829	0.178972550288621	0.470845548199244	3.82962113809309	1	0.00241002628678374	0.0248066440854083	1	8071	1	1.04347826086957	singlet	A619	A619_Re2	A619_Re2	-0.567131578246961	-0.773910777017019	3_2
CB:Z:TAGCGGCCAAGCGACA-1_A619_2	CB:Z:TAGCGGCCAAGCGACA-1_A619_2	10497	4930	7360	308	0.0285053216103656	5971	3.77604707118178	0.469657997523102	0.70115271029818	0.0293417166809565	0.199707099776932	0.323481936949329	3.81180988550033	1	-0.000436991194798478	0.0204871480529712	1	7360	1	1.47826086956522	singlet	A619	A619_Re2	A619_Re2	1.54923021860897	-1.11674286548748	3_4
CB:Z:CACCTGTGTTTCGATG-1_A619_2	CB:Z:CACCTGTGTTTCGATG-1_A619_2	10347	4285	6416	337	0.0315424934481468	5917	3.77210156927701	0.414129699429786	0.620083115878999	0.032569827002996	0.0471001209719479	0.0977952591028805	3.80703922685552	1	0.00280751575072115	0.0160791880555197	1	6416	1	1.08695652173913	singlet	A619	A619_Re2	A619_Re2	-0.232025026599775	-0.782282130166433	3_1
CB:Z:GAGAACGAGCTGATTC-1_A619_2	CB:Z:GAGAACGAGCTGATTC-1_A619_2	10120	4198	6478	309	0.0296289193594784	5898	3.77070476821578	0.414822134387352	0.640118577075099	0.0305335968379447	0.0490031219736251	0.153571246498216	3.80535030077749	1	0.000592046365532757	0.0234394672774502	1	6478	1	1.26086956521739	singlet	A619	A619_Re2	A619_Re2	-0.785963534633527	-0.784887568398855	3_2
CB:Z:TAACGGTCAGCGTGAA-1_A619_2	CB:Z:TAACGGTCAGCGTGAA-1_A619_2	10018	4719	7548	215	0.0210104563666569	5809	3.76410137647623	0.471052106208824	0.753443801157916	0.0214613695348373	0.203538492453443	0.469053191642916	3.797365884942	1	-0.00637471181992247	0.0198692664044454	1	7548	1	1.43478260869565	singlet	A619	A619_Re2	A619_Re2	1.62123680182277	-1.83520485584392	3_4
CB:Z:CCCTCTCGTGCGACCT-1_A619_2	CB:Z:CCCTCTCGTGCGACCT-1_A619_2	9958	4027	5731	323	0.0314171773173816	5827	3.76544501809015	0.404398473589074	0.575517172122916	0.0324362321751356	0.020356045849666	-0.0262702412053607	3.79899053388039	1	1.79955425023718e-05	0.0157156585295498	1	5731	1	0.695652173913043	singlet	A619	A619_Re2	A619_Re2	2.90179574557125	0.195627911642649	3_1
CB:Z:CTTCCAGAGTGAGCAC-1_A619_2	CB:Z:CTTCCAGAGTGAGCAC-1_A619_2	9950	4528	7396	227	0.02230519799548	5772	3.76132632242146	0.455075376884422	0.743316582914573	0.0228140703517588	0.159630062389827	0.440860399295293	3.79401045997053	1	-4.73945466214517e-05	0.0242274354599699	1	7396	1	0.956521739130435	singlet	A619	A619_Re2	A619_Re2	-0.458495258609663	1.92520569141255	3_3
CB:Z:GTCACGGAGTACGACG-1_A619_2	CB:Z:GTCACGGAGTACGACG-1_A619_2	9751	4336	6964	449	0.0440196078431373	5700	3.75587485567249	0.444672341298328	0.714183160701466	0.0460465593272485	0.131039670000588	0.359756931087757	3.78741888110412	1	0.00045557590739739	0.0230021598408685	1	6964	1	1.56521739130435	singlet	A619	A619_Re2	A619_Re2	-0.428157924930463	2.04679082210408	3_3
CB:Z:ACGTGGCGTAGCGTTT-1_A619_2	CB:Z:ACGTGGCGTAGCGTTT-1_A619_2	9737	4396	7728	177	0.0178535404478515	5647	3.75181778773688	0.451473759884975	0.793673616103523	0.0181780835986443	0.149731831974505	0.581047501599686	3.78251332366509	1	-2.14211214179635e-05	0.032037722748909	1	7728	1	0.91304347826087	singlet	A619	A619_Re2	A619_Re2	2.39708268709957	1.59931324298725	3_1
CB:Z:GAGTGAGCATTGATGC-1_A619_2	CB:Z:GAGTGAGCATTGATGC-1_A619_2	9689	4584	7595	261	0.0262311557788945	5589	3.74733410961591	0.47311384043761	0.783878625245123	0.026937764475178	0.209204703062402	0.553779584913952	3.77709193538428	1	0.00515162611295166	0.0231275142497403	1	7595	1	1.08695652173913	singlet	A619	A619_Re2	A619_Re2	2.57051169939815	-0.370111720010183	3_1
CB:Z:GGCGAAACATATACGC-1_A619_2	CB:Z:GGCGAAACATATACGC-1_A619_2	9468	4067	5692	473	0.047580726285082	5568	3.74569922660251	0.429552175749894	0.601182931981411	0.0499577524292353	0.0894853119055489	0.0451797286429887	3.77511513522821	1	0.00413227264155809	0.0199578160898427	1	5692	1	1.43478260869565	singlet	A619	A619_Re2	A619_Re2	-1.73567235402287	-0.736229674264333	3_2
CB:Z:CGATGATTCTCTGCGT-1_A619_2	CB:Z:CGATGATTCTCTGCGT-1_A619_2	9453	4364	7545	282	0.0289676425269646	5304	3.72460351539672	0.461652385486089	0.798159314503332	0.0298317994287528	0.177705484233083	0.593535073258668	3.7496074965395	1	0.0067819777588481	0.0312712878143041	1	7545	1	1.08695652173913	singlet	A619	A619_Re2	A619_Re2	0.112145320256342	-2.1530716580595	3_4
CB:Z:CAGGATTAGAGTAAGG-1_A619_2	CB:Z:CAGGATTAGAGTAAGG-1_A619_2	9286	4183	7430	198	0.0208772669759595	5378	3.73062079788728	0.450463062674995	0.800129226793022	0.0213224208485893	0.146954159094228	0.599019040009632	3.75688322505891	1	0.00162092843100537	0.0269916232640331	1	7430	1	1	singlet	A619	A619_Re2	A619_Re2	-0.533619045535932	2.54050408180104	3_3
CB:Z:AGGACGACATAGCCAT-1_A619_2	CB:Z:AGGACGACATAGCCAT-1_A619_2	9093	4348	7114	203	0.0218373493975904	5164	3.71298623359438	0.478170020895194	0.782360057186847	0.0223248652809854	0.223100472434409	0.549552098855689	3.7355605926988	1	0.00270785771043851	0.0221879927263395	1	7114	1	1.08695652173913	singlet	A619	A619_Re2	A619_Re2	-1.42759478024663	-0.659782187386892	3_2
CB:Z:TACGGATCACCTCGTT-1_A619_2	CB:Z:TACGGATCACCTCGTT-1_A619_2	8854	3847	4861	295	0.0322439610886436	5219	3.71758729685546	0.434492884571945	0.549017393268579	0.0333182742263384	0.103063733582028	-0.100042006022354	3.74112391588343	1	-0.000719405008021418	0.0108602292036145	1	4861	1	1.17391304347826	singlet	A619	A619_Re2	A619_Re2	1.86953187056362	-0.0693457287992452	3_1
CB:Z:GGAGGATCAAACGACG-1_A619_2	CB:Z:GGAGGATCAAACGACG-1_A619_2	8722	3897	5819	432	0.0471924841599301	5033	3.70182693039714	0.446801192387067	0.667163494611328	0.0495299243292823	0.136890336131795	0.228860602946982	3.72206744846695	1	-0.000963888764304426	0.0217989749452851	1	5819	1	0.782608695652174	singlet	A619	A619_Re2	A619_Re2	2.39394414492427	0.687196000174144	3_1
CB:Z:GACCGACCATCTCACC-1_A619_2	CB:Z:GACCGACCATCTCACC-1_A619_2	8720	3917	6171	375	0.0412314458493678	5086	3.70637635583969	0.449197247706422	0.707683486238532	0.0430045871559633	0.143475352706981	0.341662725151086	3.72756833437204	1	0.00420480046597402	0.0158667470605037	1	6171	1	1.21739130434783	singlet	A619	A619_Re2	A619_Re2	-0.358375012199293	0.733350976065257	3_3
CB:Z:TGGTCAATCCTATCAT-1_A619_2	CB:Z:TGGTCAATCCTATCAT-1_A619_2	8662	4068	6466	259	0.0290326196614729	4984	3.69757803365111	0.469637497113831	0.746478873239437	0.02990071577003	0.199650759034813	0.449663783633375	3.71692994340888	1	0.00129735846418579	0.025889598965882	1	6466	1	1.56521739130435	singlet	A619	A619_Re2	A619_Re2	-0.325913547794233	1.71157835300312	3_3
CB:Z:CGCTATCCAGGATAGC-1_A619_2	CB:Z:CGCTATCCAGGATAGC-1_A619_2	8654	4088	6123	234	0.0263276327632763	5018	3.70053065697859	0.47238271319621	0.707534088282875	0.0270395192974347	0.207195365062441	0.341246821648289	3.72050007424195	1	0.00133812930941617	0.0162002122616102	1	6123	1	0.91304347826087	singlet	A619	A619_Re2	A619_Re2	-0.418043880979429	0.4726345377718	3_2
CB:Z:AGTTACGCACCTGTGG-1_A619_2	CB:Z:AGTTACGCACCTGTGG-1_A619_2	8306	4322	5908	344	0.0397687861271676	4775	3.67897337591977	0.520346737298339	0.711293041175054	0.0414158439682157	0.339013646207212	0.351711233077693	3.69443433362787	1	-0.00636782871932546	0.0243829536664973	1	5908	1	0.869565217391304	singlet	A619	A619_Re2	A619_Re2	0.49914488263904	-0.30356814090862	3_1
CB:Z:TGCCTGTAGGATTGAT-1_A619_2	CB:Z:TGCCTGTAGGATTGAT-1_A619_2	8230	3566	4978	97	0.0116488531283776	4829	3.68385720540035	0.433292831105711	0.604860267314702	0.0117861482381531	0.0997656578229136	0.0554169279363098	3.70033956036295	1	0.000326330807759241	0.0179629993794708	1	4978	1	1.39130434782609	singlet	A619	A619_Re2	A619_Re2	-1.44160973958195	0.234459622458079	3_1
CB:Z:GTAGACTAGTAGCAAT-1_A619_2	CB:Z:GTAGACTAGTAGCAAT-1_A619_2	7920	3571	5853	229	0.0281016075592097	4590	3.66181268553726	0.450883838383838	0.739015151515152	0.0289141414141414	0.148110566041426	0.428885801796997	3.6736846805038	1	0.00524251309360109	0.0265816326294377	1	5853	1	1.26086956521739	singlet	A619	A619_Re2	A619_Re2	1.0308884389001	-1.05748345081463	3_4
CB:Z:AATGGCTCACCACGAC-1_A619_2	CB:Z:AATGGCTCACCACGAC-1_A619_2	7867	3082	4734	162	0.0201768588865363	4692	3.67135800344349	0.391763060887251	0.601754162959197	0.0205923477818736	-0.0143695305607434	0.0467699576626728	3.68522629282233	1	0.00199290040300803	0.0159162213737485	1	4734	1	1.08695652173913	singlet	A619	A619_Re2	A619_Re2	-0.407876431266676	0.473758442953685	3_1
CB:Z:TACCTCGGTTCCAGTA-1_A619_2	CB:Z:TACCTCGGTTCCAGTA-1_A619_2	7809	3670	5299	392	0.047799048896476	4564	3.65934563574618	0.469970546804969	0.678576002048918	0.0501984889230375	0.200566070847019	0.260631464858168	3.67070167537616	1	-0.00139844712081711	0.012171337083786	1	5299	1	1	singlet	A619	A619_Re2	A619_Re2	2.02565872736751	1.29420731838093	3_1
CB:Z:AGCCTTCTCGATGTAC-1_A619_2	CB:Z:AGCCTTCTCGATGTAC-1_A619_2	7640	3692	5634	229	0.0291015376795018	4438	3.64718729789599	0.483246073298429	0.737434554973822	0.0299738219895288	0.237050855358296	0.424485636914171	3.65600055978387	1	0.00461230544922263	0.0199553369190222	1	5634	1	1	singlet	A619	A619_Re2	A619_Re2	-0.191093697468649	0.224812253073313	3_1
CB:Z:ATCCTCGCAAGAGATT-1_A619_2	CB:Z:ATCCTCGCAAGAGATT-1_A619_2	7464	3337	5659	97	0.012828990874223	4348	3.63828953541426	0.447079314040729	0.758172561629153	0.0129957127545552	0.137654690645852	0.482217414909743	3.64524193172397	1	0.00440602106531423	0.0183120112749888	1	5659	1	0.782608695652174	singlet	A619	A619_Re2	A619_Re2	-0.00566977008701379	2.60500357921467	3_3
CB:Z:GTGATCATCGCTTCAC-1_A619_2	CB:Z:GTGATCATCGCTTCAC-1_A619_2	7345	3179	5205	287	0.037604821802935	4306	3.63407402548747	0.432811436351259	0.708645336963921	0.039074200136147	0.0984426531277949	0.344340386194693	3.64014479595774	1	-0.00297298454309951	0.0217054955446039	1	5205	1	1.39130434782609	singlet	A619	A619_Re2	A619_Re2	0.118518718262305	0.930592997625926	3_1
CB:Z:GGAACCCAGCGAGCTA-1_A619_2	CB:Z:GGAACCCAGCGAGCTA-1_A619_2	7222	3473	5627	141	0.0191498030694011	4214	3.62469453127208	0.480891719745223	0.779147050678482	0.01952367765162	0.230580446663439	0.54060752758989	3.6288036874644	1	-0.00106839765575119	0.0193939345309782	1	5627	1	1.65217391304348	singlet	A619	A619_Re2	A619_Re2	-1.43011736802281	-0.642157809182546	3_2
CB:Z:CTTGAAGCACTCCCAT-1_A619_2	CB:Z:CTTGAAGCACTCCCAT-1_A619_2	7161	3301	5814	159	0.0217213114754098	4136	3.61658053008589	0.460969138388493	0.811897779639715	0.0222036028487641	0.175827733988224	0.631781083708745	3.61899273543921	1	0.00847738328107813	0.0233887273714501	1	5814	1	1.26086956521739	singlet	A619	A619_Re2	A619_Re2	-0.48031735352696	2.44982884700642	3_3
CB:Z:CGTACAACAGGCAGAT-1_A619_2	CB:Z:CGTACAACAGGCAGAT-1_A619_2	7140	3158	4742	172	0.0235229759299781	4185	3.62169546232928	0.442296918767507	0.664145658263305	0.0240896358543417	0.124511357982007	0.220459358749956	3.6251773974451	1	0.0034270284157097	0.0168310509545194	1	4742	1	1.30434782608696	singlet	A619	A619_Re2	A619_Re2	1.65647590227901	-0.616048113747976	3_4
CB:Z:TTCTGTAAGTACTCTG-1_A619_2	CB:Z:TTCTGTAAGTACTCTG-1_A619_2	7091	3272	5265	205	0.0280975877192982	4086	3.61129836229643	0.461429981666902	0.742490480891271	0.0289098857706952	0.177094257595742	0.438560644096849	3.61260586247948	1	-0.00146054583423793	0.0186731921497666	1	5265	1	1.17391304347826	singlet	A619	A619_Re2	A619_Re2	1.06016957827388	-0.952823416634939	3_1
CB:Z:GGAGGATCAATTCTCT-1_A619_2	CB:Z:GGAGGATCAATTCTCT-1_A619_2	7085	3389	5176	163	0.0224889624724062	4120	3.61489721603313	0.47833450952717	0.730557515878617	0.0230063514467184	0.223552532267603	0.405340899384193	3.61695737544407	1	0.000842710612618583	0.0229030392474172	1	5176	1	1.17391304347826	singlet	A619	A619_Re2	A619_Re2	1.55633103915035	-1.11122490589275	3_4
CB:Z:TTTACGTAGATGGCAC-1_A619_2	CB:Z:TTTACGTAGATGGCAC-1_A619_2	7058	3632	5615	78	0.0109304932735426	4082	3.61087300038005	0.51459336922641	0.795551147633891	0.011051289317087	0.323201814230395	0.586274292934668	3.61209154096791	1	0.00427641057511889	0.0215783195771352	1	5615	1	1.39130434782609	singlet	A619	A619_Re2	A619_Re2	2.72717940874874	-0.356138483926198	3_1
CB:Z:CCCACATAGAGGCAGG-1_A619_2	CB:Z:CCCACATAGAGGCAGG-1_A619_2	7036	2981	4799	369	0.04983119513842	4191	3.62231766083384	0.423678226264923	0.682063672541217	0.0524445707788516	0.0733420891644498	0.270340663139832	3.62592972167311	1	0.00509204454778709	0.0210469828829724	1	4799	1	0.826086956521739	singlet	A619	A619_Re2	A619_Re2	-0.1457318656844	0.465797169760325	3_1
CB:Z:GGCGTTGAGATACCAA-1_A619_2	CB:Z:GGCGTTGAGATACCAA-1_A619_2	7010	3242	5354	192	0.026659261316301	4021	3.60433407310291	0.462482168330956	0.76376604850214	0.0273894436519258	0.179985954864589	0.497788918369039	3.60418507160217	1	0.000960651014833508	0.0213838254434183	1	5354	1	0.782608695652174	singlet	A619	A619_Re2	A619_Re2	2.82128131457149	1.3765754538332	3_1
CB:Z:TGATGCATCTCCACTG-1_A619_2	CB:Z:TGATGCATCTCCACTG-1_A619_2	6902	3016	4690	143	0.0202980837473385	4066	3.60916737430202	0.436974789915966	0.679513184584179	0.0207186322804984	0.109884689549282	0.2632404530298	3.61002920264179	1	0.000929058555037244	0.012618394105727	1	4690	1	0.608695652173913	singlet	A619	A619_Re2	A619_Re2	-0.389014720241438	0.773516161993602	3_3
CB:Z:TTCAACTGTCTGTGTA-1_A619_2	CB:Z:TTCAACTGTCTGTGTA-1_A619_2	6832	3168	5168	237	0.0335266657235818	3924	3.59372899870791	0.463700234192037	0.756440281030445	0.0346896955503513	0.18333353362043	0.477394982329177	3.5913620668077	1	0.000761692328109397	0.0208855213162814	1	5168	1	1.1304347826087	singlet	A619	A619_Re2	A619_Re2	1.07039332457363	-0.9550998372282	3_4
CB:Z:TGAGCCGAGTAACATG-1_A619_2	CB:Z:TGAGCCGAGTAACATG-1_A619_2	6578	2821	4130	77	0.0115702479338843	3884	3.58927922123597	0.428853754940711	0.627850410459106	0.0117056856187291	0.0875658601434073	0.119418346305897	3.58598166911017	1	-0.002203726146345	0.0129942314275194	1	4130	1	1.17391304347826	singlet	A619	A619_Re2	A619_Re2	-0.572638391773115	-0.17839028064861	3_3
CB:Z:ACTACCCAGTGAAGGA-1_A619_2	CB:Z:ACTACCCAGTGAAGGA-1_A619_2	6536	2983	4465	325	0.0473691881649905	3823	3.58240429801903	0.456395348837209	0.683139534883721	0.0497246022031824	0.163257707009578	0.273335716953034	3.57766893408457	1	0.00381396023701237	0.0153458521128966	1	4465	1	0.304347826086957	singlet	A619	A619_Re2	A619_Re2	0.450167507608523	0.554911835745433	3_1
CB:Z:AGCTGGCGTAGATTAG-1_A619_2	CB:Z:AGCTGGCGTAGATTAG-1_A619_2	6534	3502	4882	341	0.0496	3698	3.56796690682315	0.5359657177839	0.747168656259565	0.0521885521885522	0.381938884432772	0.451584045346327	3.56021212712321	1	-0.0021467251944801	0.0191890442962391	1	4882	1	0.826086956521739	singlet	A619	A619_Re2	A619_Re2	0.697697163303484	0.00657294566974898	3_1
CB:Z:ACTAGGTTCTATTTCG-1_A619_2	CB:Z:ACTAGGTTCTATTTCG-1_A619_2	6328	2842	4980	196	0.0300429184549356	3680	3.56584781867352	0.449115044247788	0.786978508217446	0.0309734513274336	0.143249435077587	0.562409235706566	3.55764985584716	1	0.00555514828929582	0.0211046178031562	1	4980	1	1.04347826086957	singlet	A619	A619_Re2	A619_Re2	-1.29137861661137	-0.532043711587331	3_2
CB:Z:CCTATTAAGAGAGTTT-1_A619_2	CB:Z:CCTATTAAGAGAGTTT-1_A619_2	6314	2939	4976	218	0.0333741579914268	3664	3.56395546499581	0.465473550839405	0.788089958821666	0.0345264491605955	0.188207093684606	0.565503362379505	3.55536173797281	1	-0.000911137449670127	0.0169053254056598	1	4976	1	1.65217391304348	singlet	A619	A619_Re2	A619_Re2	-1.19495940140904	-0.552592532082937	3_2
CB:Z:TGTGGCGCAGAAAGAG-1_A619_2	CB:Z:TGTGGCGCAGAAAGAG-1_A619_2	6290	2943	4446	296	0.0449438202247191	3608	3.5572665288699	0.467885532591415	0.706836248012719	0.0470588235294118	0.194835880460828	0.339304129651771	3.54727388711786	1	0.000289630102789648	0.0132795091354008	1	4446	1	1.56521739130435	singlet	A619	A619_Re2	A619_Re2	0.12289596416532	-0.749151007577321	3_4
CB:Z:AGTCAACAGCCCATTA-1_A619_2	CB:Z:AGTCAACAGCCCATTA-1_A619_2	6263	2828	4305	303	0.0461468169357295	3654	3.56276854301652	0.451540795146096	0.687370269838735	0.0483793709085103	0.149916063240803	0.285113505206285	3.55392658479384	1	0.00493530444126939	0.0161675661953219	1	4305	1	0.347826086956522	singlet	A619	A619_Re2	A619_Re2	0.274183542211642	0.614058001593211	3_1
CB:Z:AAATGCCTCCTGGGAC-1_A619_2	CB:Z:AAATGCCTCCTGGGAC-1_A619_2	6241	2857	4281	237	0.0365853658536585	3670	3.56466606425209	0.457779202050953	0.685947764781285	0.0379746835443038	0.167060914838929	0.281153445421408	3.55622095096187	1	-0.00404765162438453	0.0199929572423201	1	4281	1	0.347826086956522	singlet	A619	A619_Re2	A619_Re2	-0.27599099210919	0.508410676077464	3_1
CB:Z:TAGGTGTCAACTGCGC-1_A619_2	CB:Z:TAGGTGTCAACTGCGC-1_A619_2	6066	3107	4225	291	0.0457763095799906	3541	3.54912592675811	0.512199142762941	0.696505110451698	0.0479723046488625	0.31662182385232	0.31054365377637	3.53743077088676	1	0.00285858671546771	0.0234888344447079	1	4225	1	0.695652173913043	singlet	A619	A619_Re2	A619_Re2	0.454992145975222	-0.34680773441448	3_1
CB:Z:TAGGAGGCATCCCAAA-1_A619_2	CB:Z:TAGGAGGCATCCCAAA-1_A619_2	5957	2634	4168	279	0.0447402180885183	3498	3.54381980514266	0.442168876951486	0.699681047507134	0.0468356555313077	0.124159463986069	0.319385028748407	3.53101493443143	1	0.00261880783078501	0.0196461777492886	1	4168	1	0.521739130434783	singlet	A619	A619_Re2	A619_Re2	0.010315109719624	1.40094922359333	3_3
CB:Z:GGAACCCTCGATCTTT-1_A619_2	CB:Z:GGAACCCTCGATCTTT-1_A619_2	5943	2494	3881	143	0.0234965494577719	3500	3.54406804435028	0.419653373716978	0.653037186606091	0.0240619215884234	0.0622806914885248	0.189534890924138	3.5313150900391	1	0.0037498195912938	0.0148732729683701	1	3881	1	1.69565217391304	singlet	A619	A619_Re2	A619_Re2	1.2689392573434	0.911659463003733	3_1
CB:Z:ACAGGCCCAAGGAACC-1_A619_2	CB:Z:ACAGGCCCAAGGAACC-1_A619_2	5918	2531	3777	286	0.0460992907801418	3494	3.54332290064691	0.427678269685705	0.638222372423116	0.0483271375464684	0.0843353045608295	0.148292471743155	3.53041410802569	1	-2.42525282348739e-06	0.0125122459028088	1	3777	1	1.73913043478261	singlet	A619	A619_Re2	A619_Re2	0.00496471181987708	-0.090228812142751	3_1
CB:Z:AGTTACGCATTAACGC-1_A619_2	CB:Z:AGTTACGCATTAACGC-1_A619_2	5799	2702	4195	258	0.0425953442298167	3413	3.53313628827864	0.465942403862735	0.723400586307984	0.0444904293843766	0.189495630265969	0.3854169849999	3.51809708181988	1	-0.00248227825276344	0.0160768392927237	1	4195	1	1.69565217391304	singlet	A619	A619_Re2	A619_Re2	-1.19311582974614	-1.00465895359173	3_3
CB:Z:GATGGCCCAAATGTCC-1_A619_2	CB:Z:GATGGCCCAAATGTCC-1_A619_2	5795	2546	3988	148	0.0249032475180885	3462	3.53932706353938	0.439344262295082	0.688179465056083	0.0255392579810181	0.116396648920538	0.287366194166194	3.52558258714432	1	-0.00543312653990629	0.0140724633270505	1	3988	1	0.434782608695652	singlet	A619	A619_Re2	A619_Re2	-0.431835710327039	0.782856448248484	3_1
CB:Z:TCAAGCAGTTCAGTAC-1_A619_2	CB:Z:TCAAGCAGTTCAGTAC-1_A619_2	5635	2396	3774	151	0.0260974766678189	3364	3.52685598712587	0.425199645075421	0.669742679680568	0.0267968056787933	0.0775233649488621	0.236040701897746	3.51050332728379	1	0.00563727346488993	0.0175719030375994	1	3774	1	1.26086956521739	singlet	A619	A619_Re2	A619_Re2	1.63713562556087	-0.553692595406911	3_1
CB:Z:TGCCTCACAGTTACAC-1_A619_2	CB:Z:TGCCTCACAGTTACAC-1_A619_2	5316	2327	3637	94	0.0173752310536044	3152	3.49858620881752	0.437735139202408	0.684161023325809	0.0176824680210685	0.111974337736326	0.276179401254221	3.47632124715076	1	0.000706684032658182	0.0203941702498212	1	3637	1	1	singlet	A619	A619_Re2	A619_Re2	-1.0772452347678	-0.305110709115407	3_2
CB:Z:AGCGATTTCTTCCAGC-1_A619_2	CB:Z:AGCGATTTCTTCCAGC-1_A619_2	5312	2193	3531	253	0.0454627133872417	3087	3.4895366294821	0.412838855421687	0.664721385542169	0.0476280120481928	0.043552527925722	0.222062104857706	3.46537905147311	1	0.00396693842910256	0.00808943526812483	1	3531	1	1.1304347826087	singlet	A619	A619_Re2	A619_Re2	-0.080810702661882	1.55424116428242	3_1
CB:Z:TAAGTGCAGGAACCGT-1_A619_2	CB:Z:TAAGTGCAGGAACCGT-1_A619_2	5254	2369	4014	113	0.0210545928824297	3079	3.4884096889032	0.450894556528359	0.76398934145413	0.0215074229158736	0.148140022439513	0.498410535448566	3.46401642412058	1	-0.00276211669227575	0.0179904034327156	1	4014	1	0.304347826086957	singlet	A619	A619_Re2	A619_Re2	-1.70696306161107	-0.466515318795583	3_1
CB:Z:GAGGTCCCAAAGGCCA-1_A619_2	CB:Z:GAGGTCCCAAAGGCCA-1_A619_2	5191	2377	3477	148	0.0277205469188987	3077	3.48812749624746	0.457907917549605	0.669813138123676	0.0285108842226931	0.167414660299336	0.236236848579682	3.46367521408822	1	0.00348676234912076	0.0143764870612099	1	3477	1	1.39130434782609	singlet	A619	A619_Re2	A619_Re2	-1.71411454610051	-0.0939924878324483	3_3
CB:Z:AGTGCGCGTTGGTAAA-1_A619_2	CB:Z:AGTGCGCGTTGGTAAA-1_A619_2	5077	2110	3234	252	0.0472884218427472	3037	3.48244479191827	0.415599763639945	0.636990348631081	0.0496356115816427	0.051140260242642	0.144862685784016	3.45680403693805	1	-0.000628180811358101	0.00928168146747588	1	3234	1	0.565217391304348	singlet	A619	A619_Re2	A619_Re2	1.57168436117946	0.340079529837229	3_1
CB:Z:GTGTCCTTCAGTACAC-1_A619_2	CB:Z:GTGTCCTTCAGTACAC-1_A619_2	5014	2239	3949	81	0.0158979391560353	2942	3.46864266839151	0.446549660949342	0.78759473474272	0.0161547666533706	0.136199058817276	0.564124726184671	3.44011535663601	1	0.00066933394547184	0.0201711292149513	1	3949	1	0.826086956521739	singlet	A619	A619_Re2	A619_Re2	2.66462934084712	1.51699088390217	3_1
CB:Z:CATTGGAAGGTAGGAA-1_A619_2	CB:Z:CATTGGAAGGTAGGAA-1_A619_2	4861	2198	3300	132	0.0264370118165432	2847	3.45438746714695	0.45217033532195	0.678872659946513	0.0271549063978605	0.151646212148158	0.261457319925592	3.42287884257712	1	0.000827021315263158	0.0114049496668533	1	3300	1	0.434782608695652	singlet	A619	A619_Re2	A619_Re2	1.04189801283657	0.468325360373118	3_1
CB:Z:TCACCTGAGTCAGGAC-1_A619_2	CB:Z:TCACCTGAGTCAGGAC-1_A619_2	4765	2080	3158	151	0.0307160292921074	2841	3.45347123372294	0.436516264428122	0.662749213011543	0.0316894018887723	0.108624535865345	0.216571845904693	3.4217709893786	1	-0.000119144358142098	0.0149376611571113	1	3158	1	0.608695652173913	singlet	A619	A619_Re2	A619_Re2	-2.32652103833378	-0.679626242562673	3_2
CB:Z:AGCCTTCCATTTAGGC-1_A619_2	CB:Z:AGCCTTCCATTTAGGC-1_A619_2	4729	2150	3521	204	0.041354145550375	2782	3.44435712565603	0.454641573271305	0.744554874180588	0.0431380841615564	0.15843785119183	0.444307633045942	3.41075076952098	1	0.00876918214826692	0.0193802483427195	1	3521	1	0.739130434782609	singlet	A619	A619_Re2	A619_Re2	-0.451687365095029	-0.787868277474782	3_1
CB:Z:ATGTACGAGGATATCA-1_A619_2	CB:Z:ATGTACGAGGATATCA-1_A619_2	4673	2106	3175	108	0.0225894164400753	2706	3.4323277922616	0.450674085170126	0.679435052428847	0.023111491547186	0.147534106734399	0.263022943781158	3.39620563819558	1	-0.00100183801283641	0.0111576644733911	1	3175	1	1.04347826086957	singlet	A619	A619_Re2	A619_Re2	2.55218708582698	0.198910935476878	3_1
CB:Z:AGATTCGTCGAACCGC-1_A619_2	CB:Z:AGATTCGTCGAACCGC-1_A619_2	4598	1890	3211	79	0.0168911695531323	2690	3.42975228000241	0.411048281861679	0.698347107438017	0.0171813832100913	0.0386315411369379	0.31567152179426	3.39309148691122	1	0.00468625139047495	0.0162212588114487	1	3211	1	0.826086956521739	singlet	A619	A619_Re2	A619_Re2	-1.72728860310734	-1.15651489917888	3_2
CB:Z:ACGTTAGCATCCTCGT-1_A619_2	CB:Z:ACGTTAGCATCCTCGT-1_A619_2	4583	1985	3068	143	0.0302581464240372	2665	3.42569721336259	0.433122408902466	0.669430504036657	0.0312022692559459	0.0992972909099779	0.235171647544094	3.38818834931618	1	-0.00319706040156295	0.0136069941803929	1	3068	1	1.52173913043478	singlet	A619	A619_Re2	A619_Re2	1.48002290793239	0.000301583365061475	3_1
CB:Z:TGTGACAGTTACACTG-1_A619_2	CB:Z:TGTGACAGTTACACTG-1_A619_2	4563	1739	2312	142	0.0301806588735388	2693	3.43023635341151	0.381108919570458	0.506684198991891	0.0311198772737234	-0.0436500303049412	-0.217891836743518	3.39367679875483	1	0.00145493024528697	0.0110535951449958	1	2312	1	0.695652173913043	singlet	A619	A619_Re2	A619_Re2	1.05729305811702	-1.28034807865276	3_1
CB:Z:ACCGAATCAGCAGGTA-1_A619_2	CB:Z:ACCGAATCAGCAGGTA-1_A619_2	4544	1842	2826	57	0.0123886111714845	2701	3.43152458418745	0.405369718309859	0.621919014084507	0.012544014084507	0.023025292479019	0.102906148948006	3.39523444831022	1	0.00227658224428875	0.0101505370860484	1	2826	1	0.304347826086957	singlet	A619	A619_Re2	A619_Re2	1.09250700541316	0.828146441534617	3_1
CB:Z:AGCCTCTGTAATGCCT-1_A619_2	CB:Z:AGCCTCTGTAATGCCT-1_A619_2	4431	1784	2798	230	0.0493456339841236	2627	3.41946007278607	0.402617919205597	0.631460167005191	0.0519070187316633	0.015462594503403	0.129467415485988	3.38064678189878	1	0.000210598747958623	0.0103733750320782	1	2798	1	0.130434782608696	singlet	A619	A619_Re2	A619_Re2	0.881565988739123	1.77892969425068	3_1
CB:Z:CACGTTCAGCCCATGC-1_A619_2	CB:Z:CACGTTCAGCCCATGC-1_A619_2	4389	2009	3382	78	0.0174613834788449	2599	3.41480627950101	0.457735247208931	0.770562770562771	0.0177717019822283	0.166940114888721	0.516710064244989	3.37501970080683	1	-0.0023114188656554	0.0159164340539894	1	3382	1	0.652173913043478	singlet	A619	A619_Re2	A619_Re2	2.19100606509029	1.59484337146626	3_1
CB:Z:AGACAAAGTGGAAGCT-1_A619_2	CB:Z:AGACAAAGTGGAAGCT-1_A619_2	4384	1885	3010	142	0.031374281926646	2582	3.4119562379304	0.429972627737226	0.686587591240876	0.0323905109489051	0.090640829177327	0.282934634893217	3.37157360553553	1	-0.000213338220704897	0.0118462707543485	1	3010	1	1.39130434782609	singlet	A619	A619_Re2	A619_Re2	0.394150287588229	0.154088242605784	3_1
CB:Z:AGCCTCTTCGTAGCGC-1_A619_2	CB:Z:AGCCTCTTCGTAGCGC-1_A619_2	4162	1783	2765	126	0.029384328358209	2492	3.39654803798713	0.428399807784719	0.664344065353196	0.0302739067755887	0.0863182889699359	0.22101169698847	3.35294295624562	1	-0.00229427080452726	0.0112636019313219	1	2765	1	1.17391304347826	singlet	A619	A619_Re2	A619_Re2	0.698571921070208	-0.0984723729337666	3_1
CB:Z:GTAGTACCATACAACC-1_A619_2	CB:Z:GTAGTACCATACAACC-1_A619_2	3872	1732	2600	156	0.0387288977159881	2315	3.36455099535397	0.447314049586777	0.671487603305785	0.0402892561983471	0.138299808247698	0.240898330937245	3.31425409694942	1	-0.000364696057374812	0.0156425259864308	1	2600	1	0.391304347826087	singlet	A619	A619_Re2	A619_Re2	1.1835482127267	0.272466404989817	3_1
CB:Z:TCGGGACTCCGTTTCG-1_A619_2	CB:Z:TCGGGACTCCGTTTCG-1_A619_2	3689	1671	2634	138	0.0360595766919258	2187	3.33984878303764	0.452968284087829	0.71401463811331	0.0374085117918135	0.153839194007556	0.359287787220249	3.28438569856122	1	0.00675974937465584	0.0209778644801653	1	2634	1	1.30434782608696	singlet	A619	A619_Re2	A619_Re2	0.318086565216174	-0.0751393002714131	3_1
CB:Z:CCAATGACAGCAACCC-1_A619_2	CB:Z:CCAATGACAGCAACCC-1_A619_2	3461	1334	1958	165	0.0455046883618312	2147	3.33183204443625	0.38543773475874	0.565732447269575	0.0476740826350766	-0.03175326000273	-0.0535095787352102	3.27469235048155	1	0.00403334887317249	0.013077328298094	1	1958	1	0.260869565217391	singlet	A619	A619_Re2	A619_Re2	-0.356562285940061	-0.0337979954923604	3_1
CB:Z:TTACCCGTCGCTACCT-1_A619_2	CB:Z:TTACCCGTCGCTACCT-1_A619_2	3397	1623	2460	147	0.0414785553047404	1983	3.2973227142053	0.477774506917869	0.724168383868119	0.0432734765969974	0.222013491647544	0.387554428536492	3.2329657872795	1	0.000554497770918771	0.0143091278860747	1	2460	1	0.565217391304348	singlet	A619	A619_Re2	A619_Re2	1.09426796503841	-0.0227196377958272	3_1
CB:Z:TGCGTAAGTGTTGTTG-1_A619_2	CB:Z:TGCGTAAGTGTTGTTG-1_A619_2	3383	1442	2388	151	0.0427277872099604	2000	3.30102999566398	0.426248891516406	0.705882352941177	0.0446349394028968	0.0804069816790449	0.336648616061839	3.23744840438792	1	0.00193872534975989	0.0112887457655365	1	2388	1	0.956521739130435	singlet	A619	A619_Re2	A619_Re2	0.0264517373639244	-0.218979613229177	3_1
CB:Z:TTACGTTGTGCGTGTC-1_A619_2	CB:Z:TTACGTTGTGCGTGTC-1_A619_2	3374	1373	2088	110	0.0315729047072331	2160	3.33445375115093	0.406935388263189	0.618850029638411	0.032602252519265	0.027328182529456	0.0943625154320859	3.27786235726508	1	-0.00211910572039398	0.00386087716259488	1	2088	1	0.347826086956522	singlet	A619	A619_Re2	A619_Re2	-1.62170302800358	-0.326229826852224	3_1
CB:Z:AGGACGACAGTCAGAG-1_A619_2	CB:Z:AGGACGACAGTCAGAG-1_A619_2	3326	1567	2223	57	0.0168489506355306	1986	3.29797924415936	0.471136500300661	0.668370414912808	0.0171377029464823	0.203770430543147	0.232220504217219	3.23375962298825	1	0.000855676903342101	0.0120132900270512	1	2223	1	0.0434782608695652	singlet	A619	A619_Re2	A619_Re2	1.01092970438777	0.79309032733784	3_3
CB:Z:GGCGTTGCAAGCAACG-1_A619_2	CB:Z:GGCGTTGCAAGCAACG-1_A619_2	3168	1470	2488	72	0.0222222222222222	1858	3.26904570965762	0.464015151515151	0.785353535353535	0.0227272727272727	0.184199012716746	0.557885533202882	3.19877496962158	1	-0.000521901195988045	0.0103440824166121	1	2488	1	1.43478260869565	singlet	A619	A619_Re2	A619_Re2	0.844469130714526	-1.1386935872282	3_4
CB:Z:GCACGGTTCGTTGTTT-1_A619_2	CB:Z:GCACGGTTCGTTGTTT-1_A619_2	3168	1255	1953	145	0.0437669785692726	1877	3.27346427262135	0.39614898989899	0.616477272727273	0.045770202020202	-0.00231579582156821	0.0877570842781662	3.20411762465239	1	0.00233238795078765	0.0129967504614249	1	1953	1	1.78260869565217	singlet	A619	A619_Re2	A619_Re2	-0.397714643995176	-0.544114367410085	3_1
CB:Z:TAGCGGCGTGAGTTGG-1_A619_2	CB:Z:TAGCGGCGTGAGTTGG-1_A619_2	3166	1588	2466	48	0.014934660858743	1783	3.25115134317535	0.501579279848389	0.778900821225521	0.0151610865445357	0.287435530550312	0.539922058424478	3.17713820040624	1	0.00374530937569136	0.00910848376848683	1	2466	1	1.69565217391304	singlet	A619	A619_Re2	A619_Re2	0.769694746215929	0.523437245443919	3_1
CB:Z:CATGTTTCATTCTTTG-1_A619_2	CB:Z:CATGTTTCATTCTTTG-1_A619_2	3122	1415	2126	94	0.029228855721393	1861	3.26974637313077	0.453235105701473	0.680973734785394	0.0301089045483664	0.154572492915255	0.267306425298465	3.19962216887175	1	-0.00269250326357828	0.0104305304735059	1	2126	1	1.08695652173913	singlet	A619	A619_Re2	A619_Re2	-1.38024341992558	0.607338650778392	3_1
CB:Z:CCACAGGCACACTAGT-1_A619_2	CB:Z:CCACAGGCACACTAGT-1_A619_2	3110	1313	2016	138	0.042487684729064	1820	3.26007138798507	0.422186495176849	0.648231511254019	0.0443729903536977	0.0692424033761705	0.176156547134607	3.18792377088898	1	-8.53445118992104e-05	0.0108728564963721	1	2016	1	0.304347826086957	singlet	A619	A619_Re2	A619_Re2	0.0250308185118336	-0.367432372018239	3_1
CB:Z:TTGTTCAAGGCTTAAA-1_A619_2	CB:Z:TTGTTCAAGGCTTAAA-1_A619_2	3100	1187	1774	132	0.0408415841584158	1879	3.27392678010053	0.382903225806452	0.572258064516129	0.0425806451612903	-0.038718785099735	-0.0353431516323783	3.20467686029771	1	-0.000812681125062131	0.00747599770407926	1	1774	1	0.130434782608696	singlet	A619	A619_Re2	A619_Re2	0.96683555908977	0.314287407950022	3_1
CB:Z:GCTTGCTCACAACGGA-1_A619_2	CB:Z:GCTTGCTCACAACGGA-1_A619_2	2973	1023	1262	120	0.0387972841901067	1787	3.25212455250564	0.34409687184662	0.424487050117726	0.0403632694248234	-0.145369279344933	-0.446717472183863	3.17831494537224	1	0.000586127683615708	0.00420520641704152	1	1262	1	1.26086956521739	singlet	A619	A619_Re2	A619_Re2	-0.522496759216199	0.316649659231761	3_1
CB:Z:GTCACTCTCTGTCGGG-1_A619_2	CB:Z:GTCACTCTCTGTCGGG-1_A619_2	2948	1274	2212	120	0.0391134289439374	1733	3.23879856271392	0.432157394843962	0.75033921302578	0.0407055630936228	0.0966451678478756	0.460410442328046	3.16220197674743	1	0.000533650430560601	0.00880466724717864	1	2212	1	1.1304347826087	singlet	A619	A619_Re2	A619_Re2	-0.806366204540144	-0.51442076389446	3_1
CB:Z:TTTGCGCCAACGAGGT-1_A619_2	CB:Z:TTTGCGCCAACGAGGT-1_A619_2	2783	1148	1899	142	0.0485470085470085	1666	3.22167499707077	0.412504491555875	0.682357168523176	0.0510240747394898	0.0426336044014075	0.271157715866004	3.14149721257869	1	0.00750328612815133	0.0114182618717213	1	1899	1	0.478260869565217	singlet	A619	A619_Re2	A619_Re2	1.19422614641963	0.276376946524241	3_1
CB:Z:TCGATTTGTACCCATA-1_A619_2	CB:Z:TCGATTTGTACCCATA-1_A619_2	2768	1294	2161	70	0.0246652572233968	1586	3.20030318298158	0.467485549132948	0.780708092485549	0.0252890173410405	0.193736616315076	0.544953254763442	3.11565572723641	1	-0.00104060729988955	0.0128852197950932	1	2161	1	0.91304347826087	singlet	A619	A619_Re2	A619_Re2	2.01780951090633	1.47451279933796	3_1
CB:Z:CATGTTTCAGAACGAC-1_A619_2	CB:Z:CATGTTTCAGAACGAC-1_A619_2	2721	996	1460	137	0.0479356193142057	1618	3.20897851727625	0.366041896361632	0.536567438441749	0.0503491363469313	-0.0850583386888847	-0.134700979763818	3.12614540878986	1	0.00203044277081435	0.0115807538223957	1	1460	1	0.565217391304348	singlet	A619	A619_Re2	A619_Re2	-0.485046952287565	1.36307500179158	3_1
CB:Z:GCACGGTCAGTGGTCC-1_A619_2	CB:Z:GCACGGTCAGTGGTCC-1_A619_2	2656	1155	1981	91	0.0331270476883873	1575	3.19728055812562	0.434864457831325	0.74585843373494	0.0342620481927711	0.10408491871584	0.44793656479655	3.11200095485328	1	0.00326791663430644	0.0174580506099343	1	1981	1	0.521739130434783	singlet	A619	A619_Re2	A619_Re2	-1.58194529942692	0.0853078203950908	3_1
CB:Z:TAGACTGTCGATAGTC-1_A619_2	CB:Z:TAGACTGTCGATAGTC-1_A619_2	2636	866	1191	49	0.0182495344506518	1741	3.24079877111733	0.328528072837633	0.451820940819423	0.0185887708649469	-0.188156605122337	-0.370623653912282	3.16462050593371	1	0.000940999348221779	0.00892750972571169	1	1191	1	0.173913043478261	singlet	A619	A619_Re2	A619_Re2	0.31693834133922	2.18810771282063	3_1
CB:Z:GCTGCGATCTCCACTG-1_A619_2	CB:Z:GCTGCGATCTCCACTG-1_A619_2	2592	1113	2045	41	0.015571591340676	1558	3.19256745333655	0.429398148148148	0.788966049382716	0.0158179012345679	0.0890620018499161	0.567942278839278	3.10630215793247	1	0.00385907922161922	0.0189756660441663	1	2045	1	0.391304347826087	singlet	A619	A619_Re2	A619_Re2	-0.227675571362386	1.92847965534077	3_1
CB:Z:TGAGCCGGTATTGTGC-1_A619_2	CB:Z:TGAGCCGGTATTGTGC-1_A619_2	2573	1216	2158	52	0.0198095238095238	1448	3.16076856186113	0.472600077730276	0.838709677419355	0.0202098717450447	0.207792742363425	0.706421744982533	3.06785289084951	1	-0.000980305990531127	0.0143381045244057	1	2158	1	1.17391304347826	singlet	A619	A619_Re2	A619_Re2	0.91834694214641	-0.219160811349294	3_1
CB:Z:CAGTGTAGTGCAGACA-1_A619_2	CB:Z:CAGTGTAGTGCAGACA-1_A619_2	2558	1156	1752	86	0.0325264750378215	1533	3.18554215485437	0.451915559030493	0.684910086004691	0.0336200156372166	0.150946017086441	0.278264689440339	3.09780759836937	1	0.000637883375964011	0.00448200619635419	1	1752	1	0.782608695652174	singlet	A619	A619_Re2	A619_Re2	2.72805059023677	1.24911998088703	3_1
CB:Z:AGCCTTCCAGCCGAAA-1_A619_2	CB:Z:AGCCTTCCAGCCGAAA-1_A619_2	2469	1141	1669	98	0.0381768601480327	1481	3.17055505852121	0.462130417172945	0.675982179019846	0.0396921830700689	0.179019246296914	0.253410615826582	3.07968612170854	1	-0.000316252431708463	0.00891921358239031	1	1669	1	0.130434782608696	singlet	A619	A619_Re2	A619_Re2	1.95213162966548	0.665551646307566	3_1
CB:Z:ACTAGGTCAACGCACC-1_A619_2	CB:Z:ACTAGGTCAACGCACC-1_A619_2	2465	989	1523	110	0.0427184466019417	1490	3.17318626841227	0.401217038539554	0.617849898580122	0.0446247464503043	0.0116125905693387	0.0915782871702625	3.08286761914945	1	0.000227193287682117	0.00964745768606319	1	1523	1	0.304347826086957	singlet	A619	A619_Re2	A619_Re2	0.384733707388033	0.227881653860667	3_1
CB:Z:AGCCCGAAGAACGTCG-1_A619_2	CB:Z:AGCCCGAAGAACGTCG-1_A619_2	2209	652	830	101	0.0437229437229437	1324	3.12188798510368	0.295156179266637	0.375735626980534	0.0457220461747397	-0.27987171308968	-0.582434775408907	3.02084088474726	1	7.15233937731916e-06	0.0111698011984454	1	830	1	0.826086956521739	singlet	A619	A619_Re2	A619_Re2	-0.926865815441022	0.335120423391917	3_1
CB:Z:GGCGAAAAGGTAAGCC-1_A619_2	CB:Z:GGCGAAAAGGTAAGCC-1_A619_2	2132	1084	1553	65	0.029585798816568	1292	3.11126251365907	0.50844277673546	0.728424015009381	0.0304878048780488	0.306298300704244	0.399401524371772	3.0079932170928	1	0.00151769182628341	0.0132418067138622	1	1553	1	0.0869565217391304	singlet	A619	A619_Re2	A619_Re2	-0.0606554665368896	0.243234856680491	3_1
CB:Z:ATGTCTTTCGACGGAA-1_A619_2	CB:Z:ATGTCTTTCGACGGAA-1_A619_2	2097	907	1309	101	0.045950864422202	1251	3.09725730969342	0.432522651406772	0.624225083452551	0.0481640438721984	0.0976489929686346	0.109325931090572	2.99105898439344	1	0.00403739123012919	0.00627449058252873	1	1309	1	0.652173913043478	singlet	A619	A619_Re2	A619_Re2	0.404075355013003	1.91406844432698	3_3
CB:Z:CCTGCTATCGCACCTT-1_A619_2	CB:Z:CCTGCTATCGCACCTT-1_A619_2	2065	921	1549	89	0.0413184772516249	1218	3.08564728829686	0.446004842615012	0.750121065375303	0.0430992736077482	0.134701748745574	0.459803149065152	2.9770208593896	1	-0.00434606093515265	0.0100603002093615	1	1549	1	1.1304347826087	singlet	A619	A619_Re2	A619_Re2	-0.972190379421125	-0.477195517465017	3_1
CB:Z:GAAATGAGTACGTATC-1_A619_2	CB:Z:GAAATGAGTACGTATC-1_A619_2	1870	811	1232	84	0.0429887410440123	1093	3.0386201619497	0.433689839572193	0.658823529411765	0.0449197860962567	0.100856745875495	0.205643278958508	2.92015854573115	1	0.00269107735405545	0.0126825617236801	1	1232	1	2	singlet	A619	A619_Re2	A619_Re2	1.36098098822414	0.952579243734935	3_1
CB:Z:TCACCACGTTGCCGCA-1_A619_2	CB:Z:TCACCACGTTGCCGCA-1_A619_2	1794	758	1151	41	0.0223433242506812	1065	3.02734960777476	0.422519509476031	0.641583054626533	0.0228539576365663	0.0701576179215844	0.157648151973466	2.90653088364801	1	-0.00696447485839029	0.011111709905288	1	1151	1	0.0869565217391304	singlet	A619	A619_Re2	A619_Re2	0.204816774209132	0.419010861471751	3_1
CB:Z:TAGCACATCCTTTGCG-1_A619_2	CB:Z:TAGCACATCCTTTGCG-1_A619_2	1738	644	848	86	0.0471491228070175	1059	3.02489596010748	0.37054085155351	0.487917146144994	0.049482163406214	-0.0726939770357017	-0.270136748542198	2.90356408354558	1	-0.00123655984034781	0.00449291133682405	1	848	1	0.391304347826087	singlet	A619	A619_Re2	A619_Re2	0.894992769439806	0.798447831228831	3_1
CB:Z:ACTTCCGGTGCTGGCT-1_A619_2	CB:Z:ACTTCCGGTGCTGGCT-1_A619_2	1601	704	1107	74	0.0441791044776119	947	2.97634997900327	0.439725171767645	0.691442848219863	0.0462211118051218	0.117443492526449	0.296451007159896	2.84486526397435	1	-0.0062681683142466	0.0069297177887979	1	1107	1	0.347826086956522	singlet	A619	A619_Re2	A619_Re2	0.707738280971636	0.959446414068797	3_3
CB:Z:TGCATGAAGCACACCC-1_A619_2	CB:Z:TGCATGAAGCACACCC-1_A619_2	1465	616	997	67	0.043733681462141	853	2.93094903116752	0.420477815699659	0.680546075085324	0.0457337883959044	0.0645464839672617	0.266115879106035	2.78996922552263	1	-0.00231384095294586	0.00751553337193578	1	997	1	1.26086956521739	singlet	A619	A619_Re2	A619_Re2	-2.25507771901311	-0.873789565011403	3_2
CB:Z:GAGAACGAGGTCGTTT-1_A619_2	CB:Z:GAGAACGAGGTCGTTT-1_A619_2	1374	497	577	50	0.0351123595505618	836	2.92220627743902	0.361717612809316	0.419941775836972	0.0363901018922853	-0.0969426548137193	-0.45937089495813	2.77939802452942	1	-0.000405974014844267	0.00169569443209967	1	577	1	0.434782608695652	singlet	A619	A619_Re2	A619_Re2	1.65305638380825	-0.144985930367849	3_1
CB:Z:ACCAAACAGAATAGTC-1_A619_2	CB:Z:ACCAAACAGAATAGTC-1_A619_2	1355	581	839	28	0.0202458423716558	887	2.94792361983173	0.428782287822878	0.619188191881919	0.0206642066420664	0.0873694489204647	0.0953039129295951	2.8104938558758	1	-0.00348582895605744	0.00666603319551214	1	839	1	1.8695652173913	singlet	A619	A619_Re2	A619_Re2	-2.08466541699589	0.583471282080271	3_2
CB:Z:GTTACGAAGCCTGGTC-1_A619_2	CB:Z:GTTACGAAGCCTGGTC-1_A619_2	1280	477	706	66	0.0490341753343239	848	2.92839585225671	0.37265625	0.5515625	0.0515625	-0.0668802824516335	-0.092956776509437	2.78688207835185	1	0.0029734862612527	0.0091755409448906	1	706	1	0.478260869565217	singlet	A619	A619_Re2	A619_Re2	2.19705140658199	0.537644608572581	3_1
CB:Z:TGACAACAGCTGCCAC-1_A619_2	CB:Z:TGACAACAGCTGCCAC-1_A619_2	1220	530	823	44	0.0348101265822785	744	2.87157293554588	0.434426229508197	0.674590163934426	0.0360655737704918	0.102880547202291	0.249535435959317	2.71817529645862	1	0.000139556850818302	0.0090864263445014	1	823	1	1.95652173913043	singlet	A619	A619_Re2	A619_Re2	0.964261592109789	-0.175790087624929	3_1
CB:Z:GCGAGTCCACACACCG-1_A619_2	CB:Z:GCGAGTCCACACACCG-1_A619_2	1101	513	849	10	0.009000900090009	671	2.82672252016899	0.465940054495913	0.771117166212534	0.00908265213442325	0.189489173562178	0.518253426010939	2.66394492805282	1	0.00223547519105299	0.00492972935539078	1	849	1	0.956521739130435	singlet	A619	A619_Re2	A619_Re2	1.80542945929347	0.911001904562571	3_1
CB:Z:TTACGTTTCAGCACGC-1_A619_2	CB:Z:TTACGTTTCAGCACGC-1_A619_2	1079	458	618	53	0.0468197879858657	666	2.8234742291703	0.424467099165894	0.572752548656163	0.0491195551436515	0.0755101280601497	-0.0339665753264083	2.66001729402607	1	-0.00315657564835094	0.0128429459112242	1	618	1	0.695652173913043	singlet	A619	A619_Re2	A619_Re2	1.54121673174678	0.255954011038401	3_1
CB:Z:CCAGATACACCTTGTC-1_A619_2	CB:Z:CCAGATACACCTTGTC-1_A619_2	1060	356	500	53	0.0476190476190476	728	2.86213137931304	0.335849056603774	0.471698113207547	0.05	-0.168036535665975	-0.31528832093823	2.70675914638446	1	-0.00144028217077417	0.0137624324436772	1	500	1	0.478260869565217	singlet	A619	A619_Re2	A619_Re2	0.740515351970782	1.4178261595522	3_1
CB:Z:CCACGTTGTGTGCGTC-1_A619_2	CB:Z:CCACGTTGTGTGCGTC-1_A619_2	1007	449	617	13	0.0127450980392157	658	2.81822589361396	0.445878848063555	0.612711022840119	0.012909632571996	0.134355481193642	0.0772723590114251	2.65367132892527	1	0.00289220087384021	0.0116016840057699	1	617	1	0.130434782608696	singlet	A619	A619_Re2	A619_Re2	1.24727368422328	-0.554337279244802	3_1
